structural_pct,time_pct,st_pct,n,top1_pct,winner_top3_pct,top3_set_pct,exact3_pct,avg_winner_rank,top1_gain,top1_loss,top1_net,top3_gain,top3_loss,top3_net,daily_top3_spread_pt
82,6,12,856,48.13,86.45,25.93,8.06,2.033,7,6,1,7,3,4,9.87
80,8,12,856,48.13,86.21,25.7,7.94,2.033,9,8,1,8,6,2,10.24
90,2,8,856,48.95,86.45,25.58,7.94,2.016,30,22,8,21,20,1,9.73
84,6,10,856,48.48,86.33,25.58,8.06,2.023,15,11,4,10,9,1,11.17
82,8,10,856,47.78,86.21,25.58,8.06,2.034,14,16,-2,10,9,1,10.38
80,6,14,856,48.01,86.21,25.47,7.83,2.036,0,0,0,0,0,0,12.29
86,4,10,856,48.71,86.45,25.35,7.71,2.018,19,13,6,13,14,-1,10.52
84,4,12,856,48.13,86.33,25.35,7.59,2.032,12,11,1,5,6,-1,12.98
86,6,8,856,48.01,86.57,25.35,8.06,2.023,21,21,0,14,15,-1,10.52
88,2,10,856,48.01,86.45,25.35,7.71,2.029,20,20,0,16,17,-1,11.81
78,8,14,856,47.9,86.21,25.35,7.94,2.04,5,6,-1,5,6,-1,12.34
86,8,6,856,48.25,86.68,25.23,8.29,2.021,28,26,2,19,21,-2,10.66
86,2,12,856,47.78,86.33,25.23,7.48,2.037,14,16,-2,8,10,-2,12.46
82,4,14,856,47.55,86.1,25.23,7.59,2.039,5,9,-4,3,5,-2,13.58
98,2,0,856,48.95,86.21,25.12,8.41,2.013,50,42,8,34,37,-3,9.37
92,2,6,856,48.6,86.21,25.12,7.71,2.023,34,29,5,23,26,-3,11.44
84,8,8,856,48.25,86.33,25.0,8.29,2.025,24,22,2,13,17,-4,10.52
84,2,14,856,47.08,85.86,25.0,7.83,2.051,9,17,-8,7,11,-4,13.58
90,0,10,856,48.36,85.98,24.77,7.24,2.039,25,22,3,18,24,-6,9.88
86,0,14,856,47.31,85.63,24.77,7.59,2.057,16,22,-6,12,18,-6,10.44
96,4,0,856,49.53,86.33,24.65,8.41,1.994,49,36,13,32,39,-7,8.08
92,4,4,856,49.07,86.68,24.65,7.94,2.008,37,28,9,24,31,-7,8.72
90,6,4,856,48.95,86.57,24.65,8.06,2.015,35,27,8,20,27,-7,9.37
88,4,8,856,48.83,86.45,24.65,7.83,2.012,26,19,7,14,21,-7,8.59
90,4,6,856,48.71,86.8,24.65,7.83,2.014,33,27,6,19,26,-7,10.15
88,8,4,856,48.71,86.68,24.65,8.41,2.018,36,30,6,21,28,-7,10.66
94,2,4,856,48.6,86.1,24.65,7.59,2.021,39,34,5,26,33,-7,10.15
92,0,8,856,48.48,85.63,24.65,7.01,2.034,31,27,4,20,27,-7,8.5
94,0,6,856,48.13,85.63,24.65,7.01,2.037,34,33,1,23,30,-7,7.15
100,0,0,856,48.71,85.98,24.53,7.83,2.023,52,46,6,35,43,-8,8.08
88,0,12,856,47.78,85.75,24.42,7.36,2.044,19,21,-2,13,22,-9,10.52
88,6,6,856,48.48,86.8,24.3,7.94,2.015,29,25,4,13,23,-10,10.01
96,0,4,856,48.71,85.63,24.18,7.13,2.028,41,35,6,25,36,-11,8.86
94,6,0,856,49.65,86.33,24.07,8.18,2.008,47,33,14,30,42,-12,6.79
92,8,0,856,49.53,86.45,23.95,8.18,2.008,50,37,13,28,41,-13,8.21
