race_id,venue_name,race,actual_top3,current_top3,current_match,course_top3,course_match,official_top3,official_match,recent_top3,recent_match,venue_top3,venue_match,motor_top3,motor_match,boat_top3,boat_match,grade_top3,grade_match,avgST_top3,avgST_match,series_top3,series_match,exTime_top3,exTime_match,exST_top3,exST_match,discipline_top3,discipline_match
20261002-04-01,平和島,1,4-1-3,1-3-6,0,1-2-3,0,6-3-1,0,6-1-5,0,6-3-5,0,6-2-5,0,2-3-6,0,3-6-1,0,,,1-4-2,0,,,5-6-4,0,,
20261002-04-02,平和島,2,1-3-4,1-6-4,0,1-2-3,0,4-6-3,0,4-6-3,0,6-4-3,0,1-6-5,0,3-2-6,0,6-3-4,0,,,6-1-4,0,,,1-2-3,0,,
20261002-04-03,平和島,3,4-5-2,6-1-5,0,1-2-3,0,5-6-3,0,5-6-3,0,6-5-3,0,1-4-5,0,6-5-4,0,6-5-1,0,,,6-3-5,0,,,2-4-1,0,,
20261002-04-04,平和島,4,1-3-2,1-5-4,0,1-2-3,1,5-4-3,0,5-3-4,0,4-1-5,0,5-6-2,0,2-4-1,0,1-5-4,0,,,4-5-3,0,,,5-6-1,0,,
20261002-04-05,平和島,5,3-2-6,1-4-3,0,1-2-3,0,4-6-3,0,4-6-3,0,1-5-4,0,5-3-2,0,1-3-5,0,4-3-6,0,,,2-3-4,0,,,1-4-6,0,,
20261002-04-06,平和島,6,2-1-6,2-1-4,0,1-2-3,0,4-2-3,0,4-3-2,0,3-2-4,0,3-5-2,0,4-2-1,0,2-4-5,0,,,5-4-2,0,,,1-6-4,0,,
20261002-04-07,平和島,7,1-2-5,1-6-3,0,1-2-3,0,6-3-1,0,6-3-1,0,1-3-6,0,5-3-1,0,1-6-3,0,6-1-3,0,,,6-1-3,0,,,1-5-2,1,,
20261002-04-08,平和島,8,1-4-2,1-4-2,1,1-2-3,0,1-6-4,0,1-4-6,0,1-6-4,0,3-2-4,0,6-4-5,0,1-6-2,0,,,4-3-1,0,,,5-2-6,0,,
20261002-04-09,平和島,9,1-4-2,1-3-2,0,1-2-3,0,3-1-4,0,3-4-1,0,3-1-2,0,4-3-6,0,5-6-1,0,3-1-2,0,,,3-1-2,0,,,1-2-3,0,,
20261002-04-10,平和島,10,4-5-3,1-2-3,0,1-2-3,0,2-3-1,0,3-2-1,0,1-6-2,0,2-4-6,0,4-6-2,0,1-2-3,0,,,1-2-4,0,,,1-3-6,0,,
20261002-04-11,平和島,11,1-3-2,1-2-3,1,1-2-3,1,1-5-3,0,1-4-5,0,1-3-5,0,2-5-3,0,6-5-3,0,1-5-2,0,,,1-2-3,1,,,3-2-1,1,,
20261002-04-12,平和島,12,1-5-6,1-2-3,0,1-5-2,0,1-2-3,0,1-2-3,0,6-2-3,0,6-4-1,0,3-6-1,0,1-2-3,0,,,1-2-3,0,,,5-3-6,0,,
20261002-06-01,浜名湖,1,2-5-6,1-5-3,0,1-2-3,0,5-3-1,0,5-3-1,0,3-5-2,0,6-2-1,0,6-3-1,0,3-5-1,0,,,5-1-2,0,,,1-4-5,0,,
20261002-06-02,浜名湖,2,1-4-2,2-1-3,0,1-2-3,0,3-2-6,0,3-2-6,0,2-5-6,0,3-2-5,0,3-4-5,0,2-3-6,0,,,6-2-1,0,,,2-4-1,1,,
20261002-06-03,浜名湖,3,3-4-5,1-3-4,0,1-2-3,0,3-4-6,0,4-1-6,0,3-2-6,0,1-2-4,0,2-1-5,0,3-4-5,1,,,4-3-1,0,,,5-6-2,0,,
20261002-06-04,浜名湖,4,1-6-3,1-2-4,0,1-2-3,0,1-2-6,0,1-2-6,0,1-4-2,0,3-5-4,0,6-5-3,0,1-2-3,0,,,6-1-2,0,,,5-1-2,0,,
20261002-06-05,浜名湖,5,1-3-4,3-2-1,0,1-2-3,0,4-2-3,0,3-4-2,0,2-3-4,0,6-1-3,0,2-6-3,0,2-3-4,0,,,3-2-4,0,,,3-4-5,0,,
20261002-06-06,浜名湖,6,1-3-5,1-2-5,0,1-2-3,0,2-1-5,0,2-1-5,0,1-5-2,0,5-4-6,0,4-3-2,0,5-1-2,0,,,6-5-4,0,,,1-2-4,0,,
20261002-06-07,浜名湖,7,1-5-6,1-5-6,1,1-2-3,0,5-1-6,1,1-5-6,1,5-4-1,0,6-4-5,0,5-3-6,0,5-1-6,1,,,1-6-5,1,,,5-2-3,0,,
20261002-06-08,浜名湖,8,4-1-5,1-4-3,0,1-4-2,0,4-1-6,0,4-6-1,0,4-1-3,0,1-3-4,0,2-3-4,0,4-1-2,0,,,1-4-6,0,,,5-6-3,0,,
20261002-06-09,浜名湖,9,1-4-5,1-5-4,1,1-2-3,0,5-4-1,1,5-4-3,0,5-4-2,0,6-5-2,0,4-3-6,0,4-5-1,1,,,6-5-3,0,,,3-2-6,0,,
20261002-06-10,浜名湖,10,1-2-5,1-2-6,0,1-2-3,0,1-6-2,0,1-2-5,1,5-6-2,0,1-2-4,0,1-5-4,0,2-6-1,0,,,2-6-4,0,,,4-1-3,0,,
20261002-06-11,浜名湖,11,4-2-5,1-3-4,0,1-2-3,0,4-3-5,0,1-4-2,0,3-4-1,0,2-4-6,0,3-2-1,0,1-3-4,0,,,1-4-2,0,,,5-1-4,0,,
20261002-06-12,浜名湖,12,1-3-2,1-2-3,1,1-2-3,1,1-4-6,0,1-4-2,0,1-4-3,0,5-2-1,0,1-2-4,0,1-4-2,0,,,3-5-2,0,,,3-1-2,1,,
20261002-07-01,蒲郡,1,1-5-2,1-5-2,1,1-2-3,0,5-1-4,0,5-1-6,0,3-4-1,0,1-3-4,0,3-5-1,0,5-1-2,1,,,4-5-2,0,,,2-5-1,1,,
20261002-07-02,蒲郡,2,3-1-4,1-5-4,0,1-2-5,0,5-6-4,0,6-5-4,0,6-1-5,0,4-5-3,0,5-4-1,0,4-5-1,0,,,4-5-2,0,,,4-1-2,0,,
20261002-07-03,蒲郡,3,3-2-5,5-4-1,0,1-2-3,0,5-4-3,0,5-2-4,0,5-4-2,0,6-5-3,0,4-6-1,0,5-4-1,0,,,4-6-5,0,,,2-1-3,0,,
20261002-07-04,蒲郡,4,1-4-2,2-1-4,1,1-2-3,0,2-4-5,0,4-2-3,0,2-4-6,0,4-1-6,0,2-6-5,0,2-4-1,1,,,5-3-2,0,,,2-5-6,0,,
20261002-07-05,蒲郡,5,4-1-3,2-1-6,0,1-2-3,0,2-5-6,0,2-5-6,0,2-3-6,0,3-1-4,1,1-4-2,0,2-6-5,0,,,5-6-2,0,,,6-1-2,0,,
20261002-07-06,蒲郡,6,2-6-5,4-1-2,0,1-2-3,0,4-6-5,0,6-4-5,0,5-6-4,0,2-3-1,0,4-1-3,0,6-4-5,0,,,4-6-2,0,,,1-3-2,0,,
20261002-07-07,蒲郡,7,4-5-2,1-3-4,0,1-2-3,0,4-3-1,0,4-6-1,0,3-1-5,0,6-1-3,0,4-6-2,0,3-1-4,0,,,3-6-4,0,,,4-1-2,0,,
20261002-07-08,蒲郡,8,1-5-2,1-3-6,0,1-2-3,0,3-6-1,0,3-6-1,0,3-1-6,0,5-1-4,0,6-1-3,0,3-1-6,0,,,3-6-1,0,,,6-1-4,0,,
20261002-07-09,蒲郡,9,1-5-3,1-4-5,0,1-2-3,0,5-1-4,0,5-1-4,0,4-5-3,0,4-2-5,0,2-1-4,0,5-1-4,0,,,4-3-5,0,,,6-2-3,0,,
20261002-07-10,蒲郡,10,1-5-3,1-4-6,0,1-2-3,0,1-6-4,0,4-3-6,0,4-1-3,0,2-5-6,0,2-1-4,0,1-4-6,0,,,6-4-5,0,,,,,,
20261002-07-11,蒲郡,11,1-5-2,1-3-4,0,1-2-3,0,4-3-5,0,4-3-5,0,1-3-4,0,3-4-2,0,3-2-4,0,1-4-5,0,,,1-3-6,0,,,1-2-3,0,,
20261002-07-12,蒲郡,12,1-2-3,1-4-5,0,1-2-3,1,1-4-3,0,4-1-3,0,1-4-6,0,3-5-1,0,5-2-6,0,1-4-5,0,,,1-5-6,0,,,6-1-2,0,,
20261002-09-01,津,1,1-4-3,1-3-4,1,1-2-3,0,1-3-4,1,1-4-6,0,1-3-4,1,2-1-3,0,1-2-4,0,1-3-4,1,,,4-3-6,0,,,3-4-1,1,,
20261002-09-02,津,2,1-2-3,2-1-3,1,1-2-3,1,3-2-5,0,3-2-5,0,2-3-1,1,6-4-5,0,1-5-2,0,1-2-3,1,,,2-3-4,0,,,2-4-3,0,,
20261002-09-03,津,3,3-5-2,6-3-4,0,1-2-6,0,4-3-6,0,4-6-3,0,6-3-4,0,4-5-2,0,6-4-1,0,6-3-4,0,,,5-6-2,0,,,6-4-2,0,,
20261002-09-04,津,4,3-5-6,3-2-5,0,1-2-3,0,3-5-2,0,3-5-6,1,3-5-2,0,6-2-1,0,1-5-3,0,2-3-5,0,,,5-6-3,1,,,3-5-1,0,,
20261002-09-05,津,5,1-3-2,1-2-3,1,1-2-3,1,1-3-2,1,1-3-2,1,1-3-5,0,5-2-4,0,4-1-2,0,1-2-3,1,,,2-4-3,0,,,3-4-2,0,,
20261002-09-06,津,6,1-2-3,3-2-1,1,1-2-3,1,3-5-2,0,4-3-2,0,3-2-4,0,3-5-1,0,5-2-1,0,4-2-3,0,,,3-5-2,0,,,3-5-2,0,,
20261002-09-07,津,7,2-1-3,1-6-3,0,1-2-3,1,6-3-5,0,6-3-5,0,6-2-3,0,4-5-1,0,5-4-3,0,6-3-5,0,,,6-1-4,0,,,4-3-2,0,,
20261002-09-08,津,8,5-1-4,4-5-1,1,1-2-3,0,5-4-1,1,4-6-5,0,5-4-6,0,3-2-1,0,3-4-5,0,4-5-2,0,,,5-4-6,0,,,3-4-2,0,,
20261002-09-09,津,9,1-4-2,1-4-5,0,1-2-3,0,4-6-5,0,4-6-3,0,5-4-6,0,5-2-1,0,5-4-6,0,4-1-5,0,,,6-1-5,0,,,4-5-1,0,,
20261002-09-10,津,10,5-2-1,2-1-5,1,1-2-3,0,2-5-1,1,2-1-5,1,5-1-2,1,1-4-5,0,1-3-5,0,2-6-1,0,,,2-5-3,0,,,5-6-4,0,,
20261002-09-11,津,11,1-2-4,1-3-4,0,1-2-3,0,4-5-1,0,1-4-3,0,1-5-3,0,3-6-5,0,2-4-3,0,1-3-4,0,,,3-6-2,0,,,6-2-4,0,,
20261002-09-12,津,12,1-3-5,1-2-4,0,1-2-3,0,1-4-2,0,4-2-6,0,4-1-6,0,5-2-3,0,4-3-6,0,1-4-2,0,,,2-1-5,0,,,1-4-2,0,,
20261002-12-01,住之江,1,5-4-1,2-3-1,0,1-2-3,0,1-6-2,0,2-3-6,0,5-3-1,0,3-4-1,0,6-1-2,0,1-2-3,0,,,2-3-4,0,,,3-4-5,0,,
20261002-12-02,住之江,2,5-2-3,1-5-3,0,1-2-3,0,5-3-1,0,5-1-3,0,6-5-3,0,5-6-2,0,6-2-4,0,3-5-6,0,,,5-3-1,0,,,6-1-2,0,,
20261002-12-03,住之江,3,4-5-3,3-4-2,0,1-2-3,0,3-2-4,0,3-2-4,0,1-4-2,0,3-2-4,0,4-2-6,0,3-4-1,0,,,,,,,2-1-3,0,,
20261002-12-04,住之江,4,1-2-4,2-1-4,1,1-2-3,0,2-4-1,1,4-2-5,0,2-4-3,0,4-2-1,1,3-6-4,0,2-4-1,1,,,2-4-1,1,,,1-2-3,0,,
20261002-12-05,住之江,5,1-4-6,2-1-5,0,1-2-3,0,2-5-3,0,2-5-1,0,2-5-3,0,4-3-6,0,3-2-5,0,2-5-1,0,,,5-2-6,0,,,3-4-5,0,,
20261002-12-06,住之江,6,1-2-4,2-1-4,1,1-2-3,0,2-1-4,1,2-5-1,0,4-2-6,0,2-1-5,0,3-2-4,0,4-1-2,1,,,2-4-6,0,,,2-3-1,0,,
20261002-12-07,住之江,7,1-2-5,2-1-3,0,1-2-3,0,2-3-1,0,2-3-4,0,2-3-5,0,4-6-3,0,1-3-6,0,2-3-1,0,,,4-2-3,0,,,2-3-4,0,,
20261002-12-08,住之江,8,1-5-3,3-5-2,0,1-2-3,0,5-2-3,0,2-3-5,0,2-3-5,0,2-3-5,0,1-5-2,0,3-5-1,1,,,5-2-3,0,,,3-1-2,0,,
20261002-12-09,住之江,9,1-3-2,1-3-4,0,1-2-3,1,3-1-4,0,3-1-4,0,3-1-4,0,2-3-1,1,1-5-2,0,3-1-4,0,,,1-4-3,0,,,1-2-3,1,,
20261002-12-10,住之江,10,1-3-5,1-5-2,0,1-2-3,0,5-1-6,0,1-6-5,0,1-5-6,0,1-2-6,0,3-5-2,0,1-5-6,0,,,2-5-1,0,,,2-1-3,0,,
20261002-12-11,住之江,11,1-4-5,1-4-5,1,1-2-3,0,1-4-6,0,1-6-4,0,6-1-4,0,5-3-4,0,3-4-2,0,1-4-5,1,,,4-5-1,1,,,3-1-2,0,,
20261002-12-12,住之江,12,1-4-2,1-2-5,0,1-2-3,0,5-1-2,0,5-1-3,0,3-2-1,0,5-3-1,0,4-2-3,0,1-2-5,0,,,2-5-1,0,,,5-3-1,0,,
20261002-13-01,尼崎,1,3-2-4,3-1-2,0,1-2-3,0,3-4-1,0,3-1-4,0,3-6-4,0,2-3-5,0,5-1-4,0,3-1-2,0,,,3-4-6,0,,,6-3-1,0,,
20261002-13-02,尼崎,2,3-1-4,1-4-3,1,1-2-3,0,4-3-1,1,4-3-1,1,4-2-3,0,2-6-4,0,4-2-3,0,3-4-1,1,,,1-4-6,0,,,4-2-3,0,,
20261002-13-03,尼崎,3,2-1-6,1-6-2,1,1-2-3,0,6-3-5,0,6-3-2,0,5-6-3,0,2-1-6,1,1-4-5,0,3-5-6,0,,,6-2-3,0,,,1-2-5,0,,
20261002-13-04,尼崎,4,5-1-4,2-3-1,0,1-2-3,0,2-5-1,0,2-1-5,0,2-1-5,0,6-4-3,0,4-5-1,1,3-5-2,0,,,2-3-5,0,,,5-6-3,0,,
20261002-13-05,尼崎,5,4-5-6,2-4-1,0,1-2-3,0,2-4-1,0,2-4-1,0,2-4-1,0,3-4-5,0,4-3-2,0,4-1-2,0,,,3-4-2,0,,,5-1-4,0,,
20261002-13-06,尼崎,6,1-4-2,1-4-2,1,1-2-3,0,4-3-1,0,4-3-2,0,4-3-1,0,5-6-4,0,1-4-5,0,4-1-2,1,,,1-4-2,1,,,5-1-4,0,,
20261002-13-07,尼崎,7,3-2-6,2-6-3,1,1-2-3,0,3-6-2,1,3-6-5,0,2-6-3,1,5-2-1,0,1-2-3,0,6-2-4,0,,,6-5-3,0,,,4-1-2,0,,
20261002-13-08,尼崎,8,3-1-6,1-6-3,1,1-2-3,0,6-3-1,1,3-6-1,1,6-1-3,1,3-4-6,0,3-6-4,0,1-3-6,1,,,6-5-1,0,,,5-2-6,0,,
20261002-13-09,尼崎,9,1-3-6,1-6-3,1,1-2-3,0,1-6-3,1,1-6-4,0,3-1-6,1,5-1-6,0,2-1-4,0,1-3-6,1,,,1-6-5,0,,,6-4-1,0,,
20261002-13-10,尼崎,10,1-3-6,1-4-2,0,1-2-3,0,1-6-4,0,1-6-4,0,4-6-1,0,3-1-5,0,5-1-6,0,1-2-4,0,,,4-6-1,0,,,1-2-3,0,,
20261002-13-11,尼崎,11,1-3-4,1-3-4,1,1-2-3,0,1-3-4,1,3-1-4,1,1-3-5,0,1-6-2,0,4-5-6,0,1-4-3,1,,,5-3-6,0,,,3-4-2,0,,
20261002-13-12,尼崎,12,2-3-1,1-2-4,0,1-2-3,1,2-5-1,0,2-5-1,0,3-2-1,1,1-4-3,0,1-2-3,1,1-6-3,0,,,4-1-6,0,,,2-1-3,1,,
20261002-14-01,鳴門,1,1-3-2,1-2-3,1,1-2-3,1,2-1-3,1,1-2-3,1,2-1-5,0,6-4-1,0,3-5-6,0,1-2-3,1,,,1-2-4,0,,,6-1-2,0,,
20261002-14-02,鳴門,2,1-5-2,1-4-5,0,1-2-3,0,4-1-5,0,1-4-5,0,4-6-1,0,2-3-6,0,1-5-6,0,1-4-5,0,,,4-5-2,0,,,1-4-5,0,,
20261002-14-03,鳴門,3,1-2-3,1-6-2,0,1-2-3,1,6-1-2,0,6-1-3,0,1-6-3,0,4-1-3,0,5-3-4,0,6-1-2,0,,,6-1-3,0,,,1-2-3,1,,
20261002-14-04,鳴門,4,2-4-3,1-2-4,0,1-2-3,0,1-2-4,0,1-2-4,0,4-1-3,0,6-1-5,0,3-4-2,1,2-1-4,0,,,4-1-2,0,,,3-5-4,0,,
20261002-14-05,鳴門,5,4-5-1,1-6-2,0,1-2-3,0,6-1-3,0,6-4-3,0,6-1-5,0,3-6-5,0,5-3-4,0,6-1-2,0,,,3-1-2,0,,,1-2-3,0,,
20261002-14-06,鳴門,6,1-2-3,1-5-2,0,1-2-3,1,1-5-2,0,1-2-5,0,1-5-3,0,4-3-6,0,1-3-6,0,5-1-2,0,,,5-1-4,0,,,1-6-4,0,,
20261002-14-07,鳴門,7,2-1-5,3-1-6,0,1-2-3,0,6-3-4,0,6-4-3,0,3-6-1,0,5-6-2,0,2-3-6,0,3-6-1,0,,,3-1-6,0,,,5-4-3,0,,
20261002-14-08,鳴門,8,2-3-1,1-6-3,0,1-2-3,1,6-3-1,0,6-3-5,0,1-3-6,0,2-3-4,0,1-5-6,0,6-1-2,0,,,3-1-6,0,,,5-6-4,0,,
20261002-14-09,鳴門,9,3-1-5,4-1-3,0,1-2-3,0,4-6-5,0,4-6-5,0,4-6-5,0,1-4-5,0,6-2-3,0,4-6-1,0,,,4-5-3,0,,,3-1-2,0,,
20261002-14-10,鳴門,10,4-3-1,1-2-3,0,1-2-3,0,1-3-5,0,3-1-5,0,3-2-5,0,4-2-1,0,3-4-5,0,1-2-3,0,,,3-1-4,1,,,2-1-3,0,,
20261002-14-11,鳴門,11,1-4-5,1-2-4,0,1-2-3,0,2-1-5,0,1-3-2,0,4-2-1,0,3-1-4,0,2-1-4,0,4-1-2,0,,,4-1-2,0,,,1-2-3,0,,
20261002-14-12,鳴門,12,2-3-1,1-2-4,0,1-4-6,0,4-1-3,0,4-3-1,0,4-1-6,0,3-6-2,0,3-5-6,0,1-2-3,1,,,4-6-1,0,,,1-2-6,0,,
20261002-15-01,丸亀,1,6-1-3,1-2-6,0,1-2-3,0,6-2-4,0,6-4-1,0,1-6-4,0,6-5-3,0,3-2-4,0,1-2-4,0,,,1-2-6,0,,,1-4-5,0,,
20261002-15-02,丸亀,2,2-1-3,1-2-4,0,1-2-3,1,4-3-5,0,3-4-2,0,4-1-5,0,6-5-4,0,3-6-4,0,1-2-3,1,,,2-4-1,0,,,6-4-1,0,,
20261002-15-03,丸亀,3,1-4-3,1-3-4,1,1-2-3,0,4-6-1,0,4-6-1,0,3-1-6,0,3-1-2,0,6-3-2,0,1-2-3,0,,,3-1-2,0,,,4-1-5,0,,
20261002-15-04,丸亀,4,5-3-1,1-3-2,0,1-2-3,0,5-3-2,0,5-3-1,1,5-2-1,0,1-5-3,1,2-4-5,0,5-1-2,0,,,3-1-2,0,,,1-4-5,0,,
20261002-15-05,丸亀,5,2-4-3,1-2-3,0,1-2-3,0,2-1-3,0,2-1-3,0,2-1-3,0,5-1-6,0,5-6-1,0,2-1-3,0,,,1-2-4,0,,,6-1-2,0,,
20261002-15-06,丸亀,6,1-2-5,1-2-3,0,1-2-3,0,1-3-2,0,1-3-5,0,3-1-2,0,1-6-5,0,4-1-5,0,1-2-3,0,,,5-2-1,1,,,1-6-2,0,,
20261002-15-07,丸亀,7,5-2-6,1-2-3,0,1-2-3,0,1-2-4,0,1-4-6,0,2-3-6,0,5-4-2,0,2-3-5,0,1-2-6,0,,,5-2-3,0,,,1-3-5,0,,
20261002-15-08,丸亀,8,6-1-3,1-6-3,1,1-2-3,0,6-4-3,0,6-4-3,0,6-3-1,1,1-4-5,0,3-1-2,0,6-1-2,0,,,6-4-3,0,,,,,,
20261002-15-09,丸亀,9,1-3-6,1-2-4,0,1-2-3,0,5-1-6,0,1-5-4,0,6-1-5,0,1-2-4,0,4-1-6,0,1-6-2,0,,,3-6-2,0,,,5-3-6,0,,
20261002-15-10,丸亀,10,1-4-2,1-2-5,0,1-2-5,0,1-4-2,1,1-2-3,0,1-4-2,1,4-6-1,0,5-4-6,0,1-2-3,0,,,6-2-3,0,,,4-5-1,0,,
20261002-15-11,丸亀,11,1-6-5,1-4-2,0,1-2-3,0,4-1-6,0,6-4-1,0,1-6-5,1,3-1-6,0,1-6-4,0,1-4-5,0,,,1-5-2,0,,,4-2-5,0,,
20261002-15-12,丸亀,12,1-5-2,1-2-3,0,1-2-3,0,5-1-2,1,5-4-1,0,5-1-3,0,5-1-2,1,3-4-6,0,1-2-3,0,,,1-3-2,0,,,1-2-4,0,,
20261002-16-01,児島,1,4-1-5,1-2-3,0,1-2-3,0,6-1-2,0,6-3-2,0,6-3-1,0,5-2-1,0,1-4-5,1,1-2-3,0,,,6-1-2,0,,,4-6-5,0,,
20261002-16-02,児島,2,6-1-2,1-3-4,0,1-2-3,0,1-4-6,0,1-3-5,0,4-2-3,0,4-5-6,0,1-6-3,0,1-2-3,0,,,3-4-5,0,,,3-1-2,0,,
20261002-16-03,児島,3,2-4-5,1-4-2,0,1-2-3,0,3-6-4,0,6-4-1,0,4-3-6,0,3-6-2,0,1-4-5,0,1-2-3,0,,,6-2-3,0,,,5-2-6,0,,
20261002-16-04,児島,4,1-3-4,1-2-3,0,1-2-3,0,5-6-1,0,5-1-3,0,3-6-5,0,6-4-3,0,2-4-3,0,1-2-3,0,,,6-1-2,0,,,2-3-1,0,,
20261002-16-05,児島,5,4-1-3,1-6-4,0,1-2-3,0,4-1-6,0,6-4-2,0,4-6-2,0,5-3-2,0,1-6-3,0,1-2-3,0,,,6-1-5,0,,,6-4-1,0,,
20261002-16-06,児島,6,1-4-6,1-2-3,0,1-2-3,0,2-1-6,0,2-5-3,0,1-2-6,0,1-3-5,0,6-4-2,0,1-2-3,0,,,1-3-4,0,,,3-4-2,0,,
20261002-16-07,児島,7,1-4-2,1-2-4,1,1-2-3,0,6-3-4,0,6-1-4,0,1-2-6,0,3-6-5,0,6-1-4,0,1-2-3,0,,,1-5-4,0,,,6-5-2,0,,
20261002-16-08,児島,8,1-2-4,1-2-3,0,1-2-3,0,1-6-4,0,6-2-1,0,1-5-2,0,1-2-3,0,6-2-4,0,1-2-3,0,,,2-1-4,1,,,6-3-5,0,,
20261002-16-09,児島,9,4-5-1,1-2-3,0,1-2-3,0,4-5-3,0,4-5-3,0,5-4-1,1,2-4-1,0,3-5-2,0,1-2-3,0,,,4-3-2,0,,,6-3-2,0,,
20261002-16-10,児島,10,1-6-4,1-2-4,0,1-2-3,0,4-1-5,0,5-4-1,0,2-1-5,0,1-5-4,0,3-1-4,0,1-2-3,0,,,1-2-6,0,,,6-4-3,0,,
20261002-16-11,児島,11,1-2-5,1-2-3,0,1-2-3,0,5-3-1,0,2-1-5,1,4-5-1,0,2-3-1,0,1-4-3,0,1-2-3,0,,,1-2-3,0,,,5-4-6,0,,
20261002-16-12,児島,12,1-4-2,1-2-3,0,1-2-3,0,1-5-3,0,5-1-3,0,4-1-3,0,5-1-2,0,2-6-1,0,1-2-3,0,,,2-1-3,0,,,4-2-1,1,,
20261002-18-01,徳山,1,1-3-5,1-3-2,0,1-2-3,0,1-3-5,1,1-4-3,0,1-5-6,0,4-6-3,0,4-2-3,0,1-2-3,0,,,,,,,3-2-1,0,,
20261002-18-02,徳山,2,1-5-2,1-4-2,0,1-2-3,0,4-1-5,0,1-5-4,0,2-4-1,0,2-3-1,0,5-2-6,0,1-4-2,0,,,,,,,3-1-2,0,,
20261002-18-03,徳山,3,1-4-6,1-4-6,1,1-2-3,0,6-4-1,1,1-4-6,1,6-1-4,1,4-5-6,0,2-1-4,0,6-1-4,1,,,,,,,3-1-2,0,,
20261002-18-04,徳山,4,4-5-2,1-2-4,0,1-2-3,0,5-1-2,0,1-5-2,0,2-1-4,0,2-1-6,0,2-3-4,0,1-2-3,0,,,,,,,5-6-4,0,,
20261002-18-05,徳山,5,3-4-1,1-3-5,0,1-2-3,0,1-4-5,0,4-1-5,0,4-5-3,0,2-5-3,0,4-6-1,0,1-3-5,0,,,,,,,6-3-4,0,,
20261002-18-06,徳山,6,4-3-5,1-3-5,0,1-2-3,0,3-5-4,1,1-4-3,0,5-3-4,1,4-5-1,0,1-6-5,0,3-5-1,0,,,,,,,2-1-3,0,,
20261002-18-07,徳山,7,2-4-5,1-2-5,0,1-2-3,0,5-2-1,0,2-5-1,0,3-5-1,0,4-2-5,1,4-6-2,0,2-5-1,0,,,,,,,4-1-6,0,,
20261002-18-08,徳山,8,4-6-1,1-4-6,1,1-2-3,0,6-4-2,0,6-4-3,0,4-6-2,0,5-2-6,0,1-5-3,0,6-4-1,1,,,,,,,4-6-1,1,,
20261002-18-09,徳山,9,2-5-4,2-1-3,0,1-2-3,0,2-4-1,0,2-4-3,0,2-1-3,0,5-1-4,0,3-6-5,0,2-5-1,0,,,,,,,2-1-3,0,,
20261002-18-10,徳山,10,3-4-6,3-1-4,0,1-3-2,0,3-4-6,1,1-4-6,0,3-1-6,0,5-6-2,0,1-4-2,0,3-6-2,0,,,,,,,2-3-4,0,,
20261002-18-11,徳山,11,5-1-4,4-1-3,0,1-2-3,0,4-3-2,0,4-3-5,0,4-3-5,0,5-3-1,0,1-3-2,0,4-3-1,0,,,,,,,6-4-3,0,,
20261002-18-12,徳山,12,1-2-5,1-2-3,0,1-2-3,0,4-1-2,0,4-2-6,0,5-3-1,0,1-5-2,1,5-6-4,0,1-2-3,0,,,,,,,1-3-4,0,,
20261002-19-01,下関,1,1-2-3,1-2-3,1,1-2-3,1,1-2-6,0,2-1-6,0,1-2-6,0,4-1-3,0,2-6-3,0,1-2-6,0,,,3-2-1,1,,,2-1-6,0,,
20261002-19-02,下関,2,1-2-3,1-6-2,0,1-2-3,1,2-6-3,0,2-3-6,0,6-1-3,0,2-4-6,0,6-1-5,0,6-1-2,0,,,2-4-6,0,,,6-3-5,0,,
20261002-19-03,下関,3,1-2-3,2-1-5,0,1-2-3,1,2-5-1,0,5-2-1,0,5-2-3,0,3-2-6,0,5-3-4,0,2-5-1,0,,,2-5-3,0,,,4-5-1,0,,
20261002-19-04,下関,4,1-5-2,5-2-1,1,1-2-3,0,5-2-4,0,5-2-1,1,5-2-6,0,1-5-3,0,1-6-2,0,2-5-1,1,,,5-4-1,0,,,4-5-1,0,,
20261002-19-05,下関,5,1-3-4,1-4-2,0,1-2-3,0,1-3-4,1,1-3-4,1,1-4-3,1,5-4-1,0,4-6-1,0,1-4-2,0,,,4-2-3,0,,,4-6-1,0,,
20261002-19-06,下関,6,1-4-5,1-5-3,0,1-2-3,0,5-1-4,1,1-5-4,1,1-5-4,1,5-2-6,0,2-5-6,0,5-1-3,0,,,5-3-1,0,,,2-1-4,0,,
20261002-19-07,下関,7,1-5-2,5-2-1,1,1-2-3,0,5-2-1,1,5-2-3,0,2-5-3,0,5-2-4,0,5-6-4,0,5-2-1,1,,,5-4-2,0,,,1-5-2,1,,
20261002-19-08,下関,8,3-1-4,1-2-3,0,1-2-3,0,2-1-3,0,2-1-3,0,2-1-3,0,3-5-6,0,1-4-6,0,2-1-3,0,,,1-2-3,0,,,4-2-6,0,,
20261002-19-09,下関,9,2-1-3,2-1-4,0,1-2-3,1,2-5-4,0,2-5-4,0,2-4-6,0,6-4-3,0,3-4-6,0,2-4-5,0,,,2-4-1,0,,,5-3-6,0,,
20261002-19-10,下関,10,1-2-5,1-5-2,1,1-2-3,0,1-5-6,0,5-1-2,1,5-1-3,0,1-2-6,0,3-4-1,0,1-5-2,1,,,6-1-2,0,,,3-4-6,0,,
20261002-19-11,下関,11,3-1-5,1-2-3,0,1-2-3,0,3-5-6,0,5-2-3,0,2-6-3,0,1-6-3,0,4-2-5,0,1-2-3,0,,,3-1-2,0,,,2-1-4,0,,
20261002-19-12,下関,12,1-2-4,1-3-2,0,1-2-3,0,1-3-4,0,4-3-2,0,1-3-2,0,3-1-5,0,3-2-4,0,3-1-2,0,,,2-3-1,0,,,3-6-4,0,,
20261002-22-01,福岡,1,1-2-3,1-2-5,0,1-2-3,1,1-6-3,0,6-1-3,0,1-6-5,0,6-1-3,0,6-2-3,0,1-3-4,0,,,5-2-6,0,,,3-4-1,0,,
20261002-22-02,福岡,2,5-2-4,4-5-1,0,1-2-3,0,5-4-2,1,5-4-2,1,4-5-2,1,4-1-2,0,4-2-3,0,5-4-1,0,,,4-6-3,0,,,6-4-3,0,,
20261002-22-03,福岡,3,1-3-4,3-1-2,0,1-2-3,0,3-5-1,0,3-5-4,0,3-5-1,0,4-2-3,0,2-5-3,0,3-1-2,0,,,3-4-1,1,,,2-3-1,0,,
20261002-22-04,福岡,4,2-1-5,1-6-3,0,1-2-3,0,6-4-3,0,6-3-4,0,6-4-5,0,3-5-6,0,6-1-3,0,6-4-1,0,,,3-5-6,0,,,4-5-1,0,,
20261002-22-05,福岡,5,5-1-3,4-5-3,0,1-5-2,0,4-3-5,0,4-3-5,0,3-4-6,0,4-6-2,0,3-4-5,0,4-3-5,0,,,4-5-2,0,,,3-4-6,0,,
20261002-22-06,福岡,6,6-1-2,6-2-1,1,1-6-2,1,6-5-2,0,6-5-2,0,6-2-4,0,1-3-4,0,2-6-5,0,6-2-1,1,,,2-3-6,0,,,4-2-6,0,,
20261002-22-07,福岡,7,5-4-1,4-5-2,0,1-2-3,0,5-4-3,0,5-4-3,0,5-4-2,0,3-6-1,0,1-6-2,0,5-4-1,1,,,4-2-5,0,,,1-6-2,0,,
20261002-22-08,福岡,8,1-2-6,1-2-6,1,1-2-3,0,6-1-2,1,6-1-2,1,1-4-3,0,2-1-4,0,2-3-4,0,1-6-2,1,,,2-3-4,0,,,6-2-3,0,,
20261002-22-09,福岡,9,1-4-2,1-4-3,0,1-2-3,0,4-5-1,0,4-1-5,0,5-4-6,0,5-2-4,0,6-2-5,0,4-1-5,0,,,3-6-4,0,,,2-3-6,0,,
20261002-22-10,福岡,10,1-6-3,1-2-3,0,1-3-2,0,6-2-3,0,2-6-1,0,6-1-2,0,1-6-5,0,3-5-2,0,2-6-1,0,,,4-1-3,0,,,2-4-6,0,,
20261002-22-11,福岡,11,1-3-5,1-2-5,0,1-2-3,0,1-2-6,0,1-3-6,0,6-2-5,0,6-5-1,0,1-6-3,0,1-2-5,0,,,5-3-1,1,,,1-2-4,0,,
20261002-22-12,福岡,12,1-4-2,1-4-3,0,1-2-3,0,1-4-2,1,1-4-2,1,4-1-2,1,3-5-6,0,3-4-2,0,1-4-2,1,,,3-4-6,0,,,2-6-4,0,,
20261002-23-01,唐津,1,1-3-4,1-3-4,1,1-2-3,0,1-5-3,0,1-5-3,0,1-4-3,1,4-6-5,0,3-4-1,1,1-2-3,0,,,1-4-2,0,,,3-1-4,1,,
20261002-23-02,唐津,2,2-1-4,1-2-5,0,1-2-3,0,2-5-1,0,2-1-5,0,5-6-1,0,3-6-5,0,4-3-6,0,2-1-3,0,,,2-4-1,1,,,5-4-1,0,,
20261002-23-03,唐津,3,1-2-6,1-5-3,0,1-2-3,0,5-1-6,0,5-1-3,0,5-3-2,0,2-3-1,0,1-4-3,0,5-1-2,0,,,3-5-6,0,,,4-2-3,0,,
20261002-23-04,唐津,4,4-3-1,2-3-1,0,1-2-3,0,4-2-3,0,4-2-6,0,3-2-4,0,2-4-1,0,6-3-4,0,2-3-4,0,,,2-3-1,0,,,3-4-5,0,,
20261002-23-05,唐津,5,1-3-2,1-4-2,0,1-2-3,1,1-6-5,0,1-6-4,0,1-5-6,0,6-2-5,0,2-1-3,1,1-5-6,0,,,1-4-2,0,,,3-5-4,0,,
20261002-23-06,唐津,6,2-4-5,2-3-4,0,1-2-3,0,4-3-2,0,4-3-2,0,2-3-4,0,3-5-6,0,3-4-5,0,2-3-4,0,,,2-4-3,0,,,3-6-2,0,,
20261002-23-07,唐津,7,4-2-1,4-2-3,0,1-2-3,0,4-3-5,0,4-3-2,0,5-4-3,0,5-1-2,0,5-2-4,0,4-3-5,0,,,4-2-5,0,,,5-2-6,0,,
20261002-23-08,唐津,8,4-3-2,4-1-2,0,1-2-3,0,4-3-2,1,2-3-4,1,3-4-2,1,4-6-3,0,4-6-2,0,4-1-2,0,,,4-2-3,1,,,4-3-5,0,,
20261002-23-09,唐津,9,5-2-4,4-2-1,0,1-2-3,0,4-5-2,1,4-5-2,1,5-2-4,1,5-1-4,0,6-3-1,0,4-2-5,1,,,4-1-5,0,,,2-1-3,0,,
20261002-23-10,唐津,10,4-6-1,4-1-5,0,1-2-3,0,4-5-3,0,3-4-2,0,5-2-1,0,1-2-6,0,6-1-3,0,4-5-3,0,,,2-5-4,0,,,4-3-5,0,,
20261002-23-11,唐津,11,2-1-5,2-4-1,0,1-2-3,0,2-6-4,0,2-6-4,0,2-4-6,0,1-5-3,0,4-5-3,0,2-4-1,0,,,4-6-2,0,,,2-6-4,0,,
20261002-23-12,唐津,12,3-1-4,1-3-4,1,1-2-3,0,5-1-3,0,5-4-3,0,3-6-4,0,4-1-5,0,1-4-5,0,1-3-2,0,,,1-4-6,0,,,6-4-3,0,,
20261002-24-01,大村,1,2-4-6,1-5-4,0,1-2-3,0,5-6-3,0,6-3-5,0,3-5-4,0,3-4-6,0,4-1-2,0,2-3-4,0,,,6-5-4,0,,,5-6-1,0,,
20261002-24-02,大村,2,4-2-5,1-4-2,0,1-2-3,0,2-4-3,0,4-3-2,0,2-4-1,0,3-4-6,0,6-2-4,0,4-1-2,0,,,4-3-2,0,,,5-4-2,1,,
20261002-24-03,大村,3,1-4-3,1-3-5,0,1-2-3,0,5-1-4,0,1-4-3,1,5-1-3,0,3-1-5,0,2-6-3,0,1-5-2,0,,,3-5-4,0,,,1-2-4,0,,
20261002-24-04,大村,4,1-4-2,1-4-5,0,1-2-3,0,6-5-4,0,5-6-4,0,5-6-2,0,2-1-3,0,5-6-3,0,4-5-1,0,,,6-2-4,0,,,5-1-2,0,,
20261002-24-05,大村,5,1-4-6,1-4-2,0,1-2-3,0,6-4-1,1,6-4-1,1,4-2-6,0,4-5-2,0,4-6-5,0,4-1-2,0,,,6-4-1,1,,,2-5-1,0,,
20261002-24-06,大村,6,1-3-2,1-2-3,1,1-2-3,1,1-5-6,0,1-6-5,0,1-6-3,0,3-1-5,0,4-1-3,0,1-2-3,1,,,5-1-6,0,,,2-3-5,0,,
20261002-24-07,大村,7,1-4-2,1-2-6,0,1-2-3,0,2-6-5,0,4-1-5,0,2-6-5,0,1-6-4,0,5-6-3,0,6-1-2,0,,,6-1-2,0,,,1-6-5,0,,
20261002-24-08,大村,8,1-3-4,1-4-2,0,1-2-3,0,1-4-6,0,1-4-5,0,6-4-1,0,1-5-2,0,4-2-5,0,1-5-6,0,,,4-3-1,1,,,1-4-6,0,,
20261002-24-09,大村,9,1-2-6,1-2-4,0,1-2-3,0,1-6-4,0,1-4-3,0,1-6-4,0,4-2-1,0,5-1-4,0,1-2-3,0,,,2-1-3,0,,,,,,
20261002-24-10,大村,10,3-1-6,1-3-4,0,1-2-3,0,3-4-6,0,3-4-1,0,3-4-5,0,4-3-2,0,2-4-3,0,3-4-1,0,,,3-4-1,0,,,1-2-3,0,,
20261002-24-11,大村,11,2-1-3,1-2-4,0,1-2-3,1,4-2-3,0,2-4-3,0,3-1-2,1,2-5-6,0,1-5-2,0,2-3-4,0,,,1-4-2,0,,,4-1-6,0,,
20261002-24-12,大村,12,2-1-4,1-5-3,0,1-2-3,0,1-5-6,0,1-5-6,0,3-5-4,0,3-4-5,0,2-6-1,0,5-4-6,0,,,1-3-6,0,,,3-1-2,0,,
