race_id,venue_name,race,prediction_type,points,actual_trifecta,actual_combo_rank_120,hit,top3_match,exact_match,investment,trifecta_payout_100yen,return,profit,combinations
20261010-02-01,戸田,1,直前,8,3-1-6,47,0,0,0,800,3530,0,-800,4-2-1 / 4-1-2 / 2-4-1 / 2-1-4 / 1-2-4 / 1-4-2 / 2-3-1 / 3-2-1
20261010-02-02,戸田,2,直前,8,2-3-6,9,0,0,0,800,1010,0,-800,1-2-3 / 2-1-3 / 1-3-2 / 3-1-2 / 2-3-1 / 3-2-1 / 2-3-4 / 3-2-4
20261010-02-03,戸田,3,直前,8,3-2-4,32,0,0,0,800,9890,0,-800,1-2-3 / 2-1-3 / 1-3-2 / 3-2-1 / 2-3-1 / 3-1-2 / 1-2-5 / 1-5-2
20261010-02-04,戸田,4,直前,8,3-5-1,20,0,0,0,800,2890,0,-800,1-3-4 / 3-4-1 / 1-3-2 / 1-4-3 / 4-3-1 / 3-1-4 / 3-1-2 / 3-2-1
20261010-02-05,戸田,5,直前,8,4-1-2,2,1,1,0,800,1100,1100,300,1-4-2 / 4-1-2 / 1-2-4 / 2-1-4 / 2-4-1 / 4-2-1 / 1-4-3 / 4-1-3
20261010-03-01,江戸川,1,直前,8,1-4-3,21,0,0,0,800,5260,0,-800,1-2-3 / 2-1-3 / 1-3-2 / 1-2-5 / 2-3-1 / 3-2-1 / 2-1-5 / 1-2-4
20261010-03-02,江戸川,2,直前,8,1-2-4,58,0,0,0,800,3520,0,-800,3-1-5 / 1-3-5 / 3-5-1 / 1-5-3 / 5-3-1 / 5-1-3 / 3-1-4 / 1-3-4
20261010-03-03,江戸川,3,直前,8,2-5-4,55,0,0,0,800,8560,0,-800,1-3-2 / 1-2-3 / 3-1-2 / 2-1-3 / 3-2-1 / 2-3-1 / 3-2-5 / 5-3-2
20261010-03-04,江戸川,4,直前,8,3-5-2,4,1,1,0,800,2410,2410,1610,3-2-5 / 4-3-5 / 3-4-5 / 3-5-2 / 5-3-2 / 2-3-5 / 5-2-3 / 4-5-3
20261010-03-05,江戸川,5,直前,8,3-1-4,16,0,0,0,800,1450,0,-800,1-3-2 / 1-3-5 / 2-3-1 / 3-1-2 / 3-1-5 / 1-2-3 / 2-1-3 / 3-2-1
20261010-06-01,浜名湖,1,直前,8,1-3-5,7,1,0,0,800,1580,1580,780,1-2-5 / 1-5-2 / 5-1-2 / 2-1-5 / 5-2-1 / 2-5-1 / 1-3-5 / 1-5-3
20261010-06-02,浜名湖,2,直前,8,3-5-2,20,0,0,0,800,7330,0,-800,1-3-2 / 1-5-2 / 1-2-3 / 5-1-2 / 2-1-3 / 3-1-2 / 1-2-5 / 1-4-2
20261010-06-03,浜名湖,3,直前,8,1-3-4,2,1,1,0,800,1010,1010,210,1-4-3 / 1-3-4 / 4-1-3 / 4-3-2 / 3-4-2 / 4-3-1 / 3-1-4 / 3-4-1
20261010-06-04,浜名湖,4,直前,8,1-4-2,59,0,0,0,800,13970,0,-800,1-6-2 / 1-2-6 / 2-6-3 / 2-3-6 / 6-2-3 / 3-6-2 / 6-3-2 / 3-2-6
20261010-08-01,常滑,1,直前,8,1-3-2,7,1,0,0,800,550,550,-250,2-1-4 / 1-2-4 / 3-2-1 / 2-3-1 / 3-1-2 / 3-1-4 / 1-3-2 / 2-1-3
20261010-08-02,常滑,2,直前,8,1-2-3,16,0,0,0,800,720,0,-800,1-2-5 / 1-5-2 / 2-1-5 / 5-1-2 / 5-2-1 / 2-5-1 / 1-6-2 / 2-6-5
20261010-08-03,常滑,3,直前,8,1-3-4,37,0,0,0,800,1200,0,-800,4-1-5 / 4-5-1 / 1-4-5 / 1-5-2 / 1-2-5 / 2-1-5 / 1-5-4 / 5-1-2
20261010-08-04,常滑,4,直前,8,1-2-4,9,0,0,0,800,2230,0,-800,1-2-3 / 2-1-3 / 2-3-1 / 1-3-2 / 3-2-1 / 1-2-5 / 3-1-2 / 2-1-5
20261010-08-05,常滑,5,直前,8,3-6-5,84,0,0,0,800,2570,0,-800,1-2-3 / 1-3-2 / 2-1-3 / 3-1-2 / 3-2-1 / 2-3-1 / 1-2-6 / 2-1-6
20261010-08-06,常滑,6,朝,8,1-6-2,3,1,1,0,800,900,900,100,1-2-6 / 2-1-6 / 1-6-2 / 2-6-1 / 6-1-2 / 6-2-1 / 1-3-6 / 3-1-6
20261010-09-01,津,1,直前,8,1-3-5,18,0,0,0,800,900,0,-800,3-1-6 / 3-1-4 / 1-3-6 / 1-3-4 / 3-6-1 / 3-4-1 / 1-6-3 / 1-4-3
20261010-09-02,津,2,直前,8,2-5-4,50,0,0,0,800,6970,0,-800,1-2-3 / 2-1-3 / 1-3-2 / 3-2-1 / 2-3-1 / 3-1-2 / 1-2-5 / 1-5-2
20261010-09-03,津,3,直前,8,4-6-1,63,0,0,0,800,14760,0,-800,1-2-4 / 1-4-2 / 4-1-2 / 3-1-4 / 4-2-1 / 1-4-5 / 1-5-4 / 4-1-5
20261010-09-04,津,4,直前,8,1-2-4,59,0,0,0,800,2150,0,-800,1-5-6 / 3-1-6 / 1-3-6 / 4-1-6 / 1-6-3 / 5-1-6 / 1-6-5 / 1-5-3
20261010-09-05,津,5,直前,8,4-1-5,6,1,1,0,800,4360,4360,3560,5-4-1 / 5-1-4 / 1-5-4 / 4-5-1 / 1-4-5 / 4-1-5 / 1-4-2 / 4-1-2
20261010-09-06,津,6,直前,8,4-2-6,89,0,0,0,800,7990,0,-800,2-1-4 / 2-4-1 / 1-2-4 / 2-3-1 / 3-2-1 / 2-1-3 / 2-5-1 / 3-1-2
20261010-16-01,児島,1,直前,8,1-3-2,2,1,1,0,800,700,700,-100,1-2-3 / 1-3-2 / 2-1-3 / 3-1-2 / 2-3-1 / 3-2-1 / 1-2-5 / 2-1-5
20261010-16-02,児島,2,直前,8,3-4-1,24,0,0,0,800,10330,0,-800,2-4-3 / 1-2-3 / 2-3-4 / 4-2-3 / 2-1-3 / 1-3-2 / 4-3-2 / 3-2-4
20261010-16-03,児島,3,直前,8,3-5-1,73,0,0,0,800,5820,0,-800,2-3-4 / 2-4-3 / 4-2-3 / 1-2-4 / 3-2-4 / 4-3-2 / 2-1-4 / 1-4-2
20261010-16-04,児島,4,直前,8,3-6-2,85,0,0,0,800,11060,0,-800,1-4-6 / 1-6-4 / 1-4-3 / 4-1-6 / 1-3-4 / 1-2-4 / 2-1-4 / 4-1-3
20261010-16-05,児島,5,直前,8,1-4-2,18,0,0,0,800,1380,0,-800,1-3-2 / 1-2-3 / 3-1-2 / 3-2-1 / 2-1-3 / 2-3-1 / 4-1-3 / 4-3-1
20261010-18-01,徳山,1,直前,8,3-1-4,22,0,0,0,800,14060,0,-800,1-2-4 / 2-1-4 / 2-4-1 / 1-4-2 / 1-2-5 / 5-1-4 / 4-2-1 / 2-1-5
20261010-18-02,徳山,2,直前,8,4-3-1,15,0,0,0,800,6690,0,-800,1-3-2 / 3-1-2 / 1-3-4 / 3-1-4 / 3-2-1 / 1-2-3 / 3-4-1 / 1-4-3
20261010-18-03,徳山,3,直前,8,1-2-5,8,1,0,0,800,760,760,-40,1-3-2 / 3-1-2 / 1-2-3 / 2-1-3 / 2-3-1 / 3-2-1 / 1-5-2 / 1-2-5
20261010-18-04,徳山,4,直前,8,1-2-5,24,0,0,0,800,950,0,-800,1-2-4 / 2-1-4 / 1-4-2 / 2-4-1 / 4-1-2 / 4-2-1 / 1-2-3 / 2-1-3
20261010-18-05,徳山,5,直前,8,1-3-4,28,0,0,0,800,1270,0,-800,1-4-2 / 2-4-1 / 1-2-4 / 4-2-1 / 4-1-2 / 2-1-4 / 1-6-2 / 1-2-6
20261010-18-06,徳山,6,直前,8,1-2-4,53,0,0,0,800,3380,0,-800,1-3-5 / 3-1-5 / 1-5-3 / 3-5-1 / 5-3-1 / 5-1-3 / 4-3-5 / 1-3-4
20261010-18-07,徳山,7,直前,8,1-3-2,5,1,0,0,800,1060,1060,260,1-3-6 / 1-6-3 / 3-1-6 / 1-3-5 / 1-3-2 / 3-6-1 / 1-2-3 / 3-1-5
20261010-18-08,徳山,8,直前,8,1-3-2,8,1,0,0,800,1560,1560,760,1-5-2 / 1-2-5 / 2-5-1 / 2-1-5 / 5-1-2 / 5-2-1 / 1-3-5 / 1-3-2
20261010-18-09,徳山,9,直前,8,1-3-6,67,0,0,0,800,14520,0,-800,1-4-5 / 4-1-5 / 1-3-5 / 1-5-4 / 1-5-3 / 3-1-5 / 4-5-1 / 3-5-1
20261010-22-01,福岡,1,直前,8,1-5-4,15,0,0,0,800,2370,0,-800,3-1-4 / 2-1-4 / 1-3-4 / 1-2-4 / 3-4-1 / 1-4-3 / 2-4-1 / 4-1-3
20261010-22-02,福岡,2,直前,8,4-5-2,87,0,0,0,800,1990,0,-800,1-4-3 / 4-1-3 / 3-4-1 / 1-3-4 / 4-3-1 / 3-1-4 / 1-2-3 / 2-1-3
20261010-22-03,福岡,3,直前,8,2-1-3,57,0,0,0,800,9340,0,-800,4-3-1 / 1-3-4 / 4-1-3 / 3-1-4 / 1-4-3 / 3-4-1 / 4-3-2 / 3-4-2
20261010-22-04,福岡,4,直前,8,4-2-5,46,0,0,0,800,6160,0,-800,1-4-2 / 1-2-4 / 2-1-4 / 4-1-2 / 2-4-1 / 4-2-1 / 5-1-2 / 1-5-2
20261010-22-05,福岡,5,直前,8,2-1-3,13,0,0,0,800,3720,0,-800,2-1-4 / 1-2-4 / 2-4-1 / 1-4-2 / 4-2-1 / 4-1-2 / 1-4-3 / 1-5-4
20261010-23-01,唐津,1,直前,8,1-4-6,38,0,0,0,800,2050,0,-800,3-1-2 / 1-3-2 / 3-2-1 / 1-2-3 / 2-1-3 / 2-3-1 / 1-2-6 / 4-1-2
20261010-23-02,唐津,2,直前,8,1-2-4,13,0,0,0,800,3640,0,-800,1-2-3 / 2-1-3 / 1-3-2 / 2-3-1 / 3-1-2 / 3-2-1 / 1-4-3 / 1-3-4
20261010-23-03,唐津,3,直前,8,4-5-2,58,0,0,0,800,24700,0,-800,1-4-3 / 4-1-3 / 1-3-4 / 2-1-3 / 1-3-5 / 1-2-3 / 4-3-1 / 3-1-4
20261010-23-04,唐津,4,直前,8,2-1-4,15,0,0,0,800,4130,0,-800,1-2-5 / 1-5-2 / 2-1-5 / 2-5-1 / 5-1-2 / 5-2-1 / 2-4-5 / 1-2-4
20261010-23-05,唐津,5,直前,8,1-3-2,18,0,0,0,800,1340,0,-800,1-3-4 / 3-1-4 / 1-4-3 / 3-4-1 / 1-2-4 / 4-1-3 / 2-1-4 / 4-3-1
20261010-23-06,唐津,6,直前,8,2-3-4,14,0,0,0,800,2350,0,-800,3-2-6 / 2-3-6 / 1-2-6 / 2-6-3 / 2-6-4 / 2-1-6 / 3-6-2 / 1-6-2
20261010-23-07,唐津,7,直前,8,2-3-5,49,0,0,0,800,5540,0,-800,4-3-2 / 4-2-3 / 2-4-3 / 3-4-2 / 1-4-2 / 1-4-3 / 4-1-2 / 2-3-4
20261010-23-08,唐津,8,直前,8,4-2-5,32,0,0,0,800,2880,0,-800,1-4-2 / 1-2-4 / 2-1-4 / 4-1-2 / 2-4-1 / 4-2-1 / 1-3-4 / 3-1-4
20261010-23-09,唐津,9,直前,8,1-3-5,1,1,1,1,800,730,730,-70,1-3-5 / 3-1-5 / 1-5-3 / 3-5-1 / 5-1-3 / 5-3-1 / 1-5-4 / 1-4-5
20261010-23-10,唐津,10,朝,8,1-2-4,1,1,1,1,800,850,850,50,1-2-4 / 2-1-4 / 1-4-2 / 2-4-1 / 4-2-1 / 4-1-2 / 2-4-3 / 1-4-3
