race_id,venue_code,venue_name,race,prediction_type,selected_1,selected_2,selected_3,points,investment,actual_trifecta,trifecta_payout_100yen,hit,return,profit,combinations
20261010-01-01,01,桐生,1,live,3,1,5,6,600,3-5-2,3190,0,0,-600,3-1-5 / 3-5-1 / 1-3-5 / 1-5-3 / 5-3-1 / 5-1-3
20261010-02-01,02,戸田,1,live,1,2,3,6,600,3-1-6,3530,0,0,-600,1-2-3 / 1-3-2 / 2-1-3 / 2-3-1 / 3-1-2 / 3-2-1
20261010-02-02,02,戸田,2,live,2,3,1,6,600,2-3-6,1010,0,0,-600,2-3-1 / 2-1-3 / 3-2-1 / 3-1-2 / 1-2-3 / 1-3-2
20261010-02-03,02,戸田,3,live,1,2,3,6,600,3-2-4,9890,0,0,-600,1-2-3 / 1-3-2 / 2-1-3 / 2-3-1 / 3-1-2 / 3-2-1
20261010-02-04,02,戸田,4,live,1,3,4,6,600,3-5-1,2890,0,0,-600,1-3-4 / 1-4-3 / 3-1-4 / 3-4-1 / 4-1-3 / 4-3-1
20261010-02-05,02,戸田,5,live,1,4,2,6,600,4-1-2,1100,1,1100,500,1-4-2 / 1-2-4 / 4-1-2 / 4-2-1 / 2-1-4 / 2-4-1
20261010-02-06,02,戸田,6,live,3,2,5,6,600,3-1-2,2920,0,0,-600,3-2-5 / 3-5-2 / 2-3-5 / 2-5-3 / 5-3-2 / 5-2-3
20261010-02-07,02,戸田,7,live,1,2,3,6,600,1-3-4,1890,0,0,-600,1-2-3 / 1-3-2 / 2-1-3 / 2-3-1 / 3-1-2 / 3-2-1
20261010-02-08,02,戸田,8,live,5,1,2,6,600,1-5-6,1140,0,0,-600,5-1-2 / 5-2-1 / 1-5-2 / 1-2-5 / 2-5-1 / 2-1-5
20261010-02-09,02,戸田,9,live,1,2,3,6,600,2-6-1,4600,0,0,-600,1-2-3 / 1-3-2 / 2-1-3 / 2-3-1 / 3-1-2 / 3-2-1
20261010-02-10,02,戸田,10,live,1,3,2,6,600,3-6-4,10590,0,0,-600,1-3-2 / 1-2-3 / 3-1-2 / 3-2-1 / 2-1-3 / 2-3-1
20261010-03-01,03,江戸川,1,live,1,2,3,6,600,1-4-3,5260,0,0,-600,1-2-3 / 1-3-2 / 2-1-3 / 2-3-1 / 3-1-2 / 3-2-1
20261010-03-02,03,江戸川,2,live,3,1,4,6,600,1-2-4,3520,0,0,-600,3-1-4 / 3-4-1 / 1-3-4 / 1-4-3 / 4-3-1 / 4-1-3
20261010-03-03,03,江戸川,3,live,2,3,1,6,600,2-5-4,8560,0,0,-600,2-3-1 / 2-1-3 / 3-2-1 / 3-1-2 / 1-2-3 / 1-3-2
20261010-03-04,03,江戸川,4,live,3,4,5,6,600,3-5-2,2410,0,0,-600,3-4-5 / 3-5-4 / 4-3-5 / 4-5-3 / 5-3-4 / 5-4-3
20261010-03-05,03,江戸川,5,live,3,1,2,6,600,3-1-4,1450,0,0,-600,3-1-2 / 3-2-1 / 1-3-2 / 1-2-3 / 2-3-1 / 2-1-3
20261010-03-06,03,江戸川,6,live,2,3,1,6,600,1-2-3,1570,1,1570,970,2-3-1 / 2-1-3 / 3-2-1 / 3-1-2 / 1-2-3 / 1-3-2
20261010-03-07,03,江戸川,7,live,1,3,4,6,600,3-1-4,1630,1,1630,1030,1-3-4 / 1-4-3 / 3-1-4 / 3-4-1 / 4-1-3 / 4-3-1
20261010-03-08,03,江戸川,8,live,1,3,2,6,600,3-1-4,1270,0,0,-600,1-3-2 / 1-2-3 / 3-1-2 / 3-2-1 / 2-1-3 / 2-3-1
20261010-03-09,03,江戸川,9,live,1,4,2,6,600,4-1-6,20860,0,0,-600,1-4-2 / 1-2-4 / 4-1-2 / 4-2-1 / 2-1-4 / 2-4-1
20261010-03-10,03,江戸川,10,morning,1,4,6,6,600,1-2-3,3010,0,0,-600,1-4-6 / 1-6-4 / 4-1-6 / 4-6-1 / 6-1-4 / 6-4-1
20261010-06-01,06,浜名湖,1,live,1,5,2,6,600,1-3-5,1580,0,0,-600,1-5-2 / 1-2-5 / 5-1-2 / 5-2-1 / 2-1-5 / 2-5-1
20261010-06-02,06,浜名湖,2,live,1,2,3,6,600,3-5-2,7330,0,0,-600,1-2-3 / 1-3-2 / 2-1-3 / 2-3-1 / 3-1-2 / 3-2-1
20261010-06-03,06,浜名湖,3,live,4,3,1,6,600,1-3-4,1010,1,1010,410,4-3-1 / 4-1-3 / 3-4-1 / 3-1-4 / 1-4-3 / 1-3-4
20261010-06-04,06,浜名湖,4,live,2,1,6,6,600,1-4-2,13970,0,0,-600,2-1-6 / 2-6-1 / 1-2-6 / 1-6-2 / 6-2-1 / 6-1-2
20261010-06-05,06,浜名湖,5,live,1,2,4,6,600,2-4-1,9300,1,9300,8700,1-2-4 / 1-4-2 / 2-1-4 / 2-4-1 / 4-1-2 / 4-2-1
20261010-06-06,06,浜名湖,6,live,1,3,4,6,600,3-5-1,1760,0,0,-600,1-3-4 / 1-4-3 / 3-1-4 / 3-4-1 / 4-1-3 / 4-3-1
20261010-06-07,06,浜名湖,7,live,2,4,3,6,600,3-2-6,11350,0,0,-600,2-4-3 / 2-3-4 / 4-2-3 / 4-3-2 / 3-2-4 / 3-4-2
20261010-06-08,06,浜名湖,8,live,1,3,5,6,600,5-6-3,16280,0,0,-600,1-3-5 / 1-5-3 / 3-1-5 / 3-5-1 / 5-1-3 / 5-3-1
20261010-06-09,06,浜名湖,9,live,4,1,5,6,600,4-3-1,7890,0,0,-600,4-1-5 / 4-5-1 / 1-4-5 / 1-5-4 / 5-4-1 / 5-1-4
20261010-07-01,07,蒲郡,1,live,3,5,2,6,600,3-5-4,4020,0,0,-600,3-5-2 / 3-2-5 / 5-3-2 / 5-2-3 / 2-3-5 / 2-5-3
20261010-08-01,08,常滑,1,live,1,3,2,6,600,1-3-2,550,1,550,-50,1-3-2 / 1-2-3 / 3-1-2 / 3-2-1 / 2-1-3 / 2-3-1
20261010-08-02,08,常滑,2,live,1,2,5,6,600,1-2-3,720,0,0,-600,1-2-5 / 1-5-2 / 2-1-5 / 2-5-1 / 5-1-2 / 5-2-1
20261010-08-03,08,常滑,3,live,1,4,5,6,600,1-3-4,1200,0,0,-600,1-4-5 / 1-5-4 / 4-1-5 / 4-5-1 / 5-1-4 / 5-4-1
20261010-08-04,08,常滑,4,live,1,2,5,6,600,1-2-4,2230,0,0,-600,1-2-5 / 1-5-2 / 2-1-5 / 2-5-1 / 5-1-2 / 5-2-1
20261010-08-05,08,常滑,5,live,2,1,3,6,600,3-6-5,2570,0,0,-600,2-1-3 / 2-3-1 / 1-2-3 / 1-3-2 / 3-2-1 / 3-1-2
20261010-08-06,08,常滑,6,live,1,6,2,6,600,1-6-2,900,1,900,300,1-6-2 / 1-2-6 / 6-1-2 / 6-2-1 / 2-1-6 / 2-6-1
20261010-08-07,08,常滑,7,live,1,6,2,6,600,1-2-4,1070,0,0,-600,1-6-2 / 1-2-6 / 6-1-2 / 6-2-1 / 2-1-6 / 2-6-1
20261010-08-08,08,常滑,8,live,6,1,3,6,600,1-3-2,2780,0,0,-600,6-1-3 / 6-3-1 / 1-6-3 / 1-3-6 / 3-6-1 / 3-1-6
20261010-08-09,08,常滑,9,live,1,4,3,6,600,1-3-6,1570,0,0,-600,1-4-3 / 1-3-4 / 4-1-3 / 4-3-1 / 3-1-4 / 3-4-1
20261010-08-10,08,常滑,10,live,1,2,3,6,600,1-4-3,4790,0,0,-600,1-2-3 / 1-3-2 / 2-1-3 / 2-3-1 / 3-1-2 / 3-2-1
20261010-09-01,09,津,1,live,1,3,6,6,600,1-3-5,900,0,0,-600,1-3-6 / 1-6-3 / 3-1-6 / 3-6-1 / 6-1-3 / 6-3-1
20261010-09-02,09,津,2,live,2,1,3,6,600,2-5-4,6970,0,0,-600,2-1-3 / 2-3-1 / 1-2-3 / 1-3-2 / 3-2-1 / 3-1-2
20261010-09-03,09,津,3,live,1,4,2,6,600,4-6-1,14760,0,0,-600,1-4-2 / 1-2-4 / 4-1-2 / 4-2-1 / 2-1-4 / 2-4-1
20261010-09-04,09,津,4,live,1,6,3,6,600,1-2-4,2150,0,0,-600,1-6-3 / 1-3-6 / 6-1-3 / 6-3-1 / 3-1-6 / 3-6-1
20261010-09-05,09,津,5,live,1,4,5,6,600,4-1-5,4360,1,4360,3760,1-4-5 / 1-5-4 / 4-1-5 / 4-5-1 / 5-1-4 / 5-4-1
20261010-09-06,09,津,6,live,1,2,4,6,600,4-2-6,7990,0,0,-600,1-2-4 / 1-4-2 / 2-1-4 / 2-4-1 / 4-1-2 / 4-2-1
20261010-09-07,09,津,7,live,2,4,1,6,600,1-5-2,6570,0,0,-600,2-4-1 / 2-1-4 / 4-2-1 / 4-1-2 / 1-2-4 / 1-4-2
20261010-09-08,09,津,8,live,4,2,1,6,600,3-4-2,7420,0,0,-600,4-2-1 / 4-1-2 / 2-4-1 / 2-1-4 / 1-4-2 / 1-2-4
20261010-09-09,09,津,9,live,1,3,2,6,600,1-2-3,610,1,610,10,1-3-2 / 1-2-3 / 3-1-2 / 3-2-1 / 2-1-3 / 2-3-1
20261010-09-10,09,津,10,live,1,2,5,6,600,2-6-3,39620,0,0,-600,1-2-5 / 1-5-2 / 2-1-5 / 2-5-1 / 5-1-2 / 5-2-1
20261010-12-01,12,住之江,1,live,1,2,4,6,600,1-3-4,1570,0,0,-600,1-2-4 / 1-4-2 / 2-1-4 / 2-4-1 / 4-1-2 / 4-2-1
20261010-15-01,15,丸亀,1,live,1,3,2,6,600,1-2-6,1690,0,0,-600,1-3-2 / 1-2-3 / 3-1-2 / 3-2-1 / 2-1-3 / 2-3-1
20261010-16-01,16,児島,1,live,1,2,3,6,600,1-3-2,700,1,700,100,1-2-3 / 1-3-2 / 2-1-3 / 2-3-1 / 3-1-2 / 3-2-1
20261010-16-02,16,児島,2,live,3,2,4,6,600,3-4-1,10330,0,0,-600,3-2-4 / 3-4-2 / 2-3-4 / 2-4-3 / 4-3-2 / 4-2-3
20261010-16-03,16,児島,3,live,2,4,1,6,600,3-5-1,5820,0,0,-600,2-4-1 / 2-1-4 / 4-2-1 / 4-1-2 / 1-2-4 / 1-4-2
20261010-16-04,16,児島,4,live,4,2,3,6,600,3-6-2,11060,0,0,-600,4-2-3 / 4-3-2 / 2-4-3 / 2-3-4 / 3-4-2 / 3-2-4
20261010-16-05,16,児島,5,live,1,3,2,6,600,1-4-2,1380,0,0,-600,1-3-2 / 1-2-3 / 3-1-2 / 3-2-1 / 2-1-3 / 2-3-1
20261010-16-06,16,児島,6,live,1,2,3,6,600,3-1-6,5650,0,0,-600,1-2-3 / 1-3-2 / 2-1-3 / 2-3-1 / 3-1-2 / 3-2-1
20261010-16-07,16,児島,7,live,2,4,3,6,600,3-4-5,2850,0,0,-600,2-4-3 / 2-3-4 / 4-2-3 / 4-3-2 / 3-2-4 / 3-4-2
20261010-16-08,16,児島,8,live,1,2,3,6,600,2-3-5,960,0,0,-600,1-2-3 / 1-3-2 / 2-1-3 / 2-3-1 / 3-1-2 / 3-2-1
20261010-16-09,16,児島,9,live,1,2,4,6,600,3-6-1,41760,0,0,-600,1-2-4 / 1-4-2 / 2-1-4 / 2-4-1 / 4-1-2 / 4-2-1
20261010-18-01,18,徳山,1,live,1,2,5,6,600,3-1-4,14060,0,0,-600,1-2-5 / 1-5-2 / 2-1-5 / 2-5-1 / 5-1-2 / 5-2-1
20261010-18-02,18,徳山,2,live,1,3,4,6,600,4-3-1,6690,1,6690,6090,1-3-4 / 1-4-3 / 3-1-4 / 3-4-1 / 4-1-3 / 4-3-1
20261010-18-03,18,徳山,3,live,1,2,3,6,600,1-2-5,760,0,0,-600,1-2-3 / 1-3-2 / 2-1-3 / 2-3-1 / 3-1-2 / 3-2-1
20261010-18-04,18,徳山,4,live,2,1,4,6,600,1-2-5,950,0,0,-600,2-1-4 / 2-4-1 / 1-2-4 / 1-4-2 / 4-2-1 / 4-1-2
20261010-18-05,18,徳山,5,live,1,2,3,6,600,1-3-4,1270,0,0,-600,1-2-3 / 1-3-2 / 2-1-3 / 2-3-1 / 3-1-2 / 3-2-1
20261010-18-06,18,徳山,6,live,3,1,4,6,600,1-2-4,3380,0,0,-600,3-1-4 / 3-4-1 / 1-3-4 / 1-4-3 / 4-3-1 / 4-1-3
20261010-18-07,18,徳山,7,live,3,1,6,6,600,1-3-2,1060,0,0,-600,3-1-6 / 3-6-1 / 1-3-6 / 1-6-3 / 6-3-1 / 6-1-3
20261010-18-08,18,徳山,8,live,1,2,5,6,600,1-3-2,1560,0,0,-600,1-2-5 / 1-5-2 / 2-1-5 / 2-5-1 / 5-1-2 / 5-2-1
20261010-18-09,18,徳山,9,live,4,3,1,6,600,1-3-6,14520,0,0,-600,4-3-1 / 4-1-3 / 3-4-1 / 3-1-4 / 1-4-3 / 1-3-4
20261010-18-10,18,徳山,10,live,1,2,3,6,600,5-3-6,64710,0,0,-600,1-2-3 / 1-3-2 / 2-1-3 / 2-3-1 / 3-1-2 / 3-2-1
20261010-18-11,18,徳山,11,live,1,2,3,6,600,2-3-6,24570,0,0,-600,1-2-3 / 1-3-2 / 2-1-3 / 2-3-1 / 3-1-2 / 3-2-1
20261010-18-12,18,徳山,12,live,1,2,3,6,600,1-5-4,3980,0,0,-600,1-2-3 / 1-3-2 / 2-1-3 / 2-3-1 / 3-1-2 / 3-2-1
20261010-22-01,22,福岡,1,live,1,4,3,6,600,1-5-4,2370,0,0,-600,1-4-3 / 1-3-4 / 4-1-3 / 4-3-1 / 3-1-4 / 3-4-1
20261010-22-02,22,福岡,2,live,1,4,3,6,600,4-5-2,1990,0,0,-600,1-4-3 / 1-3-4 / 4-1-3 / 4-3-1 / 3-1-4 / 3-4-1
20261010-22-03,22,福岡,3,live,3,1,4,6,600,2-1-3,9340,0,0,-600,3-1-4 / 3-4-1 / 1-3-4 / 1-4-3 / 4-3-1 / 4-1-3
20261010-22-04,22,福岡,4,live,1,2,4,6,600,4-2-5,6160,0,0,-600,1-2-4 / 1-4-2 / 2-1-4 / 2-4-1 / 4-1-2 / 4-2-1
20261010-22-05,22,福岡,5,live,4,1,2,6,600,2-1-3,3720,0,0,-600,4-1-2 / 4-2-1 / 1-4-2 / 1-2-4 / 2-4-1 / 2-1-4
20261010-22-06,22,福岡,6,live,6,1,4,6,600,1-6-5,1270,0,0,-600,6-1-4 / 6-4-1 / 1-6-4 / 1-4-6 / 4-6-1 / 4-1-6
20261010-22-07,22,福岡,7,live,2,3,1,6,600,2-1-3,720,1,720,120,2-3-1 / 2-1-3 / 3-2-1 / 3-1-2 / 1-2-3 / 1-3-2
20261010-22-08,22,福岡,8,live,3,1,2,6,600,1-2-3,420,1,420,-180,3-1-2 / 3-2-1 / 1-3-2 / 1-2-3 / 2-3-1 / 2-1-3
20261010-22-09,22,福岡,9,live,1,2,6,6,600,1-4-3,5000,0,0,-600,1-2-6 / 1-6-2 / 2-1-6 / 2-6-1 / 6-1-2 / 6-2-1
20261010-22-10,22,福岡,10,morning,1,3,4,6,600,3-2-6,5220,0,0,-600,1-3-4 / 1-4-3 / 3-1-4 / 3-4-1 / 4-1-3 / 4-3-1
20261010-23-01,23,唐津,1,live,1,2,3,6,600,1-4-6,2050,0,0,-600,1-2-3 / 1-3-2 / 2-1-3 / 2-3-1 / 3-1-2 / 3-2-1
20261010-23-02,23,唐津,2,live,3,1,2,6,600,1-2-4,3640,0,0,-600,3-1-2 / 3-2-1 / 1-3-2 / 1-2-3 / 2-3-1 / 2-1-3
20261010-23-03,23,唐津,3,live,3,1,4,6,600,4-5-2,24700,0,0,-600,3-1-4 / 3-4-1 / 1-3-4 / 1-4-3 / 4-3-1 / 4-1-3
20261010-23-04,23,唐津,4,live,5,1,2,6,600,2-1-4,4130,0,0,-600,5-1-2 / 5-2-1 / 1-5-2 / 1-2-5 / 2-5-1 / 2-1-5
20261010-23-05,23,唐津,5,live,1,4,2,6,600,1-3-2,1340,0,0,-600,1-4-2 / 1-2-4 / 4-1-2 / 4-2-1 / 2-1-4 / 2-4-1
20261010-23-06,23,唐津,6,live,2,1,6,6,600,2-3-4,2350,0,0,-600,2-1-6 / 2-6-1 / 1-2-6 / 1-6-2 / 6-2-1 / 6-1-2
20261010-23-07,23,唐津,7,live,4,3,2,6,600,2-3-5,5540,0,0,-600,4-3-2 / 4-2-3 / 3-4-2 / 3-2-4 / 2-4-3 / 2-3-4
20261010-23-08,23,唐津,8,live,1,4,2,6,600,4-2-5,2880,0,0,-600,1-4-2 / 1-2-4 / 4-1-2 / 4-2-1 / 2-1-4 / 2-4-1
20261010-23-09,23,唐津,9,live,1,3,5,6,600,1-3-5,730,1,730,130,1-3-5 / 1-5-3 / 3-1-5 / 3-5-1 / 5-1-3 / 5-3-1
20261010-23-10,23,唐津,10,live,4,2,1,6,600,1-2-4,850,1,850,250,4-2-1 / 4-1-2 / 2-4-1 / 2-1-4 / 1-4-2 / 1-2-4
20261010-23-11,23,唐津,11,live,2,4,1,6,600,1-4-5,8330,0,0,-600,2-4-1 / 2-1-4 / 4-2-1 / 4-1-2 / 1-2-4 / 1-4-2
20261010-23-12,23,唐津,12,live,1,3,6,6,600,2-1-3,2410,0,0,-600,1-3-6 / 1-6-3 / 3-1-6 / 3-6-1 / 6-1-3 / 6-3-1
