model,weights,factor_count,races,top1_pct,top3_pct,exact_pct
d90_win40_d90_top360,"{""d90_win"": 0.4, ""d90_top3"": 0.6}",2,471,17.62,7.86,1.91
official_top250_d90_top250,"{""official_top2"": 0.5, ""d90_top2"": 0.5}",2,471,20.38,7.64,1.27
official_top220_d90_win20_d90_top260,"{""official_top2"": 0.2, ""d90_win"": 0.2, ""d90_top2"": 0.6}",3,471,18.05,7.64,1.27
official_top230_d90_top230_d90_top340,"{""official_top2"": 0.3, ""d90_top2"": 0.3, ""d90_top3"": 0.4}",3,471,16.77,7.64,1.06
official_top220_d90_win30_d90_top250,"{""official_top2"": 0.2, ""d90_win"": 0.3, ""d90_top2"": 0.5}",3,471,19.32,7.43,1.06
d90_top250_d90_top350,"{""d90_top2"": 0.5, ""d90_top3"": 0.5}",2,471,19.11,7.43,2.12
official_top230_d90_win50_d90_top220,"{""official_top2"": 0.3, ""d90_win"": 0.5, ""d90_top2"": 0.2}",3,471,19.11,7.43,1.49
official_top230_d90_win50_d90_top320,"{""official_top2"": 0.3, ""d90_win"": 0.5, ""d90_top3"": 0.2}",3,471,18.68,7.43,1.49
official30_win50_top210_top310,"{""official_top2"": 0.3, ""d90_win"": 0.5, ""d90_top2"": 0.1, ""d90_top3"": 0.1}",4,471,18.47,7.43,1.7
d90_win40_d90_top210_d90_top350,"{""d90_win"": 0.4, ""d90_top2"": 0.1, ""d90_top3"": 0.5}",3,471,17.62,7.43,1.91
official_top230_d90_top250_d90_top320,"{""official_top2"": 0.3, ""d90_top2"": 0.5, ""d90_top3"": 0.2}",3,471,17.62,7.43,1.27
official20_win10_top260_top310,"{""official_top2"": 0.2, ""d90_win"": 0.1, ""d90_top2"": 0.6, ""d90_top3"": 0.1}",4,471,17.62,7.43,1.27
official_top230_d90_top260_d90_top310,"{""official_top2"": 0.3, ""d90_top2"": 0.6, ""d90_top3"": 0.1}",3,471,17.62,7.43,1.06
official30_win40_top210_top320,"{""official_top2"": 0.3, ""d90_win"": 0.4, ""d90_top2"": 0.1, ""d90_top3"": 0.2}",4,471,17.2,7.43,1.27
official_top220_d90_top210_d90_top370,"{""official_top2"": 0.2, ""d90_top2"": 0.1, ""d90_top3"": 0.7}",3,471,16.77,7.43,1.06
official_top230_d90_top240_d90_top330,"{""official_top2"": 0.3, ""d90_top2"": 0.4, ""d90_top3"": 0.3}",3,471,16.77,7.43,1.06
official_top220_d90_win30_d90_top350,"{""official_top2"": 0.2, ""d90_win"": 0.3, ""d90_top3"": 0.5}",3,471,16.35,7.43,1.27
official_top220_d90_top380,"{""official_top2"": 0.2, ""d90_top3"": 0.8}",2,471,16.35,7.43,1.06
official_top210_d90_top220_d90_top370,"{""official_top2"": 0.1, ""d90_top2"": 0.2, ""d90_top3"": 0.7}",3,471,16.14,7.43,1.06
d90_win20_d90_top380,"{""d90_win"": 0.2, ""d90_top3"": 0.8}",2,471,16.14,7.43,0.85
d90_win30_d90_top220_d90_top350,"{""d90_win"": 0.3, ""d90_top2"": 0.2, ""d90_top3"": 0.5}",3,471,15.92,7.43,1.49
d90_win10_d90_top220_d90_top370,"{""d90_win"": 0.1, ""d90_top2"": 0.2, ""d90_top3"": 0.7}",3,471,15.92,7.43,1.06
d90_top3100,"{""d90_top3"": 1}",1,471,15.71,7.43,0.64
official_top210_d90_top390,"{""official_top2"": 0.1, ""d90_top3"": 0.9}",2,471,15.71,7.43,0.64
d90_win10_d90_top390,"{""d90_win"": 0.1, ""d90_top3"": 0.9}",2,471,15.71,7.43,0.64
d90_top210_d90_top390,"{""d90_top2"": 0.1, ""d90_top3"": 0.9}",2,471,15.71,7.43,0.64
d90_top220_d90_top380,"{""d90_top2"": 0.2, ""d90_top3"": 0.8}",2,471,15.71,7.43,0.64
official_top210_d90_win10_d90_top380,"{""official_top2"": 0.1, ""d90_win"": 0.1, ""d90_top3"": 0.8}",3,471,15.71,7.43,0.64
official_top210_d90_top210_d90_top380,"{""official_top2"": 0.1, ""d90_top2"": 0.1, ""d90_top3"": 0.8}",3,471,15.71,7.43,0.64
d90_win10_d90_top210_d90_top380,"{""d90_win"": 0.1, ""d90_top2"": 0.1, ""d90_top3"": 0.8}",3,471,15.5,7.43,0.64
official20_win50_top220_top310,"{""official_top2"": 0.2, ""d90_win"": 0.5, ""d90_top2"": 0.2, ""d90_top3"": 0.1}",4,471,18.9,7.22,1.49
official_top220_d90_win10_d90_top270,"{""official_top2"": 0.2, ""d90_win"": 0.1, ""d90_top2"": 0.7}",3,471,18.26,7.22,1.27
official_top230_d90_win30_d90_top240,"{""official_top2"": 0.3, ""d90_win"": 0.3, ""d90_top2"": 0.4}",3,471,18.26,7.22,1.06
d90_top260_d90_top340,"{""d90_top2"": 0.6, ""d90_top3"": 0.4}",2,471,17.83,7.22,2.12
official_top230_d90_win20_d90_top250,"{""official_top2"": 0.3, ""d90_win"": 0.2, ""d90_top2"": 0.5}",3,471,17.83,7.22,1.06
official_top230_d90_top270,"{""official_top2"": 0.3, ""d90_top2"": 0.7}",2,471,17.83,7.22,0.64
official_top210_d90_win40_d90_top350,"{""official_top2"": 0.1, ""d90_win"": 0.4, ""d90_top3"": 0.5}",3,471,17.62,7.22,1.49
official_top220_d90_top260_d90_top320,"{""official_top2"": 0.2, ""d90_top2"": 0.6, ""d90_top3"": 0.2}",3,471,17.41,7.22,1.06
d90_win20_d90_top260_d90_top320,"{""d90_win"": 0.2, ""d90_top2"": 0.6, ""d90_top3"": 0.2}",3,471,16.99,7.22,1.27
official20_win10_top220_top350,"{""official_top2"": 0.2, ""d90_win"": 0.1, ""d90_top2"": 0.2, ""d90_top3"": 0.5}",4,471,16.99,7.22,1.27
official_top230_d90_win10_d90_top260,"{""official_top2"": 0.3, ""d90_win"": 0.1, ""d90_top2"": 0.6}",3,471,16.99,7.22,0.85
official_top230_d90_top220_d90_top350,"{""official_top2"": 0.3, ""d90_top2"": 0.2, ""d90_top3"": 0.5}",3,471,16.77,7.22,1.06
d90_win20_d90_top220_d90_top360,"{""d90_win"": 0.2, ""d90_top2"": 0.2, ""d90_top3"": 0.6}",3,471,16.56,7.22,1.7
official20_win10_top210_top360,"{""official_top2"": 0.2, ""d90_win"": 0.1, ""d90_top2"": 0.1, ""d90_top3"": 0.6}",4,471,16.35,7.22,1.49
official20_win20_top220_top340,"{""official_top2"": 0.2, ""d90_win"": 0.2, ""d90_top2"": 0.2, ""d90_top3"": 0.4}",4,471,16.35,7.22,1.49
official10_win10_top210_top370,"{""official_top2"": 0.1, ""d90_win"": 0.1, ""d90_top2"": 0.1, ""d90_top3"": 0.7}",4,471,15.92,7.22,0.85
official10_win30_top210_top350,"{""official_top2"": 0.1, ""d90_win"": 0.3, ""d90_top2"": 0.1, ""d90_top3"": 0.5}",4,471,15.71,7.22,1.27
d90_top230_d90_top370,"{""d90_top2"": 0.3, ""d90_top3"": 0.7}",2,471,15.71,7.22,1.06
official20_win30_top210_top340,"{""official_top2"": 0.2, ""d90_win"": 0.3, ""d90_top2"": 0.1, ""d90_top3"": 0.4}",4,471,15.5,7.22,1.27
official_top250_d90_win50,"{""official_top2"": 0.5, ""d90_win"": 0.5}",2,471,20.59,7.01,1.06
official_top240_d90_win50_d90_top310,"{""official_top2"": 0.4, ""d90_win"": 0.5, ""d90_top3"": 0.1}",3,471,19.32,7.01,1.27
official_top230_d90_win70,"{""official_top2"": 0.3, ""d90_win"": 0.7}",2,471,19.11,7.01,0.64
official_top230_d90_win60_d90_top210,"{""official_top2"": 0.3, ""d90_win"": 0.6, ""d90_top2"": 0.1}",3,471,18.9,7.01,0.64
official_top240_d90_win10_d90_top250,"{""official_top2"": 0.4, ""d90_win"": 0.1, ""d90_top2"": 0.5}",3,471,18.47,7.01,1.49
official_top220_d90_top270_d90_top310,"{""official_top2"": 0.2, ""d90_top2"": 0.7, ""d90_top3"": 0.1}",3,471,18.26,7.01,1.49
official_top260_d90_top230_d90_top310,"{""official_top2"": 0.6, ""d90_top2"": 0.3, ""d90_top3"": 0.1}",3,471,18.26,7.01,0.85
official_top210_d90_top260_d90_top330,"{""official_top2"": 0.1, ""d90_top2"": 0.6, ""d90_top3"": 0.3}",3,471,18.05,7.01,1.49
official20_win20_top250_top310,"{""official_top2"": 0.2, ""d90_win"": 0.2, ""d90_top2"": 0.5, ""d90_top3"": 0.1}",4,471,18.05,7.01,1.27
official_top210_d90_win30_d90_top260,"{""official_top2"": 0.1, ""d90_win"": 0.3, ""d90_top2"": 0.6}",3,471,17.83,7.01,1.27
official_top250_d90_top240_d90_top310,"{""official_top2"": 0.5, ""d90_top2"": 0.4, ""d90_top3"": 0.1}",3,471,17.83,7.01,1.06
official_top220_d90_win20_d90_top360,"{""official_top2"": 0.2, ""d90_win"": 0.2, ""d90_top3"": 0.6}",3,471,17.41,7.01,1.06
official10_win40_top210_top340,"{""official_top2"": 0.1, ""d90_win"": 0.4, ""d90_top2"": 0.1, ""d90_top3"": 0.4}",4,471,17.2,7.01,1.7
official30_win10_top250_top310,"{""official_top2"": 0.3, ""d90_win"": 0.1, ""d90_top2"": 0.5, ""d90_top3"": 0.1}",4,471,17.2,7.01,1.49
official_top250_d90_top210_d90_top340,"{""official_top2"": 0.5, ""d90_top2"": 0.1, ""d90_top3"": 0.4}",3,471,16.99,7.01,1.06
official_top220_d90_win10_d90_top370,"{""official_top2"": 0.2, ""d90_win"": 0.1, ""d90_top3"": 0.7}",3,471,16.99,7.01,0.85
official_top250_d90_top220_d90_top330,"{""official_top2"": 0.5, ""d90_top2"": 0.2, ""d90_top3"": 0.3}",3,471,16.99,7.01,0.64
official10_win10_top230_top350,"{""official_top2"": 0.1, ""d90_win"": 0.1, ""d90_top2"": 0.3, ""d90_top3"": 0.5}",4,471,16.56,7.01,1.49
official30_win10_top240_top320,"{""official_top2"": 0.3, ""d90_win"": 0.1, ""d90_top2"": 0.4, ""d90_top3"": 0.2}",4,471,16.56,7.01,1.27
d90_win20_d90_top210_d90_top370,"{""d90_win"": 0.2, ""d90_top2"": 0.1, ""d90_top3"": 0.7}",3,471,16.56,7.01,0.85
d90_win10_d90_top230_d90_top360,"{""d90_win"": 0.1, ""d90_top2"": 0.3, ""d90_top3"": 0.6}",3,471,16.35,7.01,1.49
official_top230_d90_win20_d90_top350,"{""official_top2"": 0.3, ""d90_win"": 0.2, ""d90_top3"": 0.5}",3,471,16.35,7.01,1.27
official_top230_d90_top370,"{""official_top2"": 0.3, ""d90_top3"": 0.7}",2,471,16.35,7.01,0.85
official_top220_d90_top220_d90_top360,"{""official_top2"": 0.2, ""d90_top2"": 0.2, ""d90_top3"": 0.6}",3,471,16.14,7.01,1.49
d90_top240_d90_top360,"{""d90_top2"": 0.4, ""d90_top3"": 0.6}",2,471,16.14,7.01,1.27
official_top210_d90_top230_d90_top360,"{""official_top2"": 0.1, ""d90_top2"": 0.3, ""d90_top3"": 0.6}",3,471,16.14,7.01,1.27
official10_win30_top220_top340,"{""official_top2"": 0.1, ""d90_win"": 0.3, ""d90_top2"": 0.2, ""d90_top3"": 0.4}",4,471,16.14,7.01,1.06
official10_win20_top220_top350,"{""official_top2"": 0.1, ""d90_win"": 0.2, ""d90_top2"": 0.2, ""d90_top3"": 0.5}",4,471,15.92,7.01,1.49
official20_win60_top210_top310,"{""official_top2"": 0.2, ""d90_win"": 0.6, ""d90_top2"": 0.1, ""d90_top3"": 0.1}",4,471,20.17,6.79,1.06
official_top240_d90_win50_d90_top210,"{""official_top2"": 0.4, ""d90_win"": 0.5, ""d90_top2"": 0.1}",3,471,19.96,6.79,1.7
official_top220_d90_win70_d90_top210,"{""official_top2"": 0.2, ""d90_win"": 0.7, ""d90_top2"": 0.1}",3,471,19.96,6.79,1.06
official10_win50_top230_top310,"{""official_top2"": 0.1, ""d90_win"": 0.5, ""d90_top2"": 0.3, ""d90_top3"": 0.1}",4,471,19.75,6.79,1.7
official20_win50_top210_top320,"{""official_top2"": 0.2, ""d90_win"": 0.5, ""d90_top2"": 0.1, ""d90_top3"": 0.2}",4,471,19.75,6.79,1.49
official_top250_d90_top350,"{""official_top2"": 0.5, ""d90_top3"": 0.5}",2,471,19.53,6.79,1.06
official_top230_d90_win60_d90_top310,"{""official_top2"": 0.3, ""d90_win"": 0.6, ""d90_top3"": 0.1}",3,471,18.9,6.79,0.85
official_top260_d90_top220_d90_top320,"{""official_top2"": 0.6, ""d90_top2"": 0.2, ""d90_top3"": 0.2}",3,471,18.68,6.79,0.64
official_top260_d90_top240,"{""official_top2"": 0.6, ""d90_top2"": 0.4}",2,471,18.47,6.79,1.06
official10_win10_top260_top320,"{""official_top2"": 0.1, ""d90_win"": 0.1, ""d90_top2"": 0.6, ""d90_top3"": 0.2}",4,471,18.26,6.79,1.49
d90_win40_d90_top220_d90_top340,"{""d90_win"": 0.4, ""d90_top2"": 0.2, ""d90_top3"": 0.4}",3,471,18.26,6.79,1.27
official_top230_d90_win40_d90_top230,"{""official_top2"": 0.3, ""d90_win"": 0.4, ""d90_top2"": 0.3}",3,471,18.26,6.79,0.85
official_top240_d90_win30_d90_top230,"{""official_top2"": 0.4, ""d90_win"": 0.3, ""d90_top2"": 0.3}",3,471,18.26,6.79,0.85
official_top220_d90_top280,"{""official_top2"": 0.2, ""d90_top2"": 0.8}",2,471,18.05,6.79,1.06
official_top240_d90_win20_d90_top240,"{""official_top2"": 0.4, ""d90_win"": 0.2, ""d90_top2"": 0.4}",3,471,17.83,6.79,1.49
official_top210_d90_top250_d90_top340,"{""official_top2"": 0.1, ""d90_top2"": 0.5, ""d90_top3"": 0.4}",3,471,17.83,6.79,1.49
official10_win20_top260_top310,"{""official_top2"": 0.1, ""d90_win"": 0.2, ""d90_top2"": 0.6, ""d90_top3"": 0.1}",4,471,17.83,6.79,1.27
official50_win10_top230_top310,"{""official_top2"": 0.5, ""d90_win"": 0.1, ""d90_top2"": 0.3, ""d90_top3"": 0.1}",4,471,17.83,6.79,1.06
official_top240_d90_win40_d90_top320,"{""official_top2"": 0.4, ""d90_win"": 0.4, ""d90_top3"": 0.2}",3,471,17.83,6.79,0.64
official_top210_d90_top270_d90_top320,"{""official_top2"": 0.1, ""d90_top2"": 0.7, ""d90_top3"": 0.2}",3,471,17.62,6.79,1.06
official40_win20_top230_top310,"{""official_top2"": 0.4, ""d90_win"": 0.2, ""d90_top2"": 0.3, ""d90_top3"": 0.1}",4,471,17.62,6.79,1.06
official_top220_d90_win40_d90_top340,"{""official_top2"": 0.2, ""d90_win"": 0.4, ""d90_top3"": 0.4}",3,471,17.41,6.79,1.49
d90_win10_d90_top270_d90_top320,"{""d90_win"": 0.1, ""d90_top2"": 0.7, ""d90_top3"": 0.2}",3,471,17.41,6.79,1.27
official10_win10_top270_top310,"{""official_top2"": 0.1, ""d90_win"": 0.1, ""d90_top2"": 0.7, ""d90_top3"": 0.1}",4,471,17.41,6.79,1.27
d90_win20_d90_top230_d90_top350,"{""d90_win"": 0.2, ""d90_top2"": 0.3, ""d90_top3"": 0.5}",3,471,17.2,6.79,1.7
official20_win30_top220_top330,"{""official_top2"": 0.2, ""d90_win"": 0.3, ""d90_top2"": 0.2, ""d90_top3"": 0.3}",4,471,17.2,6.79,1.27
official_top240_d90_top260,"{""official_top2"": 0.4, ""d90_top2"": 0.6}",2,471,17.2,6.79,1.06
official_top250_d90_win10_d90_top340,"{""official_top2"": 0.5, ""d90_win"": 0.1, ""d90_top3"": 0.4}",3,471,17.2,6.79,0.64
official_top210_d90_top240_d90_top350,"{""official_top2"": 0.1, ""d90_top2"": 0.4, ""d90_top3"": 0.5}",3,471,16.99,6.79,1.49
official20_win10_top240_top330,"{""official_top2"": 0.2, ""d90_win"": 0.1, ""d90_top2"": 0.4, ""d90_top3"": 0.3}",4,471,16.99,6.79,1.27
official40_win20_top220_top320,"{""official_top2"": 0.4, ""d90_win"": 0.2, ""d90_top2"": 0.2, ""d90_top3"": 0.2}",4,471,16.99,6.79,1.06
d90_win30_d90_top370,"{""d90_win"": 0.3, ""d90_top3"": 0.7}",2,471,16.99,6.79,0.85
official50_win10_top210_top330,"{""official_top2"": 0.5, ""d90_win"": 0.1, ""d90_top2"": 0.1, ""d90_top3"": 0.3}",4,471,16.99,6.79,0.64
official30_win20_top240_top310,"{""official_top2"": 0.3, ""d90_win"": 0.2, ""d90_top2"": 0.4, ""d90_top3"": 0.1}",4,471,16.77,6.79,1.49
official_top230_d90_win40_d90_top330,"{""official_top2"": 0.3, ""d90_win"": 0.4, ""d90_top3"": 0.3}",3,471,16.77,6.79,1.06
official_top210_d90_win20_d90_top370,"{""official_top2"": 0.1, ""d90_win"": 0.2, ""d90_top3"": 0.7}",3,471,16.77,6.79,0.85
official_top240_d90_top240_d90_top320,"{""official_top2"": 0.4, ""d90_top2"": 0.4, ""d90_top3"": 0.2}",3,471,16.77,6.79,0.85
official10_win10_top250_top330,"{""official_top2"": 0.1, ""d90_win"": 0.1, ""d90_top2"": 0.5, ""d90_top3"": 0.3}",4,471,16.77,6.79,0.85
d90_win30_d90_top210_d90_top360,"{""d90_win"": 0.3, ""d90_top2"": 0.1, ""d90_top3"": 0.6}",3,471,16.56,6.79,1.7
official20_win20_top210_top350,"{""official_top2"": 0.2, ""d90_win"": 0.2, ""d90_top2"": 0.1, ""d90_top3"": 0.5}",4,471,16.56,6.79,1.27
official_top230_d90_top210_d90_top360,"{""official_top2"": 0.3, ""d90_top2"": 0.1, ""d90_top3"": 0.6}",3,471,16.56,6.79,1.06
d90_win10_d90_top240_d90_top350,"{""d90_win"": 0.1, ""d90_top2"": 0.4, ""d90_top3"": 0.5}",3,471,16.35,6.79,1.7
official10_win10_top240_top340,"{""official_top2"": 0.1, ""d90_win"": 0.1, ""d90_top2"": 0.4, ""d90_top3"": 0.4}",4,471,16.35,6.79,1.7
official30_win10_top210_top350,"{""official_top2"": 0.3, ""d90_win"": 0.1, ""d90_top2"": 0.1, ""d90_top3"": 0.5}",4,471,16.35,6.79,1.27
official10_win10_top220_top360,"{""official_top2"": 0.1, ""d90_win"": 0.1, ""d90_top2"": 0.2, ""d90_top3"": 0.6}",4,471,16.35,6.79,1.06
official10_win20_top210_top360,"{""official_top2"": 0.1, ""d90_win"": 0.2, ""d90_top2"": 0.1, ""d90_top3"": 0.6}",4,471,16.35,6.79,1.06
official30_win10_top230_top330,"{""official_top2"": 0.3, ""d90_win"": 0.1, ""d90_top2"": 0.3, ""d90_top3"": 0.3}",4,471,16.14,6.79,1.27
official30_win30_top210_top330,"{""official_top2"": 0.3, ""d90_win"": 0.3, ""d90_top2"": 0.1, ""d90_top3"": 0.3}",4,471,16.14,6.79,1.06
official_top230_d90_win30_d90_top340,"{""official_top2"": 0.3, ""d90_win"": 0.3, ""d90_top3"": 0.4}",3,471,15.5,6.79,1.06
official30_win20_top210_top340,"{""official_top2"": 0.3, ""d90_win"": 0.2, ""d90_top2"": 0.1, ""d90_top3"": 0.4}",4,471,15.5,6.79,1.06
official_top220_d90_win60_d90_top220,"{""official_top2"": 0.2, ""d90_win"": 0.6, ""d90_top2"": 0.2}",3,471,20.59,6.58,0.64
official_top220_d90_win70_d90_top310,"{""official_top2"": 0.2, ""d90_win"": 0.7, ""d90_top3"": 0.1}",3,471,19.96,6.58,0.85
official_top220_d90_win50_d90_top230,"{""official_top2"": 0.2, ""d90_win"": 0.5, ""d90_top2"": 0.3}",3,471,19.75,6.58,1.27
official_top220_d90_win80,"{""official_top2"": 0.2, ""d90_win"": 0.8}",2,471,19.53,6.58,1.49
official_top220_d90_win40_d90_top240,"{""official_top2"": 0.2, ""d90_win"": 0.4, ""d90_top2"": 0.4}",3,471,19.53,6.58,1.27
official_top240_d90_win60,"{""official_top2"": 0.4, ""d90_win"": 0.6}",2,471,19.53,6.58,1.06
official_top210_d90_win40_d90_top250,"{""official_top2"": 0.1, ""d90_win"": 0.4, ""d90_top2"": 0.5}",3,471,19.32,6.58,1.7
official_top220_d90_win60_d90_top320,"{""official_top2"": 0.2, ""d90_win"": 0.6, ""d90_top3"": 0.2}",3,471,19.32,6.58,0.64
official20_win40_top220_top320,"{""official_top2"": 0.2, ""d90_win"": 0.4, ""d90_top2"": 0.2, ""d90_top3"": 0.2}",4,471,18.9,6.58,1.91
official10_win50_top220_top320,"{""official_top2"": 0.1, ""d90_win"": 0.5, ""d90_top2"": 0.2, ""d90_top3"": 0.2}",4,471,18.9,6.58,1.49
d90_win40_d90_top230_d90_top330,"{""d90_win"": 0.4, ""d90_top2"": 0.3, ""d90_top3"": 0.3}",3,471,18.47,6.58,1.7
official10_win40_top220_top330,"{""official_top2"": 0.1, ""d90_win"": 0.4, ""d90_top2"": 0.2, ""d90_top3"": 0.3}",4,471,18.47,6.58,1.7
d90_win50_d90_top230_d90_top320,"{""d90_win"": 0.5, ""d90_top2"": 0.3, ""d90_top3"": 0.2}",3,471,18.47,6.58,1.49
official40_win40_top210_top310,"{""official_top2"": 0.4, ""d90_win"": 0.4, ""d90_top2"": 0.1, ""d90_top3"": 0.1}",4,471,18.47,6.58,0.64
official_top210_d90_win50_d90_top340,"{""official_top2"": 0.1, ""d90_win"": 0.5, ""d90_top3"": 0.4}",3,471,18.26,6.58,1.27
official20_win30_top240_top310,"{""official_top2"": 0.2, ""d90_win"": 0.3, ""d90_top2"": 0.4, ""d90_top3"": 0.1}",4,471,18.26,6.58,1.06
official10_win30_top250_top310,"{""official_top2"": 0.1, ""d90_win"": 0.3, ""d90_top2"": 0.5, ""d90_top3"": 0.1}",4,471,17.83,6.58,1.27
official50_win10_top220_top320,"{""official_top2"": 0.5, ""d90_win"": 0.1, ""d90_top2"": 0.2, ""d90_top3"": 0.2}",4,471,17.83,6.58,0.64
d90_win20_d90_top270_d90_top310,"{""d90_win"": 0.2, ""d90_top2"": 0.7, ""d90_top3"": 0.1}",3,471,17.62,6.58,1.06
official_top250_d90_win30_d90_top220,"{""official_top2"": 0.5, ""d90_win"": 0.3, ""d90_top2"": 0.2}",3,471,17.62,6.58,0.85
official_top240_d90_top250_d90_top310,"{""official_top2"": 0.4, ""d90_top2"": 0.5, ""d90_top3"": 0.1}",3,471,17.62,6.58,0.85
official40_win30_top220_top310,"{""official_top2"": 0.4, ""d90_win"": 0.3, ""d90_top2"": 0.2, ""d90_top3"": 0.1}",4,471,17.62,6.58,0.85
d90_win20_d90_top250_d90_top330,"{""d90_win"": 0.2, ""d90_top2"": 0.5, ""d90_top3"": 0.3}",3,471,17.41,6.58,1.06
official20_win10_top250_top320,"{""official_top2"": 0.2, ""d90_win"": 0.1, ""d90_top2"": 0.5, ""d90_top3"": 0.2}",4,471,17.41,6.58,1.06
d90_win30_d90_top260_d90_top310,"{""d90_win"": 0.3, ""d90_top2"": 0.6, ""d90_top3"": 0.1}",3,471,17.2,6.58,1.49
official_top210_d90_win20_d90_top270,"{""official_top2"": 0.1, ""d90_win"": 0.2, ""d90_top2"": 0.7}",3,471,17.2,6.58,1.27
official_top220_d90_top240_d90_top340,"{""official_top2"": 0.2, ""d90_top2"": 0.4, ""d90_top3"": 0.4}",3,471,17.2,6.58,1.27
official_top220_d90_top250_d90_top330,"{""official_top2"": 0.2, ""d90_top2"": 0.5, ""d90_top3"": 0.3}",3,471,17.2,6.58,1.27
d90_win10_d90_top250_d90_top340,"{""d90_win"": 0.1, ""d90_top2"": 0.5, ""d90_top3"": 0.4}",3,471,17.2,6.58,1.27
d90_win30_d90_top250_d90_top320,"{""d90_win"": 0.3, ""d90_top2"": 0.5, ""d90_top3"": 0.2}",3,471,16.99,6.58,1.49
official20_win20_top240_top320,"{""official_top2"": 0.2, ""d90_win"": 0.2, ""d90_top2"": 0.4, ""d90_top3"": 0.2}",4,471,16.99,6.58,1.27
official_top250_d90_win10_d90_top240,"{""official_top2"": 0.5, ""d90_win"": 0.1, ""d90_top2"": 0.4}",3,471,16.99,6.58,1.06
official20_win10_top230_top340,"{""official_top2"": 0.2, ""d90_win"": 0.1, ""d90_top2"": 0.3, ""d90_top3"": 0.4}",4,471,16.77,6.58,1.49
official_top210_d90_win30_d90_top360,"{""official_top2"": 0.1, ""d90_win"": 0.3, ""d90_top3"": 0.6}",3,471,16.77,6.58,0.64
official_top240_d90_top230_d90_top330,"{""official_top2"": 0.4, ""d90_top2"": 0.3, ""d90_top3"": 0.3}",3,471,16.77,6.58,0.64
official_top230_d90_win10_d90_top360,"{""official_top2"": 0.3, ""d90_win"": 0.1, ""d90_top3"": 0.6}",3,471,16.56,6.58,1.06
official30_win10_top220_top340,"{""official_top2"": 0.3, ""d90_win"": 0.1, ""d90_top2"": 0.2, ""d90_top3"": 0.4}",4,471,16.56,6.58,1.06
official_top240_d90_top220_d90_top340,"{""official_top2"": 0.4, ""d90_top2"": 0.2, ""d90_top3"": 0.4}",3,471,16.56,6.58,0.85
d90_win20_d90_top240_d90_top340,"{""d90_win"": 0.2, ""d90_top2"": 0.4, ""d90_top3"": 0.4}",3,471,16.56,6.58,0.85
official40_win10_top220_top330,"{""official_top2"": 0.4, ""d90_win"": 0.1, ""d90_top2"": 0.2, ""d90_top3"": 0.3}",4,471,16.56,6.58,0.64
official_top250_d90_win20_d90_top330,"{""official_top2"": 0.5, ""d90_win"": 0.2, ""d90_top3"": 0.3}",3,471,16.56,6.58,0.42
official30_win20_top230_top320,"{""official_top2"": 0.3, ""d90_win"": 0.2, ""d90_top2"": 0.3, ""d90_top3"": 0.2}",4,471,16.35,6.58,1.06
official30_win30_top220_top320,"{""official_top2"": 0.3, ""d90_win"": 0.3, ""d90_top2"": 0.2, ""d90_top3"": 0.2}",4,471,16.35,6.58,1.06
official10_win20_top230_top340,"{""official_top2"": 0.1, ""d90_win"": 0.2, ""d90_top2"": 0.3, ""d90_top3"": 0.4}",4,471,16.14,6.58,1.27
official_top240_d90_win20_d90_top340,"{""official_top2"": 0.4, ""d90_win"": 0.2, ""d90_top3"": 0.4}",3,471,15.92,6.58,0.64
d90_win50_d90_top350,"{""d90_win"": 0.5, ""d90_top3"": 0.5}",2,471,19.96,6.37,1.7
official20_win40_top230_top310,"{""official_top2"": 0.2, ""d90_win"": 0.4, ""d90_top2"": 0.3, ""d90_top3"": 0.1}",4,471,19.75,6.37,1.49
d90_win50_d90_top220_d90_top330,"{""d90_win"": 0.5, ""d90_top2"": 0.2, ""d90_top3"": 0.3}",3,471,19.53,6.37,1.7
d90_win60_d90_top240,"{""d90_win"": 0.6, ""d90_top2"": 0.4}",2,471,19.32,6.37,1.7
official_top220_d90_win50_d90_top330,"{""official_top2"": 0.2, ""d90_win"": 0.5, ""d90_top3"": 0.3}",3,471,19.32,6.37,1.27
d90_win50_d90_top210_d90_top340,"{""d90_win"": 0.5, ""d90_top2"": 0.1, ""d90_top3"": 0.4}",3,471,19.11,6.37,1.27
official_top210_d90_win70_d90_top220,"{""official_top2"": 0.1, ""d90_win"": 0.7, ""d90_top2"": 0.2}",3,471,19.11,6.37,1.06
official_top210_d90_win80_d90_top210,"{""official_top2"": 0.1, ""d90_win"": 0.8, ""d90_top2"": 0.1}",3,471,18.68,6.37,1.27
official_top240_d90_win40_d90_top220,"{""official_top2"": 0.4, ""d90_win"": 0.4, ""d90_top2"": 0.2}",3,471,18.68,6.37,1.27
d90_win80_d90_top210_d90_top310,"{""d90_win"": 0.8, ""d90_top2"": 0.1, ""d90_top3"": 0.1}",3,471,18.68,6.37,1.27
official20_win40_top210_top330,"{""official_top2"": 0.2, ""d90_win"": 0.4, ""d90_top2"": 0.1, ""d90_top3"": 0.3}",4,471,18.68,6.37,1.27
official_top260_d90_win10_d90_top230,"{""official_top2"": 0.6, ""d90_win"": 0.1, ""d90_top2"": 0.3}",3,471,18.68,6.37,0.64
d90_win40_d90_top250_d90_top310,"{""d90_win"": 0.4, ""d90_top2"": 0.5, ""d90_top3"": 0.1}",3,471,18.47,6.37,1.91
official10_win50_top210_top330,"{""official_top2"": 0.1, ""d90_win"": 0.5, ""d90_top2"": 0.1, ""d90_top3"": 0.3}",4,471,18.47,6.37,1.27
official30_win40_top220_top310,"{""official_top2"": 0.3, ""d90_win"": 0.4, ""d90_top2"": 0.2, ""d90_top3"": 0.1}",4,471,18.26,6.37,1.06
official10_win30_top240_top320,"{""official_top2"": 0.1, ""d90_win"": 0.3, ""d90_top2"": 0.4, ""d90_top3"": 0.2}",4,471,18.05,6.37,1.27
official_top250_d90_win40_d90_top210,"{""official_top2"": 0.5, ""d90_win"": 0.4, ""d90_top2"": 0.1}",3,471,18.05,6.37,0.85
official_top260_d90_win40,"{""official_top2"": 0.6, ""d90_win"": 0.4}",2,471,18.05,6.37,0.64
d90_win10_d90_top260_d90_top330,"{""d90_win"": 0.1, ""d90_top2"": 0.6, ""d90_top3"": 0.3}",3,471,17.83,6.37,1.27
official30_win30_top230_top310,"{""official_top2"": 0.3, ""d90_win"": 0.3, ""d90_top2"": 0.3, ""d90_top3"": 0.1}",4,471,17.62,6.37,1.27
d90_win20_d90_top280,"{""d90_win"": 0.2, ""d90_top2"": 0.8}",2,471,17.62,6.37,1.06
official40_win10_top230_top320,"{""official_top2"": 0.4, ""d90_win"": 0.1, ""d90_top2"": 0.3, ""d90_top3"": 0.2}",4,471,17.62,6.37,0.85
d90_top2100,"{""d90_top2"": 1}",1,471,17.41,6.37,1.06
official_top210_d90_top290,"{""official_top2"": 0.1, ""d90_top2"": 0.9}",2,471,17.41,6.37,1.06
d90_win10_d90_top290,"{""d90_win"": 0.1, ""d90_top2"": 0.9}",2,471,17.41,6.37,1.06
d90_top280_d90_top320,"{""d90_top2"": 0.8, ""d90_top3"": 0.2}",2,471,17.41,6.37,1.06
d90_top290_d90_top310,"{""d90_top2"": 0.9, ""d90_top3"": 0.1}",2,471,17.41,6.37,1.06
official_top210_d90_win10_d90_top280,"{""official_top2"": 0.1, ""d90_win"": 0.1, ""d90_top2"": 0.8}",3,471,17.41,6.37,1.06
official_top210_d90_top280_d90_top310,"{""official_top2"": 0.1, ""d90_top2"": 0.8, ""d90_top3"": 0.1}",3,471,17.41,6.37,1.06
d90_win10_d90_top280_d90_top310,"{""d90_win"": 0.1, ""d90_top2"": 0.8, ""d90_top3"": 0.1}",3,471,17.41,6.37,1.06
official40_win10_top240_top310,"{""official_top2"": 0.4, ""d90_win"": 0.1, ""d90_top2"": 0.4, ""d90_top3"": 0.1}",4,471,17.41,6.37,0.64
official50_win20_top220_top310,"{""official_top2"": 0.5, ""d90_win"": 0.2, ""d90_top2"": 0.2, ""d90_top3"": 0.1}",4,471,17.41,6.37,0.64
official10_win20_top250_top320,"{""official_top2"": 0.1, ""d90_win"": 0.2, ""d90_top2"": 0.5, ""d90_top3"": 0.2}",4,471,17.2,6.37,1.27
official10_win30_top230_top330,"{""official_top2"": 0.1, ""d90_win"": 0.3, ""d90_top2"": 0.3, ""d90_top3"": 0.3}",4,471,17.2,6.37,1.06
official_top240_d90_win30_d90_top330,"{""official_top2"": 0.4, ""d90_win"": 0.3, ""d90_top3"": 0.3}",3,471,17.2,6.37,0.85
official_top250_d90_top230_d90_top320,"{""official_top2"": 0.5, ""d90_top2"": 0.3, ""d90_top3"": 0.2}",3,471,17.2,6.37,0.64
official20_win30_top230_top320,"{""official_top2"": 0.2, ""d90_win"": 0.3, ""d90_top2"": 0.3, ""d90_top3"": 0.2}",4,471,16.99,6.37,1.49
d90_win30_d90_top270,"{""d90_win"": 0.3, ""d90_top2"": 0.7}",2,471,16.99,6.37,1.27
official_top220_d90_top230_d90_top350,"{""official_top2"": 0.2, ""d90_top2"": 0.3, ""d90_top3"": 0.5}",3,471,16.99,6.37,1.06
official10_win20_top240_top330,"{""official_top2"": 0.1, ""d90_win"": 0.2, ""d90_top2"": 0.4, ""d90_top3"": 0.3}",4,471,16.77,6.37,1.06
official50_win20_top210_top320,"{""official_top2"": 0.5, ""d90_win"": 0.2, ""d90_top2"": 0.1, ""d90_top3"": 0.2}",4,471,16.77,6.37,0.42
official40_win10_top210_top340,"{""official_top2"": 0.4, ""d90_win"": 0.1, ""d90_top2"": 0.1, ""d90_top3"": 0.4}",4,471,16.56,6.37,1.06
official40_win20_top210_top330,"{""official_top2"": 0.4, ""d90_win"": 0.2, ""d90_top2"": 0.1, ""d90_top3"": 0.3}",4,471,16.56,6.37,0.64
official30_win20_top220_top330,"{""official_top2"": 0.3, ""d90_win"": 0.2, ""d90_top2"": 0.2, ""d90_top3"": 0.3}",4,471,16.35,6.37,1.27
official20_win20_top230_top330,"{""official_top2"": 0.2, ""d90_win"": 0.2, ""d90_top2"": 0.3, ""d90_top3"": 0.3}",4,471,15.71,6.37,1.27
official_top210_d90_win60_d90_top230,"{""official_top2"": 0.1, ""d90_win"": 0.6, ""d90_top2"": 0.3}",3,471,19.96,6.16,1.06
official_top210_d90_win50_d90_top240,"{""official_top2"": 0.1, ""d90_win"": 0.5, ""d90_top2"": 0.4}",3,471,19.75,6.16,1.49
official10_win70_top210_top310,"{""official_top2"": 0.1, ""d90_win"": 0.7, ""d90_top2"": 0.1, ""d90_top3"": 0.1}",4,471,18.9,6.16,0.85
official_top210_d90_win60_d90_top330,"{""official_top2"": 0.1, ""d90_win"": 0.6, ""d90_top3"": 0.3}",3,471,18.9,6.16,0.64
d90_win80_d90_top220,"{""d90_win"": 0.8, ""d90_top2"": 0.2}",2,471,18.68,6.16,1.27
official_top210_d90_win80_d90_top310,"{""official_top2"": 0.1, ""d90_win"": 0.8, ""d90_top3"": 0.1}",3,471,18.68,6.16,1.27
d90_win100,"{""d90_win"": 1}",1,471,18.68,6.16,1.06
official_top210_d90_win90,"{""official_top2"": 0.1, ""d90_win"": 0.9}",2,471,18.68,6.16,1.06
d90_win90_d90_top210,"{""d90_win"": 0.9, ""d90_top2"": 0.1}",2,471,18.68,6.16,1.06
d90_win90_d90_top310,"{""d90_win"": 0.9, ""d90_top3"": 0.1}",2,471,18.68,6.16,1.06
official_top260_d90_win20_d90_top220,"{""official_top2"": 0.6, ""d90_win"": 0.2, ""d90_top2"": 0.2}",3,471,18.68,6.16,0.64
official60_win10_top220_top310,"{""official_top2"": 0.6, ""d90_win"": 0.1, ""d90_top2"": 0.2, ""d90_top3"": 0.1}",4,471,18.68,6.16,0.64
d90_win40_d90_top260,"{""d90_win"": 0.4, ""d90_top2"": 0.6}",2,471,18.47,6.16,1.7
d90_win40_d90_top240_d90_top320,"{""d90_win"": 0.4, ""d90_top2"": 0.4, ""d90_top3"": 0.2}",3,471,18.47,6.16,1.49
d90_win60_d90_top340,"{""d90_win"": 0.6, ""d90_top3"": 0.4}",2,471,18.47,6.16,1.06
official_top210_d90_win70_d90_top320,"{""official_top2"": 0.1, ""d90_win"": 0.7, ""d90_top3"": 0.2}",3,471,18.47,6.16,1.06
official10_win40_top240_top310,"{""official_top2"": 0.1, ""d90_win"": 0.4, ""d90_top2"": 0.4, ""d90_top3"": 0.1}",4,471,18.26,6.16,1.27
official_top250_d90_win20_d90_top230,"{""official_top2"": 0.5, ""d90_win"": 0.2, ""d90_top2"": 0.3}",3,471,18.05,6.16,0.64
d90_top270_d90_top330,"{""d90_top2"": 0.7, ""d90_top3"": 0.3}",2,471,17.62,6.16,0.85
d90_win30_d90_top240_d90_top330,"{""d90_win"": 0.3, ""d90_top2"": 0.4, ""d90_top3"": 0.3}",3,471,17.41,6.16,1.06
official40_win30_top210_top320,"{""official_top2"": 0.4, ""d90_win"": 0.3, ""d90_top2"": 0.1, ""d90_top3"": 0.2}",4,471,17.41,6.16,0.64
official50_win30_top210_top310,"{""official_top2"": 0.5, ""d90_win"": 0.3, ""d90_top2"": 0.1, ""d90_top3"": 0.1}",4,471,17.41,6.16,0.42
official_top240_d90_top360,"{""official_top2"": 0.4, ""d90_top3"": 0.6}",2,471,16.35,6.16,0.42
official_top240_d90_top210_d90_top350,"{""official_top2"": 0.4, ""d90_top2"": 0.1, ""d90_top3"": 0.5}",3,471,15.92,6.16,0.85
d90_win50_d90_top250,"{""d90_win"": 0.5, ""d90_top2"": 0.5}",2,471,21.02,5.94,1.27
official10_win40_top230_top320,"{""official_top2"": 0.1, ""d90_win"": 0.4, ""d90_top2"": 0.3, ""d90_top3"": 0.2}",4,471,19.11,5.94,1.91
d90_win60_d90_top230_d90_top310,"{""d90_win"": 0.6, ""d90_top2"": 0.3, ""d90_top3"": 0.1}",3,471,19.11,5.94,1.49
d90_win70_d90_top230,"{""d90_win"": 0.7, ""d90_top2"": 0.3}",2,471,18.9,5.94,1.06
official10_win60_top210_top320,"{""official_top2"": 0.1, ""d90_win"": 0.6, ""d90_top2"": 0.1, ""d90_top3"": 0.2}",4,471,18.9,5.94,1.06
d90_win80_d90_top320,"{""d90_win"": 0.8, ""d90_top3"": 0.2}",2,471,18.68,5.94,1.06
d90_win70_d90_top210_d90_top320,"{""d90_win"": 0.7, ""d90_top2"": 0.1, ""d90_top3"": 0.2}",3,471,18.68,5.94,0.85
official60_win20_top210_top310,"{""official_top2"": 0.6, ""d90_win"": 0.2, ""d90_top2"": 0.1, ""d90_top3"": 0.1}",4,471,18.47,5.94,0.42
official_top260_d90_top210_d90_top330,"{""official_top2"": 0.6, ""d90_top2"": 0.1, ""d90_top3"": 0.3}",3,471,18.47,5.94,0.21
official_top250_d90_win40_d90_top310,"{""official_top2"": 0.5, ""d90_win"": 0.4, ""d90_top3"": 0.1}",3,471,18.26,5.94,0.85
official_top260_d90_top340,"{""official_top2"": 0.6, ""d90_top3"": 0.4}",2,471,18.05,5.94,0.64
official_top260_d90_win30_d90_top310,"{""official_top2"": 0.6, ""d90_win"": 0.3, ""d90_top3"": 0.1}",3,471,17.83,5.94,0.21
d90_win30_d90_top230_d90_top340,"{""d90_win"": 0.3, ""d90_top2"": 0.3, ""d90_top3"": 0.4}",3,471,16.99,5.94,0.85
official_top240_d90_win10_d90_top350,"{""official_top2"": 0.4, ""d90_win"": 0.1, ""d90_top3"": 0.5}",3,471,16.56,5.94,0.64
official10_win60_top220_top310,"{""official_top2"": 0.1, ""d90_win"": 0.6, ""d90_top2"": 0.2, ""d90_top3"": 0.1}",4,471,19.32,5.73,1.06
d90_win70_d90_top220_d90_top310,"{""d90_win"": 0.7, ""d90_top2"": 0.2, ""d90_top3"": 0.1}",3,471,18.9,5.73,1.06
official_top280_d90_top220,"{""official_top2"": 0.8, ""d90_top2"": 0.2}",2,471,18.9,5.73,0.64
d90_win70_d90_top330,"{""d90_win"": 0.7, ""d90_top3"": 0.3}",2,471,18.47,5.73,0.85
official_top270_d90_win10_d90_top220,"{""official_top2"": 0.7, ""d90_win"": 0.1, ""d90_top2"": 0.2}",3,471,18.47,5.73,0.85
d90_win50_d90_top240_d90_top310,"{""d90_win"": 0.5, ""d90_top2"": 0.4, ""d90_top3"": 0.1}",3,471,18.26,5.73,1.27
official_top260_d90_win20_d90_top320,"{""official_top2"": 0.6, ""d90_win"": 0.2, ""d90_top3"": 0.2}",3,471,18.26,5.73,0.21
official60_win10_top210_top320,"{""official_top2"": 0.6, ""d90_win"": 0.1, ""d90_top2"": 0.1, ""d90_top3"": 0.2}",4,471,18.26,5.73,0.21
official_top260_d90_win30_d90_top210,"{""official_top2"": 0.6, ""d90_win"": 0.3, ""d90_top2"": 0.1}",3,471,18.05,5.73,0.42
d90_win60_d90_top210_d90_top330,"{""d90_win"": 0.6, ""d90_top2"": 0.1, ""d90_top3"": 0.3}",3,471,17.83,5.73,1.06
official_top280_d90_top320,"{""official_top2"": 0.8, ""d90_top3"": 0.2}",2,471,19.53,5.52,0.64
official_top270_d90_top330,"{""official_top2"": 0.7, ""d90_top3"": 0.3}",2,471,19.11,5.52,0.64
official_top290_d90_win10,"{""official_top2"": 0.9, ""d90_win"": 0.1}",2,471,18.9,5.52,0.64
official_top290_d90_top210,"{""official_top2"": 0.9, ""d90_top2"": 0.1}",2,471,18.9,5.52,0.64
official_top290_d90_top310,"{""official_top2"": 0.9, ""d90_top3"": 0.1}",2,471,18.9,5.52,0.64
official_top280_d90_win10_d90_top210,"{""official_top2"": 0.8, ""d90_win"": 0.1, ""d90_top2"": 0.1}",3,471,18.9,5.52,0.64
official_top280_d90_top210_d90_top310,"{""official_top2"": 0.8, ""d90_top2"": 0.1, ""d90_top3"": 0.1}",3,471,18.9,5.52,0.64
official_top280_d90_win10_d90_top310,"{""official_top2"": 0.8, ""d90_win"": 0.1, ""d90_top3"": 0.1}",3,471,18.68,5.52,0.64
d90_win60_d90_top220_d90_top320,"{""d90_win"": 0.6, ""d90_top2"": 0.2, ""d90_top3"": 0.2}",3,471,18.26,5.52,1.27
official_top260_d90_win10_d90_top330,"{""official_top2"": 0.6, ""d90_win"": 0.1, ""d90_top3"": 0.3}",3,471,17.83,5.52,0.21
official_top270_d90_top210_d90_top320,"{""official_top2"": 0.7, ""d90_top2"": 0.1, ""d90_top3"": 0.2}",3,471,19.32,5.31,0.64
official_top270_d90_top220_d90_top310,"{""official_top2"": 0.7, ""d90_top2"": 0.2, ""d90_top3"": 0.1}",3,471,19.11,5.31,0.42
official_top270_d90_top230,"{""official_top2"": 0.7, ""d90_top2"": 0.3}",2,471,18.9,5.31,0.42
official_top250_d90_win30_d90_top320,"{""official_top2"": 0.5, ""d90_win"": 0.3, ""d90_top3"": 0.2}",3,471,17.83,5.31,0.21
official_top270_d90_win10_d90_top320,"{""official_top2"": 0.7, ""d90_win"": 0.1, ""d90_top3"": 0.2}",3,471,18.9,5.1,0.42
official70_win10_top210_top310,"{""official_top2"": 0.7, ""d90_win"": 0.1, ""d90_top2"": 0.1, ""d90_top3"": 0.1}",4,471,18.68,5.1,0.64
official_top280_d90_win20,"{""official_top2"": 0.8, ""d90_win"": 0.2}",2,471,18.47,5.1,0.64
official_top270_d90_win20_d90_top310,"{""official_top2"": 0.7, ""d90_win"": 0.2, ""d90_top3"": 0.1}",3,471,18.68,4.88,0.42
official_top270_d90_win20_d90_top210,"{""official_top2"": 0.7, ""d90_win"": 0.2, ""d90_top2"": 0.1}",3,471,18.47,4.88,0.64
official_top270_d90_win30,"{""official_top2"": 0.7, ""d90_win"": 0.3}",2,471,18.05,4.46,0.42
