date,venue_code,venue_name,race,race_id,deadline,weather,air_temperature_c,water_temperature_c,wind_speed_mps,wind_direction_code,wind_direction,wave_height_cm,stabilizer,fixed_course,source_url,collected_at
20261006,02,戸田,1,20261006-02-01,10:47,晴,25.0,22.0,3.0,10,南南西,2.0,False,False,https://www.boatrace.jp/owpc/pc/race/beforeinfo?hd=20261006&jcd=02&rno=1,2026-10-06T23:03:09.589186+09:00
20261006,02,戸田,2,20261006-02-02,11:17,晴,24.0,22.0,1.0,6,東南東,1.0,False,False,https://www.boatrace.jp/owpc/pc/race/beforeinfo?hd=20261006&jcd=02&rno=2,2026-10-06T23:03:09.484506+09:00
20261006,02,戸田,3,20261006-02-03,11:48,晴,25.0,22.0,1.0,8,南南東,1.0,False,False,https://www.boatrace.jp/owpc/pc/race/beforeinfo?hd=20261006&jcd=02&rno=3,2026-10-06T23:03:13.736731+09:00
20261006,02,戸田,4,20261006-02-04,12:19,晴,25.0,22.0,2.0,6,東南東,1.0,False,False,https://www.boatrace.jp/owpc/pc/race/beforeinfo?hd=20261006&jcd=02&rno=4,2026-10-06T23:03:16.732015+09:00
20261006,02,戸田,5,20261006-02-05,12:50,晴,26.0,22.0,1.0,8,南南東,1.0,False,False,https://www.boatrace.jp/owpc/pc/race/beforeinfo?hd=20261006&jcd=02&rno=5,2026-10-06T23:03:17.690516+09:00
20261006,02,戸田,6,20261006-02-06,13:21,晴,26.0,22.0,1.0,8,南南東,1.0,False,False,https://www.boatrace.jp/owpc/pc/race/beforeinfo?hd=20261006&jcd=02&rno=6,2026-10-06T23:03:19.804291+09:00
20261006,02,戸田,7,20261006-02-07,13:52,晴,26.0,22.0,1.0,10,南南西,1.0,False,False,https://www.boatrace.jp/owpc/pc/race/beforeinfo?hd=20261006&jcd=02&rno=7,2026-10-06T23:03:22.932735+09:00
20261006,02,戸田,8,20261006-02-08,14:23,晴,26.0,22.0,1.0,8,南南東,1.0,False,False,https://www.boatrace.jp/owpc/pc/race/beforeinfo?hd=20261006&jcd=02&rno=8,2026-10-06T23:03:24.922898+09:00
20261006,02,戸田,9,20261006-02-09,14:54,晴,26.0,22.0,1.0,10,南南西,1.0,False,False,https://www.boatrace.jp/owpc/pc/race/beforeinfo?hd=20261006&jcd=02&rno=9,2026-10-06T23:03:26.906529+09:00
20261006,02,戸田,10,20261006-02-10,15:25,晴,26.0,22.0,1.0,8,南南東,1.0,False,False,https://www.boatrace.jp/owpc/pc/race/beforeinfo?hd=20261006&jcd=02&rno=10,2026-10-06T23:03:27.984443+09:00
20261006,02,戸田,11,20261006-02-11,15:56,晴,26.0,22.0,1.0,8,南南東,1.0,False,False,https://www.boatrace.jp/owpc/pc/race/beforeinfo?hd=20261006&jcd=02&rno=11,2026-10-06T23:03:32.148416+09:00
20261006,02,戸田,12,20261006-02-12,16:30,晴,27.0,22.0,1.0,8,南南東,1.0,False,False,https://www.boatrace.jp/owpc/pc/race/beforeinfo?hd=20261006&jcd=02&rno=12,2026-10-06T23:03:34.105841+09:00
20261006,05,多摩川,1,20261006-05-01,10:41,晴,27.0,22.0,3.0,3,北東,2.0,False,False,https://www.boatrace.jp/owpc/pc/race/beforeinfo?hd=20261006&jcd=05&rno=1,2026-10-06T23:02:40.960109+09:00
20261006,05,多摩川,2,20261006-05-02,11:08,晴,25.0,21.0,1.0,1,北,2.0,False,False,https://www.boatrace.jp/owpc/pc/race/beforeinfo?hd=20261006&jcd=05&rno=2,2026-10-06T23:02:42.929866+09:00
20261006,05,多摩川,3,20261006-05-03,11:41,晴,25.0,21.0,2.0,1,北,2.0,False,False,https://www.boatrace.jp/owpc/pc/race/beforeinfo?hd=20261006&jcd=05&rno=3,2026-10-06T23:02:46.092945+09:00
20261006,05,多摩川,4,20261006-05-04,12:11,晴,26.0,21.0,2.0,3,北東,2.0,False,False,https://www.boatrace.jp/owpc/pc/race/beforeinfo?hd=20261006&jcd=05&rno=4,2026-10-06T23:02:50.114802+09:00
20261006,05,多摩川,5,20261006-05-05,12:40,晴,26.0,22.0,3.0,3,北東,2.0,False,False,https://www.boatrace.jp/owpc/pc/race/beforeinfo?hd=20261006&jcd=05&rno=5,2026-10-06T23:02:51.161573+09:00
20261006,05,多摩川,6,20261006-05-06,13:12,晴,26.0,22.0,4.0,3,北東,2.0,False,False,https://www.boatrace.jp/owpc/pc/race/beforeinfo?hd=20261006&jcd=05&rno=6,2026-10-06T23:02:51.121205+09:00
20261006,05,多摩川,7,20261006-05-07,13:43,晴,27.0,22.0,2.0,3,北東,2.0,False,False,https://www.boatrace.jp/owpc/pc/race/beforeinfo?hd=20261006&jcd=05&rno=7,2026-10-06T23:02:56.345960+09:00
20261006,05,多摩川,8,20261006-05-08,14:12,晴,27.0,22.0,3.0,3,北東,2.0,False,False,https://www.boatrace.jp/owpc/pc/race/beforeinfo?hd=20261006&jcd=05&rno=8,2026-10-06T23:03:00.292713+09:00
20261006,05,多摩川,9,20261006-05-09,14:49,晴,27.0,22.0,3.0,3,北東,2.0,False,False,https://www.boatrace.jp/owpc/pc/race/beforeinfo?hd=20261006&jcd=05&rno=9,2026-10-06T23:02:59.304008+09:00
20261006,05,多摩川,10,20261006-05-10,15:20,晴,27.0,22.0,2.0,3,北東,2.0,False,False,https://www.boatrace.jp/owpc/pc/race/beforeinfo?hd=20261006&jcd=05&rno=10,2026-10-06T23:02:59.370043+09:00
20261006,05,多摩川,11,20261006-05-11,15:47,晴,27.0,22.0,5.0,3,北東,2.0,False,False,https://www.boatrace.jp/owpc/pc/race/beforeinfo?hd=20261006&jcd=05&rno=11,2026-10-06T23:03:04.527585+09:00
20261006,05,多摩川,12,20261006-05-12,16:28,晴,27.0,22.0,3.0,3,北東,2.0,False,False,https://www.boatrace.jp/owpc/pc/race/beforeinfo?hd=20261006&jcd=05&rno=12,2026-10-06T23:03:07.512165+09:00
20261006,08,常滑,1,20261006-08-01,10:16,晴,25.0,24.0,7.0,13,西,4.0,True,False,https://www.boatrace.jp/owpc/pc/race/beforeinfo?hd=20261006&jcd=08&rno=1,2026-10-06T23:02:13.371763+09:00
20261006,08,常滑,2,20261006-08-02,10:44,晴,24.0,24.0,6.0,13,西,3.0,True,False,https://www.boatrace.jp/owpc/pc/race/beforeinfo?hd=20261006&jcd=08&rno=2,2026-10-06T23:02:15.301578+09:00
20261006,08,常滑,3,20261006-08-03,11:15,晴,24.0,24.0,6.0,13,西,3.0,True,False,https://www.boatrace.jp/owpc/pc/race/beforeinfo?hd=20261006&jcd=08&rno=3,2026-10-06T23:02:16.473706+09:00
20261006,08,常滑,4,20261006-08-04,11:45,晴,24.0,24.0,6.0,11,南西,3.0,True,False,https://www.boatrace.jp/owpc/pc/race/beforeinfo?hd=20261006&jcd=08&rno=4,2026-10-06T23:02:22.551446+09:00
20261006,08,常滑,5,20261006-08-05,12:15,晴,25.0,24.0,5.0,11,南西,3.0,True,False,https://www.boatrace.jp/owpc/pc/race/beforeinfo?hd=20261006&jcd=08&rno=5,2026-10-06T23:02:23.574097+09:00
20261006,08,常滑,6,20261006-08-06,12:45,晴,26.0,24.0,5.0,11,南西,3.0,True,False,https://www.boatrace.jp/owpc/pc/race/beforeinfo?hd=20261006&jcd=08&rno=6,2026-10-06T23:02:25.507478+09:00
20261006,08,常滑,7,20261006-08-07,13:19,晴,26.0,24.0,6.0,11,南西,3.0,True,False,https://www.boatrace.jp/owpc/pc/race/beforeinfo?hd=20261006&jcd=08&rno=7,2026-10-06T23:02:25.691795+09:00
20261006,08,常滑,8,20261006-08-08,13:46,晴,26.0,24.0,6.0,11,南西,3.0,True,False,https://www.boatrace.jp/owpc/pc/race/beforeinfo?hd=20261006&jcd=08&rno=8,2026-10-06T23:02:32.727041+09:00
20261006,08,常滑,9,20261006-08-09,14:17,晴,26.0,24.0,6.0,11,南西,3.0,True,False,https://www.boatrace.jp/owpc/pc/race/beforeinfo?hd=20261006&jcd=08&rno=9,2026-10-06T23:02:32.770211+09:00
20261006,08,常滑,10,20261006-08-10,14:45,晴,26.0,24.0,7.0,11,南西,4.0,True,False,https://www.boatrace.jp/owpc/pc/race/beforeinfo?hd=20261006&jcd=08&rno=10,2026-10-06T23:02:33.703237+09:00
20261006,08,常滑,11,20261006-08-11,15:13,晴,25.0,24.0,7.0,13,西,4.0,True,False,https://www.boatrace.jp/owpc/pc/race/beforeinfo?hd=20261006&jcd=08&rno=11,2026-10-06T23:02:35.910673+09:00
20261006,08,常滑,12,20261006-08-12,16:00,晴,25.0,24.0,7.0,13,西,4.0,True,False,https://www.boatrace.jp/owpc/pc/race/beforeinfo?hd=20261006&jcd=08&rno=12,2026-10-06T23:02:40.940294+09:00
20261006,10,三国,1,20261006-10-01,10:36,晴,20.0,20.0,2.0,6,東南東,2.0,False,False,https://www.boatrace.jp/owpc/pc/race/beforeinfo?hd=20261006&jcd=10&rno=1,2026-10-06T23:01:46.798428+09:00
20261006,10,三国,2,20261006-10-02,11:04,晴,22.0,20.0,3.0,6,東南東,3.0,False,False,https://www.boatrace.jp/owpc/pc/race/beforeinfo?hd=20261006&jcd=10&rno=2,2026-10-06T23:01:46.690054+09:00
20261006,10,三国,3,20261006-10-03,11:32,晴,22.0,20.0,4.0,4,東北東,4.0,False,False,https://www.boatrace.jp/owpc/pc/race/beforeinfo?hd=20261006&jcd=10&rno=3,2026-10-06T23:01:49.810059+09:00
20261006,10,三国,4,20261006-10-04,12:01,晴,22.0,20.0,4.0,4,東北東,4.0,False,False,https://www.boatrace.jp/owpc/pc/race/beforeinfo?hd=20261006&jcd=10&rno=4,2026-10-06T23:01:53.948062+09:00
20261006,10,三国,5,20261006-10-05,12:30,曇り,22.0,20.0,4.0,4,東北東,4.0,False,False,https://www.boatrace.jp/owpc/pc/race/beforeinfo?hd=20261006&jcd=10&rno=5,2026-10-06T23:01:56.868525+09:00
20261006,10,三国,6,20261006-10-06,13:00,晴,21.0,20.0,6.0,6,東南東,6.0,False,False,https://www.boatrace.jp/owpc/pc/race/beforeinfo?hd=20261006&jcd=10&rno=6,2026-10-06T23:01:54.970948+09:00
20261006,10,三国,7,20261006-10-07,13:30,晴,22.0,20.0,5.0,6,東南東,5.0,True,False,https://www.boatrace.jp/owpc/pc/race/beforeinfo?hd=20261006&jcd=10&rno=7,2026-10-06T23:01:58.044113+09:00
20261006,10,三国,8,20261006-10-08,14:01,晴,22.0,20.0,4.0,6,東南東,4.0,True,False,https://www.boatrace.jp/owpc/pc/race/beforeinfo?hd=20261006&jcd=10&rno=8,2026-10-06T23:02:03.132854+09:00
20261006,10,三国,9,20261006-10-09,14:33,晴,21.0,20.0,3.0,4,東北東,3.0,True,False,https://www.boatrace.jp/owpc/pc/race/beforeinfo?hd=20261006&jcd=10&rno=9,2026-10-06T23:02:04.194021+09:00
20261006,10,三国,10,20261006-10-10,15:08,晴,22.0,21.0,5.0,6,東南東,5.0,True,False,https://www.boatrace.jp/owpc/pc/race/beforeinfo?hd=20261006&jcd=10&rno=10,2026-10-06T23:02:06.104531+09:00
20261006,10,三国,11,20261006-10-11,15:43,晴,22.0,21.0,7.0,6,東南東,7.0,True,False,https://www.boatrace.jp/owpc/pc/race/beforeinfo?hd=20261006&jcd=10&rno=11,2026-10-06T23:02:07.255869+09:00
20261006,10,三国,12,20261006-10-12,16:20,晴,21.0,20.0,3.0,6,東南東,3.0,True,False,https://www.boatrace.jp/owpc/pc/race/beforeinfo?hd=20261006&jcd=10&rno=12,2026-10-06T23:02:12.345558+09:00
20261006,11,びわこ,1,20261006-11-01,10:30,晴,21.0,22.0,3.0,3,北東,4.0,False,False,https://www.boatrace.jp/owpc/pc/race/beforeinfo?hd=20261006&jcd=11&rno=1,2026-10-06T23:01:18.204793+09:00
20261006,11,びわこ,2,20261006-11-02,10:58,晴,21.0,22.0,0.0,17,,1.0,False,False,https://www.boatrace.jp/owpc/pc/race/beforeinfo?hd=20261006&jcd=11&rno=2,2026-10-06T23:01:18.072360+09:00
20261006,11,びわこ,3,20261006-11-03,11:26,晴,22.0,22.0,1.0,11,南西,1.0,False,False,https://www.boatrace.jp/owpc/pc/race/beforeinfo?hd=20261006&jcd=11&rno=3,2026-10-06T23:01:20.174773+09:00
20261006,11,びわこ,4,20261006-11-04,11:54,晴,23.0,22.0,1.0,9,南,1.0,False,False,https://www.boatrace.jp/owpc/pc/race/beforeinfo?hd=20261006&jcd=11&rno=4,2026-10-06T23:01:28.302577+09:00
20261006,11,びわこ,5,20261006-11-05,12:23,晴,22.0,22.0,2.0,5,東,2.0,False,False,https://www.boatrace.jp/owpc/pc/race/beforeinfo?hd=20261006&jcd=11&rno=5,2026-10-06T23:01:28.348843+09:00
20261006,11,びわこ,6,20261006-11-06,12:48,晴,22.0,22.0,3.0,3,北東,3.0,False,False,https://www.boatrace.jp/owpc/pc/race/beforeinfo?hd=20261006&jcd=11&rno=6,2026-10-06T23:01:27.386080+09:00
20261006,11,びわこ,7,20261006-11-07,13:17,晴,22.0,23.0,1.0,5,東,1.0,False,False,https://www.boatrace.jp/owpc/pc/race/beforeinfo?hd=20261006&jcd=11&rno=7,2026-10-06T23:01:29.383650+09:00
20261006,11,びわこ,8,20261006-11-08,13:48,晴,22.0,23.0,4.0,7,南東,4.0,False,False,https://www.boatrace.jp/owpc/pc/race/beforeinfo?hd=20261006&jcd=11&rno=8,2026-10-06T23:01:37.613334+09:00
20261006,11,びわこ,9,20261006-11-09,14:21,晴,22.0,22.0,2.0,1,北,2.0,False,False,https://www.boatrace.jp/owpc/pc/race/beforeinfo?hd=20261006&jcd=11&rno=9,2026-10-06T23:01:38.514245+09:00
20261006,11,びわこ,10,20261006-11-10,14:58,晴,22.0,22.0,3.0,1,北,3.0,False,False,https://www.boatrace.jp/owpc/pc/race/beforeinfo?hd=20261006&jcd=11&rno=10,2026-10-06T23:01:36.578330+09:00
20261006,11,びわこ,11,20261006-11-11,15:33,晴,22.0,22.0,2.0,5,東,3.0,False,False,https://www.boatrace.jp/owpc/pc/race/beforeinfo?hd=20261006&jcd=11&rno=11,2026-10-06T23:01:39.597590+09:00
20261006,11,びわこ,12,20261006-11-12,16:04,晴,21.0,22.0,3.0,5,東,4.0,False,False,https://www.boatrace.jp/owpc/pc/race/beforeinfo?hd=20261006&jcd=11&rno=12,2026-10-06T23:01:44.755677+09:00
20261006,12,住之江,1,20261006-12-01,15:17,晴,21.0,22.0,3.0,5,東,1.0,False,False,https://www.boatrace.jp/owpc/pc/race/beforeinfo?hd=20261006&jcd=12&rno=1,2026-10-06T23:00:49.285521+09:00
20261006,12,住之江,2,20261006-12-02,15:41,晴,25.0,22.0,4.0,5,東,2.0,False,False,https://www.boatrace.jp/owpc/pc/race/beforeinfo?hd=20261006&jcd=12&rno=2,2026-10-06T23:00:49.565443+09:00
20261006,12,住之江,3,20261006-12-03,16:10,晴,24.0,22.0,5.0,7,南東,2.0,False,False,https://www.boatrace.jp/owpc/pc/race/beforeinfo?hd=20261006&jcd=12&rno=3,2026-10-06T23:00:53.592701+09:00
20261006,12,住之江,4,20261006-12-04,16:37,晴,24.0,22.0,5.0,5,東,2.0,False,False,https://www.boatrace.jp/owpc/pc/race/beforeinfo?hd=20261006&jcd=12&rno=4,2026-10-06T23:00:59.512574+09:00
20261006,12,住之江,5,20261006-12-05,17:01,晴,24.0,22.0,4.0,5,東,2.0,False,False,https://www.boatrace.jp/owpc/pc/race/beforeinfo?hd=20261006&jcd=12&rno=5,2026-10-06T23:00:59.774820+09:00
20261006,12,住之江,6,20261006-12-06,17:27,晴,23.0,22.0,3.0,5,東,1.0,False,False,https://www.boatrace.jp/owpc/pc/race/beforeinfo?hd=20261006&jcd=12&rno=6,2026-10-06T23:00:59.842021+09:00
20261006,12,住之江,7,20261006-12-07,17:55,晴,23.0,22.0,4.0,5,東,2.0,False,False,https://www.boatrace.jp/owpc/pc/race/beforeinfo?hd=20261006&jcd=12&rno=7,2026-10-06T23:01:01.774921+09:00
20261006,12,住之江,8,20261006-12-08,18:25,晴,22.0,22.0,5.0,5,東,2.0,False,False,https://www.boatrace.jp/owpc/pc/race/beforeinfo?hd=20261006&jcd=12&rno=8,2026-10-06T23:01:09.834924+09:00
20261006,12,住之江,9,20261006-12-09,18:55,晴,22.0,22.0,6.0,5,東,3.0,False,False,https://www.boatrace.jp/owpc/pc/race/beforeinfo?hd=20261006&jcd=12&rno=9,2026-10-06T23:01:08.950652+09:00
20261006,12,住之江,10,20261006-12-10,19:23,晴,21.0,22.0,5.0,5,東,2.0,False,False,https://www.boatrace.jp/owpc/pc/race/beforeinfo?hd=20261006&jcd=12&rno=10,2026-10-06T23:01:09.023036+09:00
20261006,12,住之江,11,20261006-12-11,20:03,晴,21.0,22.0,2.0,5,東,1.0,False,False,https://www.boatrace.jp/owpc/pc/race/beforeinfo?hd=20261006&jcd=12&rno=11,2026-10-06T23:01:09.977267+09:00
20261006,12,住之江,12,20261006-12-12,20:31,晴,21.0,22.0,4.0,5,東,2.0,False,False,https://www.boatrace.jp/owpc/pc/race/beforeinfo?hd=20261006&jcd=12&rno=12,2026-10-06T23:01:18.123233+09:00
20261006,13,尼崎,1,20261006-13-01,10:43,晴,24.9,21.6,3.0,14,西北西,0.0,False,False,https://www.boatrace.jp/owpc/pc/race/beforeinfo?hd=20261006&jcd=13&rno=1,2026-10-06T23:00:23.684972+09:00
20261006,13,尼崎,2,20261006-13-02,11:13,晴,25.1,21.2,6.0,4,東北東,4.0,False,False,https://www.boatrace.jp/owpc/pc/race/beforeinfo?hd=20261006&jcd=13&rno=2,2026-10-06T23:00:23.972630+09:00
20261006,13,尼崎,3,20261006-13-03,11:39,晴,25.5,21.3,2.0,8,南南東,0.0,False,False,https://www.boatrace.jp/owpc/pc/race/beforeinfo?hd=20261006&jcd=13&rno=3,2026-10-06T23:00:25.969366+09:00
20261006,13,尼崎,4,20261006-13-04,12:07,晴,25.4,21.4,3.0,4,東北東,0.0,False,False,https://www.boatrace.jp/owpc/pc/race/beforeinfo?hd=20261006&jcd=13&rno=4,2026-10-06T23:00:31.174247+09:00
20261006,13,尼崎,5,20261006-13-05,12:38,晴,26.2,21.5,0.0,17,,0.0,False,False,https://www.boatrace.jp/owpc/pc/race/beforeinfo?hd=20261006&jcd=13&rno=5,2026-10-06T23:00:31.889382+09:00
20261006,13,尼崎,6,20261006-13-06,13:05,晴,25.2,21.4,4.0,6,東南東,0.0,False,False,https://www.boatrace.jp/owpc/pc/race/beforeinfo?hd=20261006&jcd=13&rno=6,2026-10-06T23:00:32.184726+09:00
20261006,13,尼崎,7,20261006-13-07,13:42,晴,26.1,21.5,0.0,17,,0.0,False,False,https://www.boatrace.jp/owpc/pc/race/beforeinfo?hd=20261006&jcd=13&rno=7,2026-10-06T23:00:36.187736+09:00
20261006,13,尼崎,8,20261006-13-08,14:09,晴,25.9,21.5,5.0,6,東南東,3.0,False,False,https://www.boatrace.jp/owpc/pc/race/beforeinfo?hd=20261006&jcd=13&rno=8,2026-10-06T23:00:40.386429+09:00
20261006,13,尼崎,9,20261006-13-09,14:43,晴,25.0,21.5,2.0,4,東北東,0.0,False,False,https://www.boatrace.jp/owpc/pc/race/beforeinfo?hd=20261006&jcd=13&rno=9,2026-10-06T23:00:41.108294+09:00
20261006,13,尼崎,10,20261006-13-10,15:15,晴,26.3,21.5,4.0,16,北北西,0.0,False,False,https://www.boatrace.jp/owpc/pc/race/beforeinfo?hd=20261006&jcd=13&rno=10,2026-10-06T23:00:41.385011+09:00
20261006,13,尼崎,11,20261006-13-11,15:50,晴,25.8,21.6,0.0,17,,0.0,False,False,https://www.boatrace.jp/owpc/pc/race/beforeinfo?hd=20261006&jcd=13&rno=11,2026-10-06T23:00:44.403427+09:00
20261006,13,尼崎,12,20261006-13-12,16:25,晴,25.5,21.6,0.0,17,,0.0,False,False,https://www.boatrace.jp/owpc/pc/race/beforeinfo?hd=20261006&jcd=13&rno=12,2026-10-06T23:00:49.639063+09:00
20261006,14,鳴門,1,20261006-14-01,08:35,晴,22.0,23.0,4.0,5,東,4.0,False,False,https://www.boatrace.jp/owpc/pc/race/beforeinfo?hd=20261006&jcd=14&rno=1,2026-10-06T22:59:54.329085+09:00
20261006,14,鳴門,2,20261006-14-02,09:01,雨,20.0,23.0,2.0,9,南,2.0,False,False,https://www.boatrace.jp/owpc/pc/race/beforeinfo?hd=20261006&jcd=14&rno=2,2026-10-06T22:59:58.340639+09:00
20261006,14,鳴門,3,20261006-14-03,09:27,曇り,20.0,23.0,2.0,9,南,2.0,False,False,https://www.boatrace.jp/owpc/pc/race/beforeinfo?hd=20261006&jcd=14&rno=3,2026-10-06T22:59:58.358828+09:00
20261006,14,鳴門,4,20261006-14-04,09:53,曇り,20.0,23.0,1.0,9,南,1.0,False,False,https://www.boatrace.jp/owpc/pc/race/beforeinfo?hd=20261006&jcd=14&rno=4,2026-10-06T23:00:04.332309+09:00
20261006,14,鳴門,5,20261006-14-05,10:27,曇り,20.0,23.0,1.0,9,南,1.0,False,False,https://www.boatrace.jp/owpc/pc/race/beforeinfo?hd=20261006&jcd=14&rno=5,2026-10-06T23:00:04.535883+09:00
20261006,14,鳴門,6,20261006-14-06,10:55,曇り,20.0,23.0,2.0,7,南東,2.0,False,False,https://www.boatrace.jp/owpc/pc/race/beforeinfo?hd=20261006&jcd=14&rno=6,2026-10-06T23:00:06.555792+09:00
20261006,14,鳴門,7,20261006-14-07,11:23,曇り,21.0,23.0,3.0,5,東,3.0,False,False,https://www.boatrace.jp/owpc/pc/race/beforeinfo?hd=20261006&jcd=14&rno=7,2026-10-06T23:00:07.566190+09:00
20261006,14,鳴門,8,20261006-14-08,11:51,晴,21.0,23.0,3.0,5,東,3.0,False,False,https://www.boatrace.jp/owpc/pc/race/beforeinfo?hd=20261006&jcd=14&rno=8,2026-10-06T23:00:13.512560+09:00
20261006,14,鳴門,9,20261006-14-09,12:25,晴,22.0,23.0,4.0,5,東,4.0,False,False,https://www.boatrace.jp/owpc/pc/race/beforeinfo?hd=20261006&jcd=14&rno=9,2026-10-06T23:00:12.740975+09:00
20261006,14,鳴門,10,20261006-14-10,13:07,晴,22.0,23.0,4.0,5,東,4.0,False,False,https://www.boatrace.jp/owpc/pc/race/beforeinfo?hd=20261006&jcd=14&rno=10,2026-10-06T23:00:15.794305+09:00
20261006,14,鳴門,11,20261006-14-11,13:36,晴,22.0,23.0,3.0,5,東,3.0,False,False,https://www.boatrace.jp/owpc/pc/race/beforeinfo?hd=20261006&jcd=14&rno=11,2026-10-06T23:00:17.762875+09:00
20261006,14,鳴門,12,20261006-14-12,14:11,晴,22.0,23.0,5.0,5,東,5.0,False,False,https://www.boatrace.jp/owpc/pc/race/beforeinfo?hd=20261006&jcd=14&rno=12,2026-10-06T23:00:22.963341+09:00
20261006,18,徳山,1,20261006-18-01,08:47,晴,25.0,24.0,2.0,15,北西,2.0,False,False,https://www.boatrace.jp/owpc/pc/race/beforeinfo?hd=20261006&jcd=18&rno=1,2026-10-06T22:59:29.668602+09:00
20261006,18,徳山,2,20261006-18-02,09:13,晴,20.0,24.0,1.0,3,北東,1.0,False,False,https://www.boatrace.jp/owpc/pc/race/beforeinfo?hd=20261006&jcd=18&rno=2,2026-10-06T22:59:29.706074+09:00
20261006,18,徳山,3,20261006-18-03,09:39,晴,22.0,24.0,1.0,3,北東,1.0,False,False,https://www.boatrace.jp/owpc/pc/race/beforeinfo?hd=20261006&jcd=18&rno=3,2026-10-06T22:59:32.729767+09:00
20261006,18,徳山,4,20261006-18-04,10:05,晴,23.0,24.0,2.0,9,南,2.0,False,False,https://www.boatrace.jp/owpc/pc/race/beforeinfo?hd=20261006&jcd=18&rno=4,2026-10-06T22:59:34.732814+09:00
20261006,18,徳山,5,20261006-18-05,10:32,晴,23.0,24.0,3.0,9,南,3.0,False,False,https://www.boatrace.jp/owpc/pc/race/beforeinfo?hd=20261006&jcd=18&rno=5,2026-10-06T22:59:39.901573+09:00
20261006,18,徳山,6,20261006-18-06,11:02,晴,23.0,24.0,2.0,7,南東,2.0,False,False,https://www.boatrace.jp/owpc/pc/race/beforeinfo?hd=20261006&jcd=18&rno=6,2026-10-06T22:59:37.913875+09:00
20261006,18,徳山,7,20261006-18-07,11:37,晴,24.0,24.0,3.0,11,南西,3.0,False,False,https://www.boatrace.jp/owpc/pc/race/beforeinfo?hd=20261006&jcd=18&rno=7,2026-10-06T22:59:40.937279+09:00
20261006,18,徳山,8,20261006-18-08,12:09,晴,25.0,24.0,3.0,15,北西,3.0,False,False,https://www.boatrace.jp/owpc/pc/race/beforeinfo?hd=20261006&jcd=18&rno=8,2026-10-06T22:59:43.930240+09:00
20261006,18,徳山,9,20261006-18-09,12:42,晴,26.0,24.0,3.0,1,北,3.0,False,False,https://www.boatrace.jp/owpc/pc/race/beforeinfo?hd=20261006&jcd=18&rno=9,2026-10-06T22:59:46.122013+09:00
20261006,18,徳山,10,20261006-18-10,13:14,晴,27.0,24.0,3.0,15,北西,3.0,False,False,https://www.boatrace.jp/owpc/pc/race/beforeinfo?hd=20261006&jcd=18&rno=10,2026-10-06T22:59:49.134463+09:00
20261006,18,徳山,11,20261006-18-11,13:50,晴,26.0,24.0,4.0,15,北西,4.0,False,False,https://www.boatrace.jp/owpc/pc/race/beforeinfo?hd=20261006&jcd=18&rno=11,2026-10-06T22:59:49.115782+09:00
20261006,18,徳山,12,20261006-18-12,14:29,曇り,24.0,25.0,3.0,15,北西,3.0,False,False,https://www.boatrace.jp/owpc/pc/race/beforeinfo?hd=20261006&jcd=18&rno=12,2026-10-06T22:59:54.120988+09:00
20261006,19,下関,1,20261006-19-01,15:25,晴,20.0,25.0,2.0,3,北東,2.0,False,False,https://www.boatrace.jp/owpc/pc/race/beforeinfo?hd=20261006&jcd=19&rno=1,2026-10-06T22:59:00.057582+09:00
20261006,19,下関,2,20261006-19-02,15:52,晴,22.0,25.0,4.0,3,北東,4.0,False,False,https://www.boatrace.jp/owpc/pc/race/beforeinfo?hd=20261006&jcd=19&rno=2,2026-10-06T22:59:05.152721+09:00
20261006,19,下関,3,20261006-19-03,16:18,晴,22.0,25.0,4.0,3,北東,4.0,False,False,https://www.boatrace.jp/owpc/pc/race/beforeinfo?hd=20261006&jcd=19&rno=3,2026-10-06T22:59:05.102945+09:00
20261006,19,下関,4,20261006-19-04,16:47,晴,22.0,25.0,4.0,3,北東,4.0,False,False,https://www.boatrace.jp/owpc/pc/race/beforeinfo?hd=20261006&jcd=19&rno=4,2026-10-06T22:59:07.158930+09:00
20261006,19,下関,5,20261006-19-05,17:17,晴,22.0,25.0,3.0,3,北東,3.0,False,False,https://www.boatrace.jp/owpc/pc/race/beforeinfo?hd=20261006&jcd=19&rno=5,2026-10-06T22:59:09.273431+09:00
20261006,19,下関,6,20261006-19-06,17:48,晴,22.0,25.0,3.0,3,北東,3.0,False,False,https://www.boatrace.jp/owpc/pc/race/beforeinfo?hd=20261006&jcd=19&rno=6,2026-10-06T22:59:13.282111+09:00
20261006,19,下関,7,20261006-19-07,18:17,晴,21.0,25.0,3.0,3,北東,3.0,False,False,https://www.boatrace.jp/owpc/pc/race/beforeinfo?hd=20261006&jcd=19&rno=7,2026-10-06T22:59:15.359992+09:00
20261006,19,下関,8,20261006-19-08,18:48,晴,21.0,25.0,2.0,3,北東,2.0,False,False,https://www.boatrace.jp/owpc/pc/race/beforeinfo?hd=20261006&jcd=19&rno=8,2026-10-06T22:59:17.335428+09:00
20261006,19,下関,9,20261006-19-09,19:16,晴,21.0,25.0,2.0,3,北東,2.0,False,False,https://www.boatrace.jp/owpc/pc/race/beforeinfo?hd=20261006&jcd=19&rno=9,2026-10-06T22:59:19.450809+09:00
20261006,19,下関,10,20261006-19-10,19:48,晴,20.0,25.0,3.0,3,北東,3.0,False,False,https://www.boatrace.jp/owpc/pc/race/beforeinfo?hd=20261006&jcd=19&rno=10,2026-10-06T22:59:21.521191+09:00
20261006,19,下関,11,20261006-19-11,20:17,晴,20.0,25.0,3.0,3,北東,3.0,False,False,https://www.boatrace.jp/owpc/pc/race/beforeinfo?hd=20261006&jcd=19&rno=11,2026-10-06T22:59:24.543440+09:00
20261006,19,下関,12,20261006-19-12,20:45,晴,20.0,25.0,2.0,3,北東,2.0,False,False,https://www.boatrace.jp/owpc/pc/race/beforeinfo?hd=20261006&jcd=19&rno=12,2026-10-06T22:59:25.549522+09:00
20261006,20,若松,1,20261006-20-01,18:08,晴,21.0,24.0,1.0,2,北北東,1.0,False,False,https://www.boatrace.jp/owpc/pc/race/beforeinfo?hd=20261006&jcd=20&rno=1,2026-10-06T22:58:33.493658+09:00
20261006,20,若松,2,20261006-20-02,18:34,晴,22.0,24.0,2.0,2,北北東,2.0,False,False,https://www.boatrace.jp/owpc/pc/race/beforeinfo?hd=20261006&jcd=20&rno=2,2026-10-06T22:58:37.547624+09:00
20261006,20,若松,3,20261006-20-03,19:03,晴,22.0,24.0,1.0,2,北北東,1.0,False,False,https://www.boatrace.jp/owpc/pc/race/beforeinfo?hd=20261006&jcd=20&rno=3,2026-10-06T22:58:38.563367+09:00
20261006,20,若松,4,20261006-20-04,19:30,晴,22.0,24.0,1.0,2,北北東,1.0,False,False,https://www.boatrace.jp/owpc/pc/race/beforeinfo?hd=20261006&jcd=20&rno=4,2026-10-06T22:58:39.514923+09:00
20261006,20,若松,5,20261006-20-05,19:56,晴,21.0,24.0,2.0,2,北北東,2.0,False,True,https://www.boatrace.jp/owpc/pc/race/beforeinfo?hd=20261006&jcd=20&rno=5,2026-10-06T22:58:41.670433+09:00
20261006,20,若松,6,20261006-20-06,20:25,晴,21.0,24.0,1.0,2,北北東,1.0,False,False,https://www.boatrace.jp/owpc/pc/race/beforeinfo?hd=20261006&jcd=20&rno=6,2026-10-06T22:58:47.756430+09:00
20261006,20,若松,7,20261006-20-07,20:53,晴,21.0,24.0,2.0,2,北北東,2.0,False,False,https://www.boatrace.jp/owpc/pc/race/beforeinfo?hd=20261006&jcd=20&rno=7,2026-10-06T22:58:48.770235+09:00
20261006,20,若松,8,20261006-20-08,21:17,晴,21.0,24.0,1.0,2,北北東,1.0,False,False,https://www.boatrace.jp/owpc/pc/race/beforeinfo?hd=20261006&jcd=20&rno=8,2026-10-06T22:58:47.722960+09:00
20261006,20,若松,9,20261006-20-09,21:41,晴,21.0,24.0,2.0,2,北北東,2.0,False,False,https://www.boatrace.jp/owpc/pc/race/beforeinfo?hd=20261006&jcd=20&rno=9,2026-10-06T22:58:51.883590+09:00
20261006,20,若松,10,20261006-20-10,22:05,晴,21.0,24.0,1.0,2,北北東,1.0,False,False,https://www.boatrace.jp/owpc/pc/race/beforeinfo?hd=20261006&jcd=20&rno=10,2026-10-06T22:58:56.923368+09:00
20261006,20,若松,11,20261006-20-11,22:30,晴,21.0,24.0,1.0,2,北北東,1.0,False,False,https://www.boatrace.jp/owpc/pc/race/beforeinfo?hd=20261006&jcd=20&rno=11,2026-10-06T22:58:55.950520+09:00
20261006,20,若松,12,20261006-20-12,22:54,晴,21.0,24.0,1.0,2,北北東,1.0,False,False,https://www.boatrace.jp/owpc/pc/race/beforeinfo?hd=20261006&jcd=20&rno=12,2026-10-06T22:58:58.947206+09:00
20261006,22,福岡,1,20261006-22-01,11:00,晴,23.0,25.0,5.0,10,南南西,5.0,False,False,https://www.boatrace.jp/owpc/pc/race/beforeinfo?hd=20261006&jcd=22&rno=1,2026-10-06T22:58:06.930881+09:00
20261006,22,福岡,2,20261006-22-02,11:29,曇り,23.0,25.0,4.0,10,南南西,4.0,False,False,https://www.boatrace.jp/owpc/pc/race/beforeinfo?hd=20261006&jcd=22&rno=2,2026-10-06T22:58:08.928303+09:00
20261006,22,福岡,3,20261006-22-03,11:58,曇り,23.0,25.0,4.0,10,南南西,4.0,False,False,https://www.boatrace.jp/owpc/pc/race/beforeinfo?hd=20261006&jcd=22&rno=3,2026-10-06T22:58:09.907888+09:00
20261006,22,福岡,4,20261006-22-04,12:28,曇り,23.0,25.0,4.0,10,南南西,4.0,False,False,https://www.boatrace.jp/owpc/pc/race/beforeinfo?hd=20261006&jcd=22&rno=4,2026-10-06T22:58:11.952450+09:00
20261006,22,福岡,5,20261006-22-05,12:55,曇り,23.0,25.0,4.0,10,南南西,4.0,False,False,https://www.boatrace.jp/owpc/pc/race/beforeinfo?hd=20261006&jcd=22&rno=5,2026-10-06T22:58:15.113492+09:00
20261006,22,福岡,6,20261006-22-06,13:26,曇り,23.0,25.0,4.0,10,南南西,4.0,False,False,https://www.boatrace.jp/owpc/pc/race/beforeinfo?hd=20261006&jcd=22&rno=6,2026-10-06T22:58:19.136714+09:00
20261006,22,福岡,7,20261006-22-07,13:57,曇り,23.0,25.0,4.0,10,南南西,4.0,False,False,https://www.boatrace.jp/owpc/pc/race/beforeinfo?hd=20261006&jcd=22&rno=7,2026-10-06T22:58:20.114562+09:00
20261006,22,福岡,8,20261006-22-08,14:37,曇り,23.0,25.0,4.0,10,南南西,4.0,False,False,https://www.boatrace.jp/owpc/pc/race/beforeinfo?hd=20261006&jcd=22&rno=8,2026-10-06T22:58:22.130731+09:00
20261006,22,福岡,9,20261006-22-09,15:03,曇り,23.0,25.0,5.0,10,南南西,5.0,False,False,https://www.boatrace.jp/owpc/pc/race/beforeinfo?hd=20261006&jcd=22&rno=9,2026-10-06T22:58:23.315877+09:00
20261006,22,福岡,10,20261006-22-10,15:37,曇り,23.0,25.0,5.0,10,南南西,5.0,False,False,https://www.boatrace.jp/owpc/pc/race/beforeinfo?hd=20261006&jcd=22&rno=10,2026-10-06T22:58:29.352341+09:00
20261006,22,福岡,11,20261006-22-11,16:08,曇り,23.0,25.0,5.0,10,南南西,5.0,False,False,https://www.boatrace.jp/owpc/pc/race/beforeinfo?hd=20261006&jcd=22&rno=11,2026-10-06T22:58:28.323773+09:00
20261006,22,福岡,12,20261006-22-12,16:41,晴,23.0,25.0,5.0,10,南南西,5.0,False,False,https://www.boatrace.jp/owpc/pc/race/beforeinfo?hd=20261006&jcd=22&rno=12,2026-10-06T22:58:31.332451+09:00
20261006,24,大村,1,20261006-24-01,15:22,晴,20.0,26.0,5.0,13,西,4.0,False,False,https://www.boatrace.jp/owpc/pc/race/beforeinfo?hd=20261006&jcd=24&rno=1,2026-10-06T22:57:41.321708+09:00
20261006,24,大村,2,20261006-24-02,15:45,晴,23.0,26.0,4.0,9,南,3.0,False,False,https://www.boatrace.jp/owpc/pc/race/beforeinfo?hd=20261006&jcd=24&rno=2,2026-10-06T22:57:42.361346+09:00
20261006,24,大村,3,20261006-24-03,16:16,晴,22.0,26.0,4.0,9,南,3.0,False,False,https://www.boatrace.jp/owpc/pc/race/beforeinfo?hd=20261006&jcd=24&rno=3,2026-10-06T22:57:41.350548+09:00
20261006,24,大村,4,20261006-24-04,16:44,晴,22.0,26.0,4.0,9,南,3.0,False,False,https://www.boatrace.jp/owpc/pc/race/beforeinfo?hd=20261006&jcd=24&rno=4,2026-10-06T22:57:43.333316+09:00
20261006,24,大村,5,20261006-24-05,17:09,晴,22.0,26.0,4.0,9,南,3.0,False,False,https://www.boatrace.jp/owpc/pc/race/beforeinfo?hd=20261006&jcd=24&rno=5,2026-10-06T22:57:49.504647+09:00
20261006,24,大村,6,20261006-24-06,17:34,晴,22.0,26.0,5.0,13,西,4.0,False,False,https://www.boatrace.jp/owpc/pc/race/beforeinfo?hd=20261006&jcd=24&rno=6,2026-10-06T22:57:50.541755+09:00
20261006,24,大村,7,20261006-24-07,18:02,晴,22.0,26.0,4.0,11,南西,3.0,True,True,https://www.boatrace.jp/owpc/pc/race/beforeinfo?hd=20261006&jcd=24&rno=7,2026-10-06T22:57:51.567635+09:00
20261006,24,大村,8,20261006-24-08,18:41,晴,21.0,26.0,5.0,11,南西,4.0,True,False,https://www.boatrace.jp/owpc/pc/race/beforeinfo?hd=20261006&jcd=24&rno=8,2026-10-06T22:57:52.509498+09:00
20261006,24,大村,9,20261006-24-09,19:10,晴,21.0,26.0,5.0,13,西,4.0,True,False,https://www.boatrace.jp/owpc/pc/race/beforeinfo?hd=20261006&jcd=24&rno=9,2026-10-06T22:57:59.718532+09:00
20261006,24,大村,10,20261006-24-10,19:39,晴,21.0,26.0,5.0,13,西,4.0,True,False,https://www.boatrace.jp/owpc/pc/race/beforeinfo?hd=20261006&jcd=24&rno=10,2026-10-06T22:57:58.746197+09:00
20261006,24,大村,11,20261006-24-11,20:10,晴,20.0,26.0,5.0,13,西,4.0,True,False,https://www.boatrace.jp/owpc/pc/race/beforeinfo?hd=20261006&jcd=24&rno=11,2026-10-06T22:58:01.772365+09:00
20261006,24,大村,12,20261006-24-12,20:38,晴,20.0,26.0,5.0,13,西,4.0,True,False,https://www.boatrace.jp/owpc/pc/race/beforeinfo?hd=20261006&jcd=24&rno=12,2026-10-06T22:58:01.728510+09:00
