target_date,generated_at,venue_code,venue_name,race,race_id,deadline,rank,boat,registration_no,racer_name,grade,motor_no,boat_no,score,morning_score_reference,data_coverage_pct,score_fallback,score_fallback_source,score_fallback_reasons,exhibition_course,exhibition_time,exhibition_st,exhibition_f,tilt
20261009,2026-10-09T18:24:44+09:00,01,桐生,2,20261009-01-02,15:57,1,4,4950,高岡竜也,A1,59,35,72.56,68.7,100.0,,,,4,6.69,0.06,False,-0.5
20261009,2026-10-09T18:24:44+09:00,01,桐生,2,20261009-01-02,15:57,2,1,3596,河上年昭,B1,30,34,65.76,63.2,100.0,,,,1,6.79,0.06,False,-0.5
20261009,2026-10-09T18:24:44+09:00,01,桐生,2,20261009-01-02,15:57,3,5,5049,松井友汰,A2,36,56,57.17,53.8,100.0,,,,5,6.66,0.13,False,-0.5
20261009,2026-10-09T18:24:44+09:00,01,桐生,2,20261009-01-02,15:57,4,6,5311,小林京平,B1,14,45,54.32,42.9,100.0,,,,6,6.61,0.04,False,-0.5
20261009,2026-10-09T18:24:44+09:00,01,桐生,2,20261009-01-02,15:57,5,2,3532,柴田光,B2,12,40,44.67,39.8,100.0,,,,2,6.82,0.11,False,-0.5
20261009,2026-10-09T18:24:44+09:00,01,桐生,2,20261009-01-02,15:57,6,3,5379,廣部大明,B1,43,19,41.68,31.6,100.0,,,,3,6.7,0.01,False,-0.5
20261009,2026-10-09T18:24:44+09:00,01,桐生,3,20261009-01-03,16:22,1,4,4581,吉村誠,A1,37,50,80.78,79.1,100.0,,,,4,6.75,0.08,False,-0.5
20261009,2026-10-09T18:24:44+09:00,01,桐生,3,20261009-01-03,16:22,2,1,3875,廣中良一,B1,56,74,71.04,63.8,100.0,,,,1,6.7,0.05,False,-0.5
20261009,2026-10-09T18:24:44+09:00,01,桐生,3,20261009-01-03,16:22,3,2,4142,平野和明,A2,41,59,54.8,50.7,100.0,,,,2,6.87,0.13,False,-0.5
20261009,2026-10-09T18:24:44+09:00,01,桐生,3,20261009-01-03,16:22,4,3,3973,崎利仁,B1,71,24,45.84,33.8,100.0,,,,3,6.75,0.11,False,-0.5
20261009,2026-10-09T18:24:44+09:00,01,桐生,3,20261009-01-03,16:22,5,6,3546,中里昌志,B1,60,28,41.6,33.0,100.0,,,,6,6.88,0.08,False,0.0
20261009,2026-10-09T18:24:44+09:00,01,桐生,3,20261009-01-03,16:22,6,5,3577,向所浩二,B1,51,47,41.27,39.6,100.0,,,,5,6.91,0.11,False,-0.5
20261009,2026-10-09T18:24:44+09:00,01,桐生,5,20261009-01-05,17:17,1,5,4506,稗田聖也,A1,70,41,77.6,75.0,100.0,,,,5,6.65,0.02,False,-0.5
20261009,2026-10-09T18:24:44+09:00,01,桐生,5,20261009-01-05,17:17,2,3,3385,渡邉睦広,A2,72,27,55.22,58.0,100.0,,,,3,6.61,0.19,False,-0.5
20261009,2026-10-09T18:24:44+09:00,01,桐生,5,20261009-01-05,17:17,3,4,3947,寺本昇平,B1,28,33,52.48,42.1,100.0,,,,4,6.63,0.04,False,-0.5
20261009,2026-10-09T18:24:44+09:00,01,桐生,5,20261009-01-05,17:17,4,1,5046,松山裕基,B1,49,25,44.64,36.8,100.0,,,,1,6.75,0.09,False,-0.5
20261009,2026-10-09T18:24:44+09:00,01,桐生,5,20261009-01-05,17:17,5,6,3635,石田政吾,B1,33,38,43.6,37.0,100.0,,,,6,6.82,0.05,False,-0.5
20261009,2026-10-09T18:24:44+09:00,01,桐生,5,20261009-01-05,17:17,6,2,4393,田中孝明,B1,31,52,43.28,51.1,100.0,,,,2,6.71,0.29,False,-0.5
20261009,2026-10-09T18:24:44+09:00,02,戸田,2,20261009-02-02,11:16,1,3,5035,櫻井優,A2,58,42,83.92,81.4,100.0,,,,3,6.64,0.09,False,0.0
20261009,2026-10-09T18:24:44+09:00,02,戸田,2,20261009-02-02,11:16,2,1,5074,大澤誠也,B1,54,21,71.68,64.6,100.0,,,,1,6.63,0.07,False,0.0
20261009,2026-10-09T18:24:44+09:00,02,戸田,2,20261009-02-02,11:16,3,2,4709,岡村将也,A2,25,76,58.64,55.8,100.0,,,,2,6.74,0.08,False,-0.5
20261009,2026-10-09T18:24:44+09:00,02,戸田,2,20261009-02-02,11:16,4,4,5047,國分将太,B1,41,77,52.58,49.6,100.0,,,,4,6.69,0.13,False,-0.5
20261009,2026-10-09T18:24:44+09:00,02,戸田,2,20261009-02-02,11:16,5,5,5007,近藤雄一,B1,31,54,46.48,36.1,100.0,,,,5,6.66,0.08,False,-0.5
20261009,2026-10-09T18:24:44+09:00,02,戸田,2,20261009-02-02,11:16,6,6,5402,塚越陸斗,B2,37,69,25.2,12.5,100.0,,,,6,6.71,0.11,False,-0.5
20261009,2026-10-09T18:24:44+09:00,02,戸田,11,20261009-02-11,15:55,1,1,4890,石川諒,A2,53,38,84.0,80.0,100.0,,,,1,6.72,0.03,False,0.0
20261009,2026-10-09T18:24:44+09:00,02,戸田,11,20261009-02-11,15:55,2,2,4790,柳内敬太,A1,57,53,70.16,76.2,100.0,,,,2,6.73,-0.02,True,0.0
20261009,2026-10-09T18:24:44+09:00,02,戸田,11,20261009-02-11,15:55,3,5,5055,眞鳥章太,A2,34,47,56.72,53.4,100.0,,,,5,6.81,0.07,False,-0.5
20261009,2026-10-09T18:24:44+09:00,02,戸田,11,20261009-02-11,15:55,4,3,5290,坂本一真,B1,35,29,48.8,48.0,100.0,,,,3,6.72,-0.02,True,-0.5
20261009,2026-10-09T18:24:44+09:00,02,戸田,11,20261009-02-11,15:55,5,4,5356,長谷川暖,B1,22,58,37.68,26.6,100.0,,,,4,6.78,0.09,False,0.0
20261009,2026-10-09T18:24:44+09:00,02,戸田,11,20261009-02-11,15:55,6,6,4709,岡村将也,A2,25,76,27.84,15.8,100.0,,,,6,6.8,0.09,False,-0.5
20261009,2026-10-09T18:24:44+09:00,02,戸田,12,20261009-02-12,16:30,1,1,5005,石田貴洋,A1,51,17,66.88,69.1,100.0,,,,1,6.68,-0.14,True,0.0
20261009,2026-10-09T18:24:44+09:00,02,戸田,12,20261009-02-12,16:30,2,4,4715,村上遼,A1,56,60,60.64,68.8,100.0,,,,4,6.76,-0.04,True,-0.5
20261009,2026-10-09T18:24:44+09:00,02,戸田,12,20261009-02-12,16:30,3,3,4903,吉田凌太,A1,60,57,49.76,50.7,100.0,,,,3,6.7,-0.09,True,-0.5
20261009,2026-10-09T18:24:44+09:00,02,戸田,12,20261009-02-12,16:30,4,5,4772,石丸海渡,A1,17,70,47.04,38.3,100.0,,,,5,6.72,0.02,False,-0.5
20261009,2026-10-09T18:24:44+09:00,02,戸田,12,20261009-02-12,16:30,5,2,4713,白神優,A1,61,26,45.2,38.2,100.0,,,,2,6.68,0.09,False,0.0
20261009,2026-10-09T18:24:44+09:00,02,戸田,12,20261009-02-12,16:30,6,6,5026,安河内健,A1,65,55,43.12,34.9,100.0,,,,6,6.73,0.09,False,0.0
20261009,2026-10-09T18:24:44+09:00,03,江戸川,1,20261009-03-01,11:14,1,1,4690,高石梨菜,B2,22,61,64.8,68.0,100.0,,,,1,6.51,-0.03,True,0.0
20261009,2026-10-09T18:24:44+09:00,03,江戸川,1,20261009-03-01,11:14,2,3,5314,中曽瑠華,B1,25,67,63.68,59.1,100.0,,,,3,6.56,0.11,False,0.0
20261009,2026-10-09T18:24:44+09:00,03,江戸川,1,20261009-03-01,11:14,3,4,3357,福島陽子,B1,27,28,55.44,60.8,100.0,,,,4,6.57,-0.01,True,0.0
20261009,2026-10-09T18:24:44+09:00,03,江戸川,1,20261009-03-01,11:14,4,2,5358,増本杏珠,B2,69,51,43.36,54.2,100.0,,,,2,6.59,0.38,False,0.0
20261009,2026-10-09T18:24:44+09:00,03,江戸川,1,20261009-03-01,11:14,5,6,5153,佐藤ほの,B1,16,46,33.76,30.7,100.0,,,,6,6.53,-0.02,True,0.0
20261009,2026-10-09T18:24:44+09:00,03,江戸川,1,20261009-03-01,11:14,6,5,5327,西田和加,B2,71,43,33.36,27.2,100.0,,,,5,6.4,-0.02,True,0.0
20261009,2026-10-09T18:24:44+09:00,03,江戸川,5,20261009-03-05,13:02,1,3,4450,平高奈菜,A2,15,40,62.4,75.0,100.0,,,,3,6.77,0.33,False,0.0
20261009,2026-10-09T18:24:44+09:00,03,江戸川,5,20261009-03-05,13:02,2,1,4965,福岡泉水,B1,35,57,55.12,64.4,100.0,,,,1,6.73,0.38,False,0.0
20261009,2026-10-09T18:24:44+09:00,03,江戸川,5,20261009-03-05,13:02,3,4,4283,石井裕美,B1,45,36,46.84,44.6,100.0,,,,4,6.78,0.14,False,0.0
20261009,2026-10-09T18:24:44+09:00,03,江戸川,5,20261009-03-05,13:02,4,2,4690,高石梨菜,B2,22,61,46.56,52.2,100.0,,,,2,6.69,0.35,False,0.0
20261009,2026-10-09T18:24:44+09:00,03,江戸川,5,20261009-03-05,13:02,5,5,4924,中北涼,B1,55,18,37.28,46.6,100.0,,,,5,6.81,0.24,False,0.5
20261009,2026-10-09T18:24:44+09:00,03,江戸川,5,20261009-03-05,13:02,6,6,5454,谷島咲希,B2,17,25,21.48,17.2,100.0,,,,6,6.65,0.26,False,-0.5
20261009,2026-10-09T18:24:44+09:00,03,江戸川,6,20261009-03-06,13:29,1,2,4286,平田さや,A2,31,56,77.92,80.5,100.0,,,,2,6.67,0.14,False,0.0
20261009,2026-10-09T18:24:44+09:00,03,江戸川,6,20261009-03-06,13:29,2,6,4208,三浦永理,A1,61,63,61.15,65.0,100.0,,,,6,6.77,0.15,False,0.0
20261009,2026-10-09T18:24:44+09:00,03,江戸川,6,20261009-03-06,13:29,3,1,5117,冨名腰桃,B1,49,68,53.2,62.0,100.0,,,,1,6.76,0.29,False,0.0
20261009,2026-10-09T18:24:44+09:00,03,江戸川,6,20261009-03-06,13:29,4,3,3357,福島陽子,B1,27,28,42.4,34.0,100.0,,,,3,6.78,0.09,False,0.0
20261009,2026-10-09T18:24:44+09:00,03,江戸川,6,20261009-03-06,13:29,5,5,3604,武藤綾子,B1,24,41,39.36,25.7,100.0,,,,5,6.72,0.07,False,0.5
20261009,2026-10-09T18:24:44+09:00,03,江戸川,6,20261009-03-06,13:29,6,4,5390,高橋涼夏,B2,46,52,33.6,32.8,100.0,,,,4,6.82,0.17,False,0.0
20261009,2026-10-09T18:24:44+09:00,03,江戸川,11,20261009-03-11,15:53,1,1,4627,藤原菜希,A2,26,49,82.58,91.2,100.0,,,,1,6.66,0.17,False,0.0
20261009,2026-10-09T18:24:44+09:00,03,江戸川,11,20261009-03-11,15:53,2,5,3611,岩崎芳美,A2,28,27,78.79,78.7,100.0,,,,5,6.72,0.09,False,0.0
20261009,2026-10-09T18:24:44+09:00,03,江戸川,11,20261009-03-11,15:53,3,2,4882,瀧川千依,B2,23,12,50.57,50.1,100.0,,,,2,6.78,0.18,False,0.0
20261009,2026-10-09T18:24:44+09:00,03,江戸川,11,20261009-03-11,15:53,4,3,5358,増本杏珠,B2,69,51,40.52,33.2,100.0,,,,3,6.78,0.16,False,0.0
20261009,2026-10-09T18:24:44+09:00,03,江戸川,11,20261009-03-11,15:53,5,4,4965,福岡泉水,B1,35,57,29.36,30.7,100.0,,,,4,6.72,0.29,False,0.0
20261009,2026-10-09T18:24:44+09:00,03,江戸川,11,20261009-03-11,15:53,6,6,4941,孫崎百世,B1,63,26,12.88,16.1,100.0,,,,6,6.81,0.29,False,0.0
20261009,2026-10-09T18:24:44+09:00,03,江戸川,12,20261009-03-12,16:25,1,1,3618,海野ゆか,A1,34,62,84.46,82.7,100.0,,,,1,6.71,0.12,False,0.5
20261009,2026-10-09T18:24:44+09:00,03,江戸川,12,20261009-03-12,16:25,2,4,5129,山口真喜,A2,56,64,60.48,72.6,100.0,,,,4,6.73,0.21,False,0.0
20261009,2026-10-09T18:24:44+09:00,03,江戸川,12,20261009-03-12,16:25,3,2,5320,岩崎麗子,B1,30,50,48.72,56.4,100.0,,,,2,6.71,0.29,False,0.0
20261009,2026-10-09T18:24:44+09:00,03,江戸川,12,20261009-03-12,16:25,4,5,4286,平田さや,A2,31,56,48.16,52.7,100.0,,,,5,6.7,0.21,False,0.0
20261009,2026-10-09T18:24:44+09:00,03,江戸川,12,20261009-03-12,16:25,5,6,4897,深見亜由,B1,13,30,15.28,17.6,100.0,,,,6,6.77,0.24,False,0.0
20261009,2026-10-09T18:24:44+09:00,03,江戸川,12,20261009-03-12,16:25,6,3,5361,植竹玲奈,B1,10,10,14.4,18.0,100.0,,,,3,6.78,0.33,False,0.0
20261009,2026-10-09T18:24:44+09:00,05,多摩川,11,20261009-05-11,15:50,1,3,4529,嶋義信,A1,61,42,81.03,80.2,100.0,,,,3,6.63,0.08,False,-0.5
20261009,2026-10-09T18:24:44+09:00,05,多摩川,11,20261009-05-11,15:50,2,1,4163,山崎裕司,A2,53,43,72.32,65.4,100.0,,,,1,6.62,0.05,False,-0.5
20261009,2026-10-09T18:24:44+09:00,05,多摩川,11,20261009-05-11,15:50,3,2,4732,堀本和也,A2,41,27,63.84,60.8,100.0,,,,2,6.69,0.04,False,-0.5
20261009,2026-10-09T18:24:44+09:00,05,多摩川,11,20261009-05-11,15:50,4,4,4703,森永隆,A1,26,80,55.04,46.8,100.0,,,,4,6.65,0.07,False,0.0
20261009,2026-10-09T18:24:44+09:00,05,多摩川,11,20261009-05-11,15:50,5,6,4794,和田拓也,A1,34,47,33.15,35.2,100.0,,,,6,6.68,0.18,False,0.5
20261009,2026-10-09T18:24:44+09:00,05,多摩川,11,20261009-05-11,15:50,6,5,4469,土山卓也,A2,47,35,14.74,11.6,100.0,,,,5,6.72,0.19,False,0.0
20261009,2026-10-09T18:24:44+09:00,05,多摩川,12,20261009-05-12,16:28,1,1,5029,中亮太,A1,42,37,91.84,92.8,100.0,,,,1,6.62,0.0,False,0.0
20261009,2026-10-09T18:24:44+09:00,05,多摩川,12,20261009-05-12,16:28,2,2,5034,若林義人,A1,70,31,54.83,47.1,100.0,,,,2,6.57,0.09,False,0.0
20261009,2026-10-09T18:24:44+09:00,05,多摩川,12,20261009-05-12,16:28,3,4,3876,中辻崇人,A1,19,56,51.74,53.4,100.0,,,,4,6.6,0.19,False,0.5
20261009,2026-10-09T18:24:44+09:00,05,多摩川,12,20261009-05-12,16:28,4,3,4824,松井洪弥,A2,68,76,48.57,54.7,100.0,,,,3,6.75,0.16,False,0.0
20261009,2026-10-09T18:24:44+09:00,05,多摩川,12,20261009-05-12,16:28,5,5,4725,佐竹太一,B1,55,45,24.08,27.1,100.0,,,,5,6.65,0.24,False,0.0
20261009,2026-10-09T18:24:44+09:00,05,多摩川,12,20261009-05-12,16:28,6,6,3757,畑和宏,A2,62,77,21.14,24.9,100.0,,,,6,6.81,0.22,False,-0.5
20261009,2026-10-09T18:24:44+09:00,07,蒲郡,5,20261009-07-05,17:01,1,4,4074,柳沢一,A1,51,75,76.41,80.3,100.0,,,,4,6.68,0.09,False,0.0
20261009,2026-10-09T18:24:44+09:00,07,蒲郡,5,20261009-07-05,17:01,2,1,3808,秋田健太,B1,13,67,66.08,62.1,100.0,,,,1,6.65,0.11,False,-0.5
20261009,2026-10-09T18:24:44+09:00,07,蒲郡,5,20261009-07-05,17:01,3,2,4630,岩永雅人,A2,16,16,63.6,54.5,100.0,,,,2,6.6,0.1,False,0.0
20261009,2026-10-09T18:24:44+09:00,07,蒲郡,5,20261009-07-05,17:01,4,3,3843,上之晃弘,B1,53,28,54.48,44.6,100.0,,,,3,6.61,0.07,False,0.0
20261009,2026-10-09T18:24:44+09:00,07,蒲郡,5,20261009-07-05,17:01,5,6,3467,森弘行,B1,43,18,48.24,48.8,100.0,,,,6,6.64,-0.02,True,-0.5
20261009,2026-10-09T18:24:44+09:00,07,蒲郡,5,20261009-07-05,17:01,6,5,5467,野村羽玖,B2,50,26,22.96,9.7,100.0,,,,5,6.65,0.12,False,-0.5
20261009,2026-10-09T18:24:44+09:00,07,蒲郡,6,20261009-07-06,17:27,1,5,3779,原田幸哉,A1,48,73,81.36,76.7,100.0,,,,5,6.64,0.01,False,0.0
20261009,2026-10-09T18:24:44+09:00,07,蒲郡,6,20261009-07-06,17:27,2,1,4263,武重雄介,B1,39,43,70.72,78.4,100.0,,,,1,6.66,-0.11,True,-0.5
20261009,2026-10-09T18:24:44+09:00,07,蒲郡,6,20261009-07-06,17:27,3,2,3769,佐竹恒彦,A2,40,32,55.92,61.4,100.0,,,,2,6.66,-0.02,True,-0.5
20261009,2026-10-09T18:24:44+09:00,07,蒲郡,6,20261009-07-06,17:27,4,3,3664,鈴木賢一,B1,69,68,48.24,36.8,100.0,,,,3,6.65,0.08,False,0.0
20261009,2026-10-09T18:24:44+09:00,07,蒲郡,6,20261009-07-06,17:27,5,4,5263,花田凱成,B1,46,66,45.76,35.2,100.0,,,,4,6.65,0.04,False,-0.5
20261009,2026-10-09T18:24:44+09:00,07,蒲郡,6,20261009-07-06,17:27,6,6,3653,品川賢次,B2,17,15,23.2,11.5,100.0,,,,6,6.66,0.06,False,-0.5
20261009,2026-10-09T18:24:44+09:00,07,蒲郡,8,20261009-07-08,18:25,1,1,5032,谷口知優,A2,49,64,80.78,77.5,100.0,,,,1,6.69,0.09,False,0.0
20261009,2026-10-09T18:24:44+09:00,07,蒲郡,8,20261009-07-08,18:25,2,2,3523,寳田亮治,B1,41,21,70.67,66.6,100.0,,,,2,6.67,0.14,False,0.0
20261009,2026-10-09T18:24:44+09:00,07,蒲郡,8,20261009-07-08,18:25,3,5,2878,富山弘幸,B1,52,27,50.4,44.0,100.0,,,,5,6.75,0.02,False,-0.5
20261009,2026-10-09T18:24:44+09:00,07,蒲郡,8,20261009-07-08,18:25,4,4,4383,竹田吉行,A2,77,47,48.24,39.8,100.0,,,,4,6.75,0.02,False,-0.5
20261009,2026-10-09T18:24:44+09:00,07,蒲郡,8,20261009-07-08,18:25,5,6,3568,木村光宏,B1,68,56,48.24,42.8,100.0,,,,6,6.75,0.08,False,0.0
20261009,2026-10-09T18:24:44+09:00,07,蒲郡,8,20261009-07-08,18:25,6,3,3277,齋藤勇,B1,75,24,32.72,29.3,100.0,,,,3,6.71,0.17,False,0.0
20261009,2026-10-09T18:24:44+09:00,08,常滑,3,20261009-08-03,11:20,1,5,4288,永田啓二,A1,38,59,72.88,84.1,100.0,,,,5,6.71,-0.02,True,0.5
20261009,2026-10-09T18:24:44+09:00,08,常滑,3,20261009-08-03,11:20,2,3,4706,三浦洋次,A2,5,46,68.11,67.2,100.0,,,,3,6.67,0.15,False,0.0
20261009,2026-10-09T18:24:44+09:00,08,常滑,3,20261009-08-03,11:20,3,2,3544,豊田訓靖,B1,57,50,59.21,57.1,100.0,,,,2,6.68,0.13,False,0.0
20261009,2026-10-09T18:24:44+09:00,08,常滑,3,20261009-08-03,11:20,4,1,4785,木幡純也,B1,24,52,53.2,52.0,100.0,,,,1,6.61,-0.01,True,0.0
20261009,2026-10-09T18:24:44+09:00,08,常滑,3,20261009-08-03,11:20,5,4,4552,杉山勝匡,B1,42,63,47.44,37.3,100.0,,,,4,6.65,0.09,False,0.0
20261009,2026-10-09T18:24:44+09:00,08,常滑,3,20261009-08-03,11:20,6,6,5415,阿部未侑,B2,18,39,20.64,2.3,100.0,,,,6,6.64,0.06,False,0.0
20261009,2026-10-09T18:24:44+09:00,08,常滑,6,20261009-08-06,12:54,1,1,4295,小坂尚哉,A1,8,77,90.58,89.0,100.0,,,,1,6.58,0.07,False,-0.5
20261009,2026-10-09T18:24:44+09:00,08,常滑,6,20261009-08-06,12:54,2,6,4369,丹下将,A2,51,21,73.28,52.5,100.0,,,,5,6.72,0.03,False,0.0
20261009,2026-10-09T18:24:44+09:00,08,常滑,6,20261009-08-06,12:54,3,2,3929,杢野誓良,B1,20,60,56.48,53.5,100.0,,,,2,6.62,0.04,False,0.0
20261009,2026-10-09T18:24:44+09:00,08,常滑,6,20261009-08-06,12:54,4,3,3642,大塚浩二,B1,60,16,40.32,35.6,100.0,,,,3,6.65,0.08,False,0.0
20261009,2026-10-09T18:24:44+09:00,08,常滑,6,20261009-08-06,12:54,5,4,5355,萩原丈太,B1,34,42,39.52,42.6,100.0,,,,4,6.67,-0.02,True,0.0
20261009,2026-10-09T18:24:44+09:00,08,常滑,6,20261009-08-06,12:54,6,5,5465,直江健成,B2,1,18,22.74,26.8,100.0,,,,6,6.69,0.24,False,-0.5
20261009,2026-10-09T18:24:44+09:00,08,常滑,7,20261009-08-07,13:23,1,2,4624,高田明,A1,58,49,60.38,68.8,100.0,,,,2,6.62,0.22,False,0.0
20261009,2026-10-09T18:24:44+09:00,08,常滑,7,20261009-08-07,13:23,2,6,3502,渡邉英児,A2,25,31,58.69,45.3,100.0,,,,5,6.6,0.2,False,0.0
20261009,2026-10-09T18:24:44+09:00,08,常滑,7,20261009-08-07,13:23,3,3,4589,塩崎桐加,B1,59,48,58.4,67.1,100.0,,,,3,6.59,0.3,False,0.0
20261009,2026-10-09T18:24:44+09:00,08,常滑,7,20261009-08-07,13:23,4,1,5190,大月遊雅,B1,11,11,55.35,56.4,100.0,,,,1,6.69,0.16,False,-0.5
20261009,2026-10-09T18:24:44+09:00,08,常滑,7,20261009-08-07,13:23,5,4,4439,近藤友宝,B1,10,65,33.92,48.9,100.0,,,,4,6.68,0.27,False,0.0
20261009,2026-10-09T18:24:44+09:00,08,常滑,7,20261009-08-07,13:23,6,5,5415,阿部未侑,B2,18,39,18.33,13.5,100.0,,,,6,6.66,0.18,False,0.0
20261009,2026-10-09T18:24:44+09:00,08,常滑,12,20261009-08-12,16:04,1,1,4236,松村敏,A1,6,28,75.76,73.1,100.0,,,,1,6.64,0.09,False,0.0
20261009,2026-10-09T18:24:44+09:00,08,常滑,12,20261009-08-12,16:04,2,3,4137,君島秀三,A1,9,14,66.92,65.0,100.0,,,,3,6.69,0.06,False,-0.5
20261009,2026-10-09T18:24:44+09:00,08,常滑,12,20261009-08-12,16:04,3,5,4207,松下一也,A1,41,25,55.92,47.9,100.0,,,,5,6.66,0.05,False,0.0
20261009,2026-10-09T18:24:44+09:00,08,常滑,12,20261009-08-12,16:04,4,2,4369,丹下将,A2,51,21,55.68,49.1,100.0,,,,2,6.69,0.05,False,0.0
20261009,2026-10-09T18:24:44+09:00,08,常滑,12,20261009-08-12,16:04,5,4,3502,渡邉英児,A2,25,31,42.08,45.6,100.0,,,,4,6.69,-0.06,True,0.0
20261009,2026-10-09T18:24:44+09:00,08,常滑,12,20261009-08-12,16:04,6,6,5239,上野俊樹,B1,54,38,29.51,19.3,100.0,,,,6,6.55,0.15,False,1.0
20261009,2026-10-09T18:24:44+09:00,10,三国,6,20261009-10-06,12:59,1,1,4848,仲谷颯仁,A1,57,45,87.84,96.8,100.0,,,,1,6.71,-0.01,True,-0.5
20261009,2026-10-09T18:24:44+09:00,10,三国,6,20261009-10-06,12:59,2,3,4061,萩原秀人,A1,24,14,75.36,73.7,100.0,,,,3,6.75,0.05,False,-0.5
20261009,2026-10-09T18:24:44+09:00,10,三国,6,20261009-10-06,12:59,3,2,4448,青木玄太,A1,37,71,54.24,48.8,100.0,,,,2,6.78,0.06,False,0.0
20261009,2026-10-09T18:24:44+09:00,10,三国,6,20261009-10-06,12:59,4,4,3897,白井英治,A1,16,59,52.56,48.2,100.0,,,,4,6.82,0.04,False,-0.5
20261009,2026-10-09T18:24:44+09:00,10,三国,6,20261009-10-06,12:59,5,5,4847,佐藤隆太,A1,60,12,37.28,24.6,100.0,,,,5,6.74,0.01,False,-0.5
20261009,2026-10-09T18:24:44+09:00,10,三国,6,20261009-10-06,12:59,6,6,4446,和田兼輔,A1,23,11,26.32,7.9,100.0,,,,6,6.7,0.07,False,0.5
20261009,2026-10-09T18:24:44+09:00,10,三国,7,20261009-10-07,13:29,1,1,4044,湯川浩司,A1,33,31,79.6,74.5,100.0,,,,1,6.67,0.03,False,-0.5
20261009,2026-10-09T18:24:44+09:00,10,三国,7,20261009-10-07,13:29,2,3,4757,山田祐也,A1,69,42,63.98,64.2,100.0,,,,3,6.76,0.09,False,0.0
20261009,2026-10-09T18:24:44+09:00,10,三国,7,20261009-10-07,13:29,3,2,4290,稲田浩二,A1,43,19,58.4,70.0,100.0,,,,2,6.75,0.19,False,0.0
20261009,2026-10-09T18:24:44+09:00,10,三国,7,20261009-10-07,13:29,4,4,3388,今垣光太,A1,12,22,52.88,48.6,100.0,,,,4,6.85,0.07,False,-0.5
20261009,2026-10-09T18:24:44+09:00,10,三国,7,20261009-10-07,13:29,5,5,4604,岩瀬裕亮,A1,58,56,36.32,21.9,100.0,,,,5,6.74,0.06,False,-0.5
20261009,2026-10-09T18:24:44+09:00,10,三国,7,20261009-10-07,13:29,6,6,4682,大上卓人,A1,28,61,33.92,20.8,100.0,,,,6,6.74,0.08,False,-0.5
20261009,2026-10-09T18:24:44+09:00,10,三国,12,20261009-10-12,16:20,1,1,4238,毒島誠,A1,32,36,73.12,81.4,100.0,,,,1,6.74,-0.02,True,-0.5
20261009,2026-10-09T18:24:44+09:00,10,三国,12,20261009-10-12,16:20,2,3,4075,中野次郎,A1,40,39,69.07,69.8,100.0,,,,3,6.67,0.11,False,0.0
20261009,2026-10-09T18:24:44+09:00,10,三国,12,20261009-10-12,16:20,3,2,4719,上條暢嵩,A1,25,32,50.16,39.2,100.0,,,,2,6.73,0.03,False,-0.5
20261009,2026-10-09T18:24:44+09:00,10,三国,12,20261009-10-12,16:20,4,4,5084,末永和也,A1,14,57,42.96,52.2,100.0,,,,4,6.74,0.24,False,0.0
20261009,2026-10-09T18:24:44+09:00,10,三国,12,20261009-10-12,16:20,5,6,4532,秋元哲,A1,31,15,39.68,42.6,100.0,,,,6,6.83,-0.05,True,0.0
20261009,2026-10-09T18:24:44+09:00,10,三国,12,20261009-10-12,16:20,6,5,4477,篠崎仁志,A1,62,13,21.04,14.8,100.0,,,,5,6.73,-0.05,True,-0.5
20261009,2026-10-09T18:24:44+09:00,14,鳴門,4,20261009-14-04,09:53,1,2,4934,佐々木翔,A2,16,22,70.32,65.9,100.0,,,,2,6.71,0.01,False,-0.5
20261009,2026-10-09T18:24:44+09:00,14,鳴門,4,20261009-14-04,09:53,2,1,5133,堀越雄貴,B1,10,54,65.36,67.2,100.0,,,,1,6.68,-0.03,True,0.0
20261009,2026-10-09T18:24:44+09:00,14,鳴門,4,20261009-14-04,09:53,3,4,4917,岩橋裕馬,B1,30,61,55.52,62.4,100.0,,,,4,6.8,-0.02,True,0.0
20261009,2026-10-09T18:24:44+09:00,14,鳴門,4,20261009-14-04,09:53,4,3,5044,渡邉健,B1,14,83,51.44,45.3,100.0,,,,3,6.8,0.06,False,0.0
20261009,2026-10-09T18:24:44+09:00,14,鳴門,4,20261009-14-04,09:53,5,5,4607,鶴田勇雄,A2,56,16,40.37,38.0,100.0,,,,5,6.76,0.15,False,0.5
20261009,2026-10-09T18:24:44+09:00,14,鳴門,4,20261009-14-04,09:53,6,6,5452,上馬場風,B2,82,81,35.76,21.2,100.0,,,,6,6.7,0.1,False,0.0
20261009,2026-10-09T18:24:44+09:00,14,鳴門,7,20261009-14-07,11:23,1,1,4323,山田佑樹,B1,57,80,85.93,84.5,100.0,,,,1,6.68,0.09,False,-0.5
20261009,2026-10-09T18:24:44+09:00,14,鳴門,7,20261009-14-07,11:23,2,3,3981,今坂晃広,B1,51,62,63.68,68.1,100.0,,,,3,6.73,-0.05,True,-0.5
20261009,2026-10-09T18:24:44+09:00,14,鳴門,7,20261009-14-07,11:23,3,2,4111,奥田誠,A2,70,73,61.44,63.8,100.0,,,,2,6.73,-0.04,True,-0.5
20261009,2026-10-09T18:24:44+09:00,14,鳴門,7,20261009-14-07,11:23,4,5,3772,一柳和孝,B1,32,67,46.24,38.8,100.0,,,,5,6.81,0.07,False,-0.5
20261009,2026-10-09T18:24:44+09:00,14,鳴門,7,20261009-14-07,11:23,5,4,4390,松本弓雄,B1,27,13,34.96,26.2,100.0,,,,4,6.83,0.09,False,-0.5
20261009,2026-10-09T18:24:44+09:00,14,鳴門,7,20261009-14-07,11:23,6,6,5468,山口隼人,B2,22,74,23.28,18.6,100.0,,,,6,6.75,0.21,False,-0.5
20261009,2026-10-09T18:24:44+09:00,14,鳴門,10,20261009-14-10,13:07,1,1,4600,井内将太,A1,54,56,76.42,77.0,100.0,,,,1,6.74,0.11,False,-0.5
20261009,2026-10-09T18:24:44+09:00,14,鳴門,10,20261009-14-10,13:07,2,2,4513,河野真也,A2,18,59,76.4,78.0,100.0,,,,2,6.79,0.06,False,0.0
20261009,2026-10-09T18:24:44+09:00,14,鳴門,10,20261009-14-10,13:07,3,3,4100,松田隆司,B1,26,18,57.29,54.0,100.0,,,,3,6.75,0.11,False,0.0
20261009,2026-10-09T18:24:44+09:00,14,鳴門,10,20261009-14-10,13:07,4,4,4875,大塚康雅,B1,33,58,56.79,49.0,100.0,,,,4,6.73,0.11,False,0.0
20261009,2026-10-09T18:24:44+09:00,14,鳴門,10,20261009-14-10,13:07,5,5,5044,渡邉健,B1,14,83,32.16,29.0,100.0,,,,5,6.72,0.16,False,0.0
20261009,2026-10-09T18:24:44+09:00,14,鳴門,10,20261009-14-10,13:07,6,6,4020,川上清人,B1,67,52,18.38,13.0,100.0,,,,6,6.76,0.17,False,0.0
20261009,2026-10-09T18:24:44+09:00,14,鳴門,11,20261009-14-11,13:36,1,1,4381,田路朋史,A2,12,14,74.08,86.6,100.0,,,,1,6.65,0.22,False,-0.5
20261009,2026-10-09T18:24:44+09:00,14,鳴門,11,20261009-14-11,13:36,2,2,4323,山田佑樹,B1,57,80,60.8,67.5,100.0,,,,2,6.8,-0.05,True,-0.5
20261009,2026-10-09T18:24:44+09:00,14,鳴門,11,20261009-14-11,13:36,3,3,4917,岩橋裕馬,B1,30,61,59.1,51.1,100.0,,,,3,6.63,0.08,False,0.0
20261009,2026-10-09T18:24:44+09:00,14,鳴門,11,20261009-14-11,13:36,4,4,4769,馬場剛,A1,79,60,56.37,55.3,100.0,,,,4,6.73,0.1,False,0.0
20261009,2026-10-09T18:24:44+09:00,14,鳴門,11,20261009-14-11,13:36,5,5,4301,関裕也,B1,29,75,43.12,36.4,100.0,,,,5,6.84,0.09,False,-0.5
20261009,2026-10-09T18:24:44+09:00,14,鳴門,11,20261009-14-11,13:36,6,6,5133,堀越雄貴,B1,10,54,17.93,3.1,100.0,,,,6,6.74,0.14,False,0.0
20261009,2026-10-09T18:24:44+09:00,16,児島,2,20261009-16-02,11:29,1,5,4644,山田亮太,A1,33,23,64.48,69.1,100.0,,,,5,6.87,-0.06,True,0.0
20261009,2026-10-09T18:24:44+09:00,16,児島,2,20261009-16-02,11:29,2,4,3746,岡瀬正人,A2,21,24,62.43,63.9,100.0,,,,4,6.93,0.13,False,0.0
20261009,2026-10-09T18:24:44+09:00,16,児島,2,20261009-16-02,11:29,3,3,4485,楠原正剛,B1,32,31,59.44,49.3,100.0,,,,3,6.86,0.09,False,-0.5
20261009,2026-10-09T18:24:44+09:00,16,児島,2,20261009-16-02,11:29,4,1,3860,松本浩貴,B1,59,33,58.0,52.0,100.0,,,,1,6.88,0.02,False,-0.5
20261009,2026-10-09T18:24:44+09:00,16,児島,2,20261009-16-02,11:29,5,2,4277,金田大輔,B1,18,66,51.05,41.2,100.0,,,,2,6.87,0.11,False,0.0
20261009,2026-10-09T18:24:44+09:00,16,児島,2,20261009-16-02,11:29,6,6,4872,山下流心,B1,19,75,34.8,24.5,100.0,,,,6,6.91,0.07,False,-0.5
20261009,2026-10-09T18:24:44+09:00,16,児島,5,20261009-16-05,12:56,1,4,4095,福来剛,A1,17,14,77.04,72.8,100.0,,,,4,6.83,0.06,False,0.0
20261009,2026-10-09T18:24:44+09:00,16,児島,5,20261009-16-05,12:56,2,2,4930,佐藤悠,A2,49,16,74.56,85.7,100.0,,,,2,6.69,0.23,False,0.0
20261009,2026-10-09T18:24:44+09:00,16,児島,5,20261009-16-05,12:56,3,1,4003,表憲一,B1,65,35,49.52,57.4,100.0,,,,1,6.85,0.27,False,0.0
20261009,2026-10-09T18:24:44+09:00,16,児島,5,20261009-16-05,12:56,4,5,4580,長谷川雅,B1,48,21,45.2,36.0,100.0,,,,5,6.87,0.06,False,0.0
20261009,2026-10-09T18:24:44+09:00,16,児島,5,20261009-16-05,12:56,5,3,3075,中村裕将,B1,23,63,38.48,46.6,100.0,,,,3,6.94,0.3,False,0.0
20261009,2026-10-09T18:24:44+09:00,16,児島,5,20261009-16-05,12:56,6,6,3839,川合理司,B1,40,26,1.2,1.5,100.0,,,,6,6.98,0.29,False,-0.5
20261009,2026-10-09T18:24:44+09:00,16,児島,6,20261009-16-06,13:27,1,4,4259,真庭明志,A2,13,58,86.8,85.0,100.0,,,,4,6.76,0.06,False,-0.5
20261009,2026-10-09T18:24:44+09:00,16,児島,6,20261009-16-06,13:27,2,5,5096,上原崚,A2,15,37,57.78,54.5,100.0,,,,5,6.89,0.08,False,-0.5
20261009,2026-10-09T18:24:44+09:00,16,児島,6,20261009-16-06,13:27,3,1,3945,橋口真樹,B1,57,38,49.68,57.6,100.0,,,,1,6.8,0.26,False,-0.5
20261009,2026-10-09T18:24:44+09:00,16,児島,6,20261009-16-06,13:27,4,3,5235,岩田凌,B2,41,54,44.14,40.1,100.0,,,,3,6.74,0.19,False,-0.5
20261009,2026-10-09T18:24:44+09:00,16,児島,6,20261009-16-06,13:27,5,6,3542,清水紀克,B1,69,12,38.56,41.2,100.0,,,,6,6.9,-0.12,True,-0.5
20261009,2026-10-09T18:24:44+09:00,16,児島,6,20261009-16-06,13:27,6,2,3812,山崎聖司,B1,30,34,19.68,21.6,100.0,,,,2,6.81,0.65,False,-0.5
20261009,2026-10-09T18:24:44+09:00,16,児島,11,20261009-16-11,16:15,1,2,3257,田頭実,A1,35,69,83.2,79.0,100.0,,,,2,6.73,0.02,False,-0.5
20261009,2026-10-09T18:24:44+09:00,16,児島,11,20261009-16-11,16:15,2,1,4644,山田亮太,A1,33,23,58.08,69.6,100.0,,,,1,6.88,0.23,False,0.0
20261009,2026-10-09T18:24:44+09:00,16,児島,11,20261009-16-11,16:15,3,5,4930,佐藤悠,A2,49,16,57.96,51.3,100.0,,,,5,6.77,0.08,False,0.0
20261009,2026-10-09T18:24:44+09:00,16,児島,11,20261009-16-11,16:15,4,4,5096,上原崚,A2,15,37,45.28,55.1,100.0,,,,4,6.88,0.25,False,-0.5
20261009,2026-10-09T18:24:44+09:00,16,児島,11,20261009-16-11,16:15,5,3,3748,小黒竜吾,B1,60,40,31.68,22.1,100.0,,,,3,6.95,0.09,False,0.0
20261009,2026-10-09T18:24:44+09:00,16,児島,11,20261009-16-11,16:15,6,6,5223,森清友翔,B1,14,42,22.05,22.9,100.0,,,,6,6.8,0.21,False,0.0
20261009,2026-10-09T18:24:44+09:00,20,若松,2,20261009-20-02,18:34,1,1,3910,松下知幸,B1,14,22,70.96,63.7,100.0,,,,1,6.86,0.11,False,0.0
20261009,2026-10-09T18:24:44+09:00,20,若松,2,20261009-20-02,18:34,2,2,3892,草場康幸,B1,24,23,70.0,64.0,100.0,,,,2,6.88,0.03,False,-0.5
20261009,2026-10-09T18:24:44+09:00,20,若松,2,20261009-20-02,18:34,3,4,4919,吉田翔悟,B1,17,31,60.96,64.7,100.0,,,,4,6.89,-0.05,True,0.0
20261009,2026-10-09T18:24:44+09:00,20,若松,2,20261009-20-02,18:34,4,3,4158,木場雄二,B1,41,36,45.84,38.3,100.0,,,,3,6.91,0.07,False,-0.5
20261009,2026-10-09T18:24:44+09:00,20,若松,2,20261009-20-02,18:34,5,6,4842,山下昂大,A2,8,53,40.0,40.0,100.0,,,,6,6.89,-0.12,True,0.0
20261009,2026-10-09T18:24:44+09:00,20,若松,2,20261009-20-02,18:34,6,5,4648,木村亮太,B1,13,44,29.04,29.3,100.0,,,,5,6.92,-0.03,True,-0.5
20261009,2026-10-09T18:24:44+09:00,23,唐津,3,20261009-23-03,09:48,1,1,3747,國崎良春,A2,34,51,83.5,87.0,100.0,,,,1,6.65,0.34,False,-0.5
20261009,2026-10-09T18:24:44+09:00,23,唐津,3,20261009-23-03,09:48,2,5,3809,吉田光,B1,27,32,46.82,39.1,100.0,,,,5,6.69,0.22,False,-0.5
20261009,2026-10-09T18:24:44+09:00,23,唐津,3,20261009-23-03,09:48,3,2,4035,杉江浩明,B1,55,56,41.3,23.3,100.0,,,,2,6.7,0.13,False,0.0
20261009,2026-10-09T18:24:44+09:00,23,唐津,3,20261009-23-03,09:48,4,3,5230,石原凪紗,B1,40,54,39.2,42.8,100.0,,,,4,6.6,0.36,False,-0.5
20261009,2026-10-09T18:24:44+09:00,23,唐津,3,20261009-23-03,09:48,5,6,4257,古川健,B1,48,4,19.7,19.0,100.0,,,,6,6.69,0.22,False,0.0
20261009,2026-10-09T18:24:44+09:00,24,大村,2,20261009-24-02,15:48,1,1,4640,山ノ内雅,A2,22,51,78.91,89.1,100.0,,,,1,6.83,0.19,False,0.0
20261009,2026-10-09T18:24:44+09:00,24,大村,2,20261009-24-02,15:48,2,3,5338,香月大輝,B1,70,58,66.16,69.4,100.0,,,,3,6.88,0.12,False,0.0
20261009,2026-10-09T18:24:44+09:00,24,大村,2,20261009-24-02,15:48,3,4,4693,松下誉士,B1,55,63,56.24,53.6,100.0,,,,4,6.9,0.14,False,0.0
20261009,2026-10-09T18:24:44+09:00,24,大村,2,20261009-24-02,15:48,4,2,5144,中尾彩香,B1,74,27,54.68,57.1,100.0,,,,2,6.86,0.17,False,-0.5
20261009,2026-10-09T18:24:44+09:00,24,大村,2,20261009-24-02,15:48,5,5,3928,林恵祐,B1,77,73,28.0,17.5,100.0,,,,5,6.97,0.07,False,0.0
20261009,2026-10-09T18:24:44+09:00,24,大村,2,20261009-24-02,15:48,6,6,5458,田中大輝,B2,69,48,25.35,13.3,100.0,,,,6,6.78,0.16,False,3.0
20261009,2026-10-09T18:24:44+09:00,24,大村,3,20261009-24-03,16:17,1,1,4145,小澤学,B1,34,33,72.28,67.8,100.0,,,,1,6.84,0.19,False,0.0
20261009,2026-10-09T18:24:44+09:00,24,大村,3,20261009-24-03,16:17,2,2,3302,谷川里江,B1,39,41,65.84,60.3,100.0,,,,2,6.89,0.04,False,-0.5
20261009,2026-10-09T18:24:44+09:00,24,大村,3,20261009-24-03,16:17,3,4,4656,大崎翔,A2,78,17,59.72,67.1,100.0,,,,4,6.91,0.18,False,0.0
20261009,2026-10-09T18:24:44+09:00,24,大村,3,20261009-24-03,16:17,4,3,3661,柳瀬興志,A2,68,82,56.52,65.9,100.0,,,,3,6.92,0.17,False,0.0
20261009,2026-10-09T18:24:44+09:00,24,大村,3,20261009-24-03,16:17,5,5,5459,田中きら,B2,80,65,37.2,25.5,100.0,,,,6,6.82,0.1,False,-0.5
20261009,2026-10-09T18:24:44+09:00,24,大村,3,20261009-24-03,16:17,6,6,3730,塩崎優司,B1,46,69,27.38,13.4,100.0,,,,5,6.96,0.14,False,0.0
20261009,2026-10-09T18:24:44+09:00,24,大村,5,20261009-24-05,17:09,1,1,5344,谷口丞,B1,19,78,79.38,81.1,100.0,,,,1,6.86,0.1,False,0.0
20261009,2026-10-09T18:24:44+09:00,24,大村,5,20261009-24-05,17:09,2,6,4739,中村晃朋,A1,72,16,68.56,60.7,100.0,,,,6,6.83,0.02,False,0.0
20261009,2026-10-09T18:24:44+09:00,24,大村,5,20261009-24-05,17:09,3,3,4574,東潤樹,A2,13,52,66.56,65.7,100.0,,,,3,6.9,0.06,False,0.0
20261009,2026-10-09T18:24:44+09:00,24,大村,5,20261009-24-05,17:09,4,4,5246,楠将太郎,A2,32,71,49.6,44.1,100.0,,,,4,6.89,0.1,False,0.0
20261009,2026-10-09T18:24:44+09:00,24,大村,5,20261009-24-05,17:09,5,2,3692,竹腰正樹,B1,66,86,34.32,39.9,100.0,,,,2,6.88,0.39,False,0.0
20261009,2026-10-09T18:24:44+09:00,24,大村,5,20261009-24-05,17:09,6,5,5285,若林麗,B1,53,77,24.4,8.5,100.0,,,,5,6.87,0.1,False,0.0
20261009,2026-10-09T18:24:44+09:00,24,大村,8,20261009-24-08,18:41,1,5,5144,中尾彩香,B1,74,27,76.72,72.4,100.0,,,,5,6.83,0.0,False,0.0
20261009,2026-10-09T18:24:44+09:00,24,大村,8,20261009-24-08,18:41,2,1,4632,長尾京志,B1,15,60,72.4,70.0,100.0,,,,1,6.87,0.02,False,0.0
20261009,2026-10-09T18:24:44+09:00,24,大村,8,20261009-24-08,18:41,3,3,4874,池田奈津,B1,31,64,58.8,54.5,100.0,,,,3,6.89,0.01,False,0.0
20261009,2026-10-09T18:24:44+09:00,24,大村,8,20261009-24-08,18:41,4,2,3871,池田紫乃,B1,52,24,54.16,50.2,100.0,,,,2,6.92,0.07,False,0.0
20261009,2026-10-09T18:24:44+09:00,24,大村,8,20261009-24-08,18:41,5,4,5397,寺田夢生,B2,25,53,50.35,38.5,100.0,,,,4,6.82,0.11,False,0.0
20261009,2026-10-09T18:24:44+09:00,24,大村,8,20261009-24-08,18:41,6,6,5459,田中きら,B2,80,65,29.12,14.4,100.0,,,,6,6.83,0.11,False,-0.5
