date,venue_code,venue_name,race,race_id,trifecta,trifecta_pay,exacta,exacta_pay
20260730,04,平和島,1,20260730-04-01,1-3-5,2190,1-3,930
20260730,04,平和島,2,20260730-04-02,3-2-5,1840,3-2,620
20260730,04,平和島,3,20260730-04-03,2-3-1,3230,2-3,550
20260730,04,平和島,4,20260730-04-04,1-3-6,890,1-3,380
20260730,04,平和島,5,20260730-04-05,3-1-2,2970,3-1,960
20260730,04,平和島,6,20260730-04-06,1-2-6,260,1-2,200
20260730,04,平和島,7,20260730-04-07,2-6-5,19060,2-6,1810
20260730,04,平和島,8,20260730-04-08,1-2-3,1010,1-2,250
20260730,04,平和島,9,20260730-04-09,3-4-2,5360,3-4,1590
20260730,04,平和島,10,20260730-04-10,1-4-2,850,1-4,330
20260730,04,平和島,11,20260730-04-11,3-4-1,1860,3-4,700
20260730,04,平和島,12,20260730-04-12,2-4-1,4880,2-4,2460
20260730,08,常滑,1,20260730-08-01,1-3-6,690,1-3,180
20260730,08,常滑,2,20260730-08-02,3-6-1,17930,3-6,3360
20260730,08,常滑,3,20260730-08-03,6-1-2,6090,6-1,2040
20260730,08,常滑,4,20260730-08-04,3-4-1,2700,3-4,480
20260730,08,常滑,5,20260730-08-05,4-1-5,1630,4-1,860
20260730,08,常滑,6,20260730-08-06,1-3-5,730,1-3,270
20260730,08,常滑,7,20260730-08-07,1-4-2,14870,1-4,9250
20260730,08,常滑,8,20260730-08-08,1-2-4,860,1-2,440
20260730,08,常滑,9,20260730-08-09,1-2-5,2330,1-2,870
20260730,08,常滑,10,20260730-08-10,1-4-5,1740,1-4,400
20260730,08,常滑,11,20260730-08-11,1-5-2,2940,1-5,630
20260730,08,常滑,12,20260730-08-12,4-5-6,23740,4-5,6410
20260730,10,三国,1,20260730-10-01,1-4-6,1790,1-4,320
20260730,10,三国,2,20260730-10-02,1-2-3,590,1-2,280
20260730,10,三国,3,20260730-10-03,1-3-2,640,1-3,200
20260730,10,三国,4,20260730-10-04,1-5-6,3800,1-5,1210
20260730,10,三国,5,20260730-10-05,4-3-1,42550,4-3,7560
20260730,10,三国,6,20260730-10-06,5-4-2,9330,5-4,4230
20260730,10,三国,7,20260730-10-07,4-1-2,1030,4-1,540
20260730,10,三国,8,20260730-10-08,4-1-5,23660,4-1,6650
20260730,10,三国,9,20260730-10-09,3-2-4,2760,3-2,1720
20260730,10,三国,10,20260730-10-10,5-1-3,3550,5-1,1120
20260730,10,三国,11,20260730-10-11,1-3-4,3340,1-3,640
20260730,10,三国,12,20260730-10-12,1-2-3,780,1-2,400
20260730,11,びわこ,1,20260730-11-01,1-4-6,1420,1-4,540
20260730,11,びわこ,2,20260730-11-02,5-4-3,14010,5-4,1780
20260730,11,びわこ,3,20260730-11-03,1-5-3,13810,1-5,2650
20260730,11,びわこ,4,20260730-11-04,1-3-4,1450,1-3,410
20260730,11,びわこ,5,20260730-11-05,1-3-5,1210,1-3,510
20260730,11,びわこ,6,20260730-11-06,5-6-3,25950,5-6,4540
20260730,11,びわこ,7,20260730-11-07,1-4-2,680,1-4,330
20260730,11,びわこ,8,20260730-11-08,2-3-1,14950,2-3,5800
20260730,11,びわこ,9,20260730-11-09,1-2-5,1040,1-2,380
20260730,11,びわこ,10,20260730-11-10,2-4-3,7090,2-4,2380
20260730,11,びわこ,11,20260730-11-11,1-2-4,970,1-2,290
20260730,11,びわこ,12,20260730-11-12,2-3-1,13080,2-3,6730
20260730,15,丸亀,1,20260730-15-01,4-6-2,1960,4-6,550
20260730,15,丸亀,2,20260730-15-02,1-3-6,2330,1-3,930
20260730,15,丸亀,3,20260730-15-03,5-2-1,2460,5-2,1400
20260730,15,丸亀,4,20260730-15-04,1-6-2,14580,1-6,5540
20260730,15,丸亀,5,20260730-15-05,1-3-4,830,1-3,340
20260730,15,丸亀,6,20260730-15-06,3-1-5,2100,3-1,1150
20260730,15,丸亀,7,20260730-15-07,3-2-4,3950,3-2,2920
20260730,15,丸亀,8,20260730-15-08,3-2-5,2150,3-2,1270
20260730,15,丸亀,9,20260730-15-09,3-1-4,7780,3-1,2820
20260730,15,丸亀,10,20260730-15-10,6-1-3,25410,6-1,2530
20260730,15,丸亀,11,20260730-15-11,3-1-2,1810,3-1,750
20260730,15,丸亀,12,20260730-15-12,1-3-4,1570,1-3,370
20260730,16,児島,1,20260730-16-01,3-4-6,133780,3-4,10260
20260730,16,児島,2,20260730-16-02,3-4-1,4580,3-4,1900
20260730,16,児島,3,20260730-16-03,4-2-3,1780,4-2,470
20260730,16,児島,4,20260730-16-04,3-5-1,2840,3-5,760
20260730,16,児島,5,20260730-16-05,3-1-5,12750,3-1,4050
20260730,16,児島,6,20260730-16-06,5-3-1,9060,5-3,4560
20260730,16,児島,7,20260730-16-07,1-6-2,1330,1-6,780
20260730,16,児島,8,20260730-16-08,1-2-3,1420,1-2,330
20260730,16,児島,9,20260730-16-09,4-2-1,6070,4-2,1770
20260730,16,児島,10,20260730-16-10,5-1-2,4350,5-1,610
20260730,16,児島,11,20260730-16-11,1-5-3,1850,1-5,460
20260730,16,児島,12,20260730-16-12,4-1-5,6130,4-1,1640
20260730,18,徳山,1,20260730-18-01,1-2-3,1070,1-2,220
20260730,18,徳山,2,20260730-18-02,1-2-4,1690,1-2,880
20260730,18,徳山,3,20260730-18-03,1-3-4,290,1-3,150
20260730,18,徳山,4,20260730-18-04,1-3-2,1500,1-3,840
20260730,18,徳山,5,20260730-18-05,1-6-2,1150,1-6,670
20260730,18,徳山,6,20260730-18-06,1-4-6,840,1-4,320
20260730,18,徳山,7,20260730-18-07,2-1-4,1790,2-1,970
20260730,18,徳山,8,20260730-18-08,6-1-3,4040,6-1,3470
20260730,18,徳山,9,20260730-18-09,1-4-3,1280,1-4,380
20260730,18,徳山,10,20260730-18-10,4-1-3,1790,4-1,900
20260730,18,徳山,11,20260730-18-11,1-4-2,1650,1-4,550
20260730,18,徳山,12,20260730-18-12,2-4-1,25570,2-4,8750
20260730,19,下関,1,20260730-19-01,1-2-6,1390,1-2,290
20260730,19,下関,2,20260730-19-02,1-2-4,1480,1-2,580
20260730,19,下関,3,20260730-19-03,1-5-6,4860,1-5,1780
20260730,19,下関,4,20260730-19-04,6-1-3,1110,6-1,490
20260730,19,下関,5,20260730-19-05,1-3-2,1730,1-3,410
20260730,19,下関,6,20260730-19-06,1-2-6,2250,1-2,440
20260730,19,下関,7,20260730-19-07,1-2-6,990,1-2,480
20260730,19,下関,8,20260730-19-08,1-2-3,1100,1-2,520
20260730,19,下関,9,20260730-19-09,3-1-2,9090,3-1,4660
20260730,19,下関,10,20260730-19-10,1-4-2,880,1-4,370
20260730,19,下関,11,20260730-19-11,1-3-5,1150,1-3,250
20260730,19,下関,12,20260730-19-12,1-3-4,930,1-3,300
20260730,22,福岡,1,20260730-22-01,1-3-4,1290,1-3,340
20260730,22,福岡,2,20260730-22-02,3-1-5,3020,3-1,1160
20260730,22,福岡,3,20260730-22-03,1-2-3,970,1-2,710
20260730,22,福岡,4,20260730-22-04,3-4-2,10990,3-4,2780
20260730,22,福岡,5,20260730-22-05,1-5-2,1560,1-5,550
20260730,22,福岡,6,20260730-22-06,4-1-2,6780,4-1,890
20260730,22,福岡,7,20260730-22-07,2-3-5,5850,2-3,2800
20260730,22,福岡,8,20260730-22-08,1-6-2,670,1-6,480
20260730,22,福岡,9,20260730-22-09,4-3-2,24890,4-3,3800
20260730,22,福岡,10,20260730-22-10,1-3-4,2670,1-3,980
20260730,22,福岡,11,20260730-22-11,1-4-2,1570,1-4,680
20260730,22,福岡,12,20260730-22-12,3-1-2,14870,3-1,3840
20260730,23,唐津,1,20260730-23-01,1-2-3,1800,1-2,310
20260730,23,唐津,2,20260730-23-02,6-4-1,5870,6-4,2900
20260730,23,唐津,3,20260730-23-03,4-1-2,2010,4-1,530
20260730,23,唐津,4,20260730-23-04,3-6-2,8550,3-6,3110
20260730,23,唐津,5,20260730-23-05,1-6-2,1280,1-6,550
20260730,23,唐津,6,20260730-23-06,1-5-2,4110,1-5,800
20260730,23,唐津,7,20260730-23-07,3-2-5,1250,3-2,460
20260730,23,唐津,8,20260730-23-08,1-5-2,710,1-5,390
20260730,23,唐津,9,20260730-23-09,4-2-5,2140,4-2,1340
20260730,23,唐津,10,20260730-23-10,1-5-4,12120,1-5,3480
20260730,23,唐津,11,20260730-23-11,1-2-3,1530,1-2,310
20260730,23,唐津,12,20260730-23-12,1-2-5,2260,1-2,370
20260730,24,大村,1,20260730-24-01,1-4-5,2210,1-4,990
20260730,24,大村,2,20260730-24-02,4-6-3,5130,4-6,1170
20260730,24,大村,3,20260730-24-03,1-2-3,360,1-2,330
20260730,24,大村,4,20260730-24-04,3-1-2,8640,3-1,3590
20260730,24,大村,5,20260730-24-05,1-3-5,480,1-3,180
20260730,24,大村,6,20260730-24-06,6-3-2,135720,6-3,27930
20260730,24,大村,7,20260730-24-07,1-4-2,3910,1-4,960
20260730,24,大村,8,20260730-24-08,1-2-5,570,1-2,310
20260730,24,大村,9,20260730-24-09,1-4-6,7030,1-4,570
20260730,24,大村,10,20260730-24-10,4-1-6,6960,4-1,1610
20260730,24,大村,11,20260730-24-11,1-4-5,2740,1-4,710
20260730,24,大村,12,20260730-24-12,1-2-5,1780,1-2,320
