date,race_id,actual,base_pred,m1_pred,top1_transition,top3_transition,main_driver,boats
20260930,20260930_03_08,2-4-1,1-2-5,2-1-5,×→○,×→×,grade,"[{""boat"": 1, ""finish"": 3, ""base_rank"": 1, ""m1_rank"": 2, ""course_win"": 0.5, ""course_n"": 4, ""grade"": ""B2"", ""grade_rank"": 0.0, ""national_top3"": 0.2368, ""national_n"": 38, ""national_rank"": 0.0, ""m1_score"": 1.0}, {""boat"": 2, ""finish"": 1, ""base_rank"": 2, ""m1_rank"": 1, ""course_win"": 0.2857, ""course_n"": 7, ""grade"": ""A1"", ""grade_rank"": 1.0, ""national_top3"": 0.6591, ""national_n"": 44, ""national_rank"": 1.0, ""m1_score"": 1.1}, {""boat"": 3, ""finish"": 4, ""base_rank"": 4, ""m1_rank"": 4, ""course_win"": 0.0714, ""course_n"": 14, ""grade"": ""A2"", ""grade_rank"": 0.8, ""national_top3"": 0.4688, ""national_n"": 64, ""national_rank"": 0.8, ""m1_score"": 0.64}, {""boat"": 4, ""finish"": 2, ""base_rank"": 5, ""m1_rank"": 5, ""course_win"": 0.0, ""course_n"": 12, ""grade"": ""A2"", ""grade_rank"": 0.6, ""national_top3"": 0.4583, ""national_n"": 72, ""national_rank"": 0.6, ""m1_score"": 0.38}, {""boat"": 5, ""finish"": 5, ""base_rank"": 3, ""m1_rank"": 3, ""course_win"": 0.0769, ""course_n"": 13, ""grade"": ""B1"", ""grade_rank"": 0.4, ""national_top3"": 0.3621, ""national_n"": 58, ""national_rank"": 0.4, ""m1_score"": 0.72}, {""boat"": 6, ""finish"": 6, ""base_rank"": 6, ""m1_rank"": 6, ""course_win"": 0.0, ""course_n"": 5, ""grade"": ""B1"", ""grade_rank"": 0.2, ""national_top3"": 0.2439, ""national_n"": 41, ""national_rank"": 0.2, ""m1_score"": 0.06}]"
20260930,20260930_04_07,2-4-1,1-2-3,2-1-3,×→○,×→×,grade,"[{""boat"": 1, ""finish"": 3, ""base_rank"": 1, ""m1_rank"": 2, ""course_win"": 0.2727, ""course_n"": 11, ""grade"": ""B1"", ""grade_rank"": 0.4, ""national_top3"": 0.3387, ""national_n"": 62, ""national_rank"": 0.0, ""m1_score"": 1.08}, {""boat"": 2, ""finish"": 1, ""base_rank"": 2, ""m1_rank"": 1, ""course_win"": 0.2, ""course_n"": 10, ""grade"": ""A1"", ""grade_rank"": 1.0, ""national_top3"": 0.6618, ""national_n"": 68, ""national_rank"": 1.0, ""m1_score"": 1.1}, {""boat"": 3, ""finish"": 5, ""base_rank"": 3, ""m1_rank"": 3, ""course_win"": 0.0, ""course_n"": 7, ""grade"": ""B1"", ""grade_rank"": 0.2, ""national_top3"": 0.3585, ""national_n"": 53, ""national_rank"": 0.4, ""m1_score"": 0.68}, {""boat"": 4, ""finish"": 2, ""base_rank"": 4, ""m1_rank"": 4, ""course_win"": 0.0, ""course_n"": 7, ""grade"": ""B1"", ""grade_rank"": 0.0, ""national_top3"": 0.4043, ""national_n"": 47, ""national_rank"": 0.6, ""m1_score"": 0.46}, {""boat"": 5, ""finish"": 4, ""base_rank"": 5, ""m1_rank"": 5, ""course_win"": 0.0, ""course_n"": 7, ""grade"": ""A2"", ""grade_rank"": 0.8, ""national_top3"": 0.6538, ""national_n"": 52, ""national_rank"": 0.8, ""m1_score"": 0.44}, {""boat"": 6, ""finish"": 6, ""base_rank"": 6, ""m1_rank"": 6, ""course_win"": 0.0, ""course_n"": 6, ""grade"": ""A2"", ""grade_rank"": 0.6, ""national_top3"": 0.3415, ""national_n"": 41, ""national_rank"": 0.2, ""m1_score"": 0.14}]"
20260930,20260930_14_02,1-2-3,1-2-5,1-2-3,○→○,×→○,grade,"[{""boat"": 1, ""finish"": 1, ""base_rank"": 1, ""m1_rank"": 1, ""course_win"": 0.25, ""course_n"": 12, ""grade"": ""B1"", ""grade_rank"": 0.4, ""national_top3"": 0.6364, ""national_n"": 66, ""national_rank"": 1.0, ""m1_score"": 1.18}, {""boat"": 2, ""finish"": 2, ""base_rank"": 2, ""m1_rank"": 2, ""course_win"": 0.125, ""course_n"": 8, ""grade"": ""A2"", ""grade_rank"": 0.8, ""national_top3"": 0.6122, ""national_n"": 49, ""national_rank"": 0.6, ""m1_score"": 1.02}, {""boat"": 3, ""finish"": 3, ""base_rank"": 4, ""m1_rank"": 3, ""course_win"": 0.1, ""course_n"": 10, ""grade"": ""A1"", ""grade_rank"": 1.0, ""national_top3"": 0.6212, ""national_n"": 66, ""national_rank"": 0.8, ""m1_score"": 0.68}, {""boat"": 4, ""finish"": 4, ""base_rank"": 5, ""m1_rank"": 5, ""course_win"": 0.0, ""course_n"": 5, ""grade"": ""B1"", ""grade_rank"": 0.2, ""national_top3"": 0.5758, ""national_n"": 33, ""national_rank"": 0.4, ""m1_score"": 0.28}, {""boat"": 5, ""finish"": 5, ""base_rank"": 3, ""m1_rank"": 4, ""course_win"": 0.125, ""course_n"": 8, ""grade"": ""B1"", ""grade_rank"": 0.0, ""national_top3"": 0.3148, ""national_n"": 54, ""national_rank"": 0.0, ""m1_score"": 0.6}, {""boat"": 6, ""finish"": 6, ""base_rank"": 6, ""m1_rank"": 6, ""course_win"": 0.0, ""course_n"": 8, ""grade"": ""A2"", ""grade_rank"": 0.6, ""national_top3"": 0.4638, ""national_n"": 69, ""national_rank"": 0.2, ""m1_score"": 0.14}]"
20260930,20260930_16_06,1-2-3,1-3-5,1-3-2,○→○,×→○,grade,"[{""boat"": 1, ""finish"": 1, ""base_rank"": 1, ""m1_rank"": 1, ""course_win"": 0.8235, ""course_n"": 17, ""grade"": ""A1"", ""grade_rank"": 1.0, ""national_top3"": 0.8154, ""national_n"": 65, ""national_rank"": 0.8, ""m1_score"": 1.28}, {""boat"": 2, ""finish"": 2, ""base_rank"": 4, ""m1_rank"": 3, ""course_win"": 0.1111, ""course_n"": 9, ""grade"": ""A1"", ""grade_rank"": 0.8, ""national_top3"": 0.8571, ""national_n"": 63, ""national_rank"": 1.0, ""m1_score"": 0.66}, {""boat"": 3, ""finish"": 3, ""base_rank"": 2, ""m1_rank"": 2, ""course_win"": 0.625, ""course_n"": 8, ""grade"": ""A1"", ""grade_rank"": 0.6, ""national_top3"": 0.7736, ""national_n"": 53, ""national_rank"": 0.6, ""m1_score"": 0.98}, {""boat"": 4, ""finish"": 5, ""base_rank"": 5, ""m1_rank"": 5, ""course_win"": 0.1111, ""course_n"": 18, ""grade"": ""A1"", ""grade_rank"": 0.4, ""national_top3"": 0.5862, ""national_n"": 58, ""national_rank"": 0.4, ""m1_score"": 0.32}, {""boat"": 5, ""finish"": 6, ""base_rank"": 3, ""m1_rank"": 4, ""course_win"": 0.1429, ""course_n"": 14, ""grade"": ""A1"", ""grade_rank"": 0.2, ""national_top3"": 0.5763, ""national_n"": 59, ""national_rank"": 0.2, ""m1_score"": 0.66}, {""boat"": 6, ""finish"": 4, ""base_rank"": 6, ""m1_rank"": 6, ""course_win"": 0.0, ""course_n"": 4, ""grade"": ""A1"", ""grade_rank"": 0.0, ""national_top3"": 0.5652, ""national_n"": 46, ""national_rank"": 0.0, ""m1_score"": 0.0}]"
20260930,20260930_23_10,2-4-5,1-2-5,2-1-5,×→○,×→×,grade,"[{""boat"": 1, ""finish"": 5, ""base_rank"": 1, ""m1_rank"": 2, ""course_win"": 0.625, ""course_n"": 8, ""grade"": ""B1"", ""grade_rank"": 0.2, ""national_top3"": 0.4182, ""national_n"": 55, ""national_rank"": 0.0, ""m1_score"": 1.04}, {""boat"": 2, ""finish"": 1, ""base_rank"": 2, ""m1_rank"": 1, ""course_win"": 0.2222, ""course_n"": 9, ""grade"": ""A2"", ""grade_rank"": 0.8, ""national_top3"": 0.7097, ""national_n"": 62, ""national_rank"": 1.0, ""m1_score"": 1.06}, {""boat"": 3, ""finish"": 4, ""base_rank"": 4, ""m1_rank"": 4, ""course_win"": 0.0, ""course_n"": 14, ""grade"": ""B1"", ""grade_rank"": 0.0, ""national_top3"": 0.5424, ""national_n"": 59, ""national_rank"": 0.6, ""m1_score"": 0.46}, {""boat"": 4, ""finish"": 2, ""base_rank"": 5, ""m1_rank"": 5, ""course_win"": 0.0, ""course_n"": 10, ""grade"": ""A2"", ""grade_rank"": 0.6, ""national_top3"": 0.4921, ""national_n"": 63, ""national_rank"": 0.2, ""m1_score"": 0.34}, {""boat"": 5, ""finish"": 3, ""base_rank"": 3, ""m1_rank"": 3, ""course_win"": 0.1111, ""course_n"": 9, ""grade"": ""A1"", ""grade_rank"": 1.0, ""national_top3"": 0.5636, ""national_n"": 55, ""national_rank"": 0.8, ""m1_score"": 0.88}, {""boat"": 6, ""finish"": 6, ""base_rank"": 6, ""m1_rank"": 6, ""course_win"": 0.0, ""course_n"": 6, ""grade"": ""A2"", ""grade_rank"": 0.4, ""national_top3"": 0.5385, ""national_n"": 39, ""national_rank"": 0.4, ""m1_score"": 0.12}]"
20260930,20260930_24_11,2-1-3,1-3-4,1-3-2,×→×,×→○,grade,"[{""boat"": 1, ""finish"": 2, ""base_rank"": 1, ""m1_rank"": 1, ""course_win"": 0.5, ""course_n"": 12, ""grade"": ""A1"", ""grade_rank"": 1.0, ""national_top3"": 0.5172, ""national_n"": 58, ""national_rank"": 0.2, ""m1_score"": 1.22}, {""boat"": 2, ""finish"": 1, ""base_rank"": 4, ""m1_rank"": 3, ""course_win"": 0.0, ""course_n"": 9, ""grade"": ""A2"", ""grade_rank"": 0.8, ""national_top3"": 0.7188, ""national_n"": 64, ""national_rank"": 1.0, ""m1_score"": 0.66}, {""boat"": 3, ""finish"": 3, ""base_rank"": 2, ""m1_rank"": 2, ""course_win"": 0.2, ""course_n"": 10, ""grade"": ""A2"", ""grade_rank"": 0.6, ""national_top3"": 0.5424, ""national_n"": 59, ""national_rank"": 0.4, ""m1_score"": 0.96}, {""boat"": 4, ""finish"": 6, ""base_rank"": 3, ""m1_rank"": 4, ""course_win"": 0.1111, ""course_n"": 9, ""grade"": ""B1"", ""grade_rank"": 0.0, ""national_top3"": 0.3095, ""national_n"": 42, ""national_rank"": 0.0, ""m1_score"": 0.6}, {""boat"": 5, ""finish"": 4, ""base_rank"": 5, ""m1_rank"": 5, ""course_win"": 0.0, ""course_n"": 11, ""grade"": ""A2"", ""grade_rank"": 0.4, ""national_top3"": 0.6154, ""national_n"": 65, ""national_rank"": 0.6, ""m1_score"": 0.34}, {""boat"": 6, ""finish"": 5, ""base_rank"": 6, ""m1_rank"": 6, ""course_win"": 0.0, ""course_n"": 9, ""grade"": ""A2"", ""grade_rank"": 0.2, ""national_top3"": 0.6234, ""national_n"": 77, ""national_rank"": 0.8, ""m1_score"": 0.12}]"
20261001,20261001_13_02,1-2-3,1-2-3,1-2-4,○→○,○→×,grade,"[{""boat"": 1, ""finish"": 1, ""base_rank"": 1, ""m1_rank"": 1, ""course_win"": 0.4444, ""course_n"": 9, ""grade"": ""B1"", ""grade_rank"": 0.6, ""national_top3"": 0.4314, ""national_n"": 51, ""national_rank"": 0.4, ""m1_score"": 1.16}, {""boat"": 2, ""finish"": 2, ""base_rank"": 2, ""m1_rank"": 2, ""course_win"": 0.125, ""course_n"": 8, ""grade"": ""A1"", ""grade_rank"": 1.0, ""national_top3"": 0.3684, ""national_n"": 38, ""national_rank"": 0.2, ""m1_score"": 1.02}, {""boat"": 3, ""finish"": 3, ""base_rank"": 3, ""m1_rank"": 4, ""course_win"": 0.1111, ""course_n"": 9, ""grade"": ""B2"", ""grade_rank"": 0.0, ""national_top3"": 0.434, ""national_n"": 53, ""national_rank"": 0.6, ""m1_score"": 0.66}, {""boat"": 4, ""finish"": 4, ""base_rank"": 4, ""m1_rank"": 3, ""course_win"": 0.0769, ""course_n"": 13, ""grade"": ""A1"", ""grade_rank"": 0.8, ""national_top3"": 0.7059, ""national_n"": 51, ""national_rank"": 1.0, ""m1_score"": 0.66}, {""boat"": 5, ""finish"": 5, ""base_rank"": 5, ""m1_rank"": 5, ""course_win"": 0.0, ""course_n"": 9, ""grade"": ""B1"", ""grade_rank"": 0.4, ""national_top3"": 0.3095, ""national_n"": 42, ""national_rank"": 0.0, ""m1_score"": 0.28}, {""boat"": 6, ""finish"": 6, ""base_rank"": 6, ""m1_rank"": 6, ""course_win"": 0.0, ""course_n"": 8, ""grade"": ""B1"", ""grade_rank"": 0.2, ""national_top3"": 0.4706, ""national_n"": 51, ""national_rank"": 0.8, ""m1_score"": 0.12}]"
20261001,20261001_23_11,2-1-4,1-2-5,1-2-4,×→×,×→○,grade,"[{""boat"": 1, ""finish"": 2, ""base_rank"": 1, ""m1_rank"": 1, ""course_win"": 0.375, ""course_n"": 8, ""grade"": ""A2"", ""grade_rank"": 0.8, ""national_top3"": 0.6, ""national_n"": 45, ""national_rank"": 0.6, ""m1_score"": 1.22}, {""boat"": 2, ""finish"": 1, ""base_rank"": 2, ""m1_rank"": 2, ""course_win"": 0.2222, ""course_n"": 9, ""grade"": ""B1"", ""grade_rank"": 0.2, ""national_top3"": 0.5556, ""national_n"": 54, ""national_rank"": 0.2, ""m1_score"": 0.86}, {""boat"": 3, ""finish"": 4, ""base_rank"": 5, ""m1_rank"": 5, ""course_win"": 0.0, ""course_n"": 10, ""grade"": ""A2"", ""grade_rank"": 0.6, ""national_top3"": 0.6032, ""national_n"": 63, ""national_rank"": 0.8, ""m1_score"": 0.4}, {""boat"": 4, ""finish"": 3, ""base_rank"": 4, ""m1_rank"": 3, ""course_win"": 0.0909, ""course_n"": 11, ""grade"": ""A1"", ""grade_rank"": 1.0, ""national_top3"": 0.6613, ""national_n"": 62, ""national_rank"": 1.0, ""m1_score"": 0.7}, {""boat"": 5, ""finish"": 6, ""base_rank"": 3, ""m1_rank"": 4, ""course_win"": 0.1111, ""course_n"": 9, ""grade"": ""A2"", ""grade_rank"": 0.4, ""national_top3"": 0.5556, ""national_n"": 63, ""national_rank"": 0.0, ""m1_score"": 0.68}, {""boat"": 6, ""finish"": 5, ""base_rank"": 6, ""m1_rank"": 6, ""course_win"": 0.0, ""course_n"": 6, ""grade"": ""B1"", ""grade_rank"": 0.0, ""national_top3"": 0.5652, ""national_n"": 46, ""national_rank"": 0.4, ""m1_score"": 0.04}]"
20261001,20261001_24_06,1-2-3,1-2-4,1-2-3,○→○,×→○,grade,"[{""boat"": 1, ""finish"": 1, ""base_rank"": 1, ""m1_rank"": 1, ""course_win"": 0.75, ""course_n"": 8, ""grade"": ""B1"", ""grade_rank"": 0.4, ""national_top3"": 0.5106, ""national_n"": 47, ""national_rank"": 0.6, ""m1_score"": 1.14}, {""boat"": 2, ""finish"": 2, ""base_rank"": 2, ""m1_rank"": 2, ""course_win"": 0.2222, ""course_n"": 9, ""grade"": ""A2"", ""grade_rank"": 0.8, ""national_top3"": 0.6087, ""national_n"": 69, ""national_rank"": 1.0, ""m1_score"": 1.06}, {""boat"": 3, ""finish"": 3, ""base_rank"": 4, ""m1_rank"": 3, ""course_win"": 0.0, ""course_n"": 9, ""grade"": ""A1"", ""grade_rank"": 1.0, ""national_top3"": 0.5273, ""national_n"": 55, ""national_rank"": 0.8, ""m1_score"": 0.68}, {""boat"": 4, ""finish"": 5, ""base_rank"": 3, ""m1_rank"": 4, ""course_win"": 0.1, ""course_n"": 10, ""grade"": ""B1"", ""grade_rank"": 0.2, ""national_top3"": 0.3455, ""national_n"": 55, ""national_rank"": 0.2, ""m1_score"": 0.66}, {""boat"": 5, ""finish"": 4, ""base_rank"": 5, ""m1_rank"": 5, ""course_win"": 0.0, ""course_n"": 7, ""grade"": ""B1"", ""grade_rank"": 0.0, ""national_top3"": 0.2955, ""national_n"": 44, ""national_rank"": 0.0, ""m1_score"": 0.2}, {""boat"": 6, ""finish"": 6, ""base_rank"": 6, ""m1_rank"": 6, ""course_win"": 0.0, ""course_n"": 13, ""grade"": ""A2"", ""grade_rank"": 0.6, ""national_top3"": 0.4286, ""national_n"": 49, ""national_rank"": 0.4, ""m1_score"": 0.16}]"
20261002,20261002_07_12,1-2-3,1-3-2,1-3-4,○→○,○→×,grade,"[{""boat"": 1, ""finish"": 1, ""base_rank"": 1, ""m1_rank"": 1, ""course_win"": 0.7778, ""course_n"": 18, ""grade"": ""A1"", ""grade_rank"": 1.0, ""national_top3"": 0.7826, ""national_n"": 69, ""national_rank"": 1.0, ""m1_score"": 1.3}, {""boat"": 2, ""finish"": 2, ""base_rank"": 3, ""m1_rank"": 4, ""course_win"": 0.25, ""course_n"": 4, ""grade"": ""B1"", ""grade_rank"": 0.2, ""national_top3"": 0.3913, ""national_n"": 46, ""national_rank"": 0.0, ""m1_score"": 0.64}, {""boat"": 3, ""finish"": 3, ""base_rank"": 2, ""m1_rank"": 2, ""course_win"": 0.4444, ""course_n"": 9, ""grade"": ""B1"", ""grade_rank"": 0.0, ""national_top3"": 0.6364, ""national_n"": 55, ""national_rank"": 0.6, ""m1_score"": 0.86}, {""boat"": 4, ""finish"": 6, ""base_rank"": 4, ""m1_rank"": 3, ""course_win"": 0.0, ""course_n"": 9, ""grade"": ""A1"", ""grade_rank"": 0.8, ""national_top3"": 0.7297, ""national_n"": 74, ""national_rank"": 0.8, ""m1_score"": 0.64}, {""boat"": 5, ""finish"": 4, ""base_rank"": 5, ""m1_rank"": 5, ""course_win"": 0.0, ""course_n"": 12, ""grade"": ""A1"", ""grade_rank"": 0.6, ""national_top3"": 0.6, ""national_n"": 75, ""national_rank"": 0.4, ""m1_score"": 0.36}, {""boat"": 6, ""finish"": 5, ""base_rank"": 6, ""m1_rank"": 6, ""course_win"": 0.0, ""course_n"": 11, ""grade"": ""A2"", ""grade_rank"": 0.4, ""national_top3"": 0.5735, ""national_n"": 68, ""national_rank"": 0.2, ""m1_score"": 0.1}]"
20261002,20261002_09_04,3-5-6,1-3-5,3-1-5,×→○,×→×,grade,"[{""boat"": 1, ""finish"": 5, ""base_rank"": 1, ""m1_rank"": 2, ""course_win"": 0.3333, ""course_n"": 6, ""grade"": ""B2"", ""grade_rank"": 0.0, ""national_top3"": 0.275, ""national_n"": 40, ""national_rank"": 0.0, ""m1_score"": 1.0}, {""boat"": 2, ""finish"": 6, ""base_rank"": 4, ""m1_rank"": 4, ""course_win"": 0.0, ""course_n"": 6, ""grade"": ""A1"", ""grade_rank"": 1.0, ""national_top3"": 0.5625, ""national_n"": 64, ""national_rank"": 0.4, ""m1_score"": 0.64}, {""boat"": 3, ""finish"": 1, ""base_rank"": 2, ""m1_rank"": 1, ""course_win"": 0.2308, ""course_n"": 13, ""grade"": ""A1"", ""grade_rank"": 0.8, ""national_top3"": 0.6557, ""national_n"": 61, ""national_rank"": 0.8, ""m1_score"": 1.04}, {""boat"": 4, ""finish"": 4, ""base_rank"": 5, ""m1_rank"": 5, ""course_win"": 0.0, ""course_n"": 6, ""grade"": ""B1"", ""grade_rank"": 0.2, ""national_top3"": 0.4651, ""national_n"": 43, ""national_rank"": 0.2, ""m1_score"": 0.26}, {""boat"": 5, ""finish"": 2, ""base_rank"": 3, ""m1_rank"": 3, ""course_win"": 0.1111, ""course_n"": 9, ""grade"": ""A2"", ""grade_rank"": 0.6, ""national_top3"": 0.6765, ""national_n"": 68, ""national_rank"": 1.0, ""m1_score"": 0.82}, {""boat"": 6, ""finish"": 3, ""base_rank"": 6, ""m1_rank"": 6, ""course_win"": 0.0, ""course_n"": 10, ""grade"": ""A2"", ""grade_rank"": 0.4, ""national_top3"": 0.5758, ""national_n"": 66, ""national_rank"": 0.6, ""m1_score"": 0.14}]"
20261002,20261002_13_02,3-1-4,1-4-2,1-4-3,×→×,×→○,grade,"[{""boat"": 1, ""finish"": 2, ""base_rank"": 1, ""m1_rank"": 1, ""course_win"": 0.2, ""course_n"": 5, ""grade"": ""B1"", ""grade_rank"": 0.6, ""national_top3"": 0.4419, ""national_n"": 43, ""national_rank"": 0.6, ""m1_score"": 1.18}, {""boat"": 2, ""finish"": 4, ""base_rank"": 3, ""m1_rank"": 4, ""course_win"": 0.0, ""course_n"": 7, ""grade"": ""B2"", ""grade_rank"": 0.0, ""national_top3"": 0.2424, ""national_n"": 33, ""national_rank"": 0.2, ""m1_score"": 0.62}, {""boat"": 3, ""finish"": 1, ""base_rank"": 4, ""m1_rank"": 3, ""course_win"": 0.0, ""course_n"": 8, ""grade"": ""A2"", ""grade_rank"": 1.0, ""national_top3"": 0.5227, ""national_n"": 44, ""national_rank"": 0.8, ""m1_score"": 0.68}, {""boat"": 4, ""finish"": 3, ""base_rank"": 2, ""m1_rank"": 2, ""course_win"": 0.1667, ""course_n"": 12, ""grade"": ""A2"", ""grade_rank"": 0.8, ""national_top3"": 0.5833, ""national_n"": 60, ""national_rank"": 1.0, ""m1_score"": 1.06}, {""boat"": 5, ""finish"": 6, ""base_rank"": 5, ""m1_rank"": 5, ""course_win"": 0.0, ""course_n"": 4, ""grade"": ""B1"", ""grade_rank"": 0.4, ""national_top3"": 0.2963, ""national_n"": 27, ""national_rank"": 0.4, ""m1_score"": 0.32}, {""boat"": 6, ""finish"": 5, ""base_rank"": 6, ""m1_rank"": 6, ""course_win"": 0.0, ""course_n"": 10, ""grade"": ""B1"", ""grade_rank"": 0.2, ""national_top3"": 0.1569, ""national_n"": 51, ""national_rank"": 0.0, ""m1_score"": 0.04}]"
20261002,20261002_18_10,3-4-6,1-3-2,3-1-2,×→○,×→×,grade,"[{""boat"": 1, ""finish"": 5, ""base_rank"": 1, ""m1_rank"": 2, ""course_win"": 0.6667, ""course_n"": 6, ""grade"": ""B2"", ""grade_rank"": 0.0, ""national_top3"": 0.5641, ""national_n"": 39, ""national_rank"": 0.4, ""m1_score"": 1.04}, {""boat"": 2, ""finish"": 6, ""base_rank"": 3, ""m1_rank"": 3, ""course_win"": 0.0, ""course_n"": 8, ""grade"": ""B1"", ""grade_rank"": 0.6, ""national_top3"": 0.38, ""national_n"": 50, ""national_rank"": 0.2, ""m1_score"": 0.74}, {""boat"": 3, ""finish"": 1, ""base_rank"": 2, ""m1_rank"": 1, ""course_win"": 0.1538, ""course_n"": 13, ""grade"": ""A1"", ""grade_rank"": 1.0, ""national_top3"": 0.5797, ""national_n"": 69, ""national_rank"": 0.6, ""m1_score"": 1.06}, {""boat"": 4, ""finish"": 2, ""base_rank"": 4, ""m1_rank"": 4, ""course_win"": 0.0, ""course_n"": 5, ""grade"": ""B1"", ""grade_rank"": 0.4, ""national_top3"": 0.65, ""national_n"": 60, ""national_rank"": 0.8, ""m1_score"": 0.56}, {""boat"": 5, ""finish"": 4, ""base_rank"": 5, ""m1_rank"": 6, ""course_win"": 0.0, ""course_n"": 16, ""grade"": ""B1"", ""grade_rank"": 0.2, ""national_top3"": 0.1404, ""national_n"": 57, ""national_rank"": 0.0, ""m1_score"": 0.24}, {""boat"": 6, ""finish"": 3, ""base_rank"": 6, ""m1_rank"": 5, ""course_win"": 0.0, ""course_n"": 13, ""grade"": ""A2"", ""grade_rank"": 0.8, ""national_top3"": 0.6866, ""national_n"": 67, ""national_rank"": 1.0, ""m1_score"": 0.26}]"
20261002,20261002_24_05,1-4-6,1-6-3,1-6-4,○→○,×→○,grade,"[{""boat"": 1, ""finish"": 1, ""base_rank"": 1, ""m1_rank"": 1, ""course_win"": 0.5, ""course_n"": 6, ""grade"": ""B1"", ""grade_rank"": 0.8, ""national_top3"": 0.3571, ""national_n"": 56, ""national_rank"": 0.4, ""m1_score"": 1.2}, {""boat"": 2, ""finish"": 4, ""base_rank"": 5, ""m1_rank"": 5, ""course_win"": 0.0, ""course_n"": 6, ""grade"": ""B1"", ""grade_rank"": 0.6, ""national_top3"": 0.3659, ""national_n"": 41, ""national_rank"": 0.6, ""m1_score"": 0.38}, {""boat"": 3, ""finish"": 5, ""base_rank"": 3, ""m1_rank"": 4, ""course_win"": 0.0833, ""course_n"": 12, ""grade"": ""B1"", ""grade_rank"": 0.4, ""national_top3"": 0.2075, ""national_n"": 53, ""national_rank"": 0.0, ""m1_score"": 0.68}, {""boat"": 4, ""finish"": 2, ""base_rank"": 4, ""m1_rank"": 3, ""course_win"": 0.0833, ""course_n"": 12, ""grade"": ""A2"", ""grade_rank"": 1.0, ""national_top3"": 0.7031, ""national_n"": 64, ""national_rank"": 0.8, ""m1_score"": 0.68}, {""boat"": 5, ""finish"": 6, ""base_rank"": 6, ""m1_rank"": 6, ""course_win"": 0.0, ""course_n"": 9, ""grade"": ""B1"", ""grade_rank"": 0.2, ""national_top3"": 0.3393, ""national_n"": 56, ""national_rank"": 0.2, ""m1_score"": 0.06}, {""boat"": 6, ""finish"": 3, ""base_rank"": 2, ""m1_rank"": 2, ""course_win"": 0.1429, ""course_n"": 7, ""grade"": ""B1"", ""grade_rank"": 0.0, ""national_top3"": 0.7073, ""national_n"": 41, ""national_rank"": 1.0, ""m1_score"": 0.9}]"
20261002,20261002_24_11,2-1-3,1-2-4,2-1-4,×→○,×→×,grade,"[{""boat"": 1, ""finish"": 2, ""base_rank"": 1, ""m1_rank"": 2, ""course_win"": 0.8, ""course_n"": 10, ""grade"": ""A2"", ""grade_rank"": 0.2, ""national_top3"": 0.5968, ""national_n"": 62, ""national_rank"": 0.2, ""m1_score"": 1.06}, {""boat"": 2, ""finish"": 1, ""base_rank"": 2, ""m1_rank"": 1, ""course_win"": 0.4, ""course_n"": 5, ""grade"": ""A1"", ""grade_rank"": 1.0, ""national_top3"": 0.7273, ""national_n"": 33, ""national_rank"": 0.8, ""m1_score"": 1.08}, {""boat"": 3, ""finish"": 3, ""base_rank"": 4, ""m1_rank"": 4, ""course_win"": 0.0588, ""course_n"": 17, ""grade"": ""A1"", ""grade_rank"": 0.8, ""national_top3"": 0.7123, ""national_n"": 73, ""national_rank"": 0.6, ""m1_score"": 0.62}, {""boat"": 4, ""finish"": 4, ""base_rank"": 3, ""m1_rank"": 3, ""course_win"": 0.0833, ""course_n"": 12, ""grade"": ""A1"", ""grade_rank"": 0.6, ""national_top3"": 0.7639, ""national_n"": 72, ""national_rank"": 1.0, ""m1_score"": 0.82}, {""boat"": 5, ""finish"": 5, ""base_rank"": 5, ""m1_rank"": 5, ""course_win"": 0.0, ""course_n"": 10, ""grade"": ""A2"", ""grade_rank"": 0.0, ""national_top3"": 0.6364, ""national_n"": 66, ""national_rank"": 0.4, ""m1_score"": 0.24}, {""boat"": 6, ""finish"": 6, ""base_rank"": 6, ""m1_rank"": 6, ""course_win"": 0.0, ""course_n"": 10, ""grade"": ""A1"", ""grade_rank"": 0.4, ""national_top3"": 0.5439, ""national_n"": 57, ""national_rank"": 0.0, ""m1_score"": 0.08}]"
