target_date,generated_at,venue_code,venue_name,race,race_id,deadline,rank,boat,registration_no,racer_name,grade,motor_no,boat_no,score,morning_score_reference,data_coverage_pct,exhibition_course,exhibition_time,exhibition_st,exhibition_f,tilt
20261007,2026-10-07T15:51:52+09:00,01,桐生,1,20261007-01-01,15:25,1,1,3652,森下勇,B1,20,13,71.2,64.0,100.0,1,6.79,0.08,False,-0.5
20261007,2026-10-07T15:51:52+09:00,01,桐生,1,20261007-01-01,15:25,2,2,3596,河上年昭,B1,30,34,65.52,58.4,100.0,2,6.79,0.05,False,0.0
20261007,2026-10-07T15:51:52+09:00,01,桐生,1,20261007-01-01,15:25,3,3,3848,川上聡介,B1,24,75,65.12,59.4,100.0,3,6.82,0.07,False,-0.5
20261007,2026-10-07T15:51:52+09:00,01,桐生,1,20261007-01-01,15:25,4,5,4151,下河誉史,B1,73,17,58.0,64.0,100.0,5,6.88,-0.01,True,-0.5
20261007,2026-10-07T15:51:52+09:00,01,桐生,1,20261007-01-01,15:25,5,4,5046,松山裕基,B1,49,25,45.84,36.8,100.0,4,6.82,0.06,False,0.0
20261007,2026-10-07T15:51:52+09:00,01,桐生,1,20261007-01-01,15:25,6,6,4245,高橋直哉,B1,35,11,19.52,17.4,100.0,6,6.89,-0.03,True,-0.5
20261007,2026-10-07T15:51:52+09:00,01,桐生,2,20261007-01-02,15:55,1,2,5311,小林京平,B1,14,45,82.72,78.4,100.0,2,6.77,0.05,False,-0.5
20261007,2026-10-07T15:51:52+09:00,01,桐生,2,20261007-01-02,15:55,2,1,3546,中里昌志,B1,60,28,68.16,66.2,100.0,1,6.88,0.08,False,0.0
20261007,2026-10-07T15:51:52+09:00,01,桐生,2,20261007-01-02,15:55,3,3,4550,石岡将太,A2,32,42,62.48,60.3,100.0,3,6.87,0.13,False,-0.5
20261007,2026-10-07T15:51:52+09:00,01,桐生,2,20261007-01-02,15:55,4,5,3635,石田政吾,B1,33,38,50.64,45.8,100.0,5,6.96,0.03,False,-0.5
20261007,2026-10-07T15:51:52+09:00,01,桐生,2,20261007-01-02,15:55,5,4,4837,酒井陽祐,B1,47,26,46.56,34.7,100.0,4,6.79,0.01,False,-0.5
20261007,2026-10-07T15:51:52+09:00,01,桐生,2,20261007-01-02,15:55,6,6,4803,飯田庄吾,B1,13,70,28.08,14.6,100.0,6,6.87,0.07,False,-0.5
20261007,2026-10-07T15:51:52+09:00,03,江戸川,1,20261007-03-01,11:14,1,1,4414,大澤真菜,B1,36,60,72.48,77.6,100.0,1,6.57,-0.04,True,0.0
20261007,2026-10-07T15:51:52+09:00,03,江戸川,1,20261007-03-01,11:14,2,4,5320,岩崎麗子,B1,30,50,69.68,66.6,100.0,4,6.63,0.01,False,0.5
20261007,2026-10-07T15:51:52+09:00,03,江戸川,1,20261007-03-01,11:14,3,5,4891,寺島美里,B1,32,66,53.68,45.1,100.0,5,6.6,0.04,False,0.0
20261007,2026-10-07T15:51:52+09:00,03,江戸川,1,20261007-03-01,11:14,4,3,4941,孫崎百世,B1,63,26,50.96,49.2,100.0,3,6.55,-0.01,True,0.5
20261007,2026-10-07T15:51:52+09:00,03,江戸川,1,20261007-03-01,11:14,5,2,4843,深尾巴恵,B1,62,70,46.72,51.4,100.0,2,6.71,-0.11,True,0.0
20261007,2026-10-07T15:51:52+09:00,03,江戸川,1,20261007-03-01,11:14,6,6,5454,谷島咲希,B2,17,25,23.28,10.1,100.0,6,6.63,0.12,False,-0.5
20261007,2026-10-07T15:51:52+09:00,03,江戸川,2,20261007-03-02,11:41,1,1,4924,中北涼,B1,55,18,80.16,78.2,100.0,1,6.78,0.06,False,0.5
20261007,2026-10-07T15:51:52+09:00,03,江戸川,2,20261007-03-02,11:41,2,3,4286,平田さや,A2,31,56,77.76,87.8,100.0,3,6.73,0.19,False,0.5
20261007,2026-10-07T15:51:52+09:00,03,江戸川,2,20261007-03-02,11:41,3,2,4246,喜多那由,B1,41,24,47.2,37.5,100.0,2,6.77,0.12,False,0.0
20261007,2026-10-07T15:51:52+09:00,03,江戸川,2,20261007-03-02,11:41,4,6,5390,高橋涼夏,B2,46,52,34.76,40.3,100.0,6,6.82,0.22,False,0.5
20261007,2026-10-07T15:51:52+09:00,03,江戸川,2,20261007-03-02,11:41,5,5,4882,瀧川千依,B2,23,12,27.57,32.5,100.0,5,6.84,0.23,False,0.5
20261007,2026-10-07T15:51:52+09:00,03,江戸川,2,20261007-03-02,11:41,6,4,5153,佐藤ほの,B1,16,46,18.96,23.7,100.0,4,6.85,0.22,False,0.5
20261007,2026-10-07T15:51:52+09:00,03,江戸川,5,20261007-03-05,13:02,1,4,3618,海野ゆか,A1,34,62,86.56,90.7,100.0,4,6.97,0.11,False,0.0
20261007,2026-10-07T15:51:52+09:00,03,江戸川,5,20261007-03-05,13:02,2,2,3528,笠野友紀,B1,43,48,64.81,61.1,100.0,2,6.75,0.17,False,0.0
20261007,2026-10-07T15:51:52+09:00,03,江戸川,5,20261007-03-05,13:02,3,1,3357,福島陽子,B1,27,28,63.95,64.6,100.0,1,6.79,0.21,False,0.0
20261007,2026-10-07T15:51:52+09:00,03,江戸川,5,20261007-03-05,13:02,4,3,5365,石村日奈,B1,57,17,33.4,36.7,100.0,3,6.79,0.27,False,0.0
20261007,2026-10-07T15:51:52+09:00,03,江戸川,5,20261007-03-05,13:02,5,5,5361,植竹玲奈,B1,10,10,30.37,33.1,100.0,5,6.87,0.24,False,0.5
20261007,2026-10-07T15:51:52+09:00,03,江戸川,5,20261007-03-05,13:02,6,6,5418,堀内亜海,B2,19,16,21.73,13.8,100.0,6,6.93,0.18,False,0.0
20261007,2026-10-07T15:51:52+09:00,03,江戸川,6,20261007-03-06,13:29,1,2,4450,平高奈菜,A2,15,40,67.17,70.9,100.0,2,6.82,0.19,False,0.0
20261007,2026-10-07T15:51:52+09:00,03,江戸川,6,20261007-03-06,13:29,2,1,5213,湯淺紀香,B1,53,13,65.69,69.8,100.0,1,6.82,0.2,False,0.5
20261007,2026-10-07T15:51:52+09:00,03,江戸川,6,20261007-03-06,13:29,3,3,3611,岩崎芳美,A2,28,27,60.72,71.4,100.0,3,6.85,0.21,False,0.0
20261007,2026-10-07T15:51:52+09:00,03,江戸川,6,20261007-03-06,13:29,4,4,4414,大澤真菜,B1,36,60,41.04,51.3,100.0,4,6.93,0.39,False,0.0
20261007,2026-10-07T15:51:52+09:00,03,江戸川,6,20261007-03-06,13:29,5,5,5153,佐藤ほの,B1,16,46,17.12,19.9,100.0,5,6.87,0.35,False,0.0
20261007,2026-10-07T15:51:52+09:00,03,江戸川,6,20261007-03-06,13:29,6,6,5358,増本杏珠,B2,69,51,15.76,16.7,100.0,6,6.86,0.35,False,0.5
20261007,2026-10-07T15:51:52+09:00,03,江戸川,7,20261007-03-07,14:02,1,3,4627,藤原菜希,A2,26,49,71.59,77.1,100.0,3,6.84,0.16,False,0.5
20261007,2026-10-07T15:51:52+09:00,03,江戸川,7,20261007-03-07,14:02,2,5,3932,池田浩美,B1,48,53,68.36,70.9,100.0,5,6.86,0.16,False,1.0
20261007,2026-10-07T15:51:52+09:00,03,江戸川,7,20261007-03-07,14:02,3,1,4882,瀧川千依,B2,23,12,63.77,63.2,100.0,1,6.97,0.12,False,0.5
20261007,2026-10-07T15:51:52+09:00,03,江戸川,7,20261007-03-07,14:02,4,2,5151,山下奈緒,B1,20,55,41.25,43.0,100.0,2,6.92,0.21,False,0.0
20261007,2026-10-07T15:51:52+09:00,03,江戸川,7,20261007-03-07,14:02,5,4,5314,中曽瑠華,B1,25,67,39.93,33.1,100.0,4,6.88,0.14,False,0.5
20261007,2026-10-07T15:51:52+09:00,03,江戸川,7,20261007-03-07,14:02,6,6,5454,谷島咲希,B2,17,25,16.16,12.7,100.0,6,6.75,0.31,False,0.0
20261007,2026-10-07T15:51:52+09:00,03,江戸川,8,20261007-03-08,14:27,1,4,4680,後藤美翼,A2,51,31,79.04,73.8,100.0,4,6.75,0.06,False,0.5
20261007,2026-10-07T15:51:52+09:00,03,江戸川,8,20261007-03-08,14:27,2,2,4275,菅野はや,B1,38,47,61.43,67.6,100.0,2,6.8,0.21,False,0.0
20261007,2026-10-07T15:51:52+09:00,03,江戸川,8,20261007-03-08,14:27,3,1,4246,喜多那由,B1,41,24,54.82,57.4,100.0,1,6.99,0.15,False,0.0
20261007,2026-10-07T15:51:52+09:00,03,江戸川,8,20261007-03-08,14:27,4,5,5117,冨名腰桃,B1,49,68,42.51,44.0,100.0,5,6.84,0.18,False,0.0
20261007,2026-10-07T15:51:52+09:00,03,江戸川,8,20261007-03-08,14:27,5,3,3994,小野桜,B1,65,21,39.68,46.6,100.0,3,6.8,0.38,False,0.0
20261007,2026-10-07T15:51:52+09:00,03,江戸川,8,20261007-03-08,14:27,6,6,5447,岡本亜子,B2,33,39,18.03,10.6,100.0,6,6.75,0.21,False,0.0
20261007,2026-10-07T15:51:52+09:00,03,江戸川,9,20261007-03-09,14:52,1,1,5129,山口真喜,A2,56,64,81.92,87.9,100.0,1,6.76,-0.09,True,0.5
20261007,2026-10-07T15:51:52+09:00,03,江戸川,9,20261007-03-09,14:52,2,3,4347,魚谷香織,A2,37,29,58.4,70.0,100.0,3,6.83,0.29,False,0.5
20261007,2026-10-07T15:51:52+09:00,03,江戸川,9,20261007-03-09,14:52,3,4,4891,寺島美里,B1,32,66,51.22,50.2,100.0,4,6.86,0.13,False,0.0
20261007,2026-10-07T15:51:52+09:00,03,江戸川,9,20261007-03-09,14:52,4,2,3357,福島陽子,B1,27,28,47.52,41.9,100.0,2,6.87,0.05,False,0.0
20261007,2026-10-07T15:51:52+09:00,03,江戸川,9,20261007-03-09,14:52,5,5,4965,福岡泉水,B1,35,32,39.05,30.0,100.0,5,6.78,0.12,False,0.0
20261007,2026-10-07T15:51:52+09:00,03,江戸川,9,20261007-03-09,14:52,6,6,5327,西田和加,B2,71,43,33.6,20.0,100.0,6,6.78,0.05,False,0.5
20261007,2026-10-07T15:51:52+09:00,03,江戸川,10,20261007-03-10,15:22,1,1,4286,平田さや,A2,31,56,79.09,88.0,100.0,1,6.73,0.18,False,0.5
20261007,2026-10-07T15:51:52+09:00,03,江戸川,10,20261007-03-10,15:22,2,3,4974,安井瑞紀,A2,12,37,63.04,77.3,100.0,3,6.86,0.28,False,0.0
20261007,2026-10-07T15:51:52+09:00,03,江戸川,10,20261007-03-10,15:22,3,2,3604,武藤綾子,B1,24,41,47.41,46.3,100.0,2,6.78,0.19,False,0.5
20261007,2026-10-07T15:51:52+09:00,03,江戸川,10,20261007-03-10,15:22,4,6,5320,岩崎麗子,B1,30,50,45.33,36.6,100.0,6,6.76,0.12,False,0.5
20261007,2026-10-07T15:51:52+09:00,03,江戸川,10,20261007-03-10,15:22,5,4,4690,高石梨菜,B2,22,61,34.58,36.7,100.0,4,6.82,0.21,False,0.5
20261007,2026-10-07T15:51:52+09:00,03,江戸川,10,20261007-03-10,15:22,6,5,5418,堀内亜海,B2,19,16,15.74,15.1,100.0,5,6.88,0.23,False,0.0
20261007,2026-10-07T15:51:52+09:00,03,江戸川,11,20261007-03-11,15:53,1,1,3435,寺田千恵,A2,18,59,70.88,77.1,100.0,1,6.77,-0.02,True,0.0
20261007,2026-10-07T15:51:52+09:00,03,江戸川,11,20261007-03-11,15:53,2,4,3611,岩崎芳美,A2,28,27,67.12,80.9,100.0,4,6.78,0.21,False,0.0
20261007,2026-10-07T15:51:52+09:00,03,江戸川,11,20261007-03-11,15:53,3,2,5314,中曽瑠華,B1,25,67,38.64,40.8,100.0,2,6.73,0.27,False,0.5
20261007,2026-10-07T15:51:52+09:00,03,江戸川,11,20261007-03-11,15:53,4,6,3528,笠野友紀,B1,43,48,32.72,34.9,100.0,6,6.76,0.3,False,0.0
20261007,2026-10-07T15:51:52+09:00,03,江戸川,11,20261007-03-11,15:53,5,3,4283,石井裕美,B1,45,36,31.36,30.7,100.0,3,6.8,-0.05,True,0.5
20261007,2026-10-07T15:51:52+09:00,03,江戸川,11,20261007-03-11,15:53,6,5,5390,高橋涼夏,B2,46,52,28.48,35.6,100.0,5,6.83,0.27,False,0.5
20261007,2026-10-07T15:51:52+09:00,05,多摩川,1,20261007-05-01,10:41,1,3,4233,亀山雅幸,A2,14,39,79.04,65.7,100.0,2,6.61,0.01,False,0.0
20261007,2026-10-07T15:51:52+09:00,05,多摩川,1,20261007-05-01,10:41,2,1,3870,寺嶋雄,B1,52,52,76.96,79.0,100.0,1,6.65,0.04,False,0.0
20261007,2026-10-07T15:51:52+09:00,05,多摩川,1,20261007-05-01,10:41,3,2,3857,阿波勝哉,B1,65,74,56.32,51.9,100.0,5,6.56,-0.05,True,2.0
20261007,2026-10-07T15:51:52+09:00,05,多摩川,1,20261007-05-01,10:41,4,5,3976,内田圭,B1,67,58,40.96,52.2,100.0,4,6.72,-0.04,True,0.0
20261007,2026-10-07T15:51:52+09:00,05,多摩川,1,20261007-05-01,10:41,5,4,4650,中山雄太,B2,35,67,29.68,28.7,100.0,3,6.65,-0.01,True,-0.5
20261007,2026-10-07T15:51:52+09:00,05,多摩川,1,20261007-05-01,10:41,6,6,5406,小畑楓夏,B2,54,36,25.44,22.5,100.0,6,6.7,-0.07,True,-0.5
20261007,2026-10-07T15:51:52+09:00,05,多摩川,2,20261007-05-02,11:11,1,1,4618,乃村康友,B1,75,70,85.04,82.8,100.0,1,6.65,0.05,False,0.0
20261007,2026-10-07T15:51:52+09:00,05,多摩川,2,20261007-05-02,11:11,2,2,4889,後藤盛也,B1,64,82,66.92,70.4,100.0,2,6.69,0.19,False,-0.5
20261007,2026-10-07T15:51:52+09:00,05,多摩川,2,20261007-05-02,11:11,3,3,4703,森永隆,A1,26,80,58.0,58.0,100.0,3,6.62,-0.01,True,0.0
20261007,2026-10-07T15:51:52+09:00,05,多摩川,2,20261007-05-02,11:11,4,4,4876,梅木敬太,B1,58,41,50.24,43.8,100.0,4,6.75,0.01,False,0.0
20261007,2026-10-07T15:51:52+09:00,05,多摩川,2,20261007-05-02,11:11,5,5,5334,樫葉新心,B1,36,24,37.6,40.0,100.0,5,6.77,-0.01,True,-0.5
20261007,2026-10-07T15:51:52+09:00,05,多摩川,2,20261007-05-02,11:11,6,6,5387,戸田海咲,B2,37,57,20.4,5.0,100.0,6,6.7,0.06,False,-0.5
20261007,2026-10-07T15:51:52+09:00,05,多摩川,3,20261007-05-03,11:40,1,2,4163,山崎裕司,A2,53,43,85.92,82.4,100.0,2,6.62,0.03,False,-0.5
20261007,2026-10-07T15:51:52+09:00,05,多摩川,3,20261007-05-03,11:40,2,1,3680,森林太,B1,29,72,73.36,69.7,100.0,1,6.65,0.09,False,-0.5
20261007,2026-10-07T15:51:52+09:00,05,多摩川,3,20261007-05-03,11:40,3,3,4469,土山卓也,A2,47,35,67.26,61.9,100.0,3,6.63,0.13,False,-0.5
20261007,2026-10-07T15:51:52+09:00,05,多摩川,3,20261007-05-03,11:40,4,4,4988,牟田奨太,B1,39,51,36.8,43.0,100.0,4,6.65,0.22,False,0.0
20261007,2026-10-07T15:51:52+09:00,05,多摩川,3,20261007-05-03,11:40,5,5,4293,鈴木智啓,B1,18,44,35.57,27.8,100.0,5,6.73,0.09,False,0.0
20261007,2026-10-07T15:51:52+09:00,05,多摩川,3,20261007-05-03,11:40,6,6,3655,本橋克洋,B1,73,63,13.36,15.2,100.0,6,6.67,0.27,False,0.0
20261007,2026-10-07T15:51:52+09:00,05,多摩川,4,20261007-05-04,12:12,1,4,4794,和田拓也,A1,34,47,78.24,72.8,100.0,4,6.64,0.03,False,0.0
20261007,2026-10-07T15:51:52+09:00,05,多摩川,4,20261007-05-04,12:12,2,1,4725,佐竹太一,B1,55,45,62.96,72.7,100.0,1,6.67,0.26,False,-0.5
20261007,2026-10-07T15:51:52+09:00,05,多摩川,4,20261007-05-04,12:12,3,5,3777,樋口亮,A2,17,28,60.72,53.9,100.0,5,6.67,0.03,False,-0.5
20261007,2026-10-07T15:51:52+09:00,05,多摩川,4,20261007-05-04,12:12,4,3,5125,高井雄基,A2,22,65,48.29,49.6,100.0,3,6.76,0.18,False,-0.5
20261007,2026-10-07T15:51:52+09:00,05,多摩川,4,20261007-05-04,12:12,5,2,4990,田中博子,B2,13,38,39.68,30.6,100.0,2,6.74,0.13,False,-0.5
20261007,2026-10-07T15:51:52+09:00,05,多摩川,4,20261007-05-04,12:12,6,6,3660,長谷川親,B1,20,81,32.72,20.4,100.0,6,6.7,0.04,False,-0.5
20261007,2026-10-07T15:51:52+09:00,05,多摩川,5,20261007-05-05,12:39,1,3,3684,清水攻二,A2,31,22,69.04,67.3,100.0,3,6.67,0.09,False,-0.5
20261007,2026-10-07T15:51:52+09:00,05,多摩川,5,20261007-05-05,12:39,2,2,5034,若林義人,A1,70,31,67.43,59.8,100.0,2,6.55,0.08,False,0.0
20261007,2026-10-07T15:51:52+09:00,05,多摩川,5,20261007-05-05,12:39,3,1,4636,赤池修平,B1,50,25,66.29,69.9,100.0,1,6.63,0.18,False,0.0
20261007,2026-10-07T15:51:52+09:00,05,多摩川,5,20261007-05-05,12:39,4,5,3857,阿波勝哉,B1,65,74,42.96,37.4,100.0,6,6.55,0.05,False,2.0
20261007,2026-10-07T15:51:52+09:00,05,多摩川,5,20261007-05-05,12:39,5,6,5272,松田真実,B1,49,54,37.44,28.8,100.0,5,6.66,-0.01,True,-0.5
20261007,2026-10-07T15:51:52+09:00,05,多摩川,5,20261007-05-05,12:39,6,4,3567,吉岡誠,B1,57,34,32.48,36.8,100.0,4,6.72,-0.11,True,0.0
20261007,2026-10-07T15:51:52+09:00,05,多摩川,6,20261007-05-06,13:10,1,1,4732,堀本和也,A2,41,27,85.76,85.2,100.0,1,6.65,0.01,False,-0.5
20261007,2026-10-07T15:51:52+09:00,05,多摩川,6,20261007-05-06,13:10,2,5,5029,中亮太,A1,42,37,82.88,78.6,100.0,5,6.6,0.02,False,0.0
20261007,2026-10-07T15:51:52+09:00,05,多摩川,6,20261007-05-06,13:10,3,2,4911,片岡大地,A2,28,68,55.28,48.6,100.0,2,6.67,0.07,False,-0.5
20261007,2026-10-07T15:51:52+09:00,05,多摩川,6,20261007-05-06,13:10,4,4,3870,寺嶋雄,B1,52,52,46.48,40.6,100.0,4,6.71,0.03,False,0.0
20261007,2026-10-07T15:51:52+09:00,05,多摩川,6,20261007-05-06,13:10,5,3,5385,鈴木柊介,B1,46,59,39.3,30.2,100.0,3,6.7,0.06,False,0.0
20261007,2026-10-07T15:51:52+09:00,05,多摩川,6,20261007-05-06,13:10,6,6,5410,今泉澪,B2,63,29,32.24,16.8,100.0,6,6.64,0.05,False,0.0
20261007,2026-10-07T15:51:52+09:00,05,多摩川,7,20261007-05-07,13:43,1,2,4914,吉田裕平,A1,66,33,80.24,85.8,100.0,2,6.69,-0.01,True,0.0
20261007,2026-10-07T15:51:52+09:00,05,多摩川,7,20261007-05-07,13:43,2,1,4233,亀山雅幸,A2,14,39,69.44,73.8,100.0,1,6.71,-0.08,True,0.0
20261007,2026-10-07T15:51:52+09:00,05,多摩川,7,20261007-05-07,13:43,3,3,3105,内山文典,B1,27,48,52.25,55.4,100.0,3,6.78,0.14,False,0.0
20261007,2026-10-07T15:51:52+09:00,05,多摩川,7,20261007-05-07,13:43,4,4,4469,土山卓也,A2,47,35,49.76,40.2,100.0,4,6.71,0.01,False,0.0
20261007,2026-10-07T15:51:52+09:00,05,多摩川,7,20261007-05-07,13:43,5,6,5461,板頭里緒,B2,32,84,34.08,22.1,100.0,6,6.71,0.02,False,-0.5
20261007,2026-10-07T15:51:52+09:00,05,多摩川,7,20261007-05-07,13:43,6,5,5387,戸田海咲,B2,37,57,33.36,22.7,100.0,5,6.76,0.04,False,-0.5
20261007,2026-10-07T15:51:52+09:00,05,多摩川,8,20261007-05-08,14:14,1,1,4529,嶋義信,A1,61,42,93.6,92.0,100.0,1,6.69,0.04,False,-0.5
20261007,2026-10-07T15:51:52+09:00,05,多摩川,8,20261007-05-08,14:14,2,2,4824,松井洪弥,A2,68,76,60.0,62.0,100.0,2,6.74,-0.04,True,-0.5
20261007,2026-10-07T15:51:52+09:00,05,多摩川,8,20261007-05-08,14:14,3,3,4725,佐竹太一,B1,55,45,59.2,52.0,100.0,3,6.74,0.04,False,-0.5
20261007,2026-10-07T15:51:52+09:00,05,多摩川,8,20261007-05-08,14:14,4,4,3680,森林太,B1,29,72,46.27,43.4,100.0,4,6.79,0.17,False,-0.5
20261007,2026-10-07T15:51:52+09:00,05,多摩川,8,20261007-05-08,14:14,5,5,5406,小畑楓夏,B2,54,36,38.03,30.5,100.0,5,6.82,0.12,False,-0.5
20261007,2026-10-07T15:51:52+09:00,05,多摩川,8,20261007-05-08,14:14,6,6,5334,樫葉新心,B1,36,24,31.28,20.1,100.0,6,6.79,0.06,False,-0.5
20261007,2026-10-07T15:51:52+09:00,05,多摩川,9,20261007-05-09,14:46,1,1,5034,若林義人,A1,70,31,80.96,76.2,100.0,1,6.61,0.06,False,0.0
20261007,2026-10-07T15:51:52+09:00,05,多摩川,9,20261007-05-09,14:46,2,3,4794,和田拓也,A1,34,47,74.72,69.9,100.0,3,6.71,0.05,False,0.0
20261007,2026-10-07T15:51:52+09:00,05,多摩川,9,20261007-05-09,14:46,3,4,4618,乃村康友,B1,75,70,65.6,61.5,100.0,4,6.78,0.04,False,0.0
20261007,2026-10-07T15:51:52+09:00,05,多摩川,9,20261007-05-09,14:46,4,2,4318,桑原将光,A2,69,55,50.4,45.5,100.0,2,6.84,0.09,False,0.0
20261007,2026-10-07T15:51:52+09:00,05,多摩川,9,20261007-05-09,14:46,5,6,3976,内田圭,B1,67,58,29.04,31.8,100.0,6,6.72,0.28,False,0.0
20261007,2026-10-07T15:51:52+09:00,05,多摩川,9,20261007-05-09,14:46,6,5,5439,志賀美優,B2,12,83,27.28,15.1,100.0,5,6.78,0.11,False,-0.5
20261007,2026-10-07T15:51:52+09:00,05,多摩川,10,20261007-05-10,15:15,1,2,4732,堀本和也,A2,41,27,71.12,77.4,100.0,2,6.68,-0.05,True,-0.5
20261007,2026-10-07T15:51:52+09:00,05,多摩川,10,20261007-05-10,15:15,2,1,4703,森永隆,A1,26,80,67.76,70.2,100.0,1,6.64,-0.06,True,0.0
20261007,2026-10-07T15:51:52+09:00,05,多摩川,10,20261007-05-10,15:15,3,5,4889,後藤盛也,B1,64,82,49.4,47.0,100.0,5,6.65,0.15,False,-0.5
20261007,2026-10-07T15:51:52+09:00,05,多摩川,10,20261007-05-10,15:15,4,6,3757,畑和宏,A2,62,77,39.23,34.2,100.0,6,6.78,0.13,False,-0.5
20261007,2026-10-07T15:51:52+09:00,05,多摩川,10,20261007-05-10,15:15,5,3,3567,吉岡誠,B1,57,34,34.88,33.6,100.0,3,6.71,-0.01,True,0.0
20261007,2026-10-07T15:51:52+09:00,05,多摩川,10,20261007-05-10,15:15,6,4,5125,高井雄基,A2,22,65,31.28,37.6,100.0,4,6.76,0.29,False,-0.5
20261007,2026-10-07T15:51:52+09:00,05,多摩川,11,20261007-05-11,15:50,1,1,5029,中亮太,A1,42,37,90.12,96.2,100.0,1,6.62,0.13,False,0.0
20261007,2026-10-07T15:51:52+09:00,05,多摩川,11,20261007-05-11,15:50,2,3,4163,山崎裕司,A2,53,43,75.36,72.2,100.0,3,6.67,0.02,False,-0.5
20261007,2026-10-07T15:51:52+09:00,05,多摩川,11,20261007-05-11,15:50,3,5,4274,長畑友輔,B1,72,64,54.08,50.1,100.0,5,6.75,0.02,False,-0.5
20261007,2026-10-07T15:51:52+09:00,05,多摩川,11,20261007-05-11,15:50,4,2,3777,樋口亮,A2,17,28,50.96,43.2,100.0,2,6.68,0.09,False,-0.5
20261007,2026-10-07T15:51:52+09:00,05,多摩川,11,20261007-05-11,15:50,5,4,4911,片岡大地,A2,28,68,26.16,31.2,100.0,4,6.7,0.24,False,-0.5
20261007,2026-10-07T15:51:52+09:00,05,多摩川,11,20261007-05-11,15:50,6,6,4650,中山雄太,B2,35,67,16.08,7.1,100.0,6,6.66,-0.02,True,-0.5
20261007,2026-10-07T15:51:52+09:00,07,蒲郡,1,20261007-07-01,15:18,1,4,4630,岩永雅人,A2,16,16,85.42,81.8,100.0,4,6.56,0.11,False,0.0
20261007,2026-10-07T15:51:52+09:00,07,蒲郡,1,20261007-07-01,15:18,2,1,4979,中野夢斗,B1,55,71,78.4,77.5,100.0,1,6.65,0.04,False,-0.5
20261007,2026-10-07T15:51:52+09:00,07,蒲郡,1,20261007-07-01,15:18,3,2,3277,齋藤勇,B1,75,24,47.2,46.0,100.0,2,6.62,-0.04,True,0.0
20261007,2026-10-07T15:51:52+09:00,07,蒲郡,1,20261007-07-01,15:18,4,3,5263,花田凱成,B1,46,66,46.16,35.7,100.0,3,6.62,0.03,False,0.0
20261007,2026-10-07T15:51:52+09:00,07,蒲郡,1,20261007-07-01,15:18,5,5,3808,秋田健太,B1,13,67,41.16,35.6,100.0,5,6.67,0.15,False,0.0
20261007,2026-10-07T15:51:52+09:00,07,蒲郡,1,20261007-07-01,15:18,6,6,3662,大庭元明,B1,71,77,27.67,23.4,100.0,6,6.67,0.15,False,0.0
20261007,2026-10-07T15:51:52+09:00,08,常滑,2,20261007-08-02,10:47,1,1,3502,渡邉英児,A2,25,31,73.29,75.4,100.0,1,6.69,0.14,False,0.0
20261007,2026-10-07T15:51:52+09:00,08,常滑,2,20261007-08-02,10:47,2,2,5239,上野俊樹,B1,54,38,72.68,68.3,100.0,2,6.64,0.11,False,0.5
20261007,2026-10-07T15:51:52+09:00,08,常滑,2,20261007-08-02,10:47,3,3,4792,杉村賢也,B1,22,78,52.96,44.2,100.0,3,6.68,0.09,False,0.0
20261007,2026-10-07T15:51:52+09:00,08,常滑,2,20261007-08-02,10:47,4,4,4296,岡崎恭裕,A2,2,32,50.88,57.6,100.0,4,6.66,0.31,False,0.0
20261007,2026-10-07T15:51:52+09:00,08,常滑,2,20261007-08-02,10:47,5,5,5436,市川瑚幸,B2,3,55,38.0,30.0,100.0,5,6.77,0.07,False,0.0
20261007,2026-10-07T15:51:52+09:00,08,常滑,2,20261007-08-02,10:47,6,6,4552,杉山勝匡,B1,42,63,28.69,24.5,100.0,6,6.74,0.15,False,0.0
20261007,2026-10-07T15:51:52+09:00,08,常滑,3,20261007-08-03,11:18,1,2,4137,君島秀三,A1,9,14,76.88,70.4,100.0,3,6.68,-0.07,True,0.5
20261007,2026-10-07T15:51:52+09:00,08,常滑,3,20261007-08-03,11:18,2,1,4306,畔柳俊吾,B1,7,34,52.88,68.2,100.0,2,6.72,-0.12,True,0.0
20261007,2026-10-07T15:51:52+09:00,08,常滑,3,20261007-08-03,11:18,3,3,4105,松下直也,B1,55,15,50.08,51.7,100.0,1,6.76,-0.1,True,0.0
20261007,2026-10-07T15:51:52+09:00,08,常滑,3,20261007-08-03,11:18,4,4,5321,一色颯輝,B1,52,54,44.4,44.7,100.0,4,6.73,-0.06,True,0.0
20261007,2026-10-07T15:51:52+09:00,08,常滑,3,20261007-08-03,11:18,5,6,3436,柏野幸二,A2,37,74,42.24,37.4,100.0,5,6.68,-0.06,True,0.5
20261007,2026-10-07T15:51:52+09:00,08,常滑,3,20261007-08-03,11:18,6,5,5465,直江健成,B2,1,18,25.12,27.6,100.0,6,6.76,-0.05,True,0.0
20261007,2026-10-07T15:51:52+09:00,08,常滑,4,20261007-08-04,11:46,1,4,4207,松下一也,A1,41,25,85.2,87.5,100.0,4,6.7,0.07,False,0.0
20261007,2026-10-07T15:51:52+09:00,08,常滑,4,20261007-08-04,11:46,2,1,5331,佐藤永梧,B1,36,66,78.64,76.3,100.0,1,6.67,0.01,False,0.0
20261007,2026-10-07T15:51:52+09:00,08,常滑,4,20261007-08-04,11:46,3,2,5013,山下夏鈴,B1,4,24,50.86,47.0,100.0,2,6.61,0.15,False,0.0
20261007,2026-10-07T15:51:52+09:00,08,常滑,4,20261007-08-04,11:46,4,6,4624,高田明,A1,58,49,49.52,38.4,100.0,6,6.65,0.11,False,0.0
20261007,2026-10-07T15:51:52+09:00,08,常滑,4,20261007-08-04,11:46,5,3,3458,東健介,B1,33,70,39.84,29.3,100.0,3,6.69,0.07,False,0.0
20261007,2026-10-07T15:51:52+09:00,08,常滑,4,20261007-08-04,11:46,6,5,3814,金子貴志,B1,43,40,17.2,21.5,100.0,5,6.71,0.27,False,0.0
20261007,2026-10-07T15:51:52+09:00,08,常滑,5,20261007-08-05,12:18,1,6,4288,永田啓二,A1,38,59,73.44,69.8,100.0,6,6.71,0.04,False,1.0
20261007,2026-10-07T15:51:52+09:00,08,常滑,5,20261007-08-05,12:18,2,1,4589,塩崎桐加,B1,59,48,72.96,76.7,100.0,1,6.64,-0.01,True,0.0
20261007,2026-10-07T15:51:52+09:00,08,常滑,5,20261007-08-05,12:18,3,2,4369,丹下将,A2,51,21,66.96,60.2,100.0,2,6.7,0.05,False,0.0
20261007,2026-10-07T15:51:52+09:00,08,常滑,5,20261007-08-05,12:18,4,4,4430,永田秀二,A2,23,44,48.88,58.1,100.0,4,6.72,0.27,False,0.0
20261007,2026-10-07T15:51:52+09:00,08,常滑,5,20261007-08-05,12:18,5,5,3474,松瀬弘美,B1,35,20,30.64,20.8,100.0,5,6.75,0.05,False,-0.5
20261007,2026-10-07T15:51:52+09:00,08,常滑,5,20261007-08-05,12:18,6,3,3642,大塚浩二,B1,60,16,26.72,14.4,100.0,3,6.74,0.07,False,0.0
20261007,2026-10-07T15:51:52+09:00,08,常滑,6,20261007-08-06,12:51,1,1,4063,市橋卓士,A1,12,23,84.96,84.2,100.0,1,6.68,0.02,False,0.0
20261007,2026-10-07T15:51:52+09:00,08,常滑,6,20261007-08-06,12:51,2,3,5239,上野俊樹,B1,54,38,65.39,62.1,100.0,3,6.63,0.13,False,0.5
20261007,2026-10-07T15:51:52+09:00,08,常滑,6,20261007-08-06,12:51,3,5,3841,佐々木和,A2,40,76,49.28,44.1,100.0,5,6.78,0.05,False,0.0
20261007,2026-10-07T15:51:52+09:00,08,常滑,6,20261007-08-06,12:51,4,4,3761,山本光雄,B1,26,35,47.04,35.3,100.0,4,6.66,0.03,False,0.0
20261007,2026-10-07T15:51:52+09:00,08,常滑,6,20261007-08-06,12:51,5,2,5341,山道諄也,B1,17,72,41.84,50.8,100.0,2,6.72,0.33,False,0.0
20261007,2026-10-07T15:51:52+09:00,08,常滑,6,20261007-08-06,12:51,6,6,4202,浮田圭浩,B1,21,61,35.2,23.5,100.0,6,6.71,0.05,False,0.0
20261007,2026-10-07T15:51:52+09:00,08,常滑,7,20261007-08-07,13:21,1,3,4295,小坂尚哉,A1,8,77,79.67,79.8,100.0,3,6.58,0.1,False,0.0
20261007,2026-10-07T15:51:52+09:00,08,常滑,7,20261007-08-07,13:21,2,4,4460,後藤翔之,A2,39,57,79.52,81.9,100.0,4,6.77,0.08,False,0.0
20261007,2026-10-07T15:51:52+09:00,08,常滑,7,20261007-08-07,13:21,3,2,4785,木幡純也,B1,24,52,46.93,52.1,100.0,2,6.66,0.24,False,0.5
20261007,2026-10-07T15:51:52+09:00,08,常滑,7,20261007-08-07,13:21,4,1,5355,萩原丈太,B1,34,42,46.88,50.1,100.0,1,6.72,-0.01,True,0.0
20261007,2026-10-07T15:51:52+09:00,08,常滑,7,20261007-08-07,13:21,5,5,4792,杉村賢也,B1,22,78,35.2,22.0,100.0,5,6.69,0.08,False,0.0
20261007,2026-10-07T15:51:52+09:00,08,常滑,7,20261007-08-07,13:21,6,6,3929,杢野誓良,B1,20,60,27.68,14.1,100.0,6,6.7,0.03,False,0.0
20261007,2026-10-07T15:51:52+09:00,08,常滑,8,20261007-08-08,13:54,1,1,3544,豊田訓靖,B1,57,50,62.84,71.0,100.0,1,6.74,0.18,False,0.0
20261007,2026-10-07T15:51:52+09:00,08,常滑,8,20261007-08-08,13:54,2,4,4447,深川麻奈,B1,53,47,60.88,61.6,100.0,4,6.66,-0.01,True,0.0
20261007,2026-10-07T15:51:52+09:00,08,常滑,8,20261007-08-08,13:54,3,5,3659,藤生雄人,A2,50,68,55.92,46.4,100.0,5,6.69,0.04,False,0.0
20261007,2026-10-07T15:51:52+09:00,08,常滑,8,20261007-08-08,13:54,4,2,4236,松村敏,A1,6,28,54.05,59.5,100.0,2,6.71,0.17,False,0.0
20261007,2026-10-07T15:51:52+09:00,08,常滑,8,20261007-08-08,13:54,5,3,4103,山崎善庸,B1,19,69,50.88,44.6,100.0,3,6.73,0.13,False,0.0
20261007,2026-10-07T15:51:52+09:00,08,常滑,8,20261007-08-08,13:54,6,6,5465,直江健成,B2,1,18,29.92,16.9,100.0,6,6.71,0.13,False,0.0
20261007,2026-10-07T15:51:52+09:00,08,常滑,9,20261007-08-09,14:27,1,3,4369,丹下将,A2,51,21,65.52,78.9,100.0,3,6.73,0.26,False,0.0
20261007,2026-10-07T15:51:52+09:00,08,常滑,9,20261007-08-09,14:27,2,1,3933,山地正樹,B1,56,19,60.99,71.5,100.0,1,6.68,0.23,False,0.0
20261007,2026-10-07T15:51:52+09:00,08,常滑,9,20261007-08-09,14:27,3,5,4137,君島秀三,A1,9,14,59.11,56.5,100.0,5,6.67,0.1,False,0.0
20261007,2026-10-07T15:51:52+09:00,08,常滑,9,20261007-08-09,14:27,4,4,4706,三浦洋次,A2,5,46,46.77,55.4,100.0,4,6.75,0.23,False,0.0
20261007,2026-10-07T15:51:52+09:00,08,常滑,9,20261007-08-09,14:27,5,2,3814,金子貴志,B1,43,40,26.32,31.4,100.0,2,6.74,0.36,False,0.0
20261007,2026-10-07T15:51:52+09:00,08,常滑,9,20261007-08-09,14:27,6,6,5415,阿部未侑,B2,18,39,16.64,6.3,100.0,6,6.66,-0.02,True,0.0
20261007,2026-10-07T15:51:52+09:00,08,常滑,10,20261007-08-10,14:57,1,1,4430,永田秀二,A2,23,44,74.16,73.1,100.0,1,6.68,0.04,False,0.0
20261007,2026-10-07T15:51:52+09:00,08,常滑,10,20261007-08-10,14:57,2,3,4296,岡崎恭裕,A2,2,32,66.4,60.6,100.0,3,6.64,0.1,False,0.0
20261007,2026-10-07T15:51:52+09:00,08,常滑,10,20261007-08-10,14:57,3,5,4063,市橋卓士,A1,12,23,61.44,60.2,100.0,4,6.7,-0.04,True,-0.5
20261007,2026-10-07T15:51:52+09:00,08,常滑,10,20261007-08-10,14:57,4,2,4105,松下直也,B1,55,15,60.31,56.6,100.0,2,6.67,0.16,False,0.0
20261007,2026-10-07T15:51:52+09:00,08,常滑,10,20261007-08-10,14:57,5,4,5190,大月遊雅,B1,11,11,26.43,25.4,100.0,5,6.68,0.17,False,0.0
20261007,2026-10-07T15:51:52+09:00,08,常滑,10,20261007-08-10,14:57,6,6,4439,近藤友宝,B1,10,65,26.08,24.1,100.0,6,6.69,-0.01,True,0.0
20261007,2026-10-07T15:51:52+09:00,08,常滑,11,20261007-08-11,15:33,1,1,4295,小坂尚哉,A1,8,77,83.28,81.4,100.0,1,6.61,0.08,False,0.0
20261007,2026-10-07T15:51:52+09:00,08,常滑,11,20261007-08-11,15:33,2,4,4288,永田啓二,A1,38,59,60.0,75.0,100.0,4,6.74,0.37,False,0.5
20261007,2026-10-07T15:51:52+09:00,08,常滑,11,20261007-08-11,15:33,3,3,3841,佐々木和,A2,40,76,56.2,59.9,100.0,3,6.72,0.16,False,0.0
20261007,2026-10-07T15:51:52+09:00,08,常滑,11,20261007-08-11,15:33,4,2,5331,佐藤永梧,B1,36,66,35.28,38.1,100.0,2,6.65,0.2,False,0.0
20261007,2026-10-07T15:51:52+09:00,08,常滑,11,20261007-08-11,15:33,5,5,4306,畔柳俊吾,B1,7,34,31.29,25.3,100.0,5,6.67,0.17,False,0.0
20261007,2026-10-07T15:51:52+09:00,08,常滑,11,20261007-08-11,15:33,6,6,4117,廣中智紗,A2,27,17,23.16,20.3,100.0,6,6.69,0.21,False,0.0
20261007,2026-10-07T15:51:52+09:00,08,常滑,12,20261007-08-12,16:01,1,1,4236,松村敏,A1,6,28,77.7,75.9,100.0,1,6.64,0.09,False,0.0
20261007,2026-10-07T15:51:52+09:00,08,常滑,12,20261007-08-12,16:01,2,4,4624,高田明,A1,58,49,58.64,61.8,100.0,4,6.64,-0.04,True,0.0
20261007,2026-10-07T15:51:52+09:00,08,常滑,12,20261007-08-12,16:01,3,3,3502,渡邉英児,A2,25,31,56.0,60.0,100.0,3,6.65,-0.04,True,0.0
20261007,2026-10-07T15:51:52+09:00,08,常滑,12,20261007-08-12,16:01,4,5,4460,後藤翔之,A2,39,57,51.2,57.0,100.0,5,6.71,-0.01,True,0.0
20261007,2026-10-07T15:51:52+09:00,08,常滑,12,20261007-08-12,16:01,5,2,3761,山本光雄,B1,26,35,38.81,36.7,100.0,2,6.68,0.14,False,0.0
20261007,2026-10-07T15:51:52+09:00,08,常滑,12,20261007-08-12,16:01,6,6,5321,一色颯輝,B1,52,54,26.88,8.6,100.0,6,6.63,0.01,False,0.0
20261007,2026-10-07T15:51:52+09:00,10,三国,1,20261007-10-01,10:36,1,2,4448,青木玄太,A1,37,71,61.6,65.5,100.0,2,6.77,-0.05,True,0.0
20261007,2026-10-07T15:51:52+09:00,10,三国,1,20261007-10-01,10:36,2,1,4024,井口佳典,A1,66,35,56.48,57.6,100.0,1,6.76,-0.02,True,-0.5
20261007,2026-10-07T15:51:52+09:00,10,三国,1,20261007-10-01,10:36,3,3,4857,加藤翔馬,A1,13,16,54.56,59.7,100.0,3,6.8,-0.09,True,-0.5
20261007,2026-10-07T15:51:52+09:00,10,三国,1,20261007-10-01,10:36,4,5,3737,上平真二,A1,39,55,49.92,55.4,100.0,5,6.8,-0.16,True,0.0
20261007,2026-10-07T15:51:52+09:00,10,三国,1,20261007-10-01,10:36,5,6,4832,権藤俊光,A1,42,66,36.8,31.5,100.0,6,6.68,-0.09,True,0.0
20261007,2026-10-07T15:51:52+09:00,10,三国,1,20261007-10-01,10:36,6,4,4587,木田峰由,A1,52,17,32.24,30.3,100.0,4,6.79,-0.12,True,-0.5
20261007,2026-10-07T15:51:52+09:00,10,三国,2,20261007-10-02,11:04,1,1,4757,山田祐也,A1,69,42,70.24,74.8,100.0,1,6.71,-0.05,True,0.0
20261007,2026-10-07T15:51:52+09:00,10,三国,2,20261007-10-02,11:04,2,4,4524,深谷知博,A1,64,50,61.28,51.6,100.0,4,6.7,0.03,False,-0.5
20261007,2026-10-07T15:51:52+09:00,10,三国,2,20261007-10-02,11:04,3,5,4856,豊田健士,A1,29,46,57.04,52.3,100.0,5,6.74,0.01,False,0.0
20261007,2026-10-07T15:51:52+09:00,10,三国,2,20261007-10-02,11:04,4,3,4532,秋元哲,A1,31,15,52.96,56.2,100.0,3,6.72,-0.04,True,0.0
20261007,2026-10-07T15:51:52+09:00,10,三国,2,20261007-10-02,11:04,5,2,4013,中島孝平,A1,38,60,36.88,39.1,100.0,2,6.76,-0.06,True,-0.5
20261007,2026-10-07T15:51:52+09:00,10,三国,2,20261007-10-02,11:04,6,6,4290,稲田浩二,A1,43,19,31.36,26.0,100.0,6,6.71,0.12,False,0.5
20261007,2026-10-07T15:51:52+09:00,10,三国,3,20261007-10-03,11:32,1,2,4544,松田大志,A1,51,26,72.72,65.9,100.0,2,6.63,0.05,False,-0.5
20261007,2026-10-07T15:51:52+09:00,10,三国,3,20261007-10-03,11:32,2,3,4446,和田兼輔,A1,23,11,63.92,56.4,100.0,3,6.81,0.02,False,-0.5
20261007,2026-10-07T15:51:52+09:00,10,三国,3,20261007-10-03,11:32,3,1,4028,田村隆信,A1,15,62,53.2,56.5,100.0,1,6.86,-0.01,True,-0.5
20261007,2026-10-07T15:51:52+09:00,10,三国,3,20261007-10-03,11:32,4,4,4504,前田将太,A1,34,47,47.6,51.0,100.0,4,6.86,-0.01,True,-0.5
20261007,2026-10-07T15:51:52+09:00,10,三国,3,20261007-10-03,11:32,5,5,4237,大峯豊,A1,70,58,45.84,45.8,100.0,5,6.82,-0.04,True,-0.5
20261007,2026-10-07T15:51:52+09:00,10,三国,3,20261007-10-03,11:32,6,6,3388,今垣光太,A1,12,22,25.12,24.4,100.0,6,6.93,-0.05,True,-0.5
20261007,2026-10-07T15:51:52+09:00,10,三国,4,20261007-10-04,12:01,1,1,4932,新開航,A1,50,24,81.07,87.6,100.0,1,6.73,0.13,False,-0.5
20261007,2026-10-07T15:51:52+09:00,10,三国,4,20261007-10-04,12:01,2,2,4604,岩瀬裕亮,A1,58,56,56.24,56.9,100.0,2,6.75,0.12,False,-0.5
20261007,2026-10-07T15:51:52+09:00,10,三国,4,20261007-10-04,12:01,3,3,3590,濱野谷憲,A1,44,30,54.44,58.0,100.0,3,6.72,0.15,False,-0.5
20261007,2026-10-07T15:51:52+09:00,10,三国,4,20261007-10-04,12:01,4,5,4547,中田竜太,A1,55,20,50.72,39.9,100.0,5,6.7,0.01,False,-0.5
20261007,2026-10-07T15:51:52+09:00,10,三国,4,20261007-10-04,12:01,5,6,5142,常住蓮,A1,20,48,45.12,31.4,100.0,6,6.68,0.04,False,0.0
20261007,2026-10-07T15:51:52+09:00,10,三国,4,20261007-10-04,12:01,6,4,4719,上條暢嵩,A1,25,32,26.56,26.2,100.0,4,6.76,-0.04,True,-0.5
20261007,2026-10-07T15:51:52+09:00,10,三国,5,20261007-10-05,12:30,1,1,4415,下出卓矢,A1,49,25,78.16,83.2,100.0,1,6.67,-0.18,True,-0.5
20261007,2026-10-07T15:51:52+09:00,10,三国,5,20261007-10-05,12:30,2,2,4500,山田康二,A1,48,27,68.0,72.0,100.0,2,6.72,-0.02,True,-0.5
20261007,2026-10-07T15:51:52+09:00,10,三国,5,20261007-10-05,12:30,3,4,5084,末永和也,A1,14,57,56.0,60.0,100.0,4,6.79,-0.03,True,0.0
20261007,2026-10-07T15:51:52+09:00,10,三国,5,20261007-10-05,12:30,4,3,3716,石渡鉄兵,A1,53,21,40.85,36.9,100.0,3,6.82,0.1,False,-0.5
20261007,2026-10-07T15:51:52+09:00,10,三国,5,20261007-10-05,12:30,5,5,4044,湯川浩司,A1,33,31,29.36,25.2,100.0,5,6.75,-0.06,True,-0.5
20261007,2026-10-07T15:51:52+09:00,10,三国,5,20261007-10-05,12:30,6,6,4477,篠崎仁志,A1,62,13,23.76,22.7,100.0,6,6.86,-0.08,True,-0.5
20261007,2026-10-07T15:51:52+09:00,10,三国,6,20261007-10-06,13:00,1,2,4848,仲谷颯仁,A1,57,45,75.92,71.4,100.0,2,6.73,0.07,False,-0.5
20261007,2026-10-07T15:51:52+09:00,10,三国,6,20261007-10-06,13:00,2,3,4188,久田敏之,A1,35,52,70.63,78.9,100.0,3,6.7,0.16,False,-0.5
20261007,2026-10-07T15:51:52+09:00,10,三国,6,20261007-10-06,13:00,3,1,4682,大上卓人,A1,28,61,70.16,67.2,100.0,1,6.82,0.01,False,0.0
20261007,2026-10-07T15:51:52+09:00,10,三国,6,20261007-10-06,13:00,4,5,4532,秋元哲,A1,31,15,38.32,39.4,100.0,5,6.84,-0.04,True,0.0
20261007,2026-10-07T15:51:52+09:00,10,三国,6,20261007-10-06,13:00,5,4,4826,井上一輝,A1,61,65,37.92,25.4,100.0,4,6.79,0.02,False,-0.5
20261007,2026-10-07T15:51:52+09:00,10,三国,6,20261007-10-06,13:00,6,6,4337,平本真之,A1,17,51,14.16,17.7,100.0,6,6.87,0.21,False,-0.5
20261007,2026-10-07T15:51:52+09:00,10,三国,7,20261007-10-07,13:30,1,1,4061,萩原秀人,A1,24,14,82.08,83.6,100.0,1,6.8,0.05,False,-0.5
20261007,2026-10-07T15:51:52+09:00,10,三国,7,20261007-10-07,13:30,2,3,4524,深谷知博,A1,64,50,64.38,57.6,100.0,3,6.71,0.09,False,0.0
20261007,2026-10-07T15:51:52+09:00,10,三国,7,20261007-10-07,13:30,3,4,4832,権藤俊光,A1,42,66,57.36,49.7,100.0,4,6.72,0.02,False,0.0
20261007,2026-10-07T15:51:52+09:00,10,三国,7,20261007-10-07,13:30,4,5,4238,毒島誠,A1,32,36,45.79,41.6,100.0,5,6.7,0.13,False,-0.5
20261007,2026-10-07T15:51:52+09:00,10,三国,7,20261007-10-07,13:30,5,2,4030,森高一真,A1,36,72,41.19,40.1,100.0,2,6.81,0.12,False,-0.5
20261007,2026-10-07T15:51:52+09:00,10,三国,7,20261007-10-07,13:30,6,6,5043,中村日向,A1,27,23,38.32,27.4,100.0,6,6.77,0.02,False,-0.5
20261007,2026-10-07T15:51:52+09:00,10,三国,8,20261007-10-08,14:01,1,1,4857,加藤翔馬,A1,13,16,71.68,81.1,100.0,1,6.89,-0.07,True,-0.5
20261007,2026-10-07T15:51:52+09:00,10,三国,8,20261007-10-08,14:01,2,3,4013,中島孝平,A1,38,60,64.0,62.5,100.0,3,6.9,0.07,False,-0.5
20261007,2026-10-07T15:51:52+09:00,10,三国,8,20261007-10-08,14:01,3,2,4688,永井彪也,A1,19,33,63.68,65.1,100.0,2,6.8,-0.01,True,0.0
20261007,2026-10-07T15:51:52+09:00,10,三国,8,20261007-10-08,14:01,4,4,4910,中村泰平,A1,41,37,47.12,38.4,100.0,4,6.87,0.01,False,-0.5
20261007,2026-10-07T15:51:52+09:00,10,三国,8,20261007-10-08,14:01,5,5,4573,佐藤翼,A1,54,63,45.12,43.4,100.0,5,6.86,-0.02,True,-0.5
20261007,2026-10-07T15:51:52+09:00,10,三国,8,20261007-10-08,14:01,6,6,4604,岩瀬裕亮,A1,58,56,25.2,9.5,100.0,6,6.86,0.02,False,-0.5
20261007,2026-10-07T15:51:52+09:00,10,三国,9,20261007-10-09,14:33,1,1,4237,大峯豊,A1,70,58,82.8,83.0,100.0,1,6.77,0.02,False,-0.5
20261007,2026-10-07T15:51:52+09:00,10,三国,9,20261007-10-09,14:33,2,3,4500,山田康二,A1,48,27,65.68,57.1,100.0,3,6.7,0.01,False,-0.5
20261007,2026-10-07T15:51:52+09:00,10,三国,9,20261007-10-09,14:33,3,2,3737,上平真二,A1,39,55,54.87,48.2,100.0,2,6.76,0.08,False,-0.5
20261007,2026-10-07T15:51:52+09:00,10,三国,9,20261007-10-09,14:33,4,5,4757,山田祐也,A1,69,42,52.22,48.1,100.0,5,6.78,0.07,False,0.0
20261007,2026-10-07T15:51:52+09:00,10,三国,9,20261007-10-09,14:33,5,4,4391,松田祐季,A1,30,69,45.6,48.5,100.0,4,6.77,-0.01,True,-0.5
20261007,2026-10-07T15:51:52+09:00,10,三国,9,20261007-10-09,14:33,6,6,4262,馬場貴也,A1,18,28,30.88,15.1,100.0,6,6.71,0.07,False,-0.5
20261007,2026-10-07T15:51:52+09:00,10,三国,10,20261007-10-10,15:08,1,3,4856,豊田健士,A1,29,46,76.08,73.1,100.0,3,6.74,0.01,False,-0.5
20261007,2026-10-07T15:51:52+09:00,10,三国,10,20261007-10-10,15:08,2,1,4446,和田兼輔,A1,23,11,75.36,73.7,100.0,1,6.76,0.02,False,-0.5
20261007,2026-10-07T15:51:52+09:00,10,三国,10,20261007-10-10,15:08,3,2,4477,篠崎仁志,A1,62,13,60.72,52.4,100.0,2,6.74,0.02,False,-0.5
20261007,2026-10-07T15:51:52+09:00,10,三国,10,20261007-10-10,15:08,4,5,3590,濱野谷憲,A1,44,30,42.64,44.8,100.0,5,6.77,-0.05,True,-0.5
20261007,2026-10-07T15:51:52+09:00,10,三国,10,20261007-10-10,15:08,5,4,4682,大上卓人,A1,28,61,35.76,37.7,100.0,4,6.82,-0.03,True,0.0
20261007,2026-10-07T15:51:52+09:00,10,三国,10,20261007-10-10,15:08,6,6,4566,塩田北斗,A1,45,38,34.64,18.3,100.0,6,6.7,0.02,False,-0.5
20261007,2026-10-07T15:51:52+09:00,10,三国,11,20261007-10-11,15:43,1,1,4719,上條暢嵩,A1,25,32,69.04,65.8,100.0,1,6.87,0.03,False,-0.5
20261007,2026-10-07T15:51:52+09:00,10,三国,11,20261007-10-11,15:43,2,2,4019,笠原亮,A1,46,53,63.12,61.4,100.0,2,6.93,0.04,False,-0.5
20261007,2026-10-07T15:51:52+09:00,10,三国,11,20261007-10-11,15:43,3,3,5084,末永和也,A1,14,57,58.16,49.2,100.0,3,6.83,0.06,False,-0.5
20261007,2026-10-07T15:51:52+09:00,10,三国,11,20261007-10-11,15:43,4,5,4061,萩原秀人,A1,24,14,55.58,51.3,100.0,5,6.92,0.08,False,-0.5
20261007,2026-10-07T15:51:52+09:00,10,三国,11,20261007-10-11,15:43,5,6,4848,仲谷颯仁,A1,57,45,44.96,40.2,100.0,6,6.86,0.13,False,-0.5
20261007,2026-10-07T15:51:52+09:00,10,三国,11,20261007-10-11,15:43,6,4,4847,佐藤隆太,A1,60,12,37.28,32.1,100.0,4,6.8,-0.07,True,-0.5
20261007,2026-10-07T15:51:52+09:00,11,びわこ,1,20261007-11-01,10:30,1,3,4146,柳橋宏紀,A2,37,51,66.65,65.2,100.0,3,6.77,0.14,False,0.0
20261007,2026-10-07T15:51:52+09:00,11,びわこ,1,20261007-11-01,10:30,2,4,3805,高橋英之,B1,14,13,64.84,74.4,100.0,4,6.81,0.16,False,-0.5
20261007,2026-10-07T15:51:52+09:00,11,びわこ,1,20261007-11-01,10:30,3,1,5242,高山弘斗,B1,53,52,60.48,53.6,100.0,1,6.8,0.12,False,0.0
20261007,2026-10-07T15:51:52+09:00,11,びわこ,1,20261007-11-01,10:30,4,5,4649,和田操拓,B1,20,40,57.92,47.4,100.0,5,6.74,0.03,False,0.0
20261007,2026-10-07T15:51:52+09:00,11,びわこ,1,20261007-11-01,10:30,5,2,3339,泉具巳,B1,21,53,43.04,53.8,100.0,2,6.83,0.51,False,0.0
20261007,2026-10-07T15:51:52+09:00,11,びわこ,1,20261007-11-01,10:30,6,6,5463,出口飛龍,B2,16,61,17.13,5.6,100.0,6,6.81,0.16,False,0.0
20261007,2026-10-07T15:51:52+09:00,11,びわこ,2,20261007-11-02,10:59,1,3,4375,照屋厚仁,A2,13,17,77.2,73.0,100.0,3,6.73,0.03,False,0.0
20261007,2026-10-07T15:51:52+09:00,11,びわこ,2,20261007-11-02,10:59,2,1,4382,高山智至,B1,27,69,69.76,62.2,100.0,1,6.66,0.0,False,-0.5
20261007,2026-10-07T15:51:52+09:00,11,びわこ,2,20261007-11-02,10:59,3,2,3966,作間章,A1,15,34,63.84,68.3,100.0,2,6.75,-0.05,True,0.0
20261007,2026-10-07T15:51:52+09:00,11,びわこ,2,20261007-11-02,10:59,4,4,4740,齋藤達希,B1,30,64,48.96,42.2,100.0,4,6.78,0.03,False,0.0
20261007,2026-10-07T15:51:52+09:00,11,びわこ,2,20261007-11-02,10:59,5,5,5127,沼田大都,B1,33,62,39.98,34.4,100.0,5,6.87,0.14,False,0.0
20261007,2026-10-07T15:51:52+09:00,11,びわこ,2,20261007-11-02,10:59,6,6,5430,鳥本智史,B2,57,24,23.92,19.9,100.0,6,6.75,-0.01,True,0.0
20261007,2026-10-07T15:51:52+09:00,11,びわこ,3,20261007-11-03,11:27,1,4,5126,山下大輝,A1,39,26,87.44,85.8,100.0,4,6.74,0.03,False,0.5
20261007,2026-10-07T15:51:52+09:00,11,びわこ,3,20261007-11-03,11:27,2,1,4603,谷川将太,B1,60,28,69.92,65.4,100.0,1,6.76,0.02,False,0.0
20261007,2026-10-07T15:51:52+09:00,11,びわこ,3,20261007-11-03,11:27,3,3,4241,大串重幸,A2,46,66,50.27,56.0,100.0,3,6.83,0.18,False,0.0
20261007,2026-10-07T15:51:52+09:00,11,びわこ,3,20261007-11-03,11:27,4,2,3315,広瀬聖仁,B1,64,68,40.0,43.0,100.0,2,6.84,-0.01,True,0.0
20261007,2026-10-07T15:51:52+09:00,11,びわこ,3,20261007-11-03,11:27,5,5,3922,菅沼佳昭,B1,43,29,38.0,22.5,100.0,5,6.73,0.01,False,0.0
20261007,2026-10-07T15:51:52+09:00,11,びわこ,3,20261007-11-03,11:27,6,6,5403,藤山湧太,B2,52,65,29.84,27.3,100.0,6,6.8,-0.06,True,0.0
20261007,2026-10-07T15:51:52+09:00,11,びわこ,4,20261007-11-04,11:54,1,1,4033,伊藤将吉,A2,41,36,87.36,84.2,100.0,1,6.72,0.01,False,0.0
20261007,2026-10-07T15:51:52+09:00,11,びわこ,4,20261007-11-04,11:54,2,6,4305,金子拓矢,A1,70,21,64.61,68.5,100.0,6,6.85,0.11,False,0.0
20261007,2026-10-07T15:51:52+09:00,11,びわこ,4,20261007-11-04,11:54,3,5,4437,中田元泰,A2,35,58,64.4,57.0,100.0,5,6.76,0.09,False,0.0
20261007,2026-10-07T15:51:52+09:00,11,びわこ,4,20261007-11-04,11:54,4,2,4489,岩川仁士,B1,50,23,56.88,49.1,100.0,2,6.77,0.05,False,0.0
20261007,2026-10-07T15:51:52+09:00,11,びわこ,4,20261007-11-04,11:54,5,4,5382,山下心一,B1,65,70,32.32,21.4,100.0,4,6.81,0.08,False,0.0
20261007,2026-10-07T15:51:52+09:00,11,びわこ,4,20261007-11-04,11:54,6,3,4340,土性雅也,B2,38,41,32.24,19.8,100.0,3,6.8,0.15,False,0.0
20261007,2026-10-07T15:51:52+09:00,11,びわこ,6,20261007-11-06,12:49,1,4,4926,吉川貴仁,A1,66,50,73.28,85.6,100.0,4,6.69,0.55,False,0.0
20261007,2026-10-07T15:51:52+09:00,11,びわこ,6,20261007-11-06,12:49,2,1,4588,田中京介,A2,12,48,64.0,73.0,100.0,1,6.85,-0.1,True,-0.5
20261007,2026-10-07T15:51:52+09:00,11,びわこ,6,20261007-11-06,12:49,3,5,3370,坪内実,B1,11,73,44.88,35.6,100.0,5,6.72,0.01,False,0.0
20261007,2026-10-07T15:51:52+09:00,11,びわこ,6,20261007-11-06,12:49,4,3,4641,磯村匠,B1,59,45,43.76,29.7,100.0,3,6.68,0.09,False,0.0
20261007,2026-10-07T15:51:52+09:00,11,びわこ,6,20261007-11-06,12:49,5,2,3805,高橋英之,B1,14,13,40.4,42.0,100.0,2,6.81,-0.04,True,-0.5
20261007,2026-10-07T15:51:52+09:00,11,びわこ,6,20261007-11-06,12:49,6,6,3719,辻栄蔵,A1,22,39,36.48,34.1,100.0,6,6.7,-0.07,True,0.0
20261007,2026-10-07T15:51:52+09:00,11,びわこ,7,20261007-11-07,13:19,1,1,4066,東本勝利,A2,63,67,86.96,83.7,100.0,1,6.73,0.08,False,0.0
20261007,2026-10-07T15:51:52+09:00,11,びわこ,7,20261007-11-07,13:19,2,2,3233,小畑実成,B1,67,15,64.5,69.0,100.0,2,6.89,0.17,False,0.0
20261007,2026-10-07T15:51:52+09:00,11,びわこ,7,20261007-11-07,13:19,3,3,3339,泉具巳,B1,21,53,55.12,55.9,100.0,3,6.81,-0.02,True,0.0
20261007,2026-10-07T15:51:52+09:00,11,びわこ,7,20261007-11-07,13:19,4,6,4743,木村仁紀,A1,61,60,54.0,64.5,100.0,6,6.85,0.22,False,0.0
20261007,2026-10-07T15:51:52+09:00,11,びわこ,7,20261007-11-07,13:19,5,4,4564,山本景士,B1,23,63,26.32,21.4,100.0,4,6.83,-0.01,True,0.0
20261007,2026-10-07T15:51:52+09:00,11,びわこ,7,20261007-11-07,13:19,6,5,4740,齋藤達希,B1,30,64,18.4,5.5,100.0,5,6.9,0.07,False,0.0
20261007,2026-10-07T15:51:52+09:00,11,びわこ,8,20261007-11-08,13:48,1,1,4079,出畑孝典,A2,24,12,95.04,93.8,100.0,1,6.56,0.04,False,0.0
20261007,2026-10-07T15:51:52+09:00,11,びわこ,8,20261007-11-08,13:48,2,3,4382,高山智至,B1,27,69,65.6,60.0,100.0,3,6.74,0.08,False,0.0
20261007,2026-10-07T15:51:52+09:00,11,びわこ,8,20261007-11-08,13:48,3,2,3889,須藤隆雄,B1,31,49,63.76,60.7,100.0,2,6.76,0.01,False,0.0
20261007,2026-10-07T15:51:52+09:00,11,びわこ,8,20261007-11-08,13:48,4,4,4489,岩川仁士,B1,50,23,57.84,48.8,100.0,4,6.71,0.03,False,0.0
20261007,2026-10-07T15:51:52+09:00,11,びわこ,8,20261007-11-08,13:48,5,5,3315,広瀬聖仁,B1,64,68,44.16,34.7,100.0,5,6.75,0.03,False,0.0
20261007,2026-10-07T15:51:52+09:00,11,びわこ,8,20261007-11-08,13:48,6,6,5463,出口飛龍,B2,16,61,15.6,2.0,100.0,6,6.77,0.04,False,0.0
20261007,2026-10-07T15:51:52+09:00,11,びわこ,9,20261007-11-09,14:22,1,1,3627,井上恵一,A2,49,16,70.08,74.6,100.0,1,6.76,-0.11,True,-0.5
20261007,2026-10-07T15:51:52+09:00,11,びわこ,9,20261007-11-09,14:22,2,4,5147,田中勇輔,B1,19,38,63.52,60.4,100.0,4,6.8,0.05,False,0.0
20261007,2026-10-07T15:51:52+09:00,11,びわこ,9,20261007-11-09,14:22,3,5,4146,柳橋宏紀,A2,37,51,55.44,57.8,100.0,5,6.77,-0.03,True,0.0
20261007,2026-10-07T15:51:52+09:00,11,びわこ,9,20261007-11-09,14:22,4,2,3850,小川知行,B1,48,71,53.44,56.8,100.0,2,6.79,-0.08,True,0.0
20261007,2026-10-07T15:51:52+09:00,11,びわこ,9,20261007-11-09,14:22,5,3,5127,沼田大都,B1,33,62,40.48,36.1,100.0,3,6.74,-0.04,True,0.0
20261007,2026-10-07T15:51:52+09:00,11,びわこ,9,20261007-11-09,14:22,6,6,5400,高村諒,B2,45,55,25.44,14.3,100.0,6,6.83,0.01,False,0.0
20261007,2026-10-07T15:51:52+09:00,11,びわこ,10,20261007-11-10,15:01,1,1,4305,金子拓矢,A1,70,21,78.61,84.5,100.0,1,6.81,0.11,False,0.0
20261007,2026-10-07T15:51:52+09:00,11,びわこ,10,20261007-11-10,15:01,2,4,4241,大串重幸,A2,46,66,63.2,61.5,100.0,4,6.84,0.06,False,0.0
20261007,2026-10-07T15:51:52+09:00,11,びわこ,10,20261007-11-10,15:01,3,2,4649,和田操拓,B1,20,40,50.48,46.6,100.0,2,6.65,0.13,False,0.0
20261007,2026-10-07T15:51:52+09:00,11,びわこ,10,20261007-11-10,15:01,4,5,4588,田中京介,A2,12,48,49.28,51.6,100.0,5,6.78,-0.01,True,0.0
20261007,2026-10-07T15:51:52+09:00,11,びわこ,10,20261007-11-10,15:01,5,6,3966,作間章,A1,15,34,42.24,30.8,100.0,6,6.77,0.09,False,0.0
20261007,2026-10-07T15:51:52+09:00,11,びわこ,10,20261007-11-10,15:01,6,3,4905,土井祥伍,B1,40,22,38.8,25.0,100.0,3,6.67,0.02,False,0.0
20261007,2026-10-07T15:51:52+09:00,11,びわこ,11,20261007-11-11,15:31,1,3,4926,吉川貴仁,A1,66,50,86.56,83.2,100.0,3,6.75,0.06,False,0.0
20261007,2026-10-07T15:51:52+09:00,11,びわこ,11,20261007-11-11,15:31,2,1,4743,木村仁紀,A1,61,60,82.08,83.6,100.0,1,6.84,0.06,False,0.0
20261007,2026-10-07T15:51:52+09:00,11,びわこ,11,20261007-11-11,15:31,3,4,4375,照屋厚仁,A2,13,17,56.16,48.2,100.0,4,6.8,0.05,False,0.0
20261007,2026-10-07T15:51:52+09:00,11,びわこ,11,20261007-11-11,15:31,4,5,4189,川上剛,A1,44,11,42.49,35.8,100.0,5,6.81,0.15,False,0.0
20261007,2026-10-07T15:51:52+09:00,11,びわこ,11,20261007-11-11,15:31,5,2,4437,中田元泰,A2,35,58,41.2,34.0,100.0,2,6.87,0.06,False,0.0
20261007,2026-10-07T15:51:52+09:00,11,びわこ,11,20261007-11-11,15:31,6,6,4603,谷川将太,B1,60,28,30.84,15.2,100.0,6,6.77,0.1,False,0.5
20261007,2026-10-07T15:51:52+09:00,11,びわこ,12,20261007-11-12,16:07,1,3,5126,山下大輝,A1,39,26,74.08,78.1,100.0,3,6.77,-0.01,True,-0.5
20261007,2026-10-07T15:51:52+09:00,11,びわこ,12,20261007-11-12,16:07,2,1,3719,辻栄蔵,A1,22,39,72.64,77.8,100.0,1,6.79,-0.03,True,0.0
20261007,2026-10-07T15:51:52+09:00,11,びわこ,12,20261007-11-12,16:07,3,2,3300,川崎智幸,A2,17,30,58.96,53.2,100.0,2,6.88,0.0,False,-0.5
20261007,2026-10-07T15:51:52+09:00,11,びわこ,12,20261007-11-12,16:07,4,6,4066,東本勝利,A2,63,67,44.0,37.5,100.0,6,6.93,0.0,False,0.0
20261007,2026-10-07T15:51:52+09:00,11,びわこ,12,20261007-11-12,16:07,5,5,4033,伊藤将吉,A2,41,36,39.76,41.2,100.0,5,6.91,-0.03,True,0.0
20261007,2026-10-07T15:51:52+09:00,11,びわこ,12,20261007-11-12,16:07,6,4,5242,高山弘斗,B1,53,52,18.96,12.2,100.0,4,6.86,-0.08,True,0.0
20261007,2026-10-07T15:51:52+09:00,14,鳴門,1,20261007-14-01,08:35,1,1,4381,田路朋史,A2,12,14,77.6,82.5,100.0,1,6.72,-0.07,True,-0.5
20261007,2026-10-07T15:51:52+09:00,14,鳴門,1,20261007-14-01,08:35,2,3,3982,福田理,B1,71,38,51.76,57.7,100.0,3,6.85,-0.05,True,-0.5
20261007,2026-10-07T15:51:52+09:00,14,鳴門,1,20261007-14-01,08:35,3,4,4917,岩橋裕馬,B1,30,61,49.2,50.0,100.0,4,6.82,-0.12,True,0.0
20261007,2026-10-07T15:51:52+09:00,14,鳴門,1,20261007-14-01,08:35,4,2,4563,齋藤真之,B1,52,65,45.84,48.8,100.0,2,6.83,-0.05,True,0.0
20261007,2026-10-07T15:51:52+09:00,14,鳴門,1,20261007-14-01,08:35,5,5,4691,水原慎,B1,55,33,41.28,41.6,100.0,5,6.82,-0.12,True,-0.5
20261007,2026-10-07T15:51:52+09:00,14,鳴門,1,20261007-14-01,08:35,6,6,5468,山口隼人,B2,22,74,34.32,19.4,100.0,6,6.81,0.14,False,-0.5
20261007,2026-10-07T15:51:52+09:00,14,鳴門,2,20261007-14-02,09:01,1,4,4614,石倉洋行,A1,24,30,80.4,77.0,100.0,4,6.74,0.02,False,-0.5
20261007,2026-10-07T15:51:52+09:00,14,鳴門,2,20261007-14-02,09:01,2,2,4761,山田晃大,A2,38,10,73.44,71.4,100.0,2,6.8,0.06,False,-0.5
20261007,2026-10-07T15:51:52+09:00,14,鳴門,2,20261007-14-02,09:01,3,3,3831,安藤裕貴,B1,25,11,60.24,50.3,100.0,3,6.74,0.08,False,0.0
20261007,2026-10-07T15:51:52+09:00,14,鳴門,2,20261007-14-02,09:01,4,1,3519,冨田秀幸,B1,37,17,51.52,52.9,100.0,1,6.76,-0.03,True,-0.5
20261007,2026-10-07T15:51:52+09:00,14,鳴門,2,20261007-14-02,09:01,5,5,4934,佐々木翔,A2,16,22,39.2,30.0,100.0,5,6.87,0.05,False,0.0
20261007,2026-10-07T15:51:52+09:00,14,鳴門,2,20261007-14-02,09:01,6,6,4020,川上清人,B1,67,52,20.32,18.4,100.0,6,6.97,-0.05,True,0.0
20261007,2026-10-07T15:51:52+09:00,14,鳴門,3,20261007-14-03,09:27,1,1,4769,馬場剛,A1,79,60,82.24,77.8,100.0,1,6.76,0.05,False,0.5
20261007,2026-10-07T15:51:52+09:00,14,鳴門,3,20261007-14-03,09:27,2,4,4793,金子萌,A2,50,21,77.92,75.4,100.0,4,6.84,0.05,False,-0.5
20261007,2026-10-07T15:51:52+09:00,14,鳴門,3,20261007-14-03,09:27,3,2,4323,山田佑樹,B1,57,80,72.48,67.1,100.0,2,6.8,0.02,False,-0.5
20261007,2026-10-07T15:51:52+09:00,14,鳴門,3,20261007-14-03,09:27,4,3,3911,鈴木猛,B1,72,72,41.12,42.9,100.0,3,6.85,-0.06,True,0.0
20261007,2026-10-07T15:51:52+09:00,14,鳴門,3,20261007-14-03,09:27,5,5,3992,関口智久,B1,11,51,38.16,27.2,100.0,5,6.84,0.01,False,0.0
20261007,2026-10-07T15:51:52+09:00,14,鳴門,3,20261007-14-03,09:27,6,6,4016,西川新太,B1,63,26,13.28,9.6,100.0,6,6.88,-0.04,True,0.0
20261007,2026-10-07T15:51:52+09:00,14,鳴門,4,20261007-14-04,09:53,1,1,4931,木谷賢太,A1,23,57,81.28,78.1,100.0,1,6.82,0.05,False,-0.5
20261007,2026-10-07T15:51:52+09:00,14,鳴門,4,20261007-14-04,09:53,2,6,4269,杉山裕也,A2,66,84,76.56,73.7,100.0,6,6.84,0.06,False,-0.5
20261007,2026-10-07T15:51:52+09:00,14,鳴門,4,20261007-14-04,09:53,3,2,5219,森口和紀,B1,76,53,65.36,61.2,100.0,2,6.88,0.06,False,0.0
20261007,2026-10-07T15:51:52+09:00,14,鳴門,4,20261007-14-04,09:53,4,3,4173,岡谷健吾,B1,15,55,48.0,45.5,100.0,3,6.79,-0.11,True,-0.5
20261007,2026-10-07T15:51:52+09:00,14,鳴門,4,20261007-14-04,09:53,5,4,4100,松田隆司,B1,26,18,29.52,29.9,100.0,4,6.92,-0.09,True,-0.5
20261007,2026-10-07T15:51:52+09:00,14,鳴門,4,20261007-14-04,09:53,6,5,5044,渡邉健,B1,14,83,16.08,11.6,100.0,5,6.88,-0.09,True,-0.5
20261007,2026-10-07T15:51:52+09:00,14,鳴門,5,20261007-14-05,10:27,1,3,4953,尾上雅也,A1,19,37,74.0,72.0,100.0,3,6.85,0.03,False,0.0
20261007,2026-10-07T15:51:52+09:00,14,鳴門,5,20261007-14-05,10:27,2,1,3690,河合三弘,B1,61,77,62.16,54.2,100.0,1,6.81,0.01,False,-0.5
20261007,2026-10-07T15:51:52+09:00,14,鳴門,5,20261007-14-05,10:27,3,2,4089,妹尾忠幸,A2,78,69,61.92,57.2,100.0,2,6.79,0.08,False,-0.5
20261007,2026-10-07T15:51:52+09:00,14,鳴門,5,20261007-14-05,10:27,4,4,4111,奥田誠,A2,70,73,52.88,59.4,100.0,4,6.82,-0.09,True,0.0
20261007,2026-10-07T15:51:52+09:00,14,鳴門,5,20261007-14-05,10:27,5,6,3981,今坂晃広,B1,51,62,52.56,35.4,100.0,5,6.91,0.05,False,-0.5
20261007,2026-10-07T15:51:52+09:00,14,鳴門,5,20261007-14-05,10:27,6,5,5468,山口隼人,B2,22,74,26.71,21.8,100.0,6,6.86,0.17,False,-0.5
20261007,2026-10-07T15:51:52+09:00,14,鳴門,6,20261007-14-06,10:55,1,5,5278,田中駿兵,A1,65,32,78.64,74.8,100.0,5,6.73,0.01,False,0.0
20261007,2026-10-07T15:51:52+09:00,14,鳴門,6,20261007-14-06,10:55,2,1,3772,一柳和孝,B1,32,67,66.22,60.2,100.0,1,6.72,0.1,False,0.0
20261007,2026-10-07T15:51:52+09:00,14,鳴門,6,20261007-14-06,10:55,3,3,5133,堀越雄貴,B1,10,54,59.12,54.9,100.0,3,6.77,0.03,False,0.0
20261007,2026-10-07T15:51:52+09:00,14,鳴門,6,20261007-14-06,10:55,4,4,5348,小林甘寧,B1,64,63,56.96,59.7,100.0,4,6.76,-0.05,True,0.0
20261007,2026-10-07T15:51:52+09:00,14,鳴門,6,20261007-14-06,10:55,5,2,4607,鶴田勇雄,A2,56,16,29.98,31.3,100.0,2,6.77,0.19,False,-0.5
20261007,2026-10-07T15:51:52+09:00,14,鳴門,6,20261007-14-06,10:55,6,6,3982,福田理,B1,71,38,29.28,19.1,100.0,6,6.84,0.05,False,-0.5
20261007,2026-10-07T15:51:52+09:00,14,鳴門,7,20261007-14-07,11:23,1,1,3963,原田秀弥,A2,58,24,83.36,79.2,100.0,1,6.76,0.04,False,-0.5
20261007,2026-10-07T15:51:52+09:00,14,鳴門,7,20261007-14-07,11:23,2,5,4600,井内将太,A1,54,56,71.76,78.2,100.0,5,6.78,-0.08,True,0.0
20261007,2026-10-07T15:51:52+09:00,14,鳴門,7,20261007-14-07,11:23,3,2,4917,岩橋裕馬,B1,30,61,61.49,56.0,100.0,2,6.76,0.08,False,0.0
20261007,2026-10-07T15:51:52+09:00,14,鳴門,7,20261007-14-07,11:23,4,3,3519,冨田秀幸,B1,37,17,53.52,49.4,100.0,3,6.84,0.09,False,-0.5
20261007,2026-10-07T15:51:52+09:00,14,鳴門,7,20261007-14-07,11:23,5,6,5452,上馬場風,B2,82,81,32.72,20.4,100.0,6,6.81,0.09,False,-0.5
20261007,2026-10-07T15:51:52+09:00,14,鳴門,7,20261007-14-07,11:23,6,4,4390,松本弓雄,B1,27,13,24.57,16.8,100.0,4,6.82,0.15,False,0.0
20261007,2026-10-07T15:51:52+09:00,14,鳴門,8,20261007-14-08,11:51,1,2,4513,河野真也,A2,18,59,74.72,78.9,100.0,2,6.73,-0.13,True,0.0
20261007,2026-10-07T15:51:52+09:00,14,鳴門,8,20261007-14-08,11:51,2,4,4769,馬場剛,A1,79,60,74.48,81.6,100.0,4,6.78,-0.13,True,0.0
20261007,2026-10-07T15:51:52+09:00,14,鳴門,8,20261007-14-08,11:51,3,3,4020,川上清人,B1,67,52,43.6,47.5,100.0,3,6.92,-0.06,True,-0.5
20261007,2026-10-07T15:51:52+09:00,14,鳴門,8,20261007-14-08,11:51,4,1,4691,水原慎,B1,55,33,42.16,39.7,100.0,1,6.76,-0.03,True,0.0
20261007,2026-10-07T15:51:52+09:00,14,鳴門,8,20261007-14-08,11:51,5,5,4173,岡谷健吾,B1,15,55,36.32,36.9,100.0,5,6.86,-0.11,True,-0.5
20261007,2026-10-07T15:51:52+09:00,14,鳴門,8,20261007-14-08,11:51,6,6,5460,早川理稀,B2,73,27,28.72,15.4,100.0,6,6.81,0.04,False,-0.5
20261007,2026-10-07T15:51:52+09:00,14,鳴門,9,20261007-14-09,12:25,1,4,4381,田路朋史,A2,12,14,76.8,71.0,100.0,4,6.79,0.08,False,0.0
20261007,2026-10-07T15:51:52+09:00,14,鳴門,9,20261007-14-09,12:25,2,5,4761,山田晃大,A2,38,10,68.84,71.4,100.0,5,6.8,0.12,False,0.0
20261007,2026-10-07T15:51:52+09:00,14,鳴門,9,20261007-14-09,12:25,3,1,4100,松田隆司,B1,26,18,57.2,68.5,100.0,1,6.82,0.22,False,-0.5
20261007,2026-10-07T15:51:52+09:00,14,鳴門,9,20261007-14-09,12:25,4,2,4301,関裕也,B1,29,75,54.16,59.2,100.0,2,6.84,-0.04,True,0.0
20261007,2026-10-07T15:51:52+09:00,14,鳴門,9,20261007-14-09,12:25,5,6,3838,伊藤啓三,B1,59,64,28.08,13.1,100.0,6,6.81,0.06,False,-0.5
20261007,2026-10-07T15:51:52+09:00,14,鳴門,9,20261007-14-09,12:25,6,3,3690,河合三弘,B1,61,77,19.04,16.8,100.0,3,6.87,-0.01,True,-0.5
20261007,2026-10-07T15:51:52+09:00,14,鳴門,10,20261007-14-10,13:07,1,5,4931,木谷賢太,A1,23,57,74.0,75.0,100.0,5,6.94,0.03,False,-0.5
20261007,2026-10-07T15:51:52+09:00,14,鳴門,10,20261007-14-10,13:07,2,1,3911,鈴木猛,B1,72,72,71.44,65.8,100.0,1,6.85,0.01,False,0.0
20261007,2026-10-07T15:51:52+09:00,14,鳴門,10,20261007-14-10,13:07,3,4,4934,佐々木翔,A2,16,22,58.64,51.3,100.0,4,6.9,0.01,False,0.0
20261007,2026-10-07T15:51:52+09:00,14,鳴門,10,20261007-14-10,13:07,4,2,4875,大塚康雅,B1,33,58,56.24,55.8,100.0,2,6.82,-0.02,True,0.0
20261007,2026-10-07T15:51:52+09:00,14,鳴門,10,20261007-14-10,13:07,5,6,4089,妹尾忠幸,A2,78,69,44.56,36.7,100.0,6,6.93,0.05,False,-0.5
20261007,2026-10-07T15:51:52+09:00,14,鳴門,10,20261007-14-10,13:07,6,3,3772,一柳和孝,B1,32,67,28.72,15.4,100.0,3,6.91,0.03,False,0.0
20261007,2026-10-07T15:51:52+09:00,14,鳴門,11,20261007-14-11,13:36,1,1,4793,金子萌,A2,50,21,74.9,77.0,100.0,1,6.78,0.11,False,-0.5
20261007,2026-10-07T15:51:52+09:00,14,鳴門,11,20261007-14-11,13:36,2,2,5278,田中駿兵,A1,65,32,72.32,66.9,100.0,2,6.84,0.01,False,0.0
20261007,2026-10-07T15:51:52+09:00,14,鳴門,11,20261007-14-11,13:36,3,4,4600,井内将太,A1,54,56,59.44,52.3,100.0,4,6.86,0.07,False,0.0
20261007,2026-10-07T15:51:52+09:00,14,鳴門,11,20261007-14-11,13:36,4,3,4111,奥田誠,A2,70,73,53.76,49.7,100.0,3,6.9,0.01,False,0.0
20261007,2026-10-07T15:51:52+09:00,14,鳴門,11,20261007-14-11,13:36,5,5,5219,森口和紀,B1,76,53,39.4,33.0,100.0,5,6.86,0.12,False,-0.5
20261007,2026-10-07T15:51:52+09:00,14,鳴門,11,20261007-14-11,13:36,6,6,3831,安藤裕貴,B1,25,11,20.62,21.1,100.0,6,6.87,0.18,False,-0.5
20261007,2026-10-07T15:51:52+09:00,14,鳴門,12,20261007-14-12,14:11,1,1,4614,石倉洋行,A1,24,30,87.04,83.8,100.0,1,6.75,0.06,False,-0.5
20261007,2026-10-07T15:51:52+09:00,14,鳴門,12,20261007-14-12,14:11,2,2,4269,杉山裕也,A2,66,84,64.08,56.6,100.0,2,6.83,0.07,False,-0.5
20261007,2026-10-07T15:51:52+09:00,14,鳴門,12,20261007-14-12,14:11,3,5,4953,尾上雅也,A1,19,37,59.01,60.4,100.0,5,6.92,0.13,False,0.0
20261007,2026-10-07T15:51:52+09:00,14,鳴門,12,20261007-14-12,14:11,4,3,5348,小林甘寧,B1,64,63,45.6,41.6,100.0,3,6.83,0.13,False,0.0
20261007,2026-10-07T15:51:52+09:00,14,鳴門,12,20261007-14-12,14:11,5,4,3963,原田秀弥,A2,58,24,40.08,32.6,100.0,4,6.98,0.08,False,0.0
20261007,2026-10-07T15:51:52+09:00,14,鳴門,12,20261007-14-12,14:11,6,6,4513,河野真也,A2,18,59,33.56,25.0,100.0,6,6.91,0.12,False,0.0
20261007,2026-10-07T15:51:52+09:00,16,児島,1,20261007-16-01,10:52,1,1,3746,岡瀬正人,A2,21,24,87.84,89.3,100.0,1,6.93,0.05,False,-0.5
20261007,2026-10-07T15:51:52+09:00,16,児島,1,20261007-16-01,10:52,2,2,4006,小野勇作,B1,66,53,76.56,76.7,100.0,2,6.96,0.11,False,-0.5
20261007,2026-10-07T15:51:52+09:00,16,児島,1,20261007-16-01,10:52,3,3,3906,飯山晃三,B1,31,65,45.13,49.4,100.0,3,7.02,0.21,False,-0.5
20261007,2026-10-07T15:51:52+09:00,16,児島,1,20261007-16-01,10:52,4,5,3860,松本浩貴,B1,59,33,43.84,32.8,100.0,5,6.92,0.06,False,-0.5
20261007,2026-10-07T15:51:52+09:00,16,児島,1,20261007-16-01,10:52,5,4,4583,古田祐貴,B1,26,20,40.9,38.3,100.0,4,6.9,0.16,False,-0.5
20261007,2026-10-07T15:51:52+09:00,16,児島,1,20261007-16-01,10:52,6,6,3812,山崎聖司,B1,30,34,27.92,13.5,100.0,6,6.86,0.13,False,-0.5
20261007,2026-10-07T15:51:52+09:00,16,児島,3,20261007-16-03,11:49,1,3,4348,宮崎奨,A2,55,56,74.72,68.4,100.0,3,6.78,0.07,False,-0.5
20261007,2026-10-07T15:51:52+09:00,16,児島,3,20261007-16-03,11:49,2,6,4095,福来剛,A1,17,14,68.8,76.0,100.0,6,6.79,-0.03,True,0.0
20261007,2026-10-07T15:51:52+09:00,16,児島,3,20261007-16-03,11:49,3,1,3934,鋤柄貴俊,B1,58,27,52.12,64.2,100.0,1,6.89,0.22,False,-0.5
20261007,2026-10-07T15:51:52+09:00,16,児島,3,20261007-16-03,11:49,4,4,5235,岩田凌,B2,41,54,39.28,25.6,100.0,4,6.78,0.11,False,-0.5
20261007,2026-10-07T15:51:52+09:00,16,児島,3,20261007-16-03,11:49,5,5,3953,志道吉和,B2,61,41,38.0,25.5,100.0,5,6.78,0.02,False,-0.5
20261007,2026-10-07T15:51:52+09:00,16,児島,3,20261007-16-03,11:49,6,2,3748,小黒竜吾,B1,60,40,37.77,40.3,100.0,2,6.81,0.2,False,-0.5
20261007,2026-10-07T15:51:52+09:00,16,児島,4,20261007-16-04,12:16,1,4,3257,田頭実,A1,35,69,79.2,79.4,100.0,3,6.88,0.03,False,-0.5
20261007,2026-10-07T15:51:52+09:00,16,児島,4,20261007-16-04,12:16,2,1,4872,山下流心,B1,19,75,72.86,70.2,100.0,1,6.81,0.17,False,-0.5
20261007,2026-10-07T15:51:52+09:00,16,児島,4,20261007-16-04,12:16,3,3,5070,中島航,B1,36,15,56.88,38.8,100.0,4,6.86,0.06,False,0.0
20261007,2026-10-07T15:51:52+09:00,16,児島,4,20261007-16-04,12:16,4,6,4276,鈴木勝博,A2,25,49,47.12,49.7,100.0,6,6.89,-0.03,True,0.0
20261007,2026-10-07T15:51:52+09:00,16,児島,4,20261007-16-04,12:16,5,2,3075,中村裕将,B1,23,63,42.48,55.6,100.0,2,6.95,0.34,False,0.0
20261007,2026-10-07T15:51:52+09:00,16,児島,4,20261007-16-04,12:16,6,5,3839,川合理司,B1,40,26,18.4,6.3,100.0,5,7.04,0.12,False,-0.5
20261007,2026-10-07T15:51:52+09:00,16,児島,5,20261007-16-05,12:56,1,1,4930,佐藤悠,A2,49,16,81.84,81.8,100.0,1,6.74,0.04,False,0.0
20261007,2026-10-07T15:51:52+09:00,16,児島,5,20261007-16-05,12:56,2,2,4058,野末智一,A1,22,36,73.28,74.6,100.0,2,6.72,0.17,False,0.0
20261007,2026-10-07T15:51:52+09:00,16,児島,5,20261007-16-05,12:56,3,6,5095,小原聡将,A2,62,13,61.52,51.9,100.0,6,6.7,0.08,False,0.0
20261007,2026-10-07T15:51:52+09:00,16,児島,5,20261007-16-05,12:56,4,3,4879,山崎鉄平,B1,39,28,51.2,46.5,100.0,3,6.87,0.01,False,0.0
20261007,2026-10-07T15:51:52+09:00,16,児島,5,20261007-16-05,12:56,5,5,4277,金田大輔,B1,18,66,38.0,25.5,100.0,5,6.73,0.08,False,0.0
20261007,2026-10-07T15:51:52+09:00,16,児島,5,20261007-16-05,12:56,6,4,4485,楠原正剛,B1,32,31,30.96,19.7,100.0,4,6.77,0.1,False,-0.5
20261007,2026-10-07T15:51:52+09:00,16,児島,6,20261007-16-06,13:27,1,3,4259,真庭明志,A2,13,58,71.44,68.8,100.0,3,6.81,0.01,False,-0.5
20261007,2026-10-07T15:51:52+09:00,16,児島,6,20261007-16-06,13:27,2,2,4644,山田亮太,A1,33,23,67.97,72.8,100.0,2,6.86,0.11,False,0.0
20261007,2026-10-07T15:51:52+09:00,16,児島,6,20261007-16-06,13:27,3,1,3542,清水紀克,B1,69,12,61.36,62.2,100.0,1,6.74,-0.01,True,-0.5
20261007,2026-10-07T15:51:52+09:00,16,児島,6,20261007-16-06,13:27,4,4,3860,松本浩貴,B1,59,33,49.44,39.8,100.0,4,6.8,0.04,False,-0.5
20261007,2026-10-07T15:51:52+09:00,16,児島,6,20261007-16-06,13:27,5,5,5223,森清友翔,B1,14,42,43.6,31.0,100.0,5,6.76,0.06,False,-0.5
20261007,2026-10-07T15:51:52+09:00,16,児島,6,20261007-16-06,13:27,6,6,4572,渡部悟,B1,42,64,35.52,25.4,100.0,6,6.84,0.04,False,0.0
20261007,2026-10-07T15:51:52+09:00,16,児島,7,20261007-16-07,14:08,1,3,5081,篠原飛翔,A2,37,72,76.24,74.8,100.0,3,6.79,0.05,False,0.0
20261007,2026-10-07T15:51:52+09:00,16,児島,7,20261007-16-07,14:08,2,5,4302,西野翔太,A1,34,68,69.2,72.0,100.0,5,6.76,-0.06,True,-0.5
20261007,2026-10-07T15:51:52+09:00,16,児島,7,20261007-16-07,14:08,3,1,3893,汐崎正則,B1,46,67,65.41,66.3,100.0,1,6.82,0.13,False,0.0
20261007,2026-10-07T15:51:52+09:00,16,児島,7,20261007-16-07,14:08,4,4,4580,長谷川雅,B1,48,21,43.92,37.4,100.0,4,6.9,0.03,False,-0.5
20261007,2026-10-07T15:51:52+09:00,16,児島,7,20261007-16-07,14:08,5,2,2538,高橋二朗,B1,52,11,42.0,30.5,100.0,2,6.78,0.14,False,0.0
20261007,2026-10-07T15:51:52+09:00,16,児島,7,20261007-16-07,14:08,6,6,4006,小野勇作,B1,66,53,28.23,19.0,100.0,6,6.77,0.16,False,-0.5
20261007,2026-10-07T15:51:52+09:00,16,児島,8,20261007-16-08,14:40,1,1,4958,溝口海義,A1,64,30,96.16,95.2,100.0,1,6.81,0.02,False,0.0
20261007,2026-10-07T15:51:52+09:00,16,児島,8,20261007-16-08,14:40,2,2,4003,表憲一,B1,65,35,71.04,66.8,100.0,2,6.97,0.04,False,0.0
20261007,2026-10-07T15:51:52+09:00,16,児島,8,20261007-16-08,14:40,3,4,4553,坪口竜也,A2,53,50,54.88,49.6,100.0,4,6.98,0.06,False,-0.5
20261007,2026-10-07T15:51:52+09:00,16,児島,8,20261007-16-08,14:40,4,3,4583,古田祐貴,B1,26,20,42.03,39.8,100.0,3,6.97,0.14,False,-0.5
20261007,2026-10-07T15:51:52+09:00,16,児島,8,20261007-16-08,14:40,5,6,5235,岩田凌,B2,41,54,31.44,15.8,100.0,6,6.95,0.04,False,-0.5
20261007,2026-10-07T15:51:52+09:00,16,児島,8,20261007-16-08,14:40,6,5,4128,川口貴久,B1,20,32,31.01,32.8,100.0,5,7.0,0.18,False,-0.5
20261007,2026-10-07T15:51:52+09:00,16,児島,9,20261007-16-09,15:07,1,1,5096,上原崚,A2,15,37,75.2,82.5,100.0,1,6.89,-0.03,True,-0.5
20261007,2026-10-07T15:51:52+09:00,16,児島,9,20261007-16-09,15:07,2,3,4930,佐藤悠,A2,49,16,74.8,80.5,100.0,3,6.86,-0.06,True,0.0
20261007,2026-10-07T15:51:52+09:00,16,児島,9,20261007-16-09,15:07,3,2,3906,飯山晃三,B1,31,65,51.6,47.0,100.0,2,7.03,0.1,False,-0.5
20261007,2026-10-07T15:51:52+09:00,16,児島,9,20261007-16-09,15:07,4,4,4872,山下流心,B1,19,75,39.92,41.4,100.0,4,6.92,-0.04,True,-0.5
20261007,2026-10-07T15:51:52+09:00,16,児島,9,20261007-16-09,15:07,5,5,3945,橋口真樹,B1,57,38,36.57,29.1,100.0,5,6.91,0.14,False,0.0
20261007,2026-10-07T15:51:52+09:00,16,児島,9,20261007-16-09,15:07,6,6,3748,小黒竜吾,B1,60,40,24.76,19.5,100.0,6,6.84,0.21,False,0.0
20261007,2026-10-07T15:51:52+09:00,16,児島,10,20261007-16-10,15:40,1,2,4276,鈴木勝博,A2,25,49,78.4,77.5,100.0,2,6.89,0.06,False,-0.5
20261007,2026-10-07T15:51:52+09:00,16,児島,10,20261007-16-10,15:40,2,1,3873,別府昌樹,B1,27,59,64.96,63.7,100.0,1,6.99,0.01,False,0.0
20261007,2026-10-07T15:51:52+09:00,16,児島,10,20261007-16-10,15:40,3,3,5223,森清友翔,B1,14,42,52.32,40.4,100.0,3,6.77,0.06,False,-0.5
20261007,2026-10-07T15:51:52+09:00,16,児島,10,20261007-16-10,15:40,4,5,3746,岡瀬正人,A2,21,24,52.0,46.0,100.0,5,6.97,0.07,False,-0.5
20261007,2026-10-07T15:51:52+09:00,16,児島,10,20261007-16-10,15:40,5,6,4348,宮崎奨,A2,55,56,43.44,32.3,100.0,6,6.87,0.06,False,-0.5
20261007,2026-10-07T15:51:52+09:00,16,児島,10,20261007-16-10,15:40,6,4,4879,山崎鉄平,B1,39,28,42.48,40.1,100.0,4,6.86,-0.03,True,-0.5
20261007,2026-10-07T15:51:52+09:00,18,徳山,1,20261007-18-01,08:47,1,1,5137,川原涼,A2,69,36,87.11,95.0,100.0,1,6.74,0.17,False,-0.5
20261007,2026-10-07T15:51:52+09:00,18,徳山,1,20261007-18-01,08:47,2,2,5288,尾道佳諭,B1,42,72,67.57,75.4,100.0,2,6.86,0.16,False,0.0
20261007,2026-10-07T15:51:52+09:00,18,徳山,1,20261007-18-01,08:47,3,3,5183,中野孝二,B1,65,46,52.48,50.3,100.0,3,6.87,0.14,False,0.0
20261007,2026-10-07T15:51:52+09:00,18,徳山,1,20261007-18-01,08:47,4,5,5154,村松栄太,B1,51,68,31.68,38.1,100.0,5,6.88,0.23,False,0.0
20261007,2026-10-07T15:51:52+09:00,18,徳山,1,20261007-18-01,08:47,5,4,5336,瀬川大地,B1,67,59,28.49,28.8,100.0,4,6.88,0.22,False,0.0
20261007,2026-10-07T15:51:52+09:00,18,徳山,1,20261007-18-01,08:47,6,6,5448,福田柊人,B2,66,43,23.92,12.4,100.0,6,6.9,0.14,False,0.0
20261007,2026-10-07T15:51:52+09:00,18,徳山,3,20261007-18-03,09:39,1,1,5145,島川海輝,A2,39,65,75.44,79.8,100.0,1,6.83,-0.1,True,-0.5
20261007,2026-10-07T15:51:52+09:00,18,徳山,3,20261007-18-03,09:39,2,3,5282,中本大樹,B1,50,71,61.76,65.7,100.0,3,6.88,-0.03,True,0.0
20261007,2026-10-07T15:51:52+09:00,18,徳山,3,20261007-18-03,09:39,3,2,5332,村松遥輝,B1,43,74,49.28,38.1,100.0,2,6.85,0.02,False,0.0
20261007,2026-10-07T15:51:52+09:00,18,徳山,3,20261007-18-03,09:39,4,6,5066,鈴木孝明,A1,28,58,44.24,45.3,100.0,6,6.93,-0.04,True,0.0
20261007,2026-10-07T15:51:52+09:00,18,徳山,3,20261007-18-03,09:39,5,5,5374,木山大聖,B1,47,29,35.84,36.3,100.0,5,6.94,-0.07,True,0.0
20261007,2026-10-07T15:51:52+09:00,18,徳山,3,20261007-18-03,09:39,6,4,5178,成貞琳平,B1,31,61,33.44,34.8,100.0,4,6.95,-0.02,True,-0.5
20261007,2026-10-07T15:51:52+09:00,18,徳山,4,20261007-18-04,10:05,1,1,5255,藤原仙二,A1,29,66,84.88,81.1,100.0,1,6.8,0.03,False,0.0
20261007,2026-10-07T15:51:52+09:00,18,徳山,4,20261007-18-04,10:05,2,2,5160,藤森陸斗,A2,56,51,78.32,75.9,100.0,2,6.83,0.0,False,-0.5
20261007,2026-10-07T15:51:52+09:00,18,徳山,4,20261007-18-04,10:05,3,3,5237,永松良教,B2,75,13,62.64,57.8,100.0,3,6.85,0.03,False,0.0
20261007,2026-10-07T15:51:52+09:00,18,徳山,4,20261007-18-04,10:05,4,5,5197,中野仁照,B2,62,54,50.16,39.2,100.0,5,6.81,0.08,False,0.0
20261007,2026-10-07T15:51:52+09:00,18,徳山,4,20261007-18-04,10:05,5,4,5396,近藤来希,B2,35,53,36.56,26.7,100.0,4,6.86,0.08,False,0.0
20261007,2026-10-07T15:51:52+09:00,18,徳山,4,20261007-18-04,10:05,6,6,5417,小柳勝希,B1,32,55,21.04,19.3,100.0,6,6.93,-0.02,True,0.0
20261007,2026-10-07T15:51:52+09:00,18,徳山,5,20261007-18-05,10:32,1,6,5158,宮脇遼太,A1,61,56,78.16,72.7,100.0,6,6.77,0.07,False,1.0
20261007,2026-10-07T15:51:52+09:00,18,徳山,5,20261007-18-05,10:32,2,1,5136,濱野斗馬,A1,60,11,73.92,80.9,100.0,1,6.85,-0.03,True,-0.5
20261007,2026-10-07T15:51:52+09:00,18,徳山,5,20261007-18-05,10:32,3,2,5214,田中宏典,B1,38,48,59.44,53.8,100.0,2,6.85,0.08,False,-0.5
20261007,2026-10-07T15:51:52+09:00,18,徳山,5,20261007-18-05,10:32,4,3,5375,庄島潤成,B1,54,19,44.18,41.7,100.0,3,6.84,0.18,False,0.0
20261007,2026-10-07T15:51:52+09:00,18,徳山,5,20261007-18-05,10:32,5,5,5288,尾道佳諭,B1,42,72,27.76,26.2,100.0,5,6.87,-0.04,True,0.0
20261007,2026-10-07T15:51:52+09:00,18,徳山,5,20261007-18-05,10:32,6,4,5405,竹内来,B1,70,18,25.36,24.7,100.0,4,6.9,-0.01,True,0.0
20261007,2026-10-07T15:51:52+09:00,18,徳山,6,20261007-18-06,11:02,1,1,5368,宮崎心之,B1,71,32,78.44,74.9,100.0,1,6.89,0.07,False,0.0
20261007,2026-10-07T15:51:52+09:00,18,徳山,6,20261007-18-06,11:02,2,3,5298,水谷理人,A1,40,31,75.04,68.8,100.0,3,6.87,0.01,False,-0.5
20261007,2026-10-07T15:51:52+09:00,18,徳山,6,20261007-18-06,11:02,3,6,5299,西丸敦基,A2,55,37,51.76,51.4,100.0,5,6.94,-0.03,True,0.0
20261007,2026-10-07T15:51:52+09:00,18,徳山,6,20261007-18-06,11:02,4,4,5236,小宮涼雅,B1,72,73,44.16,47.6,100.0,4,6.94,-0.06,True,0.0
20261007,2026-10-07T15:51:52+09:00,18,徳山,6,20261007-18-06,11:02,5,2,5154,村松栄太,B1,51,68,40.41,43.3,100.0,2,6.95,0.15,False,0.0
20261007,2026-10-07T15:51:52+09:00,18,徳山,6,20261007-18-06,11:02,6,5,5448,福田柊人,B2,66,43,28.8,14.0,100.0,6,6.92,0.12,False,0.0
20261007,2026-10-07T15:51:52+09:00,18,徳山,7,20261007-18-07,11:35,1,2,5157,市川健太,B1,59,67,77.58,85.3,100.0,2,6.82,0.17,False,-0.5
20261007,2026-10-07T15:51:52+09:00,18,徳山,7,20261007-18-07,11:35,2,1,5336,瀬川大地,B1,67,59,72.72,67.4,100.0,1,6.82,0.12,False,-0.5
20261007,2026-10-07T15:51:52+09:00,18,徳山,7,20261007-18-07,11:35,3,5,5282,中本大樹,B1,50,71,50.4,44.0,100.0,5,6.85,0.06,False,0.0
20261007,2026-10-07T15:51:52+09:00,18,徳山,7,20261007-18-07,11:35,4,3,5318,河内一馬,B1,45,26,37.6,47.0,100.0,3,6.91,0.34,False,0.0
20261007,2026-10-07T15:51:52+09:00,18,徳山,7,20261007-18-07,11:35,5,4,5372,上岡巧汰,B2,53,30,32.36,29.3,100.0,4,6.81,0.22,False,0.0
20261007,2026-10-07T15:51:52+09:00,18,徳山,7,20261007-18-07,11:35,6,6,5432,安藤瑠希,B1,27,16,30.42,27.0,100.0,6,6.84,0.13,False,0.0
20261007,2026-10-07T15:51:52+09:00,18,徳山,8,20261007-18-08,12:06,1,1,5245,倉富大誠,B1,41,20,77.6,82.5,100.0,1,6.79,-0.08,True,-0.5
20261007,2026-10-07T15:51:52+09:00,18,徳山,8,20261007-18-08,12:06,2,3,5178,成貞琳平,B1,31,61,71.09,67.0,100.0,3,6.85,0.12,False,-0.5
20261007,2026-10-07T15:51:52+09:00,18,徳山,8,20261007-18-08,12:06,3,2,5394,福西広太,B1,68,60,56.16,48.2,100.0,2,6.86,0.09,False,0.0
20261007,2026-10-07T15:51:52+09:00,18,徳山,8,20261007-18-08,12:06,4,4,5237,永松良教,B2,75,13,53.36,47.7,100.0,4,6.88,0.07,False,0.0
20261007,2026-10-07T15:51:52+09:00,18,徳山,8,20261007-18-08,12:06,5,5,5130,上野拓馬,B1,48,12,40.0,40.0,100.0,5,6.86,-0.06,True,0.0
20261007,2026-10-07T15:51:52+09:00,18,徳山,8,20261007-18-08,12:06,6,6,5417,小柳勝希,B1,32,55,17.28,14.6,100.0,6,6.91,-0.1,True,0.0
20261007,2026-10-07T15:51:52+09:00,18,徳山,9,20261007-18-09,12:42,1,1,5197,中野仁照,B2,62,54,75.92,69.9,100.0,1,6.82,0.08,False,0.0
20261007,2026-10-07T15:51:52+09:00,18,徳山,9,20261007-18-09,12:42,2,3,5293,眞崎武蔵,B1,49,40,53.2,58.0,100.0,3,6.91,-0.1,True,0.0
20261007,2026-10-07T15:51:52+09:00,18,徳山,9,20261007-18-09,12:42,3,2,5375,庄島潤成,B1,54,19,52.4,52.5,100.0,2,6.84,-0.07,True,0.0
20261007,2026-10-07T15:51:52+09:00,18,徳山,9,20261007-18-09,12:42,4,4,5183,中野孝二,B1,65,46,43.76,47.7,100.0,4,6.91,-0.2,True,0.0
20261007,2026-10-07T15:51:52+09:00,18,徳山,9,20261007-18-09,12:42,5,5,5332,村松遥輝,B1,43,74,43.36,42.7,100.0,5,6.87,-0.13,True,0.0
20261007,2026-10-07T15:51:52+09:00,18,徳山,9,20261007-18-09,12:42,6,6,5374,木山大聖,B1,47,29,38.14,29.2,100.0,6,6.88,0.08,False,0.0
20261007,2026-10-07T15:51:52+09:00,18,徳山,10,20261007-18-10,13:15,1,2,5136,濱野斗馬,A1,60,11,72.08,81.6,100.0,2,6.89,-0.09,True,-0.5
20261007,2026-10-07T15:51:52+09:00,18,徳山,10,20261007-18-10,13:15,2,1,5085,中村栄治,A2,30,63,62.4,65.0,100.0,1,6.83,-0.04,True,0.0
20261007,2026-10-07T15:51:52+09:00,18,徳山,10,20261007-18-10,13:15,3,6,5255,藤原仙二,A1,29,66,54.64,56.8,100.0,6,6.86,-0.02,True,0.0
20261007,2026-10-07T15:51:52+09:00,18,徳山,10,20261007-18-10,13:15,4,5,5145,島川海輝,A2,39,65,35.76,30.2,100.0,5,6.81,-0.03,True,0.0
20261007,2026-10-07T15:51:52+09:00,18,徳山,10,20261007-18-10,13:15,5,3,5214,田中宏典,B1,38,48,31.04,28.8,100.0,3,6.88,-0.06,True,-0.5
20261007,2026-10-07T15:51:52+09:00,18,徳山,10,20261007-18-10,13:15,6,4,5368,宮崎心之,B1,71,32,30.08,37.6,100.0,4,6.93,0.23,False,0.0
20261007,2026-10-07T15:51:52+09:00,18,徳山,11,20261007-18-11,13:50,1,1,5066,鈴木孝明,A1,28,58,65.44,68.8,100.0,1,6.87,-0.04,True,0.0
20261007,2026-10-07T15:51:52+09:00,18,徳山,11,20261007-18-11,13:50,2,4,5224,西岡顕心,A1,57,75,63.76,62.2,100.0,4,6.94,0.05,False,-0.5
20261007,2026-10-07T15:51:52+09:00,18,徳山,11,20261007-18-11,13:50,3,2,5298,水谷理人,A1,40,31,60.98,70.0,100.0,2,6.92,0.16,False,-0.5
20261007,2026-10-07T15:51:52+09:00,18,徳山,11,20261007-18-11,13:50,4,3,5160,藤森陸斗,A2,56,51,50.08,40.6,100.0,3,6.88,0.08,False,-0.5
20261007,2026-10-07T15:51:52+09:00,18,徳山,11,20261007-18-11,13:50,5,5,5137,川原涼,A2,69,36,47.52,44.9,100.0,5,6.82,-0.03,True,-0.5
20261007,2026-10-07T15:51:52+09:00,18,徳山,11,20261007-18-11,13:50,6,6,5245,倉富大誠,B1,41,20,18.8,13.5,100.0,6,6.88,-0.09,True,-0.5
20261007,2026-10-07T15:51:52+09:00,18,徳山,12,20261007-18-12,14:29,1,1,4985,井本昌也,A1,34,21,77.36,83.7,100.0,1,6.81,-0.02,True,0.0
20261007,2026-10-07T15:51:52+09:00,18,徳山,12,20261007-18-12,14:29,2,2,5166,仲道大輔,A2,64,38,52.16,58.2,100.0,2,6.86,-0.03,True,0.0
20261007,2026-10-07T15:51:52+09:00,18,徳山,12,20261007-18-12,14:29,3,4,5185,加藤優弥,B1,33,28,45.23,45.7,100.0,4,6.81,0.17,False,0.0
20261007,2026-10-07T15:51:52+09:00,18,徳山,12,20261007-18-12,14:29,4,3,5280,廣瀬凜,A1,44,47,44.88,47.6,100.0,3,6.85,-0.06,True,0.0
20261007,2026-10-07T15:51:52+09:00,18,徳山,12,20261007-18-12,14:29,5,6,5042,畑田汰一,A1,46,45,41.12,41.4,100.0,6,6.82,-0.04,True,0.0
20261007,2026-10-07T15:51:52+09:00,18,徳山,12,20261007-18-12,14:29,6,5,5243,三馬崇史,B1,37,22,30.32,23.4,100.0,5,6.8,-0.04,True,0.0
20261007,2026-10-07T15:51:52+09:00,24,大村,1,20261007-24-01,15:20,1,2,4693,松下誉士,B1,55,63,75.92,77.4,100.0,2,6.9,0.09,False,0.0
20261007,2026-10-07T15:51:52+09:00,24,大村,1,20261007-24-01,15:20,2,1,3871,池田紫乃,B1,52,24,68.08,64.6,100.0,1,6.87,0.12,False,-0.5
20261007,2026-10-07T15:51:52+09:00,24,大村,1,20261007-24-01,15:20,3,5,5144,中尾彩香,B1,74,27,61.84,52.3,100.0,5,6.81,0.01,False,-0.5
20261007,2026-10-07T15:51:52+09:00,24,大村,1,20261007-24-01,15:20,4,3,3950,石川哲秀,B1,58,19,47.44,50.8,100.0,3,6.87,-0.05,True,-0.5
20261007,2026-10-07T15:51:52+09:00,24,大村,1,20261007-24-01,15:20,5,6,3282,池本輝明,B1,59,80,34.72,19.9,100.0,6,6.83,0.08,False,0.0
20261007,2026-10-07T15:51:52+09:00,24,大村,1,20261007-24-01,15:20,6,4,5261,岡暢祐,B1,75,13,31.6,35.0,100.0,4,6.86,0.32,False,0.0
20261007,2026-10-07T15:51:52+09:00,24,大村,2,20261007-24-02,15:48,1,4,4739,中村晃朋,A1,72,16,76.64,88.4,100.0,5,6.81,-0.01,True,0.0
20261007,2026-10-07T15:51:52+09:00,24,大村,2,20261007-24-02,15:48,2,1,4656,大崎翔,A2,78,17,70.88,63.6,100.0,1,6.8,0.08,False,0.0
20261007,2026-10-07T15:51:52+09:00,24,大村,2,20261007-24-02,15:48,3,3,4007,榮田将彦,B1,41,30,57.85,55.6,100.0,4,6.82,0.13,False,0.0
20261007,2026-10-07T15:51:52+09:00,24,大村,2,20261007-24-02,15:48,4,2,4145,小澤学,B1,34,33,49.92,35.5,100.0,3,6.83,0.15,False,0.0
20261007,2026-10-07T15:51:52+09:00,24,大村,2,20261007-24-02,15:48,5,6,4409,坂元浩仁,A1,51,23,43.76,38.0,100.0,6,6.87,0.04,False,0.0
20261007,2026-10-07T15:51:52+09:00,24,大村,2,20261007-24-02,15:48,6,5,4874,池田奈津,B1,31,64,25.84,18.9,100.0,2,6.86,0.04,False,0.0
