date,venue_code,venue_name,race,race_id,race_name,distance_m,deadline,fixed_course,series_day,source_url,collected_at
20261011,23,唐津,1,20261011-23-01,朝1戦,1800,08:35,False,4,https://www1.mbrace.or.jp/od2/B/202610/b261011.lzh,2026-10-11T04:40:34.312436+09:00
20261011,23,唐津,2,20261011-23-02,モー2ング戦,1800,09:01,False,4,https://www1.mbrace.or.jp/od2/B/202610/b261011.lzh,2026-10-11T04:40:34.312436+09:00
20261011,23,唐津,3,20261011-23-03,3ライズ戦,1800,09:27,False,4,https://www1.mbrace.or.jp/od2/B/202610/b261011.lzh,2026-10-11T04:40:34.312436+09:00
20261011,23,唐津,4,20261011-23-04,おは4戦,1800,09:53,False,4,https://www1.mbrace.or.jp/od2/B/202610/b261011.lzh,2026-10-11T04:40:34.312436+09:00
20261011,23,唐津,5,20261011-23-05,レッツ5戦,1800,10:23,False,4,https://www1.mbrace.or.jp/od2/B/202610/b261011.lzh,2026-10-11T04:40:34.312436+09:00
20261011,23,唐津,6,20261011-23-06,一般,1800,10:53,False,4,https://www1.mbrace.or.jp/od2/B/202610/b261011.lzh,2026-10-11T04:40:34.312436+09:00
20261011,23,唐津,7,20261011-23-07,一般,1800,11:22,False,4,https://www1.mbrace.or.jp/od2/B/202610/b261011.lzh,2026-10-11T04:40:34.312436+09:00
20261011,23,唐津,8,20261011-23-08,8っぴータイ,1800,11:58,False,4,https://www1.mbrace.or.jp/od2/B/202610/b261011.lzh,2026-10-11T04:40:34.312436+09:00
20261011,23,唐津,9,20261011-23-09,一般,1800,12:29,False,4,https://www1.mbrace.or.jp/od2/B/202610/b261011.lzh,2026-10-11T04:40:34.312436+09:00
20261011,23,唐津,10,20261011-23-10,準優勝戦,1800,13:07,False,4,https://www1.mbrace.or.jp/od2/B/202610/b261011.lzh,2026-10-11T04:40:34.312436+09:00
20261011,23,唐津,11,20261011-23-11,準優勝戦,1800,13:43,False,4,https://www1.mbrace.or.jp/od2/B/202610/b261011.lzh,2026-10-11T04:40:34.312436+09:00
20261011,23,唐津,12,20261011-23-12,準優勝戦,1800,14:19,False,4,https://www1.mbrace.or.jp/od2/B/202610/b261011.lzh,2026-10-11T04:40:34.312436+09:00
20261011,22,福岡,1,20261011-22-01,カタメン1予,1800,11:07,False,2,https://www1.mbrace.or.jp/od2/B/202610/b261011.lzh,2026-10-11T04:40:34.312436+09:00
20261011,22,福岡,2,20261011-22-02,予選,1800,11:33,False,2,https://www1.mbrace.or.jp/od2/B/202610/b261011.lzh,2026-10-11T04:40:34.312436+09:00
20261011,22,福岡,3,20261011-22-03,カタメン3予,1800,12:04,False,2,https://www1.mbrace.or.jp/od2/B/202610/b261011.lzh,2026-10-11T04:40:34.312436+09:00
20261011,22,福岡,4,20261011-22-04,予選,1800,12:31,False,2,https://www1.mbrace.or.jp/od2/B/202610/b261011.lzh,2026-10-11T04:40:34.312436+09:00
20261011,22,福岡,5,20261011-22-05,予選,1800,12:58,False,2,https://www1.mbrace.or.jp/od2/B/202610/b261011.lzh,2026-10-11T04:40:34.312436+09:00
20261011,22,福岡,6,20261011-22-06,予選,1800,13:23,False,2,https://www1.mbrace.or.jp/od2/B/202610/b261011.lzh,2026-10-11T04:40:34.312436+09:00
20261011,22,福岡,7,20261011-22-07,予選,1800,13:54,False,2,https://www1.mbrace.or.jp/od2/B/202610/b261011.lzh,2026-10-11T04:40:34.312436+09:00
20261011,22,福岡,8,20261011-22-08,予選,1800,14:22,False,2,https://www1.mbrace.or.jp/od2/B/202610/b261011.lzh,2026-10-11T04:40:34.312436+09:00
20261011,22,福岡,9,20261011-22-09,予選特賞,1800,14:59,False,2,https://www1.mbrace.or.jp/od2/B/202610/b261011.lzh,2026-10-11T04:40:34.312436+09:00
20261011,22,福岡,10,20261011-22-10,予選特賞,1800,15:30,False,2,https://www1.mbrace.or.jp/od2/B/202610/b261011.lzh,2026-10-11T04:40:34.312436+09:00
20261011,22,福岡,11,20261011-22-11,予選特選,1800,16:04,False,2,https://www1.mbrace.or.jp/od2/B/202610/b261011.lzh,2026-10-11T04:40:34.312436+09:00
20261011,22,福岡,12,20261011-22-12,福岡選抜,1800,16:40,False,2,https://www1.mbrace.or.jp/od2/B/202610/b261011.lzh,2026-10-11T04:40:34.312436+09:00
20261011,19,下関,1,20261011-19-01,予選,1800,17:41,False,1,https://www1.mbrace.or.jp/od2/B/202610/b261011.lzh,2026-10-11T04:40:34.312436+09:00
20261011,19,下関,2,20261011-19-02,予選,1800,18:08,False,1,https://www1.mbrace.or.jp/od2/B/202610/b261011.lzh,2026-10-11T04:40:34.312436+09:00
20261011,19,下関,3,20261011-19-03,予選,1800,18:34,False,1,https://www1.mbrace.or.jp/od2/B/202610/b261011.lzh,2026-10-11T04:40:34.312436+09:00
20261011,19,下関,4,20261011-19-04,予選,1800,19:03,False,1,https://www1.mbrace.or.jp/od2/B/202610/b261011.lzh,2026-10-11T04:40:34.312436+09:00
20261011,19,下関,5,20261011-19-05,シーモ戦,1800,19:30,False,1,https://www1.mbrace.or.jp/od2/B/202610/b261011.lzh,2026-10-11T04:40:34.312436+09:00
20261011,19,下関,6,20261011-19-06,予選,1800,19:56,False,1,https://www1.mbrace.or.jp/od2/B/202610/b261011.lzh,2026-10-11T04:40:34.312436+09:00
20261011,19,下関,7,20261011-19-07,ふく～る特賞,1800,20:25,False,1,https://www1.mbrace.or.jp/od2/B/202610/b261011.lzh,2026-10-11T04:40:34.312436+09:00
20261011,19,下関,8,20261011-19-08,予選,1800,20:59,False,1,https://www1.mbrace.or.jp/od2/B/202610/b261011.lzh,2026-10-11T04:40:34.312436+09:00
20261011,19,下関,9,20261011-19-09,予選,1800,21:25,False,1,https://www1.mbrace.or.jp/od2/B/202610/b261011.lzh,2026-10-11T04:40:34.312436+09:00
20261011,19,下関,10,20261011-19-10,予選特賞,1800,21:51,False,1,https://www1.mbrace.or.jp/od2/B/202610/b261011.lzh,2026-10-11T04:40:34.312436+09:00
20261011,19,下関,11,20261011-19-11,予選特選,1800,22:18,False,1,https://www1.mbrace.or.jp/od2/B/202610/b261011.lzh,2026-10-11T04:40:34.312436+09:00
20261011,19,下関,12,20261011-19-12,ドリーム戦,1800,22:45,False,1,https://www1.mbrace.or.jp/od2/B/202610/b261011.lzh,2026-10-11T04:40:34.312436+09:00
20261011,18,徳山,1,20261011-18-01,朝トク予選,1800,08:47,False,2,https://www1.mbrace.or.jp/od2/B/202610/b261011.lzh,2026-10-11T04:40:34.312436+09:00
20261011,18,徳山,2,20261011-18-02,狙いトク特選,1800,09:13,False,2,https://www1.mbrace.or.jp/od2/B/202610/b261011.lzh,2026-10-11T04:40:34.312436+09:00
20261011,18,徳山,3,20261011-18-03,決めトク特賞,1800,09:39,False,2,https://www1.mbrace.or.jp/od2/B/202610/b261011.lzh,2026-10-11T04:40:34.312436+09:00
20261011,18,徳山,4,20261011-18-04,ガチトク予選,1800,10:05,False,2,https://www1.mbrace.or.jp/od2/B/202610/b261011.lzh,2026-10-11T04:40:34.312436+09:00
20261011,18,徳山,5,20261011-18-05,予選,1800,10:32,False,2,https://www1.mbrace.or.jp/od2/B/202610/b261011.lzh,2026-10-11T04:40:34.312436+09:00
20261011,18,徳山,6,20261011-18-06,予選,1800,11:02,False,2,https://www1.mbrace.or.jp/od2/B/202610/b261011.lzh,2026-10-11T04:40:34.312436+09:00
20261011,18,徳山,7,20261011-18-07,予選,1800,11:35,False,2,https://www1.mbrace.or.jp/od2/B/202610/b261011.lzh,2026-10-11T04:40:34.312436+09:00
20261011,18,徳山,8,20261011-18-08,予選,1800,12:06,False,2,https://www1.mbrace.or.jp/od2/B/202610/b261011.lzh,2026-10-11T04:40:34.312436+09:00
20261011,18,徳山,9,20261011-18-09,推しトク特賞,1800,12:37,False,2,https://www1.mbrace.or.jp/od2/B/202610/b261011.lzh,2026-10-11T04:40:34.312436+09:00
20261011,18,徳山,10,20261011-18-10,予選,1800,13:12,False,2,https://www1.mbrace.or.jp/od2/B/202610/b261011.lzh,2026-10-11T04:40:34.312436+09:00
20261011,18,徳山,11,20261011-18-11,予選,1800,13:50,False,2,https://www1.mbrace.or.jp/od2/B/202610/b261011.lzh,2026-10-11T04:40:34.312436+09:00
20261011,18,徳山,12,20261011-18-12,すなっち特選,1800,14:29,False,2,https://www1.mbrace.or.jp/od2/B/202610/b261011.lzh,2026-10-11T04:40:34.312436+09:00
20261011,16,児島,1,20261011-16-01,朝得ガァ～コ,1800,10:51,False,5,https://www1.mbrace.or.jp/od2/B/202610/b261011.lzh,2026-10-11T04:40:34.312436+09:00
20261011,16,児島,2,20261011-16-02,一般,1800,11:20,False,5,https://www1.mbrace.or.jp/od2/B/202610/b261011.lzh,2026-10-11T04:40:34.312436+09:00
20261011,16,児島,3,20261011-16-03,一般,1800,11:51,False,5,https://www1.mbrace.or.jp/od2/B/202610/b261011.lzh,2026-10-11T04:40:34.312436+09:00
20261011,16,児島,4,20261011-16-04,コジマだ4っ,1800,12:22,False,5,https://www1.mbrace.or.jp/od2/B/202610/b261011.lzh,2026-10-11T04:40:34.312436+09:00
20261011,16,児島,5,20261011-16-05,日替艇食戦,1800,12:53,False,5,https://www1.mbrace.or.jp/od2/B/202610/b261011.lzh,2026-10-11T04:40:34.312436+09:00
20261011,16,児島,6,20261011-16-06,一般,1800,13:32,False,5,https://www1.mbrace.or.jp/od2/B/202610/b261011.lzh,2026-10-11T04:40:34.312436+09:00
20261011,16,児島,7,20261011-16-07,一般,1800,14:09,False,5,https://www1.mbrace.or.jp/od2/B/202610/b261011.lzh,2026-10-11T04:40:34.312436+09:00
20261011,16,児島,8,20261011-16-08,一般,1800,14:39,False,5,https://www1.mbrace.or.jp/od2/B/202610/b261011.lzh,2026-10-11T04:40:34.312436+09:00
20261011,16,児島,9,20261011-16-09,これしか9じ,1800,15:06,False,5,https://www1.mbrace.or.jp/od2/B/202610/b261011.lzh,2026-10-11T04:40:34.312436+09:00
20261011,16,児島,10,20261011-16-10,準優勝戦,1800,15:37,False,5,https://www1.mbrace.or.jp/od2/B/202610/b261011.lzh,2026-10-11T04:40:34.312436+09:00
20261011,16,児島,11,20261011-16-11,準優勝戦,1800,16:12,False,5,https://www1.mbrace.or.jp/od2/B/202610/b261011.lzh,2026-10-11T04:40:34.312436+09:00
20261011,16,児島,12,20261011-16-12,準優勝戦,1800,16:50,False,5,https://www1.mbrace.or.jp/od2/B/202610/b261011.lzh,2026-10-11T04:40:34.312436+09:00
20261011,15,丸亀,1,20261011-15-01,予選,1800,15:20,False,2,https://www1.mbrace.or.jp/od2/B/202610/b261011.lzh,2026-10-11T04:40:34.312436+09:00
20261011,15,丸亀,2,20261011-15-02,予選,1800,15:49,False,2,https://www1.mbrace.or.jp/od2/B/202610/b261011.lzh,2026-10-11T04:40:34.312436+09:00
20261011,15,丸亀,3,20261011-15-03,予選,1800,16:14,False,2,https://www1.mbrace.or.jp/od2/B/202610/b261011.lzh,2026-10-11T04:40:34.312436+09:00
20261011,15,丸亀,4,20261011-15-04,予選,1800,16:43,False,2,https://www1.mbrace.or.jp/od2/B/202610/b261011.lzh,2026-10-11T04:40:34.312436+09:00
20261011,15,丸亀,5,20261011-15-05,予選,1800,17:09,False,2,https://www1.mbrace.or.jp/od2/B/202610/b261011.lzh,2026-10-11T04:40:34.312436+09:00
20261011,15,丸亀,6,20261011-15-06,かけうどん6,1800,17:34,False,2,https://www1.mbrace.or.jp/od2/B/202610/b261011.lzh,2026-10-11T04:40:34.312436+09:00
20261011,15,丸亀,7,20261011-15-07,ざるうどん7,1800,18:02,False,2,https://www1.mbrace.or.jp/od2/B/202610/b261011.lzh,2026-10-11T04:40:34.312436+09:00
20261011,15,丸亀,8,20261011-15-08,釜揚げ8,1800,18:41,True,2,https://www1.mbrace.or.jp/od2/B/202610/b261011.lzh,2026-10-11T04:40:34.312436+09:00
20261011,15,丸亀,9,20261011-15-09,まるがめ特賞,1800,19:10,False,2,https://www1.mbrace.or.jp/od2/B/202610/b261011.lzh,2026-10-11T04:40:34.312436+09:00
20261011,15,丸亀,10,20261011-15-10,蒼月まるる特,1800,19:39,False,2,https://www1.mbrace.or.jp/od2/B/202610/b261011.lzh,2026-10-11T04:40:34.312436+09:00
20261011,15,丸亀,11,20261011-15-11,予選選抜,1800,20:10,False,2,https://www1.mbrace.or.jp/od2/B/202610/b261011.lzh,2026-10-11T04:40:34.312436+09:00
20261011,15,丸亀,12,20261011-15-12,予選選抜,1800,20:38,False,2,https://www1.mbrace.or.jp/od2/B/202610/b261011.lzh,2026-10-11T04:40:34.312436+09:00
20261011,12,住之江,1,20261011-12-01,住之江ONE,1800,15:17,False,2,https://www1.mbrace.or.jp/od2/B/202610/b261011.lzh,2026-10-11T04:40:34.312436+09:00
20261011,12,住之江,2,20261011-12-02,予選,1800,15:45,False,2,https://www1.mbrace.or.jp/od2/B/202610/b261011.lzh,2026-10-11T04:40:34.312436+09:00
20261011,12,住之江,3,20261011-12-03,予選,1800,16:08,False,2,https://www1.mbrace.or.jp/od2/B/202610/b261011.lzh,2026-10-11T04:40:34.312436+09:00
20261011,12,住之江,4,20261011-12-04,予選,1800,16:34,False,2,https://www1.mbrace.or.jp/od2/B/202610/b261011.lzh,2026-10-11T04:40:34.312436+09:00
20261011,12,住之江,5,20261011-12-05,住之江ファイ,1800,17:01,False,2,https://www1.mbrace.or.jp/od2/B/202610/b261011.lzh,2026-10-11T04:40:34.312436+09:00
20261011,12,住之江,6,20261011-12-06,予選特別B戦,1800,17:27,False,2,https://www1.mbrace.or.jp/od2/B/202610/b261011.lzh,2026-10-11T04:40:34.312436+09:00
20261011,12,住之江,7,20261011-12-07,予選,1800,17:55,False,2,https://www1.mbrace.or.jp/od2/B/202610/b261011.lzh,2026-10-11T04:40:34.312436+09:00
20261011,12,住之江,8,20261011-12-08,予選,1800,18:25,False,2,https://www1.mbrace.or.jp/od2/B/202610/b261011.lzh,2026-10-11T04:40:34.312436+09:00
20261011,12,住之江,9,20261011-12-09,予選,1800,18:55,False,2,https://www1.mbrace.or.jp/od2/B/202610/b261011.lzh,2026-10-11T04:40:34.312436+09:00
20261011,12,住之江,10,20261011-12-10,予選特別B戦,1800,19:23,False,2,https://www1.mbrace.or.jp/od2/B/202610/b261011.lzh,2026-10-11T04:40:34.312436+09:00
20261011,12,住之江,11,20261011-12-11,予選特別A戦,1800,20:03,False,2,https://www1.mbrace.or.jp/od2/B/202610/b261011.lzh,2026-10-11T04:40:34.312436+09:00
20261011,12,住之江,12,20261011-12-12,予選特別A戦,1800,20:31,False,2,https://www1.mbrace.or.jp/od2/B/202610/b261011.lzh,2026-10-11T04:40:34.312436+09:00
20261011,09,津,1,20261011-09-01,一般,1800,10:29,False,2,https://www1.mbrace.or.jp/od2/B/202610/b261011.lzh,2026-10-11T04:40:34.312436+09:00
20261011,09,津,2,20261011-09-02,一般,1800,10:57,False,2,https://www1.mbrace.or.jp/od2/B/202610/b261011.lzh,2026-10-11T04:40:34.312436+09:00
20261011,09,津,3,20261011-09-03,一般,1800,11:25,False,2,https://www1.mbrace.or.jp/od2/B/202610/b261011.lzh,2026-10-11T04:40:34.312436+09:00
20261011,09,津,4,20261011-09-04,一般,1800,11:54,False,2,https://www1.mbrace.or.jp/od2/B/202610/b261011.lzh,2026-10-11T04:40:34.312436+09:00
20261011,09,津,5,20261011-09-05,復活戦,1800,12:25,False,2,https://www1.mbrace.or.jp/od2/B/202610/b261011.lzh,2026-10-11T04:40:34.312436+09:00
20261011,09,津,6,20261011-09-06,復活戦,1800,12:56,False,2,https://www1.mbrace.or.jp/od2/B/202610/b261011.lzh,2026-10-11T04:40:34.312436+09:00
20261011,09,津,7,20261011-09-07,復活戦,1800,13:26,False,2,https://www1.mbrace.or.jp/od2/B/202610/b261011.lzh,2026-10-11T04:40:34.312436+09:00
20261011,09,津,8,20261011-09-08,復活戦,1800,13:59,False,2,https://www1.mbrace.or.jp/od2/B/202610/b261011.lzh,2026-10-11T04:40:34.312436+09:00
20261011,09,津,9,20261011-09-09,セミファイナ,1800,14:32,False,2,https://www1.mbrace.or.jp/od2/B/202610/b261011.lzh,2026-10-11T04:40:34.312436+09:00
20261011,09,津,10,20261011-09-10,セミファイナ,1800,15:07,False,2,https://www1.mbrace.or.jp/od2/B/202610/b261011.lzh,2026-10-11T04:40:34.312436+09:00
20261011,09,津,11,20261011-09-11,セミファイナ,1800,15:42,False,2,https://www1.mbrace.or.jp/od2/B/202610/b261011.lzh,2026-10-11T04:40:34.312436+09:00
20261011,09,津,12,20261011-09-12,セミファイナ,1800,16:20,False,2,https://www1.mbrace.or.jp/od2/B/202610/b261011.lzh,2026-10-11T04:40:34.312436+09:00
20261011,08,常滑,1,20261011-08-01,朝トコ小判R,1800,10:17,False,6,https://www1.mbrace.or.jp/od2/B/202610/b261011.lzh,2026-10-11T04:40:34.312436+09:00
20261011,08,常滑,2,20261011-08-02,一般,1800,10:45,False,6,https://www1.mbrace.or.jp/od2/B/202610/b261011.lzh,2026-10-11T04:40:34.312436+09:00
20261011,08,常滑,3,20261011-08-03,一般,1800,11:12,False,6,https://www1.mbrace.or.jp/od2/B/202610/b261011.lzh,2026-10-11T04:40:34.312436+09:00
20261011,08,常滑,4,20261011-08-04,一般,1800,11:39,False,6,https://www1.mbrace.or.jp/od2/B/202610/b261011.lzh,2026-10-11T04:40:34.312436+09:00
20261011,08,常滑,5,20261011-08-05,三A傑戦,1800,12:12,False,6,https://www1.mbrace.or.jp/od2/B/202610/b261011.lzh,2026-10-11T04:40:34.312436+09:00
20261011,08,常滑,6,20261011-08-06,昼トコ小判R,1800,12:49,False,6,https://www1.mbrace.or.jp/od2/B/202610/b261011.lzh,2026-10-11T04:40:34.312436+09:00
20261011,08,常滑,7,20261011-08-07,一般,1800,13:17,False,6,https://www1.mbrace.or.jp/od2/B/202610/b261011.lzh,2026-10-11T04:40:34.312436+09:00
20261011,08,常滑,8,20261011-08-08,一般,1800,13:47,False,6,https://www1.mbrace.or.jp/od2/B/202610/b261011.lzh,2026-10-11T04:40:34.312436+09:00
20261011,08,常滑,9,20261011-08-09,一般特選,1800,14:14,False,6,https://www1.mbrace.or.jp/od2/B/202610/b261011.lzh,2026-10-11T04:40:34.312436+09:00
20261011,08,常滑,10,20261011-08-10,選抜戦,1800,14:45,False,6,https://www1.mbrace.or.jp/od2/B/202610/b261011.lzh,2026-10-11T04:40:34.312436+09:00
20261011,08,常滑,11,20261011-08-11,選抜戦,1800,15:15,False,6,https://www1.mbrace.or.jp/od2/B/202610/b261011.lzh,2026-10-11T04:40:34.312436+09:00
20261011,08,常滑,12,20261011-08-12,優勝戦,1800,16:01,False,6,https://www1.mbrace.or.jp/od2/B/202610/b261011.lzh,2026-10-11T04:40:34.312436+09:00
20261011,06,浜名湖,1,20261011-06-01,予選,1800,10:59,False,2,https://www1.mbrace.or.jp/od2/B/202610/b261011.lzh,2026-10-11T04:40:34.312436+09:00
20261011,06,浜名湖,2,20261011-06-02,予選,1800,11:29,False,2,https://www1.mbrace.or.jp/od2/B/202610/b261011.lzh,2026-10-11T04:40:34.312436+09:00
20261011,06,浜名湖,3,20261011-06-03,予選,1800,12:00,False,2,https://www1.mbrace.or.jp/od2/B/202610/b261011.lzh,2026-10-11T04:40:34.312436+09:00
20261011,06,浜名湖,4,20261011-06-04,予選,1800,12:39,False,2,https://www1.mbrace.or.jp/od2/B/202610/b261011.lzh,2026-10-11T04:40:34.312436+09:00
20261011,06,浜名湖,5,20261011-06-05,ランチタイム,1800,13:05,False,2,https://www1.mbrace.or.jp/od2/B/202610/b261011.lzh,2026-10-11T04:40:34.312436+09:00
20261011,06,浜名湖,6,20261011-06-06,予選,1800,13:34,False,2,https://www1.mbrace.or.jp/od2/B/202610/b261011.lzh,2026-10-11T04:40:34.312436+09:00
20261011,06,浜名湖,7,20261011-06-07,予選,1800,14:11,False,2,https://www1.mbrace.or.jp/od2/B/202610/b261011.lzh,2026-10-11T04:40:34.312436+09:00
20261011,06,浜名湖,8,20261011-06-08,予選特賞,1800,14:43,False,2,https://www1.mbrace.or.jp/od2/B/202610/b261011.lzh,2026-10-11T04:40:34.312436+09:00
20261011,06,浜名湖,9,20261011-06-09,ブレイクタイ,1800,15:11,False,2,https://www1.mbrace.or.jp/od2/B/202610/b261011.lzh,2026-10-11T04:40:34.312436+09:00
20261011,06,浜名湖,10,20261011-06-10,予選特賞,1800,15:39,False,2,https://www1.mbrace.or.jp/od2/B/202610/b261011.lzh,2026-10-11T04:40:34.312436+09:00
20261011,06,浜名湖,11,20261011-06-11,予選特選,1800,16:06,False,2,https://www1.mbrace.or.jp/od2/B/202610/b261011.lzh,2026-10-11T04:40:34.312436+09:00
20261011,06,浜名湖,12,20261011-06-12,予選特選,1800,16:36,False,2,https://www1.mbrace.or.jp/od2/B/202610/b261011.lzh,2026-10-11T04:40:34.312436+09:00
20261011,03,江戸川,1,20261011-03-01,一般,1800,11:14,False,5,https://www1.mbrace.or.jp/od2/B/202610/b261011.lzh,2026-10-11T04:40:34.312436+09:00
20261011,03,江戸川,2,20261011-03-02,一般,1800,11:41,False,5,https://www1.mbrace.or.jp/od2/B/202610/b261011.lzh,2026-10-11T04:40:34.312436+09:00
20261011,03,江戸川,3,20261011-03-03,一般,1800,12:08,False,5,https://www1.mbrace.or.jp/od2/B/202610/b261011.lzh,2026-10-11T04:40:34.312436+09:00
20261011,03,江戸川,4,20261011-03-04,一般,1800,12:35,False,5,https://www1.mbrace.or.jp/od2/B/202610/b261011.lzh,2026-10-11T04:40:34.312436+09:00
20261011,03,江戸川,5,20261011-03-05,一般,1800,13:02,False,5,https://www1.mbrace.or.jp/od2/B/202610/b261011.lzh,2026-10-11T04:40:34.312436+09:00
20261011,03,江戸川,6,20261011-03-06,一般,1800,13:29,False,5,https://www1.mbrace.or.jp/od2/B/202610/b261011.lzh,2026-10-11T04:40:34.312436+09:00
20261011,03,江戸川,7,20261011-03-07,一般,1800,13:56,False,5,https://www1.mbrace.or.jp/od2/B/202610/b261011.lzh,2026-10-11T04:40:34.312436+09:00
20261011,03,江戸川,8,20261011-03-08,一般,1800,14:24,False,5,https://www1.mbrace.or.jp/od2/B/202610/b261011.lzh,2026-10-11T04:40:34.312436+09:00
20261011,03,江戸川,9,20261011-03-09,一般,1800,14:52,False,5,https://www1.mbrace.or.jp/od2/B/202610/b261011.lzh,2026-10-11T04:40:34.312436+09:00
20261011,03,江戸川,10,20261011-03-10,一般特賞,1800,15:22,False,5,https://www1.mbrace.or.jp/od2/B/202610/b261011.lzh,2026-10-11T04:40:34.312436+09:00
20261011,03,江戸川,11,20261011-03-11,準優勝戦,1800,15:53,False,5,https://www1.mbrace.or.jp/od2/B/202610/b261011.lzh,2026-10-11T04:40:34.312436+09:00
20261011,03,江戸川,12,20261011-03-12,準優勝戦,1800,16:25,False,5,https://www1.mbrace.or.jp/od2/B/202610/b261011.lzh,2026-10-11T04:40:34.312436+09:00
20261011,02,戸田,1,20261011-02-01,予選,1800,10:47,False,3,https://www1.mbrace.or.jp/od2/B/202610/b261011.lzh,2026-10-11T04:40:34.312436+09:00
20261011,02,戸田,2,20261011-02-02,予選,1800,11:16,False,3,https://www1.mbrace.or.jp/od2/B/202610/b261011.lzh,2026-10-11T04:40:34.312436+09:00
20261011,02,戸田,3,20261011-02-03,予選,1800,11:45,False,3,https://www1.mbrace.or.jp/od2/B/202610/b261011.lzh,2026-10-11T04:40:34.312436+09:00
20261011,02,戸田,4,20261011-02-04,予選,1800,12:14,False,3,https://www1.mbrace.or.jp/od2/B/202610/b261011.lzh,2026-10-11T04:40:34.312436+09:00
20261011,02,戸田,5,20261011-02-05,ウインウイン,1800,12:44,False,3,https://www1.mbrace.or.jp/od2/B/202610/b261011.lzh,2026-10-11T04:40:34.312436+09:00
20261011,02,戸田,6,20261011-02-06,予選,1800,13:14,False,3,https://www1.mbrace.or.jp/od2/B/202610/b261011.lzh,2026-10-11T04:40:34.312436+09:00
20261011,02,戸田,7,20261011-02-07,ウインウイン,1800,13:45,False,3,https://www1.mbrace.or.jp/od2/B/202610/b261011.lzh,2026-10-11T04:40:34.312436+09:00
20261011,02,戸田,8,20261011-02-08,予選,1800,14:16,False,3,https://www1.mbrace.or.jp/od2/B/202610/b261011.lzh,2026-10-11T04:40:34.312436+09:00
20261011,02,戸田,9,20261011-02-09,戸田特賞,1800,14:48,False,3,https://www1.mbrace.or.jp/od2/B/202610/b261011.lzh,2026-10-11T04:40:34.312436+09:00
20261011,02,戸田,10,20261011-02-10,戸田特賞,1800,15:21,False,3,https://www1.mbrace.or.jp/od2/B/202610/b261011.lzh,2026-10-11T04:40:34.312436+09:00
20261011,02,戸田,11,20261011-02-11,戸田特選,1800,15:55,False,3,https://www1.mbrace.or.jp/od2/B/202610/b261011.lzh,2026-10-11T04:40:34.312436+09:00
20261011,02,戸田,12,20261011-02-12,記者選抜戦,1800,16:30,False,3,https://www1.mbrace.or.jp/od2/B/202610/b261011.lzh,2026-10-11T04:40:34.312436+09:00
20261011,01,桐生,1,20261011-01-01,一般,1800,15:19,False,5,https://www1.mbrace.or.jp/od2/B/202610/b261011.lzh,2026-10-11T04:40:34.312436+09:00
20261011,01,桐生,2,20261011-01-02,一般,1800,15:47,False,5,https://www1.mbrace.or.jp/od2/B/202610/b261011.lzh,2026-10-11T04:40:34.312436+09:00
20261011,01,桐生,3,20261011-01-03,一般,1800,16:17,False,5,https://www1.mbrace.or.jp/od2/B/202610/b261011.lzh,2026-10-11T04:40:34.312436+09:00
20261011,01,桐生,4,20261011-01-04,一般,1800,16:47,False,5,https://www1.mbrace.or.jp/od2/B/202610/b261011.lzh,2026-10-11T04:40:34.312436+09:00
20261011,01,桐生,5,20261011-01-05,一般,1800,17:17,False,5,https://www1.mbrace.or.jp/od2/B/202610/b261011.lzh,2026-10-11T04:40:34.312436+09:00
20261011,01,桐生,6,20261011-01-06,ドラドキ目玉,1800,17:48,False,5,https://www1.mbrace.or.jp/od2/B/202610/b261011.lzh,2026-10-11T04:40:34.312436+09:00
20261011,01,桐生,7,20261011-01-07,ドラドキ3,1800,18:17,False,5,https://www1.mbrace.or.jp/od2/B/202610/b261011.lzh,2026-10-11T04:40:34.312436+09:00
20261011,01,桐生,8,20261011-01-08,ドラドキ5,1800,18:48,False,5,https://www1.mbrace.or.jp/od2/B/202610/b261011.lzh,2026-10-11T04:40:34.312436+09:00
20261011,01,桐生,9,20261011-01-09,準優勝戦,1800,19:16,False,5,https://www1.mbrace.or.jp/od2/B/202610/b261011.lzh,2026-10-11T04:40:34.312436+09:00
20261011,01,桐生,10,20261011-01-10,準優勝戦,1800,19:48,False,5,https://www1.mbrace.or.jp/od2/B/202610/b261011.lzh,2026-10-11T04:40:34.312436+09:00
20261011,01,桐生,11,20261011-01-11,準優勝戦,1800,20:17,False,5,https://www1.mbrace.or.jp/od2/B/202610/b261011.lzh,2026-10-11T04:40:34.312436+09:00
20261011,01,桐生,12,20261011-01-12,一般特賞,1800,20:45,False,5,https://www1.mbrace.or.jp/od2/B/202610/b261011.lzh,2026-10-11T04:40:34.312436+09:00
