date,venue_code,race_id,boat,registration_no,racer_name,national_win_rate,national_top2_rate,local_win_rate,local_top2_rate,local_minus_national_win,local_minus_national_top2
20260703,23,20260703-23-01,1,4786,佐藤博亮,6.74,56.94,5.33,16.67,-1.41,-40.27
20260703,23,20260703-23-01,2,5211,高井駿弥,4.29,16.3,4.78,33.33,0.49,17.03
20260703,23,20260703-23-01,3,4425,大井清貴,4.6,21.84,4.58,26.32,-0.02,4.48
20260703,23,20260703-23-01,4,4271,川崎公靖,4.16,19.83,4.95,27.27,0.79,7.44
20260703,23,20260703-23-01,5,5285,若林麗,3.77,18.89,0.0,0.0,-3.77,-18.89
20260703,23,20260703-23-01,6,3568,木村光宏,4.09,22.43,4.39,27.78,0.3,5.35
20260703,23,20260703-23-02,1,4991,宗行治哉,6.72,46.3,5.47,33.33,-1.25,-12.97
20260703,23,20260703-23-02,2,4434,田中辰彦,6.19,48.28,6.0,44.44,-0.19,-3.84
20260703,23,20260703-23-02,3,5009,大賀龍之,5.24,33.94,5.43,42.86,0.19,8.92
20260703,23,20260703-23-02,4,4840,鈴木秀茉,5.06,32.41,0.0,0.0,-5.06,-32.41
20260703,23,20260703-23-02,5,5391,出穂和鼓,1.47,0.0,1.84,0.0,0.37,0.0
20260703,23,20260703-23-02,6,4071,古賀千晶,4.56,24.68,6.11,41.67,1.55,16.99
20260703,23,20260703-23-03,1,5028,原田才一,6.8,51.75,6.0,44.44,-0.8,-7.31
20260703,23,20260703-23-03,2,4871,菊池宏志,4.52,25.27,4.1,19.05,-0.42,-6.22
20260703,23,20260703-23-03,3,5299,西丸敦基,6.02,45.05,2.89,11.11,-3.13,-33.94
20260703,23,20260703-23-03,4,3232,山川美由,6.22,40.86,5.73,31.82,-0.49,-9.04
20260703,23,20260703-23-03,5,4854,大橋由珠,3.87,18.52,0.0,0.0,-3.87,-18.52
20260703,23,20260703-23-03,6,4680,後藤美翼,5.63,36.63,5.77,36.67,0.14,0.04
20260703,23,20260703-23-04,1,4382,高山智至,4.98,25.0,4.22,21.88,-0.76,-3.12
20260703,23,20260703-23-04,2,4977,馬野耀,6.08,38.75,5.21,36.84,-0.87,-1.91
20260703,23,20260703-23-04,3,4023,柴田友和,3.98,20.43,4.72,24.0,0.74,3.57
20260703,23,20260703-23-04,4,4294,古賀繁輝,6.13,43.86,6.96,52.11,0.83,8.25
20260703,23,20260703-23-04,5,5201,村上宗太,5.45,40.0,1.6,0.0,-3.85,-40.0
20260703,23,20260703-23-04,6,4428,有賀達也,6.2,47.27,6.0,43.48,-0.2,-3.79
20260703,23,20260703-23-05,1,5224,西岡顕心,7.24,51.45,6.16,44.0,-1.08,-7.45
20260703,23,20260703-23-05,2,4568,廣瀬真也,5.44,31.31,4.63,25.0,-0.81,-6.31
20260703,23,20260703-23-05,3,4358,松本庸平,3.86,26.67,2.0,0.0,-1.86,-26.67
20260703,23,20260703-23-05,4,5211,高井駿弥,4.29,16.3,4.78,33.33,0.49,17.03
20260703,23,20260703-23-05,5,4424,松尾昂明,5.73,38.52,7.75,68.75,2.02,30.23
20260703,23,20260703-23-05,6,5431,得山大輝,1.53,0.0,1.5,0.0,-0.03,0.0
20260703,23,20260703-23-06,1,5285,若林麗,3.77,18.89,0.0,0.0,-3.77,-18.89
20260703,23,20260703-23-06,2,5139,大場恒季,6.43,49.59,5.1,25.0,-1.33,-24.59
20260703,23,20260703-23-06,3,4840,鈴木秀茉,5.06,32.41,0.0,0.0,-5.06,-32.41
20260703,23,20260703-23-06,4,4556,竹井奈美,6.62,50.85,6.89,44.44,0.27,-6.41
20260703,23,20260703-23-06,5,4788,小池哲也,5.58,34.75,5.27,34.09,-0.31,-0.66
20260703,23,20260703-23-06,6,5207,高山敬悟,5.54,41.46,2.53,0.0,-3.01,-41.46
20260703,23,20260703-23-07,1,5271,杉山太陽,3.89,17.28,2.45,0.0,-1.44,-17.28
20260703,23,20260703-23-07,2,4466,南佑典,5.88,42.34,4.91,36.36,-0.97,-5.98
20260703,23,20260703-23-07,3,4871,菊池宏志,4.52,25.27,4.1,19.05,-0.42,-6.22
20260703,23,20260703-23-07,4,4071,古賀千晶,4.56,24.68,6.11,41.67,1.55,16.99
20260703,23,20260703-23-07,5,4734,安河内将,6.91,53.72,7.12,53.85,0.21,0.13
20260703,23,20260703-23-07,6,4271,川崎公靖,4.16,19.83,4.95,27.27,0.79,7.44
20260703,23,20260703-23-08,1,5299,西丸敦基,6.02,45.05,2.89,11.11,-3.13,-33.94
20260703,23,20260703-23-08,2,4786,佐藤博亮,6.74,56.94,5.33,16.67,-1.41,-40.27
20260703,23,20260703-23-08,3,3303,渡辺豊,4.72,23.85,5.35,27.03,0.63,3.18
20260703,23,20260703-23-08,4,4023,柴田友和,3.98,20.43,4.72,24.0,0.74,3.57
20260703,23,20260703-23-08,5,5343,小林礼央,3.8,17.05,2.18,0.0,-1.62,-17.05
20260703,23,20260703-23-08,6,5014,梶山涼斗,4.97,31.4,5.14,28.28,0.17,-3.12
20260703,23,20260703-23-09,1,4854,大橋由珠,3.87,18.52,0.0,0.0,-3.87,-18.52
20260703,23,20260703-23-09,2,5095,小原聡将,6.4,41.96,6.1,40.0,-0.3,-1.96
20260703,23,20260703-23-09,3,4382,高山智至,4.98,25.0,4.22,21.88,-0.76,-3.12
20260703,23,20260703-23-09,4,4124,池田雄一,6.04,42.06,5.61,38.89,-0.43,-3.17
20260703,23,20260703-23-09,5,5431,得山大輝,1.53,0.0,1.5,0.0,-0.03,0.0
20260703,23,20260703-23-09,6,4518,大須賀友,6.96,54.9,6.48,52.17,-0.48,-2.73
20260703,23,20260703-23-10,1,4788,小池哲也,5.58,34.75,5.27,34.09,-0.31,-0.66
20260703,23,20260703-23-10,2,5028,原田才一,6.8,51.75,6.0,44.44,-0.8,-7.31
20260703,23,20260703-23-10,3,4424,松尾昂明,5.73,38.52,7.75,68.75,2.02,30.23
20260703,23,20260703-23-10,4,5009,大賀龍之,5.24,33.94,5.43,42.86,0.19,8.92
20260703,23,20260703-23-10,5,4977,馬野耀,6.08,38.75,5.21,36.84,-0.87,-1.91
20260703,23,20260703-23-10,6,5344,谷口丞,4.57,26.26,0.0,0.0,-4.57,-26.26
20260703,23,20260703-23-11,1,4294,古賀繁輝,6.13,43.86,6.96,52.11,0.83,8.25
20260703,23,20260703-23-11,2,5271,杉山太陽,3.89,17.28,2.45,0.0,-1.44,-17.28
20260703,23,20260703-23-11,3,3568,木村光宏,4.09,22.43,4.39,27.78,0.3,5.35
20260703,23,20260703-23-11,4,4991,宗行治哉,6.72,46.3,5.47,33.33,-1.25,-12.97
20260703,23,20260703-23-11,5,5224,西岡顕心,7.24,51.45,6.16,44.0,-1.08,-7.45
20260703,23,20260703-23-11,6,5139,大場恒季,6.43,49.59,5.1,25.0,-1.33,-24.59
20260703,23,20260703-23-12,1,4734,安河内将,6.91,53.72,7.12,53.85,0.21,0.13
20260703,23,20260703-23-12,2,4428,有賀達也,6.2,47.27,6.0,43.48,-0.2,-3.79
20260703,23,20260703-23-12,3,4680,後藤美翼,5.63,36.63,5.77,36.67,0.14,0.04
20260703,23,20260703-23-12,4,4568,廣瀬真也,5.44,31.31,4.63,25.0,-0.81,-6.31
20260703,23,20260703-23-12,5,4556,竹井奈美,6.62,50.85,6.89,44.44,0.27,-6.41
20260703,23,20260703-23-12,6,4434,田中辰彦,6.19,48.28,6.0,44.44,-0.19,-3.84
20260703,22,20260703-22-01,1,3811,石田章央,6.51,52.21,6.25,50.0,-0.26,-2.21
20260703,22,20260703-22-01,2,4293,鈴木智啓,5.04,29.59,5.04,33.96,0.0,4.37
20260703,22,20260703-22-01,3,4139,丹下健,3.97,21.43,2.91,18.18,-1.06,-3.25
20260703,22,20260703-22-01,4,3411,池上隆行,3.66,10.81,0.0,0.0,-3.66,-10.81
20260703,22,20260703-22-01,5,5379,廣部大明,3.32,8.33,0.0,0.0,-3.32,-8.33
20260703,22,20260703-22-01,6,5458,田中大輝,1.35,0.0,1.67,0.0,0.32,0.0
20260703,22,20260703-22-02,1,5338,香月大輝,4.39,23.61,2.45,4.48,-1.94,-19.13
20260703,22,20260703-22-02,2,3544,豊田訓靖,3.66,15.0,0.0,0.0,-3.66,-15.0
20260703,22,20260703-22-02,3,4180,上野秀和,5.3,30.23,5.0,36.84,-0.3,6.61
20260703,22,20260703-22-02,4,4303,牧原崇,4.85,23.88,4.38,25.0,-0.47,1.12
20260703,22,20260703-22-02,5,5407,中岡駿,2.22,3.85,1.33,0.0,-0.89,-3.85
20260703,22,20260703-22-02,6,4335,若林将,7.12,53.93,4.82,18.18,-2.3,-35.75
20260703,22,20260703-22-03,1,5352,西岡蒼志,4.98,30.68,3.81,19.23,-1.17,-11.45
20260703,22,20260703-22-03,2,5177,松井貫太,4.31,17.27,3.82,15.79,-0.49,-1.48
20260703,22,20260703-22-03,3,4832,権藤俊光,6.54,43.52,7.1,54.84,0.56,11.32
20260703,22,20260703-22-03,4,3663,木山和幸,5.5,36.19,5.0,30.0,-0.5,-6.19
20260703,22,20260703-22-03,5,5383,中村楓,2.18,0.0,0.0,0.0,-2.18,0.0
20260703,22,20260703-22-03,6,5434,藤田康生,2.92,10.0,0.0,0.0,-2.92,-10.0
20260703,22,20260703-22-04,1,4942,柴田朋哉,5.38,34.48,5.54,34.0,0.16,-0.48
20260703,22,20260703-22-04,2,4074,柳沢一,6.46,50.0,5.85,37.04,-0.61,-12.96
20260703,22,20260703-22-04,3,5282,中本大樹,5.49,36.84,0.0,0.0,-5.49,-36.84
20260703,22,20260703-22-04,4,3502,渡邉英児,5.99,42.86,3.95,25.0,-2.04,-17.86
20260703,22,20260703-22-04,5,5432,安藤瑠希,2.85,6.45,0.0,0.0,-2.85,-6.45
20260703,22,20260703-22-04,6,5033,藤原孝斗,4.17,25.76,3.24,13.16,-0.93,-12.6
20260703,22,20260703-22-05,1,4293,鈴木智啓,5.04,29.59,5.04,33.96,0.0,4.37
20260703,22,20260703-22-05,2,4669,井上茂,4.81,25.93,4.07,17.86,-0.74,-8.07
20260703,22,20260703-22-05,3,3911,鈴木猛,5.38,33.65,4.17,19.44,-1.21,-14.21
20260703,22,20260703-22-05,4,4133,高橋正男,6.34,53.66,5.52,27.59,-0.82,-26.07
20260703,22,20260703-22-05,5,5453,久保翔耶,1.85,3.85,0.0,0.0,-1.85,-3.85
20260703,22,20260703-22-05,6,3978,齊藤仁,5.88,34.62,6.34,41.38,0.46,6.76
20260703,22,20260703-22-06,1,4200,早川尚人,4.1,19.23,4.7,25.93,0.6,6.7
20260703,22,20260703-22-06,2,4139,丹下健,3.97,21.43,2.91,18.18,-1.06,-3.25
20260703,22,20260703-22-06,3,4495,森晋太郎,5.41,32.43,4.9,29.41,-0.51,-3.02
20260703,22,20260703-22-06,4,3306,武田正紀,3.89,17.11,5.34,27.59,1.45,10.48
20260703,22,20260703-22-06,5,5023,久永祥平,5.83,33.33,4.59,24.14,-1.24,-9.19
20260703,22,20260703-22-06,6,5017,澤田尚也,6.52,47.12,0.0,0.0,-6.52,-47.12
20260703,22,20260703-22-07,1,4470,平田健之,6.57,48.05,0.0,0.0,-6.57,-48.05
20260703,22,20260703-22-07,2,4303,牧原崇,4.85,23.88,4.38,25.0,-0.47,1.12
20260703,22,20260703-22-07,3,4348,宮崎奨,5.91,42.71,6.07,42.86,0.16,0.15
20260703,22,20260703-22-07,4,5434,藤田康生,2.92,10.0,0.0,0.0,-2.92,-10.0
20260703,22,20260703-22-07,5,4877,鈴谷一平,5.98,43.33,6.26,42.11,0.28,-1.22
20260703,22,20260703-22-07,6,5405,竹内来,2.19,1.85,0.0,0.0,-2.19,-1.85
20260703,22,20260703-22-08,1,4930,佐藤悠,5.97,40.91,6.0,55.56,0.03,14.65
20260703,22,20260703-22-08,2,4832,権藤俊光,6.54,43.52,7.1,54.84,0.56,11.32
20260703,22,20260703-22-08,3,5359,佐藤世那,4.49,27.69,0.0,0.0,-4.49,-27.69
20260703,22,20260703-22-08,4,5338,香月大輝,4.39,23.61,2.45,4.48,-1.94,-19.13
20260703,22,20260703-22-08,5,5458,田中大輝,1.35,0.0,1.67,0.0,0.32,0.0
20260703,22,20260703-22-08,6,4574,東潤樹,4.98,24.1,4.61,22.45,-0.37,-1.65
20260703,22,20260703-22-09,1,4711,前出達吉,6.23,43.37,5.57,36.67,-0.66,-6.7
20260703,22,20260703-22-09,2,3911,鈴木猛,5.38,33.65,4.17,19.44,-1.21,-14.21
20260703,22,20260703-22-09,3,3502,渡邉英児,5.99,42.86,3.95,25.0,-2.04,-17.86
20260703,22,20260703-22-09,4,4335,若林将,7.12,53.93,4.82,18.18,-2.3,-35.75
20260703,22,20260703-22-09,5,5352,西岡蒼志,4.98,30.68,3.81,19.23,-1.17,-11.45
20260703,22,20260703-22-09,6,4666,日笠勝弘,4.02,21.54,5.55,34.48,1.53,12.94
20260703,22,20260703-22-10,1,3556,田中信一,6.68,48.0,5.95,36.36,-0.73,-11.64
20260703,22,20260703-22-10,2,3663,木山和幸,5.5,36.19,5.0,30.0,-0.5,-6.19
20260703,22,20260703-22-10,3,5023,久永祥平,5.83,33.33,4.59,24.14,-1.24,-9.19
20260703,22,20260703-22-10,4,5407,中岡駿,2.22,3.85,1.33,0.0,-0.89,-3.85
20260703,22,20260703-22-10,5,4942,柴田朋哉,5.38,34.48,5.54,34.0,0.16,-0.48
20260703,22,20260703-22-10,6,4133,高橋正男,6.34,53.66,5.52,27.59,-0.82,-26.07
20260703,22,20260703-22-11,1,4191,赤羽克也,6.06,45.98,5.67,33.33,-0.39,-12.65
20260703,22,20260703-22-11,2,3811,石田章央,6.51,52.21,6.25,50.0,-0.26,-2.21
20260703,22,20260703-22-11,3,5017,澤田尚也,6.52,47.12,0.0,0.0,-6.52,-47.12
20260703,22,20260703-22-11,4,4348,宮崎奨,5.91,42.71,6.07,42.86,0.16,0.15
20260703,22,20260703-22-11,5,5282,中本大樹,5.49,36.84,0.0,0.0,-5.49,-36.84
20260703,22,20260703-22-11,6,5177,松井貫太,4.31,17.27,3.82,15.79,-0.49,-1.48
20260703,22,20260703-22-12,1,4074,柳沢一,6.46,50.0,5.85,37.04,-0.61,-12.96
20260703,22,20260703-22-12,2,3978,齊藤仁,5.88,34.62,6.34,41.38,0.46,6.76
20260703,22,20260703-22-12,3,4877,鈴谷一平,5.98,43.33,6.26,42.11,0.28,-1.22
20260703,22,20260703-22-12,4,4180,上野秀和,5.3,30.23,5.0,36.84,-0.3,6.61
20260703,22,20260703-22-12,5,4930,佐藤悠,5.97,40.91,6.0,55.56,0.03,14.65
20260703,22,20260703-22-12,6,4495,森晋太郎,5.41,32.43,4.9,29.41,-0.51,-3.02
20260703,21,20260703-21-01,1,4066,東本勝利,6.21,41.24,7.0,44.44,0.79,3.2
20260703,21,20260703-21-01,2,4919,吉田翔悟,3.73,12.24,5.18,35.56,1.45,23.32
20260703,21,20260703-21-01,3,4129,宇野博之,3.87,15.71,2.75,8.33,-1.12,-7.38
20260703,21,20260703-21-01,4,4181,花本夏樹,3.66,12.64,4.88,25.0,1.22,12.36
20260703,21,20260703-21-01,5,5348,小林甘寧,4.76,30.56,1.9,0.0,-2.86,-30.56
20260703,21,20260703-21-01,6,5429,吉川颯汰,1.07,0.0,1.21,0.0,0.14,0.0
20260703,21,20260703-21-02,1,4171,榎幸司,6.07,41.67,5.16,26.32,-0.91,-15.35
20260703,21,20260703-21-02,2,3981,今坂晃広,3.93,18.0,4.17,21.74,0.24,3.74
20260703,21,20260703-21-02,3,3211,北川敏弘,4.18,16.39,4.45,15.0,0.27,-1.39
20260703,21,20260703-21-02,4,4278,藤岡俊介,6.91,55.26,5.96,42.86,-0.95,-12.4
20260703,21,20260703-21-02,5,3867,松浦勝,3.2,14.08,0.0,0.0,-3.2,-14.08
20260703,21,20260703-21-02,6,4976,金山立樹,4.87,25.64,4.38,21.43,-0.49,-4.21
20260703,21,20260703-21-03,1,3963,原田秀弥,5.75,36.84,0.0,0.0,-5.75,-36.84
20260703,21,20260703-21-03,2,4368,山口隆史,3.91,19.12,4.0,19.3,0.09,0.18
20260703,21,20260703-21-03,3,4472,尾嶋一広,6.26,40.38,6.45,48.28,0.19,7.9
20260703,21,20260703-21-03,4,4705,吉川勇作,3.36,18.39,3.88,15.38,0.52,-3.01
20260703,21,20260703-21-03,5,5210,藤井公人,5.38,40.91,5.07,34.09,-0.31,-6.82
20260703,21,20260703-21-03,6,5404,内田壮,1.78,2.0,1.61,0.0,-0.17,-2.0
20260703,21,20260703-21-04,1,4427,秦英悟,6.59,46.3,6.59,41.18,0.0,-5.12
20260703,21,20260703-21-04,2,5106,山崎祥,5.71,37.33,4.31,25.0,-1.4,-12.33
20260703,21,20260703-21-04,3,4006,小野勇作,4.92,28.89,4.33,29.09,-0.59,0.2
20260703,21,20260703-21-04,4,4614,石倉洋行,6.97,54.35,6.92,54.17,-0.05,-0.18
20260703,21,20260703-21-04,5,3630,黒田誠司,4.04,18.18,3.18,0.0,-0.86,-18.18
20260703,21,20260703-21-04,6,5426,甲斐貴大,1.81,1.49,1.07,0.0,-0.74,-1.49
20260703,21,20260703-21-05,1,4514,上條嘉嗣,6.85,57.5,7.16,59.38,0.31,1.88
20260703,21,20260703-21-05,2,4144,石塚久也,6.47,44.44,6.55,58.62,0.08,14.18
20260703,21,20260703-21-05,3,3752,宇土泰就,4.39,19.51,3.54,7.14,-0.85,-12.37
20260703,21,20260703-21-05,4,3471,赤峰和也,4.03,21.79,3.63,22.22,-0.4,0.43
20260703,21,20260703-21-05,5,5420,吉原快誓,1.92,0.0,1.38,0.0,-0.54,0.0
20260703,21,20260703-21-05,6,4504,前田将太,6.51,45.45,6.8,45.45,0.29,0.0
20260703,21,20260703-21-06,1,3054,北川幸典,5.63,34.15,4.76,23.53,-0.87,-10.62
20260703,21,20260703-21-06,2,4196,田中太一,3.64,18.39,3.33,16.67,-0.31,-1.72
20260703,21,20260703-21-06,3,4958,溝口海義,6.23,39.13,6.0,35.14,-0.23,-3.99
20260703,21,20260703-21-06,4,4919,吉田翔悟,3.73,12.24,5.18,35.56,1.45,23.32
20260703,21,20260703-21-06,5,5385,鈴木柊介,2.56,6.25,0.0,0.0,-2.56,-6.25
20260703,21,20260703-21-06,6,3265,今村暢孝,6.15,45.33,6.18,47.06,0.03,1.73
20260703,21,20260703-21-07,1,4094,中島真二,5.19,36.36,4.68,21.95,-0.51,-14.41
20260703,21,20260703-21-07,2,4104,木下陽介,3.4,13.85,4.54,20.83,1.14,6.98
20260703,21,20260703-21-07,3,3867,松浦勝,3.2,14.08,0.0,0.0,-3.2,-14.08
20260703,21,20260703-21-07,4,5292,佐藤右京,4.02,16.05,2.67,11.11,-1.35,-4.94
20260703,21,20260703-21-07,5,5429,吉川颯汰,1.07,0.0,1.21,0.0,0.14,0.0
20260703,21,20260703-21-07,6,4368,山口隆史,3.91,19.12,4.0,19.3,0.09,0.18
20260703,21,20260703-21-08,1,4004,山本浩輔,4.96,29.33,4.04,13.04,-0.92,-16.29
20260703,21,20260703-21-08,2,4181,花本夏樹,3.66,12.64,4.88,25.0,1.22,12.36
20260703,21,20260703-21-08,3,3385,渡邉睦広,5.61,40.0,7.11,50.0,1.5,10.0
20260703,21,20260703-21-08,4,4427,秦英悟,6.59,46.3,6.59,41.18,0.0,-5.12
20260703,21,20260703-21-08,5,4705,吉川勇作,3.36,18.39,3.88,15.38,0.52,-3.01
20260703,21,20260703-21-08,6,4031,飯島誠,4.85,30.38,4.58,31.58,-0.27,1.2
20260703,21,20260703-21-09,1,5106,山崎祥,5.71,37.33,4.31,25.0,-1.4,-12.33
20260703,21,20260703-21-09,2,4171,榎幸司,6.07,41.67,5.16,26.32,-0.91,-15.35
20260703,21,20260703-21-09,3,5348,小林甘寧,4.76,30.56,1.9,0.0,-2.86,-30.56
20260703,21,20260703-21-09,4,5404,内田壮,1.78,2.0,1.61,0.0,-0.17,-2.0
20260703,21,20260703-21-09,5,3752,宇土泰就,4.39,19.51,3.54,7.14,-0.85,-12.37
20260703,21,20260703-21-09,6,5257,西丸侑太,6.35,44.93,4.77,26.92,-1.58,-18.01
20260703,21,20260703-21-10,1,5210,藤井公人,5.38,40.91,5.07,34.09,-0.31,-6.82
20260703,21,20260703-21-10,2,4504,前田将太,6.51,45.45,6.8,45.45,0.29,0.0
20260703,21,20260703-21-10,3,3478,嶋田貴支,5.16,27.63,3.93,16.67,-1.23,-10.96
20260703,21,20260703-21-10,4,4129,宇野博之,3.87,15.71,2.75,8.33,-1.12,-7.38
20260703,21,20260703-21-10,5,4006,小野勇作,4.92,28.89,4.33,29.09,-0.59,0.2
20260703,21,20260703-21-10,6,4287,今井貴士,6.36,42.86,6.16,41.86,-0.2,-1.0
20260703,21,20260703-21-11,1,4958,溝口海義,6.23,39.13,6.0,35.14,-0.23,-3.99
20260703,21,20260703-21-11,2,3630,黒田誠司,4.04,18.18,3.18,0.0,-0.86,-18.18
20260703,21,20260703-21-11,3,4144,石塚久也,6.47,44.44,6.55,58.62,0.08,14.18
20260703,21,20260703-21-11,4,3211,北川敏弘,4.18,16.39,4.45,15.0,0.27,-1.39
20260703,21,20260703-21-11,5,5292,佐藤右京,4.02,16.05,2.67,11.11,-1.35,-4.94
20260703,21,20260703-21-11,6,4472,尾嶋一広,6.26,40.38,6.45,48.28,0.19,7.9
20260703,21,20260703-21-12,1,4278,藤岡俊介,6.91,55.26,5.96,42.86,-0.95,-12.4
20260703,21,20260703-21-12,2,4004,山本浩輔,4.96,29.33,4.04,13.04,-0.92,-16.29
20260703,21,20260703-21-12,3,3963,原田秀弥,5.75,36.84,0.0,0.0,-5.75,-36.84
20260703,21,20260703-21-12,4,4514,上條嘉嗣,6.85,57.5,7.16,59.38,0.31,1.88
20260703,21,20260703-21-12,5,3054,北川幸典,5.63,34.15,4.76,23.53,-0.87,-10.62
20260703,21,20260703-21-12,6,4614,石倉洋行,6.97,54.35,6.92,54.17,-0.05,-0.18
20260703,20,20260703-20-01,1,5209,小野京平,3.49,11.11,3.0,8.33,-0.49,-2.78
20260703,20,20260703-20-01,2,4226,村田浩司,4.63,25.96,4.94,17.65,0.31,-8.31
20260703,20,20260703-20-01,3,4564,山本景士,4.64,23.42,4.86,27.69,0.22,4.27
20260703,20,20260703-20-01,4,3212,亀本勇樹,4.84,26.6,4.07,20.0,-0.77,-6.6
20260703,20,20260703-20-01,5,5448,福田柊人,1.21,0.0,0.0,0.0,-1.21,0.0
20260703,20,20260703-20-01,6,5109,川崎智稔,5.17,31.97,5.77,41.03,0.6,9.06
20260703,20,20260703-20-02,1,5350,網代良芽,4.73,23.36,0.0,0.0,-4.73,-23.36
20260703,20,20260703-20-02,2,4219,本岡勝利,4.07,11.65,3.67,8.33,-0.4,-3.32
20260703,20,20260703-20-02,3,3282,池本輝明,4.72,25.45,4.69,25.0,-0.03,-0.45
20260703,20,20260703-20-02,4,5398,鐘ヶ江真,3.89,17.48,2.98,4.76,-0.91,-12.72
20260703,20,20260703-20-02,5,3784,中島友和,4.82,27.96,4.71,29.41,-0.11,1.45
20260703,20,20260703-20-02,6,4588,田中京介,5.43,36.29,5.38,36.07,-0.05,-0.22
20260703,20,20260703-20-03,1,5169,堀本翔太,3.83,13.89,4.36,28.57,0.53,14.68
20260703,20,20260703-20-03,2,4232,笠雅雄,5.92,42.11,4.53,22.5,-1.39,-19.61
20260703,20,20260703-20-03,3,3546,中里昌志,4.54,19.15,0.0,0.0,-4.54,-19.15
20260703,20,20260703-20-03,4,4414,大澤真菜,4.45,31.25,2.0,0.0,-2.45,-31.25
20260703,20,20260703-20-03,5,3455,谷本幸司,5.16,34.21,6.22,44.44,1.06,10.23
20260703,20,20260703-20-03,6,4791,黒澤めぐ,5.38,32.41,8.0,75.0,2.62,42.59
20260703,20,20260703-20-04,1,4231,鈴木裕隆,5.44,32.33,0.0,0.0,-5.44,-32.33
20260703,20,20260703-20-04,2,4349,犬童千秋,4.47,23.6,5.24,30.16,0.77,6.56
20260703,20,20260703-20-04,3,4879,山崎鉄平,4.68,29.27,4.63,25.0,-0.05,-4.27
20260703,20,20260703-20-04,4,5195,北村寧々,5.5,38.64,4.03,18.75,-1.47,-19.89
20260703,20,20260703-20-04,5,3660,長谷川親,3.07,7.04,2.9,4.76,-0.17,-2.28
20260703,20,20260703-20-04,6,4684,楠原翔太,5.23,28.32,4.98,35.56,-0.25,7.24
20260703,20,20260703-20-05,1,4069,山本修一,5.96,41.98,6.59,51.02,0.63,9.04
20260703,20,20260703-20-05,2,5136,濱野斗馬,6.43,45.83,6.82,54.55,0.39,8.72
20260703,20,20260703-20-05,3,5074,大澤誠也,4.37,25.26,4.22,11.11,-0.15,-14.15
20260703,20,20260703-20-05,4,4769,馬場剛,6.69,47.15,6.1,38.1,-0.59,-9.05
20260703,20,20260703-20-05,5,4525,真子奈津,4.38,24.36,4.65,26.92,0.27,2.56
20260703,20,20260703-20-05,6,5382,山下心一,2.62,5.48,2.23,4.55,-0.39,-0.93
20260703,20,20260703-20-06,1,4437,中田元泰,5.98,45.9,7.78,65.63,1.8,19.73
20260703,20,20260703-20-06,2,4220,深川和仁,4.76,29.07,4.65,27.5,-0.11,-1.57
20260703,20,20260703-20-06,3,4439,近藤友宝,4.19,21.05,4.0,18.52,-0.19,-2.53
20260703,20,20260703-20-06,4,3282,池本輝明,4.72,25.45,4.69,25.0,-0.03,-0.45
20260703,20,20260703-20-06,5,4219,本岡勝利,4.07,11.65,3.67,8.33,-0.4,-3.32
20260703,20,20260703-20-06,6,5170,佐藤太亮,4.88,28.26,4.5,25.0,-0.38,-3.26
20260703,20,20260703-20-07,1,4430,永田秀二,5.94,40.8,6.09,34.78,0.15,-6.02
20260703,20,20260703-20-07,2,3784,中島友和,4.82,27.96,4.71,29.41,-0.11,1.45
20260703,20,20260703-20-07,3,5169,堀本翔太,3.83,13.89,4.36,28.57,0.53,14.68
20260703,20,20260703-20-07,4,5375,庄島潤成,2.64,4.94,0.0,0.0,-2.64,-4.94
20260703,20,20260703-20-07,5,3546,中里昌志,4.54,19.15,0.0,0.0,-4.54,-19.15
20260703,20,20260703-20-07,6,5448,福田柊人,1.21,0.0,0.0,0.0,-1.21,0.0
20260703,20,20260703-20-08,1,4579,中嶋健一,5.96,36.11,6.62,46.15,0.66,10.04
20260703,20,20260703-20-08,2,5135,仲航太,4.13,22.86,5.0,35.71,0.87,12.85
20260703,20,20260703-20-08,3,4588,田中京介,5.43,36.29,5.38,36.07,-0.05,-0.22
20260703,20,20260703-20-08,4,4879,山崎鉄平,4.68,29.27,4.63,25.0,-0.05,-4.27
20260703,20,20260703-20-08,5,4226,村田浩司,4.63,25.96,4.94,17.65,0.31,-8.31
20260703,20,20260703-20-08,6,5392,安武一也,1.61,1.3,1.12,0.0,-0.49,-1.3
20260703,20,20260703-20-09,1,4525,真子奈津,4.38,24.36,4.65,26.92,0.27,2.56
20260703,20,20260703-20-09,2,5195,北村寧々,5.5,38.64,4.03,18.75,-1.47,-19.89
20260703,20,20260703-20-09,3,4246,喜多那由,4.49,21.0,4.87,26.67,0.38,5.67
20260703,20,20260703-20-09,4,3943,三松直美,2.21,3.45,1.33,0.0,-0.88,-3.45
20260703,20,20260703-20-09,5,4414,大澤真菜,4.45,31.25,2.0,0.0,-2.45,-31.25
20260703,20,20260703-20-09,6,5398,鐘ヶ江真,3.89,17.48,2.98,4.76,-0.91,-12.72
20260703,20,20260703-20-10,1,4791,黒澤めぐ,5.38,32.41,8.0,75.0,2.62,42.59
20260703,20,20260703-20-10,2,4231,鈴木裕隆,5.44,32.33,0.0,0.0,-5.44,-32.33
20260703,20,20260703-20-10,3,4437,中田元泰,5.98,45.9,7.78,65.63,1.8,19.73
20260703,20,20260703-20-10,4,4069,山本修一,5.96,41.98,6.59,51.02,0.63,9.04
20260703,20,20260703-20-10,5,4349,犬童千秋,4.47,23.6,5.24,30.16,0.77,6.56
20260703,20,20260703-20-10,6,5136,濱野斗馬,6.43,45.83,6.82,54.55,0.39,8.72
20260703,20,20260703-20-11,1,4239,竹田辰也,6.3,51.96,6.88,54.17,0.58,2.21
20260703,20,20260703-20-11,2,4236,松村敏,6.94,53.85,7.75,67.8,0.81,13.95
20260703,20,20260703-20-11,3,5205,刑部亜里,6.0,40.32,6.14,40.91,0.14,0.59
20260703,20,20260703-20-11,4,3854,吉川元浩,6.81,43.3,8.06,50.0,1.25,6.7
20260703,20,20260703-20-11,5,5275,松田淳平,6.61,53.38,2.33,0.0,-4.28,-53.38
20260703,20,20260703-20-11,6,4451,松崎祐太,6.31,45.74,6.03,44.68,-0.28,-1.06
20260703,20,20260703-20-12,1,5170,佐藤太亮,4.88,28.26,4.5,25.0,-0.38,-3.26
20260703,20,20260703-20-12,2,4579,中嶋健一,5.96,36.11,6.62,46.15,0.66,10.04
20260703,20,20260703-20-12,3,4769,馬場剛,6.69,47.15,6.1,38.1,-0.59,-9.05
20260703,20,20260703-20-12,4,4220,深川和仁,4.76,29.07,4.65,27.5,-0.11,-1.57
20260703,20,20260703-20-12,5,4430,永田秀二,5.94,40.8,6.09,34.78,0.15,-6.02
20260703,20,20260703-20-12,6,5135,仲航太,4.13,22.86,5.0,35.71,0.87,12.85
20260703,19,20260703-19-01,1,4054,福嶋智之,4.57,28.87,4.66,34.09,0.09,5.22
20260703,19,20260703-19-01,2,4158,木場雄二,4.78,29.7,5.1,33.85,0.32,4.15
20260703,19,20260703-19-01,3,5102,原田雄次,4.53,26.25,4.28,19.44,-0.25,-6.81
20260703,19,20260703-19-01,4,5337,出畑孝成,4.43,23.23,1.89,0.0,-2.54,-23.23
20260703,19,20260703-19-01,5,3891,谷口健一,3.57,13.64,3.95,22.73,0.38,9.09
20260703,19,20260703-19-01,6,4563,齋藤真之,4.05,22.22,3.97,20.51,-0.08,-1.71
20260703,19,20260703-19-02,1,4562,阪本勇介,4.89,22.94,4.48,25.93,-0.41,2.99
20260703,19,20260703-19-02,2,3860,松本浩貴,3.91,18.89,5.71,42.86,1.8,23.97
20260703,19,20260703-19-02,3,5186,遠藤圭吾,4.35,27.78,2.29,0.0,-2.06,-27.78
20260703,19,20260703-19-02,4,5179,藤本元輝,3.75,20.75,5.1,30.0,1.35,9.25
20260703,19,20260703-19-02,5,4176,樋口喜彦,3.3,13.51,3.19,12.5,-0.11,-1.01
20260703,19,20260703-19-02,6,4296,岡崎恭裕,7.02,50.0,6.57,43.48,-0.45,-6.52
20260703,19,20260703-19-03,1,4656,大崎翔,5.45,38.3,5.18,36.36,-0.27,-1.94
20260703,19,20260703-19-03,2,5158,宮脇遼太,6.79,55.37,4.85,30.19,-1.94,-25.18
20260703,19,20260703-19-03,3,4846,佐藤駿介,4.4,25.24,4.35,28.97,-0.05,3.73
20260703,19,20260703-19-03,4,4674,池田剛規,5.18,30.89,5.79,41.67,0.61,10.78
20260703,19,20260703-19-03,5,4587,木田峰由,6.67,54.81,4.61,26.09,-2.06,-28.72
20260703,19,20260703-19-03,6,5237,永松良教,4.27,19.61,1.22,0.0,-3.05,-19.61
20260703,19,20260703-19-04,1,5262,鈴木章司,4.31,20.99,2.0,0.0,-2.31,-20.99
20260703,19,20260703-19-04,2,5308,藤森拓海,4.29,22.86,2.84,10.53,-1.45,-12.33
20260703,19,20260703-19-04,3,4926,吉川貴仁,7.79,64.76,9.86,100.0,2.07,35.24
20260703,19,20260703-19-04,4,4797,中山将,6.97,55.26,5.86,39.29,-1.11,-15.97
20260703,19,20260703-19-04,5,5311,小林京平,5.26,30.3,3.65,19.05,-1.61,-11.25
20260703,19,20260703-19-04,6,3952,中澤和志,6.63,46.48,8.33,73.33,1.7,26.85
20260703,19,20260703-19-05,1,4033,伊藤将吉,6.06,46.55,6.13,50.0,0.07,3.45
20260703,19,20260703-19-05,2,4395,下河雅史,5.1,32.38,5.2,26.67,0.1,-5.71
20260703,19,20260703-19-05,3,4336,松田竜馬,4.95,29.47,5.63,31.25,0.68,1.78
20260703,19,20260703-19-05,4,3792,田中豪,6.02,42.55,4.14,14.29,-1.88,-28.26
20260703,19,20260703-19-05,5,4327,加藤翔,4.0,19.23,0.0,0.0,-4.0,-19.23
20260703,19,20260703-19-05,6,4090,中村尊,5.19,30.86,6.71,50.0,1.52,19.14
20260703,19,20260703-19-06,1,5049,松井友汰,6.03,42.86,5.5,40.0,-0.53,-2.86
20260703,19,20260703-19-06,2,4380,鈴木峻佑,4.57,26.8,2.67,11.11,-1.9,-15.69
20260703,19,20260703-19-06,3,4138,中井俊祐,5.06,33.33,4.45,18.18,-0.61,-15.15
20260703,19,20260703-19-06,4,4302,西野翔太,6.78,52.46,6.7,60.61,-0.08,8.15
20260703,19,20260703-19-06,5,4796,春園功太,6.47,52.14,5.78,44.44,-0.69,-7.7
20260703,19,20260703-19-06,6,5337,出畑孝成,4.43,23.23,1.89,0.0,-2.54,-23.23
20260703,19,20260703-19-07,1,5315,浅井翼,2.36,6.41,0.0,0.0,-2.36,-6.41
20260703,19,20260703-19-07,2,4173,岡谷健吾,5.25,36.61,4.96,32.88,-0.29,-3.73
20260703,19,20260703-19-07,3,4051,清水敦揮,6.77,48.42,6.32,35.0,-0.45,-13.42
20260703,19,20260703-19-07,4,4683,向井田直,3.55,21.57,4.27,27.27,0.72,5.7
20260703,19,20260703-19-07,5,4533,峰重侑治,4.36,13.21,5.44,32.56,1.08,19.35
20260703,19,20260703-19-07,6,3961,谷村一哉,6.57,44.68,6.91,53.97,0.34,9.29
20260703,19,20260703-19-08,1,4306,畔柳俊吾,4.95,25.53,4.03,19.44,-0.92,-6.09
20260703,19,20260703-19-08,2,3297,藤丸光一,4.4,19.1,6.08,40.0,1.68,20.9
20260703,19,20260703-19-08,3,4121,富永修一,5.96,41.84,6.86,57.14,0.9,15.3
20260703,19,20260703-19-08,4,4563,齋藤真之,4.05,22.22,3.97,20.51,-0.08,-1.71
20260703,19,20260703-19-08,5,4158,木場雄二,4.78,29.7,5.1,33.85,0.32,4.15
20260703,19,20260703-19-08,6,5179,藤本元輝,3.75,20.75,5.1,30.0,1.35,9.25
20260703,19,20260703-19-09,1,3952,中澤和志,6.63,46.48,8.33,73.33,1.7,26.85
20260703,19,20260703-19-09,2,4296,岡崎恭裕,7.02,50.0,6.57,43.48,-0.45,-6.52
20260703,19,20260703-19-09,3,4674,池田剛規,5.18,30.89,5.79,41.67,0.61,10.78
20260703,19,20260703-19-09,4,4926,吉川貴仁,7.79,64.76,9.86,100.0,2.07,35.24
20260703,19,20260703-19-09,5,5158,宮脇遼太,6.79,55.37,4.85,30.19,-1.94,-25.18
20260703,19,20260703-19-09,6,4033,伊藤将吉,6.06,46.55,6.13,50.0,0.07,3.45
20260703,19,20260703-19-10,1,4090,中村尊,5.19,30.86,6.71,50.0,1.52,19.14
20260703,19,20260703-19-10,2,4796,春園功太,6.47,52.14,5.78,44.44,-0.69,-7.7
20260703,19,20260703-19-10,3,3792,田中豪,6.02,42.55,4.14,14.29,-1.88,-28.26
20260703,19,20260703-19-10,4,5102,原田雄次,4.53,26.25,4.28,19.44,-0.25,-6.81
20260703,19,20260703-19-10,5,5308,藤森拓海,4.29,22.86,2.84,10.53,-1.45,-12.33
20260703,19,20260703-19-10,6,5049,松井友汰,6.03,42.86,5.5,40.0,-0.53,-2.86
20260703,19,20260703-19-11,1,3961,谷村一哉,6.57,44.68,6.91,53.97,0.34,9.29
20260703,19,20260703-19-11,2,4797,中山将,6.97,55.26,5.86,39.29,-1.11,-15.97
20260703,19,20260703-19-11,3,4302,西野翔太,6.78,52.46,6.7,60.61,-0.08,8.15
20260703,19,20260703-19-11,4,4051,清水敦揮,6.77,48.42,6.32,35.0,-0.45,-13.42
20260703,19,20260703-19-11,5,4395,下河雅史,5.1,32.38,5.2,26.67,0.1,-5.71
20260703,19,20260703-19-11,6,4054,福嶋智之,4.57,28.87,4.66,34.09,0.09,5.22
20260703,19,20260703-19-12,1,4121,富永修一,5.96,41.84,6.86,57.14,0.9,15.3
20260703,19,20260703-19-12,2,4336,松田竜馬,4.95,29.47,5.63,31.25,0.68,1.78
20260703,19,20260703-19-12,3,4587,木田峰由,6.67,54.81,4.61,26.09,-2.06,-28.72
20260703,19,20260703-19-12,4,5315,浅井翼,2.36,6.41,0.0,0.0,-2.36,-6.41
20260703,19,20260703-19-12,5,4306,畔柳俊吾,4.95,25.53,4.03,19.44,-0.92,-6.09
20260703,19,20260703-19-12,6,5186,遠藤圭吾,4.35,27.78,2.29,0.0,-2.06,-27.78
20260703,16,20260703-16-01,1,3874,山本寛久,6.56,47.06,6.24,43.75,-0.32,-3.31
20260703,16,20260703-16-01,2,5096,上原崚,6.04,37.38,5.82,28.57,-0.22,-8.81
20260703,16,20260703-16-01,3,4989,石原翼,6.06,39.67,6.77,55.81,0.71,16.14
20260703,16,20260703-16-01,4,5058,前原大道,6.93,49.17,6.54,49.66,-0.39,0.49
20260703,16,20260703-16-01,5,4539,金子賢志,6.66,51.15,0.0,0.0,-6.66,-51.15
20260703,16,20260703-16-01,6,4227,安達裕樹,6.13,35.66,6.59,43.59,0.46,7.93
20260703,16,20260703-16-02,1,4962,畑竜生,5.5,33.04,0.0,0.0,-5.5,-33.04
20260703,16,20260703-16-02,2,5075,中島秀治,6.01,35.77,5.56,40.63,-0.45,4.86
20260703,16,20260703-16-02,3,4420,津久井拓,5.89,38.3,4.0,18.18,-1.89,-20.12
20260703,16,20260703-16-02,4,4715,村上遼,6.18,38.46,5.27,27.27,-0.91,-11.19
20260703,16,20260703-16-02,5,4370,山口達也,5.97,43.14,6.56,50.68,0.59,7.54
20260703,16,20260703-16-02,6,3822,平尾崇典,6.37,43.14,6.58,49.17,0.21,6.03
20260703,16,20260703-16-03,1,4415,下出卓矢,6.35,52.68,0.0,0.0,-6.35,-52.68
20260703,16,20260703-16-03,2,4856,豊田健士,7.14,53.79,6.78,44.44,-0.36,-9.35
20260703,16,20260703-16-03,3,4643,近江翔吾,7.07,59.22,7.0,46.97,-0.07,-12.25
20260703,16,20260703-16-03,4,5217,藤原碧生,6.69,42.34,6.62,46.82,-0.07,4.48
20260703,16,20260703-16-03,5,4850,野中一平,6.11,38.85,8.18,81.82,2.07,42.97
20260703,16,20260703-16-03,6,4148,枝尾賢,6.15,43.75,7.67,33.33,1.52,-10.42
20260703,16,20260703-16-04,1,5038,金田智博,6.45,50.5,5.88,39.02,-0.57,-11.48
20260703,16,20260703-16-04,2,4963,實森美祐,6.36,46.43,7.65,67.74,1.29,21.31
20260703,16,20260703-16-04,3,4482,守屋美穂,6.35,45.3,7.24,60.84,0.89,15.54
20260703,16,20260703-16-04,4,4908,上田龍星,6.61,40.17,6.3,50.0,-0.31,9.83
20260703,16,20260703-16-04,5,4706,三浦洋次,6.02,44.62,5.95,38.64,-0.07,-5.98
20260703,16,20260703-16-04,6,5092,篠原晟弥,6.22,48.28,4.15,23.08,-2.07,-25.2
20260703,16,20260703-16-05,1,4939,宮之原輝,6.94,50.44,7.68,60.71,0.74,10.27
20260703,16,20260703-16-05,2,4933,板橋侑我,6.49,41.24,4.0,14.29,-2.49,-26.95
20260703,16,20260703-16-05,3,4761,山田晃大,5.78,36.84,6.8,45.0,1.02,8.16
20260703,16,20260703-16-05,4,4530,小野生奈,7.01,55.36,6.68,54.55,-0.33,-0.81
20260703,16,20260703-16-05,5,4109,谷津幸宏,6.0,39.13,6.1,47.62,0.1,8.49
20260703,16,20260703-16-05,6,4441,末永由楽,5.83,33.81,6.37,44.6,0.54,10.79
20260703,16,20260703-16-06,1,4809,外崎悟,5.72,35.63,6.27,45.45,0.55,9.82
20260703,16,20260703-16-06,2,4980,佐々木完,6.99,50.38,6.8,46.0,-0.19,-4.38
20260703,16,20260703-16-06,3,4446,和田兼輔,6.91,52.89,6.91,45.45,0.0,-7.44
20260703,16,20260703-16-06,4,4659,木下翔太,7.39,51.88,7.2,60.0,-0.19,8.12
20260703,16,20260703-16-06,5,3888,山本英志,5.95,40.29,5.16,31.58,-0.79,-8.71
20260703,16,20260703-16-06,6,4042,丸岡正典,6.5,45.93,5.74,44.0,-0.76,-1.93
20260703,16,20260703-16-07,1,5064,品川二千,6.48,50.78,5.43,30.43,-1.05,-20.35
20260703,16,20260703-16-07,2,3822,平尾崇典,6.37,43.14,6.58,49.17,0.21,6.03
20260703,16,20260703-16-07,3,4241,大串重幸,5.65,33.83,5.27,34.62,-0.38,0.79
20260703,16,20260703-16-07,4,4477,篠崎仁志,7.3,50.81,7.68,47.37,0.38,-3.44
20260703,16,20260703-16-07,5,4227,安達裕樹,6.13,35.66,6.59,43.59,0.46,7.93
20260703,16,20260703-16-07,6,4886,入海馨,5.77,30.61,6.82,46.15,1.05,15.54
20260703,16,20260703-16-08,1,4539,金子賢志,6.66,51.15,0.0,0.0,-6.66,-51.15
20260703,16,20260703-16-08,2,4370,山口達也,5.97,43.14,6.56,50.68,0.59,7.54
20260703,16,20260703-16-08,3,4704,河野大,6.59,48.32,6.0,47.17,-0.59,-1.15
20260703,16,20260703-16-08,4,4959,井上忠政,7.28,51.61,7.54,66.67,0.26,15.06
20260703,16,20260703-16-08,5,4409,坂元浩仁,6.67,50.82,6.56,48.78,-0.11,-2.04
20260703,16,20260703-16-08,6,5217,藤原碧生,6.69,42.34,6.62,46.82,-0.07,4.48
20260703,16,20260703-16-09,1,4715,村上遼,6.18,38.46,5.27,27.27,-0.91,-11.19
20260703,16,20260703-16-09,2,4793,金子萌,6.53,48.84,6.07,43.48,-0.46,-5.36
20260703,16,20260703-16-09,3,4610,佐藤大佑,6.25,47.83,6.87,51.11,0.62,3.28
20260703,16,20260703-16-09,4,4963,實森美祐,6.36,46.43,7.65,67.74,1.29,21.31
20260703,16,20260703-16-09,5,5058,前原大道,6.93,49.17,6.54,49.66,-0.39,0.49
20260703,16,20260703-16-09,6,4643,近江翔吾,7.07,59.22,7.0,46.97,-0.07,-12.25
20260703,16,20260703-16-10,1,4109,谷津幸宏,6.0,39.13,6.1,47.62,0.1,8.49
20260703,16,20260703-16-10,2,3874,山本寛久,6.56,47.06,6.24,43.75,-0.32,-3.31
20260703,16,20260703-16-10,3,4856,豊田健士,7.14,53.79,6.78,44.44,-0.36,-9.35
20260703,16,20260703-16-10,4,4452,松尾祭,5.39,37.98,5.67,38.18,0.28,0.2
20260703,16,20260703-16-10,5,4762,藤原啓史,7.1,49.63,7.47,56.89,0.37,7.26
20260703,16,20260703-16-10,6,4531,武富智亮,6.09,39.84,6.15,44.68,0.06,4.84
20260703,16,20260703-16-11,1,4446,和田兼輔,6.91,52.89,6.91,45.45,0.0,-7.44
20260703,16,20260703-16-11,2,4052,興津藍,5.96,42.11,6.95,47.37,0.99,5.26
20260703,16,20260703-16-11,3,5142,常住蓮,7.17,49.09,7.48,66.0,0.31,16.91
20260703,16,20260703-16-11,4,4933,板橋侑我,6.49,41.24,4.0,14.29,-2.49,-26.95
20260703,16,20260703-16-11,5,4544,松田大志,7.61,61.03,0.0,0.0,-7.61,-61.03
20260703,16,20260703-16-11,6,4925,森悠稀,5.45,28.71,5.23,19.23,-0.22,-9.48
20260703,16,20260703-16-12,1,4477,篠崎仁志,7.3,50.81,7.68,47.37,0.38,-3.44
20260703,16,20260703-16-12,2,4850,野中一平,6.11,38.85,8.18,81.82,2.07,42.97
20260703,16,20260703-16-12,3,5075,中島秀治,6.01,35.77,5.56,40.63,-0.45,4.86
20260703,16,20260703-16-12,4,4939,宮之原輝,6.94,50.44,7.68,60.71,0.74,10.27
20260703,16,20260703-16-12,5,4908,上田龍星,6.61,40.17,6.3,50.0,-0.31,9.83
20260703,16,20260703-16-12,6,4980,佐々木完,6.99,50.38,6.8,46.0,-0.19,-4.38
20260703,13,20260703-13-01,1,4835,橋本明,5.14,27.06,5.0,33.33,-0.14,6.27
20260703,13,20260703-13-01,2,3998,冨成謙児,4.67,29.21,5.52,36.0,0.85,6.79
20260703,13,20260703-13-01,3,4748,渡邉雄朗,6.31,43.02,7.1,60.0,0.79,16.98
20260703,13,20260703-13-01,4,4894,原村拓也,4.73,23.81,4.39,27.78,-0.34,3.97
20260703,13,20260703-13-01,5,5264,登みひ果,5.03,26.0,4.14,20.57,-0.89,-5.43
20260703,13,20260703-13-01,6,4007,榮田将彦,4.35,22.22,5.33,40.0,0.98,17.78
20260703,13,20260703-13-02,1,3730,塩崎優司,5.08,35.06,5.54,34.78,0.46,-0.28
20260703,13,20260703-13-02,2,3158,島川光男,6.13,41.46,6.03,48.28,-0.1,6.82
20260703,13,20260703-13-02,3,4902,山川雄大,4.84,31.25,4.99,32.71,0.15,1.46
20260703,13,20260703-13-02,4,4438,森作雄大,5.02,34.58,4.5,12.5,-0.52,-22.08
20260703,13,20260703-13-02,5,4015,前野竜一,6.05,39.05,4.61,22.22,-1.44,-16.83
20260703,13,20260703-13-02,6,5418,堀内亜海,1.13,0.0,0.93,0.0,-0.2,0.0
20260703,13,20260703-13-03,1,4569,中澤宏奈,4.95,33.7,4.89,37.04,-0.06,3.34
20260703,13,20260703-13-03,2,4545,岡村慶太,7.22,59.8,4.18,17.65,-3.04,-42.15
20260703,13,20260703-13-03,3,4778,堤啓輔,5.38,35.94,7.62,61.54,2.24,25.6
20260703,13,20260703-13-03,4,3401,上田隆章,4.41,24.1,2.44,11.11,-1.97,-12.99
20260703,13,20260703-13-03,5,4055,吉田俊彦,6.77,51.61,6.64,48.65,-0.13,-2.96
20260703,13,20260703-13-03,6,4664,東口晃,4.08,17.89,0.0,0.0,-4.08,-17.89
20260703,13,20260703-13-04,1,3831,安藤裕貴,4.49,29.41,5.0,30.77,0.51,1.36
20260703,13,20260703-13-04,2,3576,白水勝也,6.59,46.24,0.0,0.0,-6.59,-46.24
20260703,13,20260703-13-04,3,5046,松山裕基,3.89,17.14,4.39,19.51,0.5,2.37
20260703,13,20260703-13-04,4,4759,今泉友吾,7.0,45.56,6.71,61.9,-0.29,16.34
20260703,13,20260703-13-04,5,3870,寺嶋雄,4.59,23.53,4.31,14.29,-0.28,-9.24
20260703,13,20260703-13-04,6,5456,今村天次,1.81,0.0,2.14,0.0,0.33,0.0
20260703,13,20260703-13-05,1,4068,幸田智裕,4.76,22.47,5.21,26.32,0.45,3.85
20260703,13,20260703-13-05,2,4834,浜本裕己,5.55,35.59,5.0,32.0,-0.55,-3.59
20260703,13,20260703-13-05,3,5326,三嶌さら,5.18,31.25,2.52,8.0,-2.66,-23.25
20260703,13,20260703-13-05,4,5105,富田恕生,4.2,20.73,4.0,28.57,-0.2,7.84
20260703,13,20260703-13-05,5,4324,海野康志,7.25,54.92,6.4,40.0,-0.85,-14.92
20260703,13,20260703-13-05,6,4906,鈴木雅希,5.27,35.59,6.1,40.0,0.83,4.41
20260703,13,20260703-13-06,1,4184,渡邊雄一,7.0,52.69,6.39,41.18,-0.61,-11.51
20260703,13,20260703-13-06,2,3577,向所浩二,4.7,20.27,5.43,34.69,0.73,14.42
20260703,13,20260703-13-06,3,4892,柴田直哉,5.12,32.88,4.92,30.77,-0.2,-2.11
20260703,13,20260703-13-06,4,3966,作間章,6.69,45.95,6.16,42.11,-0.53,-3.84
20260703,13,20260703-13-06,5,4835,橋本明,5.14,27.06,5.0,33.33,-0.14,6.27
20260703,13,20260703-13-06,6,3710,吉永泰弘,4.67,23.86,5.11,11.11,0.44,-12.75
20260703,13,20260703-13-07,1,4060,島田一生,4.45,26.15,0.0,0.0,-4.45,-26.15
20260703,13,20260703-13-07,2,4298,宮下元胤,5.96,40.71,0.0,0.0,-5.96,-40.71
20260703,13,20260703-13-07,3,4007,榮田将彦,4.35,22.22,5.33,40.0,0.98,17.78
20260703,13,20260703-13-07,4,3415,松井繁,7.1,41.9,6.63,33.33,-0.47,-8.57
20260703,13,20260703-13-07,5,4902,山川雄大,4.84,31.25,4.99,32.71,0.15,1.46
20260703,13,20260703-13-07,6,4560,庄司樹良,5.99,37.8,6.04,44.44,0.05,6.64
20260703,13,20260703-13-08,1,5264,登みひ果,5.03,26.0,4.14,20.57,-0.89,-5.43
20260703,13,20260703-13-08,2,4387,平山智加,6.8,47.41,7.11,63.16,0.31,15.75
20260703,13,20260703-13-08,3,4372,原田佑実,6.09,43.82,4.6,20.0,-1.49,-23.82
20260703,13,20260703-13-08,4,4998,中村かな,4.37,27.12,4.75,25.0,0.38,-2.12
20260703,13,20260703-13-08,5,4927,関野文,5.82,39.22,5.68,40.54,-0.14,1.32
20260703,13,20260703-13-08,6,4764,小池礼乃,5.17,32.76,0.0,0.0,-5.17,-32.76
20260703,13,20260703-13-09,1,3489,大場敏,5.84,39.82,4.8,20.0,-1.04,-19.82
20260703,13,20260703-13-09,2,3870,寺嶋雄,4.59,23.53,4.31,14.29,-0.28,-9.24
20260703,13,20260703-13-09,3,3401,上田隆章,4.41,24.1,2.44,11.11,-1.97,-12.99
20260703,13,20260703-13-09,4,4748,渡邉雄朗,6.31,43.02,7.1,60.0,0.79,16.98
20260703,13,20260703-13-09,5,3158,島川光男,6.13,41.46,6.03,48.28,-0.1,6.82
20260703,13,20260703-13-09,6,4016,西川新太,5.65,39.24,4.59,31.82,-1.06,-7.42
20260703,13,20260703-13-10,1,3966,作間章,6.69,45.95,6.16,42.11,-0.53,-3.84
20260703,13,20260703-13-10,2,4894,原村拓也,4.73,23.81,4.39,27.78,-0.34,3.97
20260703,13,20260703-13-10,3,4015,前野竜一,6.05,39.05,4.61,22.22,-1.44,-16.83
20260703,13,20260703-13-10,4,4834,浜本裕己,5.55,35.59,5.0,32.0,-0.55,-3.59
20260703,13,20260703-13-10,5,3831,安藤裕貴,4.49,29.41,5.0,30.77,0.51,1.36
20260703,13,20260703-13-10,6,4778,堤啓輔,5.38,35.94,7.62,61.54,2.24,25.6
20260703,13,20260703-13-11,1,4055,吉田俊彦,6.77,51.61,6.64,48.65,-0.13,-2.96
20260703,13,20260703-13-11,2,4906,鈴木雅希,5.27,35.59,6.1,40.0,0.83,4.41
20260703,13,20260703-13-11,3,3710,吉永泰弘,4.67,23.86,5.11,11.11,0.44,-12.75
20260703,13,20260703-13-11,4,3576,白水勝也,6.59,46.24,0.0,0.0,-6.59,-46.24
20260703,13,20260703-13-11,5,4298,宮下元胤,5.96,40.71,0.0,0.0,-5.96,-40.71
20260703,13,20260703-13-11,6,3998,冨成謙児,4.67,29.21,5.52,36.0,0.85,6.79
20260703,13,20260703-13-12,1,3415,松井繁,7.1,41.9,6.63,33.33,-0.47,-8.57
20260703,13,20260703-13-12,2,4324,海野康志,7.25,54.92,6.4,40.0,-0.85,-14.92
20260703,13,20260703-13-12,3,4759,今泉友吾,7.0,45.56,6.71,61.9,-0.29,16.34
20260703,13,20260703-13-12,4,4387,平山智加,6.8,47.41,7.11,63.16,0.31,15.75
20260703,13,20260703-13-12,5,4184,渡邊雄一,7.0,52.69,6.39,41.18,-0.61,-11.51
20260703,13,20260703-13-12,6,4545,岡村慶太,7.22,59.8,4.18,17.65,-3.04,-42.15
20260703,12,20260703-12-01,1,5004,河野主樹,5.86,39.64,4.9,29.52,-0.96,-10.12
20260703,12,20260703-12-01,2,3075,中村裕将,4.94,34.18,4.2,23.33,-0.74,-10.85
20260703,12,20260703-12-01,3,4888,金児隆太,4.96,32.84,5.84,40.0,0.88,7.16
20260703,12,20260703-12-01,4,3602,奥平拓也,4.16,15.79,5.89,33.33,1.73,17.54
20260703,12,20260703-12-01,5,5154,村松栄太,4.9,27.16,5.0,41.18,0.1,14.02
20260703,12,20260703-12-01,6,5450,藤本遼磨,1.71,0.0,1.25,0.0,-0.46,0.0
20260703,12,20260703-12-02,1,4639,雑賀勇貴,4.69,28.09,4.54,26.37,-0.15,-1.72
20260703,12,20260703-12-02,2,3801,五反田忍,4.73,30.0,4.59,37.5,-0.14,7.5
20260703,12,20260703-12-02,3,5366,塩嶋泰空,1.28,1.67,1.17,0.0,-0.11,-1.67
20260703,12,20260703-12-02,4,3352,小川晃司,4.34,9.41,0.0,0.0,-4.34,-9.41
20260703,12,20260703-12-02,5,4211,村田敦,3.53,13.25,4.35,20.0,0.82,6.75
20260703,12,20260703-12-02,6,5039,倉田茂将,4.28,25.84,0.0,0.0,-4.28,-25.84
20260703,12,20260703-12-03,1,5355,萩原丈太,2.27,5.97,1.64,0.0,-0.63,-5.97
20260703,12,20260703-12-03,2,4590,渡邉優美,6.55,41.03,8.71,92.86,2.16,51.83
20260703,12,20260703-12-03,3,3441,土屋太朗,4.57,23.08,5.43,14.29,0.86,-8.79
20260703,12,20260703-12-03,4,4887,富澤祐作,5.0,34.09,5.78,22.22,0.78,-11.87
20260703,12,20260703-12-03,5,4836,大谷健太,5.36,31.82,4.33,29.63,-1.03,-2.19
20260703,12,20260703-12-03,6,3905,天野友和,6.26,48.15,5.56,31.48,-0.7,-16.67
20260703,12,20260703-12-04,1,3825,宮嵜隆太,2.87,12.73,4.56,31.71,1.69,18.98
20260703,12,20260703-12-04,2,3805,高橋英之,5.24,34.94,5.78,37.04,0.54,2.1
20260703,12,20260703-12-04,3,4983,前田篤哉,7.03,55.56,7.83,58.33,0.8,2.77
20260703,12,20260703-12-04,4,5362,中嶋世奈,2.51,4.11,1.57,0.0,-0.94,-4.11
20260703,12,20260703-12-04,5,3910,松下知幸,4.27,21.69,4.4,22.5,0.13,0.81
20260703,12,20260703-12-04,6,3837,秋山広一,6.4,45.16,8.38,75.0,1.98,29.84
20260703,12,20260703-12-05,1,3833,中辻博訓,6.09,44.63,6.67,50.0,0.58,5.37
20260703,12,20260703-12-05,2,4899,占部一真,4.57,28.38,4.97,40.0,0.4,11.62
20260703,12,20260703-12-05,3,4557,松尾光広,4.26,19.74,5.24,31.03,0.98,11.29
20260703,12,20260703-12-05,4,4098,赤澤文香,4.81,24.36,4.89,16.67,0.08,-7.69
20260703,12,20260703-12-05,5,3602,奥平拓也,4.16,15.79,5.89,33.33,1.73,17.54
20260703,12,20260703-12-05,6,3499,市川哲也,5.82,37.63,4.27,20.0,-1.55,-17.63
20260703,12,20260703-12-06,1,5154,村松栄太,4.9,27.16,5.0,41.18,0.1,14.02
20260703,12,20260703-12-06,2,4084,杉山正樹,6.43,40.98,6.45,42.11,0.02,1.13
20260703,12,20260703-12-06,3,5181,森智哉,5.13,28.36,3.63,12.5,-1.5,-15.86
20260703,12,20260703-12-06,4,5194,大久保佑,4.37,26.03,3.36,9.09,-1.01,-16.94
20260703,12,20260703-12-06,5,3841,佐々木和,6.07,44.12,5.93,40.0,-0.14,-4.12
20260703,12,20260703-12-06,6,3999,大瀧明日,6.14,44.19,5.67,44.44,-0.47,0.25
20260703,12,20260703-12-07,1,4730,土屋実沙,5.35,33.33,6.57,52.38,1.22,19.05
20260703,12,20260703-12-07,2,3542,清水紀克,4.06,18.18,5.56,43.75,1.5,25.57
20260703,12,20260703-12-07,3,5355,萩原丈太,2.27,5.97,1.64,0.0,-0.63,-5.97
20260703,12,20260703-12-07,4,3715,倉尾大介,5.56,33.33,4.75,29.17,-0.81,-4.16
20260703,12,20260703-12-07,5,4030,森高一真,6.88,36.0,7.51,48.98,0.63,12.98
20260703,12,20260703-12-07,6,3352,小川晃司,4.34,9.41,0.0,0.0,-4.34,-9.41
20260703,12,20260703-12-08,1,3731,高濱芳久,5.06,28.17,5.12,35.71,0.06,7.54
20260703,12,20260703-12-08,2,3587,武田信一,4.2,19.51,3.79,24.14,-0.41,4.63
20260703,12,20260703-12-08,3,4639,雑賀勇貴,4.69,28.09,4.54,26.37,-0.15,-1.72
20260703,12,20260703-12-08,4,4028,田村隆信,6.29,44.44,5.29,25.81,-1.0,-18.63
20260703,12,20260703-12-08,5,4911,片岡大地,5.07,24.29,5.39,33.33,0.32,9.04
20260703,12,20260703-12-08,6,4887,富澤祐作,5.0,34.09,5.78,22.22,0.78,-11.87
20260703,12,20260703-12-09,1,4836,大谷健太,5.36,31.82,4.33,29.63,-1.03,-2.19
20260703,12,20260703-12-09,2,3910,松下知幸,4.27,21.69,4.4,22.5,0.13,0.81
20260703,12,20260703-12-09,3,3435,寺田千恵,6.71,46.6,0.0,0.0,-6.71,-46.6
20260703,12,20260703-12-09,4,5004,河野主樹,5.86,39.64,4.9,29.52,-0.96,-10.12
20260703,12,20260703-12-09,5,4488,小山勉,6.88,53.77,4.81,37.5,-2.07,-16.27
20260703,12,20260703-12-09,6,4557,松尾光広,4.26,19.74,5.24,31.03,0.98,11.29
20260703,12,20260703-12-10,1,3740,大澤普司,6.2,42.37,5.67,33.33,-0.53,-9.04
20260703,12,20260703-12-10,2,3999,大瀧明日,6.14,44.19,5.67,44.44,-0.47,0.25
20260703,12,20260703-12-10,3,3805,高橋英之,5.24,34.94,5.78,37.04,0.54,2.1
20260703,12,20260703-12-10,4,3833,中辻博訓,6.09,44.63,6.67,50.0,0.58,5.37
20260703,12,20260703-12-10,5,3075,中村裕将,4.94,34.18,4.2,23.33,-0.74,-10.85
20260703,12,20260703-12-10,6,3441,土屋太朗,4.57,23.08,5.43,14.29,0.86,-8.79
20260703,12,20260703-12-11,1,5054,佐々木大,6.67,49.44,4.81,31.62,-1.86,-17.82
20260703,12,20260703-12-11,2,4012,中村有裕,6.26,48.15,6.13,44.44,-0.13,-3.71
20260703,12,20260703-12-11,3,3837,秋山広一,6.4,45.16,8.38,75.0,1.98,29.84
20260703,12,20260703-12-11,4,5039,倉田茂将,4.28,25.84,0.0,0.0,-4.28,-25.84
20260703,12,20260703-12-11,5,4888,金児隆太,4.96,32.84,5.84,40.0,0.88,7.16
20260703,12,20260703-12-11,6,3918,深井利寿,6.67,48.08,6.38,48.89,-0.29,0.81
20260703,12,20260703-12-12,1,4030,森高一真,6.88,36.0,7.51,48.98,0.63,12.98
20260703,12,20260703-12-12,2,4028,田村隆信,6.29,44.44,5.29,25.81,-1.0,-18.63
20260703,12,20260703-12-12,3,3499,市川哲也,5.82,37.63,4.27,20.0,-1.55,-17.63
20260703,12,20260703-12-12,4,4084,杉山正樹,6.43,40.98,6.45,42.11,0.02,1.13
20260703,12,20260703-12-12,5,4590,渡邉優美,6.55,41.03,8.71,92.86,2.16,51.83
20260703,12,20260703-12-12,6,4983,前田篤哉,7.03,55.56,7.83,58.33,0.8,2.77
20260703,11,20260703-11-01,1,5126,山下大輝,6.65,50.0,6.09,45.65,-0.56,-4.35
20260703,11,20260703-11-01,2,5183,中野孝二,4.91,35.9,4.78,37.04,-0.13,1.14
20260703,11,20260703-11-01,3,5031,渡辺空依,4.59,24.44,1.5,0.0,-3.09,-24.44
20260703,11,20260703-11-01,4,4253,西川真人,4.14,17.09,4.3,19.83,0.16,2.74
20260703,11,20260703-11-01,5,3653,品川賢次,4.59,21.05,5.29,42.86,0.7,21.81
20260703,11,20260703-11-01,6,5396,近藤来希,1.84,3.17,1.24,0.0,-0.6,-3.17
20260703,11,20260703-11-02,1,4864,小川日紀,4.0,17.57,4.0,11.11,0.0,-6.46
20260703,11,20260703-11-02,2,3548,室田泰史,5.38,35.71,5.55,40.0,0.17,4.29
20260703,11,20260703-11-02,3,4182,吉田和仁,4.92,30.17,4.82,25.14,-0.1,-5.03
20260703,11,20260703-11-02,4,4672,守屋大地,4.21,20.95,3.58,12.5,-0.63,-8.45
20260703,11,20260703-11-02,5,5131,江藤敦宏,4.03,18.89,3.17,16.67,-0.86,-2.22
20260703,11,20260703-11-02,6,5006,久保原秀,3.39,13.68,3.9,10.0,0.51,-3.68
20260703,11,20260703-11-03,1,4522,古澤光紀,5.87,43.55,6.33,47.62,0.46,4.07
20260703,11,20260703-11-03,2,4580,長谷川雅,5.47,33.71,5.6,35.0,0.13,1.29
20260703,11,20260703-11-03,3,3582,吉川昭男,5.71,40.78,6.15,46.4,0.44,5.62
20260703,11,20260703-11-03,4,5143,常盤海心,4.04,20.56,1.67,0.0,-2.37,-20.56
20260703,11,20260703-11-03,5,3313,本吉正樹,4.34,24.74,4.67,22.22,0.33,-2.52
20260703,11,20260703-11-03,6,5465,直江健成,1.0,0.0,0.0,0.0,-1.0,0.0
20260703,11,20260703-11-04,1,4352,下條雄太,6.45,47.3,7.68,68.42,1.23,21.12
20260703,11,20260703-11-04,2,4618,乃村康友,4.99,29.0,5.83,38.89,0.84,9.89
20260703,11,20260703-11-04,3,4089,妹尾忠幸,6.07,37.82,6.89,47.37,0.82,9.55
20260703,11,20260703-11-04,4,5190,大月遊雅,4.44,21.43,5.33,37.04,0.89,15.61
20260703,11,20260703-11-04,5,4204,柴田大輔,4.76,26.97,4.58,25.81,-0.18,-1.16
20260703,11,20260703-11-04,6,5185,加藤優弥,5.22,32.38,5.08,23.08,-0.14,-9.3
20260703,11,20260703-11-05,1,3686,鳥居塚孝,6.09,41.38,5.8,40.0,-0.29,-1.38
20260703,11,20260703-11-05,2,3564,桑原啓,4.44,29.2,1.6,0.0,-2.84,-29.2
20260703,11,20260703-11-05,3,5157,市川健太,4.11,22.68,4.55,22.12,0.44,-0.56
20260703,11,20260703-11-05,4,5031,渡辺空依,4.59,24.44,1.5,0.0,-3.09,-24.44
20260703,11,20260703-11-05,5,5256,中山翔太,6.48,50.0,6.17,41.67,-0.31,-8.33
20260703,11,20260703-11-05,6,4103,山崎善庸,3.47,11.11,4.43,29.73,0.96,18.62
20260703,11,20260703-11-06,1,4330,奈須啓太,6.05,43.55,4.5,25.0,-1.55,-18.55
20260703,11,20260703-11-06,2,5131,江藤敦宏,4.03,18.89,3.17,16.67,-0.86,-2.22
20260703,11,20260703-11-06,3,5006,久保原秀,3.39,13.68,3.9,10.0,0.51,-3.68
20260703,11,20260703-11-06,4,3554,仲口博崇,6.33,48.2,4.95,15.0,-1.38,-33.2
20260703,11,20260703-11-06,5,5183,中野孝二,4.91,35.9,4.78,37.04,-0.13,1.14
20260703,11,20260703-11-06,6,3507,藤井徹,4.29,26.25,4.12,23.81,-0.17,-2.44
20260703,11,20260703-11-07,1,5018,竹下大樹,6.63,47.1,6.1,40.0,-0.53,-7.1
20260703,11,20260703-11-07,2,3313,本吉正樹,4.34,24.74,4.67,22.22,0.33,-2.52
20260703,11,20260703-11-07,3,3305,小野信樹,3.93,19.05,3.91,27.27,-0.02,8.22
20260703,11,20260703-11-07,4,4340,土性雅也,5.11,33.33,4.22,22.22,-0.89,-11.11
20260703,11,20260703-11-07,5,5396,近藤来希,1.84,3.17,1.24,0.0,-0.6,-3.17
20260703,11,20260703-11-07,6,5369,岡崎凪汰,3.39,15.29,0.0,0.0,-3.39,-15.29
20260703,11,20260703-11-08,1,4253,西川真人,4.14,17.09,4.3,19.83,0.16,2.74
20260703,11,20260703-11-08,2,4672,守屋大地,4.21,20.95,3.58,12.5,-0.63,-8.45
20260703,11,20260703-11-08,3,4277,金田大輔,4.97,35.96,4.45,32.26,-0.52,-3.7
20260703,11,20260703-11-08,4,3548,室田泰史,5.38,35.71,5.55,40.0,0.17,4.29
20260703,11,20260703-11-08,5,4618,乃村康友,4.99,29.0,5.83,38.89,0.84,9.89
20260703,11,20260703-11-08,6,5465,直江健成,1.0,0.0,0.0,0.0,-1.0,0.0
20260703,11,20260703-11-09,1,3582,吉川昭男,5.71,40.78,6.15,46.4,0.44,5.62
20260703,11,20260703-11-09,2,5256,中山翔太,6.48,50.0,6.17,41.67,-0.31,-8.33
20260703,11,20260703-11-09,3,3653,品川賢次,4.59,21.05,5.29,42.86,0.7,21.81
20260703,11,20260703-11-09,4,4089,妹尾忠幸,6.07,37.82,6.89,47.37,0.82,9.55
20260703,11,20260703-11-09,5,3564,桑原啓,4.44,29.2,1.6,0.0,-2.84,-29.2
20260703,11,20260703-11-09,6,5190,大月遊雅,4.44,21.43,5.33,37.04,0.89,15.61
20260703,11,20260703-11-10,1,4204,柴田大輔,4.76,26.97,4.58,25.81,-0.18,-1.16
20260703,11,20260703-11-10,2,5126,山下大輝,6.65,50.0,6.09,45.65,-0.56,-4.35
20260703,11,20260703-11-10,3,3686,鳥居塚孝,6.09,41.38,5.8,40.0,-0.29,-1.38
20260703,11,20260703-11-10,4,4330,奈須啓太,6.05,43.55,4.5,25.0,-1.55,-18.55
20260703,11,20260703-11-10,5,4182,吉田和仁,4.92,30.17,4.82,25.14,-0.1,-5.03
20260703,11,20260703-11-10,6,4580,長谷川雅,5.47,33.71,5.6,35.0,0.13,1.29
20260703,11,20260703-11-11,1,3554,仲口博崇,6.33,48.2,4.95,15.0,-1.38,-33.2
20260703,11,20260703-11-11,2,5018,竹下大樹,6.63,47.1,6.1,40.0,-0.53,-7.1
20260703,11,20260703-11-11,3,4352,下條雄太,6.45,47.3,7.68,68.42,1.23,21.12
20260703,11,20260703-11-11,4,4864,小川日紀,4.0,17.57,4.0,11.11,0.0,-6.46
20260703,11,20260703-11-11,5,4522,古澤光紀,5.87,43.55,6.33,47.62,0.46,4.07
20260703,11,20260703-11-11,6,5157,市川健太,4.11,22.68,4.55,22.12,0.44,-0.56
20260703,11,20260703-11-12,1,3654,武田光史,6.67,55.12,6.78,46.67,0.11,-8.45
20260703,11,20260703-11-12,2,4460,後藤翔之,5.82,37.25,7.3,61.7,1.48,24.45
20260703,11,20260703-11-12,3,3988,古川誠之,5.91,40.48,6.02,43.9,0.11,3.42
20260703,11,20260703-11-12,4,3333,丸尾義孝,6.14,44.0,6.39,57.14,0.25,13.14
20260703,11,20260703-11-12,5,4379,桑島和宏,6.08,38.76,6.67,48.15,0.59,9.39
20260703,11,20260703-11-12,6,4039,村上功祐,5.24,35.38,4.73,25.0,-0.51,-10.38
20260703,09,20260703-09-01,1,4057,松井賢治,5.89,44.44,5.63,30.0,-0.26,-14.44
20260703,09,20260703-09-01,2,3696,白井友晴,4.99,26.92,5.65,30.0,0.66,3.08
20260703,09,20260703-09-01,3,3742,宮地秀祈,4.96,30.14,2.83,16.67,-2.13,-13.47
20260703,09,20260703-09-01,4,3828,明石正之,5.53,34.62,5.2,30.0,-0.33,-4.62
20260703,09,20260703-09-01,5,3350,藤本佳史,4.72,28.89,5.48,35.0,0.76,6.11
20260703,09,20260703-09-01,6,5467,野村羽玖,2.48,0.0,0.0,0.0,-2.48,0.0
20260703,09,20260703-09-02,1,3842,星野太郎,4.52,24.64,5.52,37.3,1.0,12.66
20260703,09,20260703-09-02,2,3550,都築正治,5.55,40.18,5.59,37.84,0.04,-2.34
20260703,09,20260703-09-02,3,4565,西村豪洋,3.76,10.71,4.48,23.81,0.72,13.1
20260703,09,20260703-09-02,4,4905,土井祥伍,4.47,20.59,4.73,18.18,0.26,-2.41
20260703,09,20260703-09-02,5,3482,金子猛志,5.26,33.33,6.75,50.0,1.49,16.67
20260703,09,20260703-09-02,6,3838,伊藤啓三,5.51,33.77,7.06,55.56,1.55,21.79
20260703,09,20260703-09-03,1,4458,抹香雄三,5.37,31.51,4.05,10.53,-1.32,-20.98
20260703,09,20260703-09-03,2,4002,古結宏,6.81,49.55,6.53,53.33,-0.28,3.78
20260703,09,20260703-09-03,3,3717,立間充宏,5.5,30.26,4.36,28.57,-1.14,-1.69
20260703,09,20260703-09-03,4,3896,上田洋平,5.17,29.33,5.17,31.71,0.0,2.38
20260703,09,20260703-09-03,5,4485,楠原正剛,5.23,31.68,5.0,25.0,-0.23,-6.68
20260703,09,20260703-09-03,6,3422,服部幸男,6.1,43.22,5.42,35.48,-0.68,-7.74
20260703,09,20260703-09-04,1,4904,松本一毅,5.27,33.03,6.47,46.67,1.2,13.64
20260703,09,20260703-09-04,2,4890,石川諒,5.95,38.55,4.84,31.58,-1.11,-6.97
20260703,09,20260703-09-04,3,4665,加藤啓太,3.97,13.92,0.0,0.0,-3.97,-13.92
20260703,09,20260703-09-04,4,5354,渡邊雄斗,3.9,19.67,2.39,8.11,-1.51,-11.56
20260703,09,20260703-09-04,5,4000,松本博昭,6.16,45.6,5.44,34.38,-0.72,-11.22
20260703,09,20260703-09-04,6,3721,守田俊介,6.26,38.14,6.44,25.0,0.18,-13.14
20260703,09,20260703-09-05,1,4506,稗田聖也,6.34,50.7,5.91,45.45,-0.43,-5.25
20260703,09,20260703-09-05,2,4097,貫地谷直,3.64,13.64,3.48,12.0,-0.16,-1.64
20260703,09,20260703-09-05,3,4527,高野心吾,4.63,25.0,3.18,7.5,-1.45,-17.5
20260703,09,20260703-09-05,4,5376,吉田一心,4.85,28.21,4.83,27.78,-0.02,-0.43
20260703,09,20260703-09-05,5,4076,杉田篤光,5.07,30.4,5.06,35.29,-0.01,4.89
20260703,09,20260703-09-05,6,5232,樅山拓馬,5.1,27.78,4.61,11.11,-0.49,-16.67
20260703,09,20260703-09-06,1,3797,岩井繁,3.87,16.33,3.75,25.0,-0.12,8.67
20260703,09,20260703-09-06,2,3746,岡瀬正人,5.63,36.52,4.89,36.84,-0.74,0.32
20260703,09,20260703-09-06,3,3813,佐藤大介,6.87,51.52,5.21,29.17,-1.66,-22.35
20260703,09,20260703-09-06,4,3742,宮地秀祈,4.96,30.14,2.83,16.67,-2.13,-13.47
20260703,09,20260703-09-06,5,4754,松尾充,6.28,43.09,6.83,53.55,0.55,10.46
20260703,09,20260703-09-06,6,5243,三馬崇史,5.46,36.17,6.44,44.44,0.98,8.27
20260703,09,20260703-09-07,1,4485,楠原正剛,5.23,31.68,5.0,25.0,-0.23,-6.68
20260703,09,20260703-09-07,2,4677,片橋幸貴,6.01,42.68,6.14,42.86,0.13,0.18
20260703,09,20260703-09-07,3,3482,金子猛志,5.26,33.33,6.75,50.0,1.49,16.67
20260703,09,20260703-09-07,4,4252,松下哲也,4.38,19.23,4.33,33.33,-0.05,14.1
20260703,09,20260703-09-07,5,5467,野村羽玖,2.48,0.0,0.0,0.0,-2.48,0.0
20260703,09,20260703-09-07,6,3946,赤岩善生,6.94,47.37,7.85,46.15,0.91,-1.22
20260703,09,20260703-09-08,1,3350,藤本佳史,4.72,28.89,5.48,35.0,0.76,6.11
20260703,09,20260703-09-08,2,3419,栗原謙治,2.29,0.0,3.0,14.29,0.71,14.29
20260703,09,20260703-09-08,3,4168,石野貴之,6.85,43.48,8.4,90.0,1.55,46.52
20260703,09,20260703-09-08,4,3842,星野太郎,4.52,24.64,5.52,37.3,1.0,12.66
20260703,09,20260703-09-08,5,4228,吉田慎二,6.28,47.32,4.59,23.53,-1.69,-23.79
20260703,09,20260703-09-08,6,3717,立間充宏,5.5,30.26,4.36,28.57,-1.14,-1.69
20260703,09,20260703-09-09,1,4709,岡村将也,5.48,34.88,6.05,47.62,0.57,12.74
20260703,09,20260703-09-09,2,3828,明石正之,5.53,34.62,5.2,30.0,-0.33,-4.62
20260703,09,20260703-09-09,3,3422,服部幸男,6.1,43.22,5.42,35.48,-0.68,-7.74
20260703,09,20260703-09-09,4,4904,松本一毅,5.27,33.03,6.47,46.67,1.2,13.64
20260703,09,20260703-09-09,5,5134,大原祥昌,5.78,44.44,5.22,44.44,-0.56,0.0
20260703,09,20260703-09-09,6,4022,待鳥雄紀,4.48,24.0,0.0,0.0,-4.48,-24.0
20260703,09,20260703-09-10,1,4000,松本博昭,6.16,45.6,5.44,34.38,-0.72,-11.22
20260703,09,20260703-09-10,2,3896,上田洋平,5.17,29.33,5.17,31.71,0.0,2.38
20260703,09,20260703-09-10,3,4057,松井賢治,5.89,44.44,5.63,30.0,-0.26,-14.44
20260703,09,20260703-09-10,4,4565,西村豪洋,3.76,10.71,4.48,23.81,0.72,13.1
20260703,09,20260703-09-10,5,3746,岡瀬正人,5.63,36.52,4.89,36.84,-0.74,0.32
20260703,09,20260703-09-10,6,4527,高野心吾,4.63,25.0,3.18,7.5,-1.45,-17.5
20260703,09,20260703-09-11,1,4754,松尾充,6.28,43.09,6.83,53.55,0.55,10.46
20260703,09,20260703-09-11,2,4076,杉田篤光,5.07,30.4,5.06,35.29,-0.01,4.89
20260703,09,20260703-09-11,3,4677,片橋幸貴,6.01,42.68,6.14,42.86,0.13,0.18
20260703,09,20260703-09-11,4,3696,白井友晴,4.99,26.92,5.65,30.0,0.66,3.08
20260703,09,20260703-09-11,5,4458,抹香雄三,5.37,31.51,4.05,10.53,-1.32,-20.98
20260703,09,20260703-09-11,6,4890,石川諒,5.95,38.55,4.84,31.58,-1.11,-6.97
20260703,09,20260703-09-12,1,4168,石野貴之,6.85,43.48,8.4,90.0,1.55,46.52
20260703,09,20260703-09-12,2,3946,赤岩善生,6.94,47.37,7.85,46.15,0.91,-1.22
20260703,09,20260703-09-12,3,3721,守田俊介,6.26,38.14,6.44,25.0,0.18,-13.14
20260703,09,20260703-09-12,4,4002,古結宏,6.81,49.55,6.53,53.33,-0.28,3.78
20260703,09,20260703-09-12,5,4506,稗田聖也,6.34,50.7,5.91,45.45,-0.43,-5.25
20260703,09,20260703-09-12,6,3813,佐藤大介,6.87,51.52,5.21,29.17,-1.66,-22.35
20260703,08,20260703-08-01,1,4163,山崎裕司,5.28,35.2,6.05,41.46,0.77,6.26
20260703,08,20260703-08-01,2,3869,井芹大志,3.96,19.51,4.56,25.0,0.6,5.49
20260703,08,20260703-08-01,3,4405,南野利騰,4.3,14.58,3.73,13.64,-0.57,-0.94
20260703,08,20260703-08-01,4,5291,三嶌ここ,3.88,18.49,2.31,5.71,-1.57,-12.78
20260703,08,20260703-08-01,5,4498,宮本夏樹,5.28,35.21,5.0,23.81,-0.28,-11.4
20260703,08,20260703-08-01,6,5436,市川瑚幸,1.26,0.0,1.0,0.0,-0.26,0.0
20260703,08,20260703-08-02,1,4837,酒井陽祐,4.42,24.71,4.4,25.58,-0.02,0.87
20260703,08,20260703-08-02,2,3908,重成一人,6.28,44.54,7.14,57.14,0.86,12.6
20260703,08,20260703-08-02,3,5022,伊藤尚汰,4.47,29.87,3.74,10.53,-0.73,-19.34
20260703,08,20260703-08-02,4,4034,西原明生,3.63,16.13,3.93,17.07,0.3,0.94
20260703,08,20260703-08-02,5,5172,田村慶,4.62,26.67,0.0,0.0,-4.62,-26.67
20260703,08,20260703-08-02,6,4819,蜂須瑞生,5.42,32.46,5.84,36.0,0.42,3.54
20260703,08,20260703-08-03,1,4419,原加央理,5.81,41.94,5.79,31.58,-0.02,-10.36
20260703,08,20260703-08-03,2,5229,吉川晴人,5.24,32.77,4.37,21.05,-0.87,-11.72
20260703,08,20260703-08-03,3,4731,間野兼礼,5.18,31.87,5.34,34.0,0.16,2.13
20260703,08,20260703-08-03,4,4215,吉島祥之,5.59,35.34,5.94,40.0,0.35,4.66
20260703,08,20260703-08-03,5,4487,三原司,4.85,27.0,3.06,16.67,-1.79,-10.33
20260703,08,20260703-08-03,6,4102,益田啓司,6.43,49.65,6.74,58.06,0.31,8.41
20260703,08,20260703-08-04,1,4876,梅木敬太,4.5,25.74,4.48,29.55,-0.02,3.81
20260703,08,20260703-08-04,2,3701,大西隆洋,4.01,18.89,2.08,0.0,-1.93,-18.89
20260703,08,20260703-08-04,3,3965,北中元樹,6.37,50.0,5.43,30.43,-0.94,-19.57
20260703,08,20260703-08-04,4,3175,渡辺千草,4.63,23.08,4.5,12.5,-0.13,-10.58
20260703,08,20260703-08-04,5,3680,森林太,4.38,21.9,3.17,0.0,-1.21,-21.9
20260703,08,20260703-08-04,6,3959,坪井康晴,7.08,47.54,7.0,37.5,-0.08,-10.04
20260703,08,20260703-08-05,1,5303,土井歩夢,5.62,31.46,2.71,14.29,-2.91,-17.17
20260703,08,20260703-08-05,2,3873,別府昌樹,3.51,11.11,5.86,57.14,2.35,46.03
20260703,08,20260703-08-05,3,5055,眞鳥章太,5.88,39.13,5.13,31.25,-0.75,-7.88
20260703,08,20260703-08-05,4,5340,樋江井舞,3.98,18.58,2.32,5.26,-1.66,-13.32
20260703,08,20260703-08-05,5,5436,市川瑚幸,1.26,0.0,1.0,0.0,-0.26,0.0
20260703,08,20260703-08-05,6,4391,松田祐季,6.5,47.01,6.04,39.58,-0.46,-7.43
20260703,08,20260703-08-06,1,4261,岡祐臣,6.29,45.11,7.07,60.0,0.78,14.89
20260703,08,20260703-08-06,2,4405,南野利騰,4.3,14.58,3.73,13.64,-0.57,-0.94
20260703,08,20260703-08-06,3,3869,井芹大志,3.96,19.51,4.56,25.0,0.6,5.49
20260703,08,20260703-08-06,4,3224,栗山繁洋,3.81,15.15,4.0,0.0,0.19,-15.15
20260703,08,20260703-08-06,5,5322,根岸真優,2.62,7.78,1.78,0.0,-0.84,-7.78
20260703,08,20260703-08-06,6,4732,堀本和也,6.47,45.08,7.24,56.1,0.77,11.02
20260703,08,20260703-08-07,1,5216,長谷川晴,6.18,42.38,5.47,29.41,-0.71,-12.97
20260703,08,20260703-08-07,2,5345,牧村俊輝,3.13,7.96,1.46,0.0,-1.67,-7.96
20260703,08,20260703-08-07,3,4498,宮本夏樹,5.28,35.21,5.0,23.81,-0.28,-11.4
20260703,08,20260703-08-07,4,5294,豊田祥生,3.93,19.75,2.92,16.67,-1.01,-3.08
20260703,08,20260703-08-07,5,4752,西尾亮輔,4.13,20.22,4.32,20.97,0.19,0.75
20260703,08,20260703-08-07,6,4546,浜田亜理,6.53,48.28,6.74,53.45,0.21,5.17
20260703,08,20260703-08-08,1,5026,安河内健,6.13,46.6,7.09,55.32,0.96,8.72
20260703,08,20260703-08-08,2,4122,安東幸治,5.34,32.06,6.39,48.39,1.05,16.33
20260703,08,20260703-08-08,3,5172,田村慶,4.62,26.67,0.0,0.0,-4.62,-26.67
20260703,08,20260703-08-08,4,4693,松下誉士,4.13,22.22,3.71,12.5,-0.42,-9.72
20260703,08,20260703-08-08,5,4034,西原明生,3.63,16.13,3.93,17.07,0.3,0.94
20260703,08,20260703-08-08,6,4215,吉島祥之,5.59,35.34,5.94,40.0,0.35,4.66
20260703,08,20260703-08-09,1,5055,眞鳥章太,5.88,39.13,5.13,31.25,-0.75,-7.88
20260703,08,20260703-08-09,2,5377,鳥居塚嶺,3.96,18.18,3.63,25.0,-0.33,6.82
20260703,08,20260703-08-09,3,4487,三原司,4.85,27.0,3.06,16.67,-1.79,-10.33
20260703,08,20260703-08-09,4,5380,野田亜湖,1.2,0.0,1.0,0.0,-0.2,0.0
20260703,08,20260703-08-09,5,5291,三嶌ここ,3.88,18.49,2.31,5.71,-1.57,-12.78
20260703,08,20260703-08-09,6,3965,北中元樹,6.37,50.0,5.43,30.43,-0.94,-19.57
20260703,08,20260703-08-10,1,3959,坪井康晴,7.08,47.54,7.0,37.5,-0.08,-10.04
20260703,08,20260703-08-10,2,4102,益田啓司,6.43,49.65,6.74,58.06,0.31,8.41
20260703,08,20260703-08-10,3,5303,土井歩夢,5.62,31.46,2.71,14.29,-2.91,-17.17
20260703,08,20260703-08-10,4,4837,酒井陽祐,4.42,24.71,4.4,25.58,-0.02,0.87
20260703,08,20260703-08-10,5,3873,別府昌樹,3.51,11.11,5.86,57.14,2.35,46.03
20260703,08,20260703-08-10,6,3908,重成一人,6.28,44.54,7.14,57.14,0.86,12.6
20260703,08,20260703-08-11,1,4546,浜田亜理,6.53,48.28,6.74,53.45,0.21,5.17
20260703,08,20260703-08-11,2,5216,長谷川晴,6.18,42.38,5.47,29.41,-0.71,-12.97
20260703,08,20260703-08-11,3,4261,岡祐臣,6.29,45.11,7.07,60.0,0.78,14.89
20260703,08,20260703-08-11,4,4163,山崎裕司,5.28,35.2,6.05,41.46,0.77,6.26
20260703,08,20260703-08-11,5,5229,吉川晴人,5.24,32.77,4.37,21.05,-0.87,-11.72
20260703,08,20260703-08-11,6,4419,原加央理,5.81,41.94,5.79,31.58,-0.02,-10.36
20260703,08,20260703-08-12,1,4732,堀本和也,6.47,45.08,7.24,56.1,0.77,11.02
20260703,08,20260703-08-12,2,5026,安河内健,6.13,46.6,7.09,55.32,0.96,8.72
20260703,08,20260703-08-12,3,4391,松田祐季,6.5,47.01,6.04,39.58,-0.46,-7.43
20260703,08,20260703-08-12,4,4731,間野兼礼,5.18,31.87,5.34,34.0,0.16,2.13
20260703,08,20260703-08-12,5,4122,安東幸治,5.34,32.06,6.39,48.39,1.05,16.33
20260703,08,20260703-08-12,6,4876,梅木敬太,4.5,25.74,4.48,29.55,-0.02,3.81
20260703,07,20260703-07-01,1,4689,豊田結,5.29,33.77,6.85,56.25,1.56,22.48
20260703,07,20260703-07-01,2,5078,山川波乙,4.67,29.49,3.78,0.0,-0.89,-29.49
20260703,07,20260703-07-01,3,5272,松田真実,4.75,28.17,3.38,19.15,-1.37,-9.02
20260703,07,20260703-07-01,4,4208,三浦永理,7.17,56.9,6.7,48.84,-0.47,-8.06
20260703,07,20260703-07-01,5,5347,井澤聖奈,1.62,0.0,1.45,0.0,-0.17,0.0
20260703,07,20260703-07-01,6,4117,廣中智紗,5.99,45.37,5.65,36.54,-0.34,-8.83
20260703,07,20260703-07-02,1,5328,井上慧人,3.96,16.18,1.43,0.0,-2.53,-16.18
20260703,07,20260703-07-02,2,5221,竹間隆晟,6.85,51.24,6.41,47.06,-0.44,-4.18
20260703,07,20260703-07-02,3,5386,米玉利大,3.13,11.43,0.0,0.0,-3.13,-11.43
20260703,07,20260703-07-02,4,5402,塚越陸斗,1.52,2.38,1.14,0.0,-0.38,-2.38
20260703,07,20260703-07-02,5,5381,有山望,3.61,11.84,1.73,0.0,-1.88,-11.84
20260703,07,20260703-07-02,6,5219,森口和紀,5.18,38.03,3.0,14.29,-2.18,-23.74
20260703,07,20260703-07-03,1,5273,山下拓巳,3.91,17.98,0.0,0.0,-3.91,-17.98
20260703,07,20260703-07-03,2,5330,安河内鈴,6.29,49.54,4.89,33.33,-1.4,-16.21
20260703,07,20260703-07-03,3,5319,近藤颯斗,4.42,28.81,3.93,26.47,-0.49,-2.34
20260703,07,20260703-07-03,4,5309,森雄利,3.41,15.94,0.0,0.0,-3.41,-15.94
20260703,07,20260703-07-03,5,5364,金子怜央,2.55,5.0,1.07,0.0,-1.48,-5.0
20260703,07,20260703-07-03,6,5160,藤森陸斗,6.11,41.07,7.29,58.82,1.18,17.75
20260703,07,20260703-07-04,1,4499,滝川真由,5.05,32.14,4.78,33.33,-0.27,1.19
20260703,07,20260703-07-04,2,4501,樋口由加,5.28,34.0,4.67,26.67,-0.61,-7.33
20260703,07,20260703-07-04,3,4885,大山千広,6.74,54.1,0.0,0.0,-6.74,-54.1
20260703,07,20260703-07-04,4,4433,川野芽唯,6.95,54.17,6.75,50.0,-0.2,-4.17
20260703,07,20260703-07-04,5,5230,石原凪紗,4.88,32.41,4.29,26.67,-0.59,-5.74
20260703,07,20260703-07-04,6,4464,山下友貴,5.78,34.41,5.9,46.15,0.12,11.74
20260703,07,20260703-07-05,1,4642,松尾夏海,7.08,57.55,6.79,54.76,-0.29,-2.79
20260703,07,20260703-07-05,2,5174,川井萌,5.29,29.03,6.11,44.44,0.82,15.41
20260703,07,20260703-07-05,3,5347,井澤聖奈,1.62,0.0,1.45,0.0,-0.17,0.0
20260703,07,20260703-07-05,4,5318,河内一馬,3.67,16.09,2.45,5.97,-1.22,-10.12
20260703,07,20260703-07-05,5,5422,真田聖也,1.39,1.85,0.86,0.0,-0.53,-1.85
20260703,07,20260703-07-05,6,5325,澁川夏,5.78,37.93,1.5,0.0,-4.28,-37.93
20260703,07,20260703-07-06,1,5381,有山望,3.61,11.84,1.73,0.0,-1.88,-11.84
20260703,07,20260703-07-06,2,5300,横田海人,2.07,5.26,1.34,0.0,-0.73,-5.26
20260703,07,20260703-07-06,3,5276,大島隆乃,4.83,21.11,5.5,16.67,0.67,-4.44
20260703,07,20260703-07-06,4,5272,松田真実,4.75,28.17,3.38,19.15,-1.37,-9.02
20260703,07,20260703-07-06,5,5118,野田なづ,6.02,40.74,0.0,0.0,-6.02,-40.74
20260703,07,20260703-07-06,6,5389,恵良琴美,2.18,0.0,0.0,0.0,-2.18,0.0
20260703,07,20260703-07-07,1,5386,米玉利大,3.13,11.43,0.0,0.0,-3.13,-11.43
20260703,07,20260703-07-07,2,5160,藤森陸斗,6.11,41.07,7.29,58.82,1.18,17.75
20260703,07,20260703-07-07,3,5166,仲道大輔,6.2,43.04,5.79,38.46,-0.41,-4.58
20260703,07,20260703-07-07,4,4720,西澤日花,3.95,16.88,4.0,12.5,0.05,-4.38
20260703,07,20260703-07-07,5,5254,羽田妃希,3.57,10.45,2.17,2.78,-1.4,-7.67
20260703,07,20260703-07-07,6,4190,長嶋万記,6.43,42.86,5.54,40.38,-0.89,-2.48
20260703,07,20260703-07-08,1,5155,内山七海,6.0,42.55,0.0,0.0,-6.0,-42.55
20260703,07,20260703-07-08,2,4941,孫崎百世,5.17,32.14,2.88,5.88,-2.29,-26.26
20260703,07,20260703-07-08,3,4464,山下友貴,5.78,34.41,5.9,46.15,0.12,11.74
20260703,07,20260703-07-08,4,5364,金子怜央,2.55,5.0,1.07,0.0,-1.48,-5.0
20260703,07,20260703-07-08,5,5235,岩田凌,3.42,5.56,0.0,0.0,-3.42,-5.56
20260703,07,20260703-07-08,6,5304,井田涼介,2.1,3.39,0.5,0.0,-1.6,-3.39
20260703,07,20260703-07-09,1,5150,坂本雄紀,6.41,49.47,6.81,51.85,0.4,2.38
20260703,07,20260703-07-09,2,5219,森口和紀,5.18,38.03,3.0,14.29,-2.18,-23.74
20260703,07,20260703-07-09,3,5330,安河内鈴,6.29,49.54,4.89,33.33,-1.4,-16.21
20260703,07,20260703-07-09,4,5230,石原凪紗,4.88,32.41,4.29,26.67,-0.59,-5.74
20260703,07,20260703-07-09,5,4501,樋口由加,5.28,34.0,4.67,26.67,-0.61,-7.33
20260703,07,20260703-07-09,6,4208,三浦永理,7.17,56.9,6.7,48.84,-0.47,-8.06
20260703,07,20260703-07-10,1,4450,平高奈菜,6.27,43.33,6.48,47.73,0.21,4.4
20260703,07,20260703-07-10,2,4885,大山千広,6.74,54.1,0.0,0.0,-6.74,-54.1
20260703,07,20260703-07-10,3,5078,山川波乙,4.67,29.49,3.78,0.0,-0.89,-29.49
20260703,07,20260703-07-10,4,5273,山下拓巳,3.91,17.98,0.0,0.0,-3.91,-17.98
20260703,07,20260703-07-10,5,5402,塚越陸斗,1.52,2.38,1.14,0.0,-0.38,-2.38
20260703,07,20260703-07-10,6,5191,飛田江己,6.91,52.42,4.89,26.32,-2.02,-26.1
20260703,07,20260703-07-11,1,5221,竹間隆晟,6.85,51.24,6.41,47.06,-0.44,-4.18
20260703,07,20260703-07-11,2,5319,近藤颯斗,4.42,28.81,3.93,26.47,-0.49,-2.34
20260703,07,20260703-07-11,3,5208,屋良龍紀,4.08,22.62,3.4,10.0,-0.68,-12.62
20260703,07,20260703-07-11,4,4117,廣中智紗,5.99,45.37,5.65,36.54,-0.34,-8.83
20260703,07,20260703-07-11,5,4499,滝川真由,5.05,32.14,4.78,33.33,-0.27,1.19
20260703,07,20260703-07-11,6,4804,高田ひか,6.64,47.92,5.58,36.0,-1.06,-11.92
20260703,07,20260703-07-12,1,4823,中村桃佳,7.31,55.67,7.56,55.56,0.25,-0.11
20260703,07,20260703-07-12,2,4433,川野芽唯,6.95,54.17,6.75,50.0,-0.2,-4.17
20260703,07,20260703-07-12,3,4689,豊田結,5.29,33.77,6.85,56.25,1.56,22.48
20260703,07,20260703-07-12,4,5328,井上慧人,3.96,16.18,1.43,0.0,-2.53,-16.18
20260703,07,20260703-07-12,5,5161,登玉隼百,5.74,43.06,7.69,75.0,1.95,31.94
20260703,07,20260703-07-12,6,5309,森雄利,3.41,15.94,0.0,0.0,-3.41,-15.94
20260703,06,20260703-06-01,1,3637,齋藤和政,4.04,20.41,4.24,23.81,0.2,3.4
20260703,06,20260703-06-01,2,3718,伊達正利,4.36,22.11,4.38,22.37,0.02,0.26
20260703,06,20260703-06-01,3,3790,佐口達也,4.68,23.53,4.09,20.0,-0.59,-3.53
20260703,06,20260703-06-01,4,4567,上村慎太,3.97,11.49,3.25,0.0,-0.72,-11.49
20260703,06,20260703-06-01,5,4743,木村仁紀,6.33,39.04,7.07,60.98,0.74,21.94
20260703,06,20260703-06-01,6,4393,田中孝明,4.26,20.22,4.53,23.53,0.27,3.31
20260703,06,20260703-06-02,1,3643,米田隆弘,5.47,32.14,4.73,15.38,-0.74,-16.76
20260703,06,20260703-06-02,2,4945,上村宏太,4.24,17.82,5.29,42.86,1.05,25.04
20260703,06,20260703-06-02,3,4727,安部慎一,4.01,16.88,4.76,27.03,0.75,10.15
20260703,06,20260703-06-02,4,5082,一色凌雅,5.17,30.97,5.13,39.13,-0.04,8.16
20260703,06,20260703-06-02,5,3539,金子順一,4.14,21.74,3.71,14.29,-0.43,-7.45
20260703,06,20260703-06-02,6,4295,小坂尚哉,7.16,53.38,6.52,38.1,-0.64,-15.28
20260703,06,20260703-06-03,1,5068,前田滉,7.44,59.18,8.16,68.75,0.72,9.57
20260703,06,20260703-06-03,2,5063,大塚雅治,4.66,20.0,5.89,36.84,1.23,16.84
20260703,06,20260703-06-03,3,3662,大庭元明,5.21,36.84,6.06,43.75,0.85,6.91
20260703,06,20260703-06-03,4,4880,澤崎雄哉,5.17,32.61,6.8,60.0,1.63,27.39
20260703,06,20260703-06-03,5,4558,宮野仁,4.57,29.47,4.44,18.75,-0.13,-10.72
20260703,06,20260703-06-03,6,5349,宮崎奏磨,1.41,1.28,1.52,1.72,0.11,0.44
20260703,06,20260703-06-04,1,4137,君島秀三,6.51,47.95,6.48,47.83,-0.03,-0.12
20260703,06,20260703-06-04,2,4954,内山峻輔,4.38,21.79,5.53,47.06,1.15,25.27
20260703,06,20260703-06-04,3,4626,伊藤紘章,4.37,24.36,4.7,26.67,0.33,2.31
20260703,06,20260703-06-04,4,4866,橋本英一,3.86,12.5,0.0,0.0,-3.86,-12.5
20260703,06,20260703-06-04,5,4035,杉江浩明,3.91,24.14,3.96,20.83,0.05,-3.31
20260703,06,20260703-06-04,6,4257,古川健,4.48,23.4,5.19,34.38,0.71,10.98
20260703,06,20260703-06-05,1,5047,國分将太,5.68,34.09,4.18,20.59,-1.5,-13.5
20260703,06,20260703-06-05,2,4100,松田隆司,5.03,30.77,4.95,27.27,-0.08,-3.5
20260703,06,20260703-06-05,3,3718,伊達正利,4.36,22.11,4.38,22.37,0.02,0.26
20260703,06,20260703-06-05,4,3708,岡部貴司,5.04,27.0,4.84,28.0,-0.2,1.0
20260703,06,20260703-06-05,5,4787,椎名豊,7.01,57.94,6.11,33.33,-0.9,-24.61
20260703,06,20260703-06-05,6,4423,坂口貴彦,5.59,35.14,5.5,33.33,-0.09,-1.81
20260703,06,20260703-06-06,1,3458,東健介,4.25,17.72,5.32,28.0,1.07,10.28
20260703,06,20260703-06-06,2,5339,石井伸長,5.38,32.94,4.61,16.67,-0.77,-16.27
20260703,06,20260703-06-06,3,3442,宮武英司,4.38,16.9,4.85,33.33,0.47,16.43
20260703,06,20260703-06-06,4,4393,田中孝明,4.26,20.22,4.53,23.53,0.27,3.31
20260703,06,20260703-06-06,5,5034,若林義人,6.8,54.11,5.93,40.0,-0.87,-14.11
20260703,06,20260703-06-06,6,4663,籾山佳岳,5.72,36.0,6.25,50.0,0.53,14.0
20260703,06,20260703-06-07,1,4567,上村慎太,3.97,11.49,3.25,0.0,-0.72,-11.49
20260703,06,20260703-06-07,2,4295,小坂尚哉,7.16,53.38,6.52,38.1,-0.64,-15.28
20260703,06,20260703-06-07,3,4638,小林遼太,4.95,29.81,5.6,45.0,0.65,15.19
20260703,06,20260703-06-07,4,5041,荒牧凪沙,4.55,22.08,4.31,18.75,-0.24,-3.33
20260703,06,20260703-06-07,5,5063,大塚雅治,4.66,20.0,5.89,36.84,1.23,16.84
20260703,06,20260703-06-07,6,4872,山下流心,4.56,26.19,4.26,21.05,-0.3,-5.14
20260703,06,20260703-06-08,1,4626,伊藤紘章,4.37,24.36,4.7,26.67,0.33,2.31
20260703,06,20260703-06-08,2,3790,佐口達也,4.68,23.53,4.09,20.0,-0.59,-3.53
20260703,06,20260703-06-08,3,3967,鈴木茂高,4.65,28.72,5.58,38.46,0.93,9.74
20260703,06,20260703-06-08,4,4297,山田哲也,6.33,44.44,6.5,46.15,0.17,1.71
20260703,06,20260703-06-08,5,4811,向井田佑,4.87,26.96,4.97,22.86,0.1,-4.1
20260703,06,20260703-06-08,6,3990,芹澤克彦,4.89,26.85,5.23,27.47,0.34,0.62
20260703,06,20260703-06-09,1,3776,横井健太,3.44,13.33,4.1,10.0,0.66,-3.33
20260703,06,20260703-06-09,2,4512,高野哲史,6.65,52.38,5.79,37.93,-0.86,-14.45
20260703,06,20260703-06-09,3,4625,渡邊裕貴,4.96,31.76,4.87,31.65,-0.09,-0.11
20260703,06,20260703-06-09,4,4558,宮野仁,4.57,29.47,4.44,18.75,-0.13,-10.72
20260703,06,20260703-06-09,5,4954,内山峻輔,4.38,21.79,5.53,47.06,1.15,25.27
20260703,06,20260703-06-09,6,5082,一色凌雅,5.17,30.97,5.13,39.13,-0.04,8.16
20260703,06,20260703-06-10,1,4743,木村仁紀,6.33,39.04,7.07,60.98,0.74,21.94
20260703,06,20260703-06-10,2,3708,岡部貴司,5.04,27.0,4.84,28.0,-0.2,1.0
20260703,06,20260703-06-10,3,5339,石井伸長,5.38,32.94,4.61,16.67,-0.77,-16.27
20260703,06,20260703-06-10,4,4727,安部慎一,4.01,16.88,4.76,27.03,0.75,10.15
20260703,06,20260703-06-10,5,4251,川崎誠志,4.47,22.12,4.33,27.78,-0.14,5.66
20260703,06,20260703-06-10,6,4113,木村浩士,4.66,23.76,4.84,36.36,0.18,12.6
20260703,06,20260703-06-11,1,5034,若林義人,6.8,54.11,5.93,40.0,-0.87,-14.11
20260703,06,20260703-06-11,2,4638,小林遼太,4.95,29.81,5.6,45.0,0.65,15.19
20260703,06,20260703-06-11,3,4866,橋本英一,3.86,12.5,0.0,0.0,-3.86,-12.5
20260703,06,20260703-06-11,4,3539,金子順一,4.14,21.74,3.71,14.29,-0.43,-7.45
20260703,06,20260703-06-11,5,4423,坂口貴彦,5.59,35.14,5.5,33.33,-0.09,-1.81
20260703,06,20260703-06-11,6,3662,大庭元明,5.21,36.84,6.06,43.75,0.85,6.91
20260703,06,20260703-06-12,1,4297,山田哲也,6.33,44.44,6.5,46.15,0.17,1.71
20260703,06,20260703-06-12,2,4257,古川健,4.48,23.4,5.19,34.38,0.71,10.98
20260703,06,20260703-06-12,3,5041,荒牧凪沙,4.55,22.08,4.31,18.75,-0.24,-3.33
20260703,06,20260703-06-12,4,3442,宮武英司,4.38,16.9,4.85,33.33,0.47,16.43
20260703,06,20260703-06-12,5,3643,米田隆弘,5.47,32.14,4.73,15.38,-0.74,-16.76
20260703,06,20260703-06-12,6,4880,澤崎雄哉,5.17,32.61,6.8,60.0,1.63,27.39
20260703,04,20260703-04-01,1,4697,國弘翔平,4.01,18.75,4.62,15.38,0.61,-3.37
20260703,04,20260703-04-01,2,4740,齋藤達希,4.71,24.0,4.08,15.38,-0.63,-8.62
20260703,04,20260703-04-01,3,3949,今出晋二,3.74,18.18,4.53,26.32,0.79,8.14
20260703,04,20260703-04-01,4,5258,仲本舜,4.46,27.14,3.94,11.76,-0.52,-15.38
20260703,04,20260703-04-01,5,4985,井本昌也,6.71,47.83,6.54,45.95,-0.17,-1.88
20260703,04,20260703-04-01,6,5411,木下虎之,1.88,0.0,1.48,0.0,-0.4,0.0
20260703,04,20260703-04-02,1,4083,福島勇樹,7.25,59.65,6.56,49.21,-0.69,-10.44
20260703,04,20260703-04-02,2,4041,小林基樹,3.94,18.18,4.0,23.81,0.06,5.63
20260703,04,20260703-04-02,3,4491,田中堅,4.26,22.22,4.89,34.04,0.63,11.82
20260703,04,20260703-04-02,4,3233,小畑実成,4.41,24.05,5.2,40.0,0.79,15.95
20260703,04,20260703-04-02,5,5425,西山育,1.47,0.0,0.0,0.0,-1.47,0.0
20260703,04,20260703-04-02,6,3928,林恵祐,3.8,17.07,4.63,25.0,0.83,7.93
20260703,04,20260703-04-03,1,3787,天野誠,3.75,17.86,3.7,20.0,-0.05,2.14
20260703,04,20260703-04-03,2,3935,岩津徹郎,5.08,30.77,4.14,19.05,-0.94,-11.72
20260703,04,20260703-04-03,3,4572,渡部悟,5.44,35.79,5.28,38.89,-0.16,3.1
20260703,04,20260703-04-03,4,5378,鈴木結平,1.8,1.56,2.33,0.0,0.53,-1.56
20260703,04,20260703-04-03,5,3956,横澤剛治,6.35,42.55,5.25,31.25,-1.1,-11.3
20260703,04,20260703-04-03,6,3783,瓜生正義,6.71,39.47,6.71,57.14,0.0,17.67
20260703,04,20260703-04-04,1,5071,野見山拓,4.51,23.19,5.58,37.5,1.07,14.31
20260703,04,20260703-04-04,2,3882,新田智彰,4.68,20.24,5.24,32.0,0.56,11.76
20260703,04,20260703-04-04,3,4155,長野壮志,6.17,48.08,6.8,56.1,0.63,8.02
20260703,04,20260703-04-04,4,5394,福西広太,2.84,3.75,2.4,0.0,-0.44,-3.75
20260703,04,20260703-04-04,5,4615,板倉敦史,4.37,23.29,4.52,25.0,0.15,1.71
20260703,04,20260703-04-04,6,4739,中村晃朋,6.22,47.73,6.06,35.85,-0.16,-11.88
20260703,04,20260703-04-05,1,3904,森貴洋,5.02,33.85,6.08,44.0,1.06,10.15
20260703,04,20260703-04-05,2,5120,山本稔太,4.7,28.3,4.11,22.22,-0.59,-6.08
20260703,04,20260703-04-05,3,4967,中村魁生,7.03,54.37,5.39,41.94,-1.64,-12.43
20260703,04,20260703-04-05,4,4509,平見真彦,5.66,34.33,5.0,25.0,-0.66,-9.33
20260703,04,20260703-04-05,5,5037,田頭虎親,5.82,46.84,6.09,45.45,0.27,-1.39
20260703,04,20260703-04-05,6,5008,羽野諒,4.48,22.73,5.33,33.33,0.85,10.6
20260703,04,20260703-04-06,1,3406,中里英夫,5.23,31.87,5.09,25.45,-0.14,-6.42
20260703,04,20260703-04-06,2,3949,今出晋二,3.74,18.18,4.53,26.32,0.79,8.14
20260703,04,20260703-04-06,3,3983,須藤博倫,6.84,49.51,7.32,53.57,0.48,4.06
20260703,04,20260703-04-06,4,5425,西山育,1.47,0.0,0.0,0.0,-1.47,0.0
20260703,04,20260703-04-06,5,4824,松井洪弥,5.58,35.92,5.13,25.0,-0.45,-10.92
20260703,04,20260703-04-06,6,5223,森清友翔,4.88,25.74,3.83,20.0,-1.05,-5.74
20260703,04,20260703-04-07,1,5368,宮崎心之,5.77,39.29,3.45,18.18,-2.32,-21.11
20260703,04,20260703-04-07,2,3505,山田竜一,5.48,35.06,5.53,31.01,0.05,-4.05
20260703,04,20260703-04-07,3,3928,林恵祐,3.8,17.07,4.63,25.0,0.83,7.93
20260703,04,20260703-04-07,4,5411,木下虎之,1.88,0.0,1.48,0.0,-0.4,0.0
20260703,04,20260703-04-07,5,4418,茅原悠紀,7.59,49.5,8.65,65.22,1.06,15.72
20260703,04,20260703-04-07,6,5110,杉山喜一,5.44,33.75,5.53,34.38,0.09,0.63
20260703,04,20260703-04-08,1,5060,数原魁,5.79,44.05,7.0,70.0,1.21,25.95
20260703,04,20260703-04-08,2,5258,仲本舜,4.46,27.14,3.94,11.76,-0.52,-15.38
20260703,04,20260703-04-08,3,3233,小畑実成,4.41,24.05,5.2,40.0,0.79,15.95
20260703,04,20260703-04-08,4,4847,佐藤隆太,7.07,47.83,7.7,62.3,0.63,14.47
20260703,04,20260703-04-08,5,5378,鈴木結平,1.8,1.56,2.33,0.0,0.53,-1.56
20260703,04,20260703-04-08,6,3591,後藤孝義,3.27,11.11,4.08,8.33,0.81,-2.78
20260703,04,20260703-04-09,1,4356,長岡良也,4.95,35.09,6.34,44.83,1.39,9.74
20260703,04,20260703-04-09,2,5234,塚越海斗,6.97,55.17,5.56,36.0,-1.41,-19.17
20260703,04,20260703-04-09,3,4083,福島勇樹,7.25,59.65,6.56,49.21,-0.69,-10.44
20260703,04,20260703-04-09,4,4615,板倉敦史,4.37,23.29,4.52,25.0,0.15,1.71
20260703,04,20260703-04-09,5,3787,天野誠,3.75,17.86,3.7,20.0,-0.05,2.14
20260703,04,20260703-04-09,6,4043,桐本康臣,5.84,40.86,6.65,54.35,0.81,13.49
20260703,04,20260703-04-10,1,4142,平野和明,5.76,34.51,5.9,50.0,0.14,15.49
20260703,04,20260703-04-10,2,4739,中村晃朋,6.22,47.73,6.06,35.85,-0.16,-11.88
20260703,04,20260703-04-10,3,3956,横澤剛治,6.35,42.55,5.25,31.25,-1.1,-11.3
20260703,04,20260703-04-10,4,3406,中里英夫,5.23,31.87,5.09,25.45,-0.14,-6.42
20260703,04,20260703-04-10,5,4697,國弘翔平,4.01,18.75,4.62,15.38,0.61,-3.37
20260703,04,20260703-04-10,6,4509,平見真彦,5.66,34.33,5.0,25.0,-0.66,-9.33
20260703,04,20260703-04-11,1,4985,井本昌也,6.71,47.83,6.54,45.95,-0.17,-1.88
20260703,04,20260703-04-11,2,3783,瓜生正義,6.71,39.47,6.71,57.14,0.0,17.67
20260703,04,20260703-04-11,3,5008,羽野諒,4.48,22.73,5.33,33.33,0.85,10.6
20260703,04,20260703-04-11,4,4824,松井洪弥,5.58,35.92,5.13,25.0,-0.45,-10.92
20260703,04,20260703-04-11,5,4172,森定晃史,6.3,45.22,5.65,35.29,-0.65,-9.93
20260703,04,20260703-04-11,6,3882,新田智彰,4.68,20.24,5.24,32.0,0.56,11.76
20260703,04,20260703-04-12,1,4847,佐藤隆太,7.07,47.83,7.7,62.3,0.63,14.47
20260703,04,20260703-04-12,2,4155,長野壮志,6.17,48.08,6.8,56.1,0.63,8.02
20260703,04,20260703-04-12,3,3505,山田竜一,5.48,35.06,5.53,31.01,0.05,-4.05
20260703,04,20260703-04-12,4,4967,中村魁生,7.03,54.37,5.39,41.94,-1.64,-12.43
20260703,04,20260703-04-12,5,4041,小林基樹,3.94,18.18,4.0,23.81,0.06,5.63
20260703,04,20260703-04-12,6,3935,岩津徹郎,5.08,30.77,4.14,19.05,-0.94,-11.72
