date,venue_code,venue_name,race,race_id,deadline,weather,air_temperature_c,water_temperature_c,wind_speed_mps,wind_direction_code,wind_direction,wave_height_cm,stabilizer,fixed_course,source_url,requested_at,collected_at
20261007,01,桐生,1,20261007-01-01,15:25,晴,23.0,21.0,5.0,4,東北東,4.0,False,False,https://www.boatrace.jp/owpc/pc/race/beforeinfo?hd=20261007&jcd=01&rno=1,2026-10-07T15:06:26.390597+09:00,2026-10-07T15:06:34.728010+09:00
20261007,01,桐生,2,20261007-01-02,15:55,晴,23.0,21.0,4.0,4,東北東,3.0,False,False,https://www.boatrace.jp/owpc/pc/race/beforeinfo?hd=20261007&jcd=01&rno=2,2026-10-07T15:47:21.442696+09:00,2026-10-07T15:47:31.794729+09:00
20261007,01,桐生,4,20261007-01-04,16:48,晴,21.0,21.0,5.0,4,東北東,4.0,False,False,https://www.boatrace.jp/owpc/pc/race/beforeinfo?hd=20261007&jcd=01&rno=4,2026-10-07T16:41:30.636271+09:00,2026-10-07T16:41:39.873712+09:00
20261007,01,桐生,5,20261007-01-05,17:15,晴,21.0,21.0,5.0,4,東北東,4.0,False,False,https://www.boatrace.jp/owpc/pc/race/beforeinfo?hd=20261007&jcd=01&rno=5,2026-10-07T17:10:55.779771+09:00,2026-10-07T17:11:06.354602+09:00
20261007,03,江戸川,1,20261007-03-01,11:14,曇り,22.0,25.0,3.0,12,西南西,5.0,False,False,https://www.boatrace.jp/owpc/pc/race/beforeinfo?hd=20261007&jcd=03&rno=1,,2026-10-07T11:02:58.623272+09:00
20261007,03,江戸川,2,20261007-03-02,11:41,晴,22.0,25.0,4.0,12,西南西,5.0,True,False,https://www.boatrace.jp/owpc/pc/race/beforeinfo?hd=20261007&jcd=03&rno=2,,2026-10-07T11:37:53.748004+09:00
20261007,03,江戸川,5,20261007-03-05,13:02,晴,25.0,25.0,5.0,10,南南西,10.0,True,False,https://www.boatrace.jp/owpc/pc/race/beforeinfo?hd=20261007&jcd=03&rno=5,2026-10-07T12:58:52.102180+09:00,2026-10-07T12:59:00.438497+09:00
20261007,03,江戸川,6,20261007-03-06,13:29,晴,25.0,25.0,4.0,12,西南西,10.0,True,False,https://www.boatrace.jp/owpc/pc/race/beforeinfo?hd=20261007&jcd=03&rno=6,2026-10-07T13:23:51.221371+09:00,2026-10-07T13:24:01.581037+09:00
20261007,03,江戸川,7,20261007-03-07,14:02,晴,25.0,25.0,5.0,12,西南西,10.0,True,False,https://www.boatrace.jp/owpc/pc/race/beforeinfo?hd=20261007&jcd=03&rno=7,2026-10-07T14:00:53.478526+09:00,2026-10-07T14:01:01.847896+09:00
20261007,03,江戸川,8,20261007-03-08,14:27,晴,25.0,25.0,2.0,10,南南西,10.0,True,False,https://www.boatrace.jp/owpc/pc/race/beforeinfo?hd=20261007&jcd=03&rno=8,2026-10-07T14:19:30.789897+09:00,2026-10-07T14:19:40.103074+09:00
20261007,03,江戸川,9,20261007-03-09,14:52,晴,25.0,25.0,2.0,10,南南西,10.0,True,False,https://www.boatrace.jp/owpc/pc/race/beforeinfo?hd=20261007&jcd=03&rno=9,2026-10-07T14:39:03.764647+09:00,2026-10-07T14:39:14.150625+09:00
20261007,03,江戸川,10,20261007-03-10,15:22,晴,25.0,25.0,5.0,12,西南西,10.0,True,False,https://www.boatrace.jp/owpc/pc/race/beforeinfo?hd=20261007&jcd=03&rno=10,2026-10-07T15:04:38.464579+09:00,2026-10-07T15:04:48.776684+09:00
20261007,03,江戸川,11,20261007-03-11,15:53,晴,25.0,25.0,2.0,12,西南西,5.0,True,False,https://www.boatrace.jp/owpc/pc/race/beforeinfo?hd=20261007&jcd=03&rno=11,2026-10-07T15:47:21.441997+09:00,2026-10-07T15:47:30.740617+09:00
20261007,03,江戸川,12,20261007-03-12,16:25,晴,23.0,25.0,2.0,4,東北東,5.0,True,False,https://www.boatrace.jp/owpc/pc/race/beforeinfo?hd=20261007&jcd=03&rno=12,2026-10-07T16:24:34.660222+09:00,2026-10-07T16:24:43.997723+09:00
20261007,05,多摩川,1,20261007-05-01,10:41,曇り,21.0,21.0,1.0,15,北西,2.0,False,False,https://www.boatrace.jp/owpc/pc/race/beforeinfo?hd=20261007&jcd=05&rno=1,,2026-10-07T10:37:22.230701+09:00
20261007,05,多摩川,2,20261007-05-02,11:11,曇り,23.0,21.0,0.0,17,,2.0,False,False,https://www.boatrace.jp/owpc/pc/race/beforeinfo?hd=20261007&jcd=05&rno=2,,2026-10-07T11:03:00.635332+09:00
20261007,05,多摩川,3,20261007-05-03,11:40,曇り,23.0,21.0,2.0,3,北東,2.0,False,False,https://www.boatrace.jp/owpc/pc/race/beforeinfo?hd=20261007&jcd=05&rno=3,,2026-10-07T11:37:54.721171+09:00
20261007,05,多摩川,4,20261007-05-04,12:12,晴,24.0,21.0,1.0,15,北西,2.0,False,False,https://www.boatrace.jp/owpc/pc/race/beforeinfo?hd=20261007&jcd=05&rno=4,,2026-10-07T12:02:48.863790+09:00
20261007,05,多摩川,5,20261007-05-05,12:39,曇り,24.0,21.0,1.0,15,北西,2.0,False,False,https://www.boatrace.jp/owpc/pc/race/beforeinfo?hd=20261007&jcd=05&rno=5,,2026-10-07T12:37:08.886082+09:00
20261007,05,多摩川,6,20261007-05-06,13:10,曇り,24.0,21.0,1.0,13,西,2.0,False,False,https://www.boatrace.jp/owpc/pc/race/beforeinfo?hd=20261007&jcd=05&rno=6,2026-10-07T13:06:53.891332+09:00,2026-10-07T13:07:03.453012+09:00
20261007,05,多摩川,7,20261007-05-07,13:43,曇り,25.0,21.0,2.0,5,東,2.0,False,False,https://www.boatrace.jp/owpc/pc/race/beforeinfo?hd=20261007&jcd=05&rno=7,2026-10-07T13:37:27.571251+09:00,2026-10-07T13:37:36.036569+09:00
20261007,05,多摩川,8,20261007-05-08,14:14,晴,25.0,21.0,1.0,3,北東,2.0,False,False,https://www.boatrace.jp/owpc/pc/race/beforeinfo?hd=20261007&jcd=05&rno=8,2026-10-07T14:01:01.836439+09:00,2026-10-07T14:01:10.063373+09:00
20261007,05,多摩川,9,20261007-05-09,14:46,晴,25.0,21.0,2.0,3,北東,2.0,False,False,https://www.boatrace.jp/owpc/pc/race/beforeinfo?hd=20261007&jcd=05&rno=9,2026-10-07T14:37:14.093330+09:00,2026-10-07T14:37:24.690635+09:00
20261007,05,多摩川,10,20261007-05-10,15:15,曇り,25.0,21.0,2.0,15,北西,2.0,False,False,https://www.boatrace.jp/owpc/pc/race/beforeinfo?hd=20261007&jcd=05&rno=10,2026-10-07T15:02:40.524839+09:00,2026-10-07T15:02:50.017451+09:00
20261007,05,多摩川,11,20261007-05-11,15:50,曇り,25.0,21.0,1.0,3,北東,2.0,False,False,https://www.boatrace.jp/owpc/pc/race/beforeinfo?hd=20261007&jcd=05&rno=11,2026-10-07T15:47:21.441164+09:00,2026-10-07T15:47:31.769510+09:00
20261007,05,多摩川,12,20261007-05-12,16:28,晴,25.0,21.0,2.0,3,北東,2.0,False,False,https://www.boatrace.jp/owpc/pc/race/beforeinfo?hd=20261007&jcd=05&rno=12,2026-10-07T16:24:34.660865+09:00,2026-10-07T16:24:43.022346+09:00
20261007,07,蒲郡,1,20261007-07-01,15:18,晴,24.0,22.0,3.0,1,北,1.0,False,False,https://www.boatrace.jp/owpc/pc/race/beforeinfo?hd=20261007&jcd=07&rno=1,2026-10-07T15:06:26.388846+09:00,2026-10-07T15:06:36.699569+09:00
20261007,07,蒲郡,3,20261007-07-03,16:10,晴,25.0,22.0,2.0,1,北,1.0,False,False,https://www.boatrace.jp/owpc/pc/race/beforeinfo?hd=20261007&jcd=07&rno=3,2026-10-07T16:04:05.343631+09:00,2026-10-07T16:04:14.773057+09:00
20261007,07,蒲郡,4,20261007-07-04,16:35,晴,24.0,22.0,2.0,15,北西,1.0,False,False,https://www.boatrace.jp/owpc/pc/race/beforeinfo?hd=20261007&jcd=07&rno=4,2026-10-07T16:24:34.661403+09:00,2026-10-07T16:24:43.041126+09:00
20261007,07,蒲郡,5,20261007-07-05,17:01,晴,24.0,22.0,2.0,1,北,1.0,False,False,https://www.boatrace.jp/owpc/pc/race/beforeinfo?hd=20261007&jcd=07&rno=5,2026-10-07T16:56:13.212439+09:00,2026-10-07T16:56:23.490572+09:00
20261007,07,蒲郡,6,20261007-07-06,17:27,晴,24.0,22.0,2.0,1,北,1.0,False,False,https://www.boatrace.jp/owpc/pc/race/beforeinfo?hd=20261007&jcd=07&rno=6,2026-10-07T17:12:35.989556+09:00,2026-10-07T17:12:45.412077+09:00
20261007,08,常滑,2,20261007-08-02,10:47,晴,22.0,22.0,4.0,11,南西,2.0,True,False,https://www.boatrace.jp/owpc/pc/race/beforeinfo?hd=20261007&jcd=08&rno=2,,2026-10-07T10:37:22.272413+09:00
20261007,08,常滑,3,20261007-08-03,11:18,晴,23.0,22.0,4.0,11,南西,2.0,True,False,https://www.boatrace.jp/owpc/pc/race/beforeinfo?hd=20261007&jcd=08&rno=3,,2026-10-07T11:02:58.689336+09:00
20261007,08,常滑,4,20261007-08-04,11:46,晴,23.0,22.0,4.0,11,南西,2.0,True,False,https://www.boatrace.jp/owpc/pc/race/beforeinfo?hd=20261007&jcd=08&rno=4,,2026-10-07T11:37:53.723797+09:00
20261007,08,常滑,5,20261007-08-05,12:18,晴,23.0,22.0,4.0,11,南西,2.0,True,False,https://www.boatrace.jp/owpc/pc/race/beforeinfo?hd=20261007&jcd=08&rno=5,,2026-10-07T12:02:57.048370+09:00
20261007,08,常滑,6,20261007-08-06,12:51,晴,24.0,23.0,4.0,11,南西,2.0,True,False,https://www.boatrace.jp/owpc/pc/race/beforeinfo?hd=20261007&jcd=08&rno=6,,2026-10-07T12:47:44.917547+09:00
20261007,08,常滑,7,20261007-08-07,13:21,晴,24.0,23.0,4.0,11,南西,2.0,True,False,https://www.boatrace.jp/owpc/pc/race/beforeinfo?hd=20261007&jcd=08&rno=7,2026-10-07T13:06:53.892171+09:00,2026-10-07T13:07:02.428839+09:00
20261007,08,常滑,8,20261007-08-08,13:54,晴,24.0,23.0,5.0,11,南西,3.0,True,False,https://www.boatrace.jp/owpc/pc/race/beforeinfo?hd=20261007&jcd=08&rno=8,2026-10-07T13:45:42.138891+09:00,2026-10-07T13:45:52.466716+09:00
20261007,08,常滑,9,20261007-08-09,14:27,晴,24.0,23.0,5.0,11,南西,3.0,True,False,https://www.boatrace.jp/owpc/pc/race/beforeinfo?hd=20261007&jcd=08&rno=9,2026-10-07T14:19:30.788979+09:00,2026-10-07T14:19:40.040692+09:00
20261007,08,常滑,10,20261007-08-10,14:57,晴,24.0,23.0,5.0,11,南西,3.0,True,False,https://www.boatrace.jp/owpc/pc/race/beforeinfo?hd=20261007&jcd=08&rno=10,2026-10-07T14:53:00.973782+09:00,2026-10-07T14:53:10.396234+09:00
20261007,08,常滑,11,20261007-08-11,15:33,晴,24.0,23.0,5.0,11,南西,3.0,True,False,https://www.boatrace.jp/owpc/pc/race/beforeinfo?hd=20261007&jcd=08&rno=11,2026-10-07T15:25:38.133263+09:00,2026-10-07T15:25:47.531683+09:00
20261007,08,常滑,12,20261007-08-12,16:01,晴,24.0,23.0,5.0,11,南西,3.0,True,False,https://www.boatrace.jp/owpc/pc/race/beforeinfo?hd=20261007&jcd=08&rno=12,2026-10-07T15:49:20.635702+09:00,2026-10-07T15:49:29.971831+09:00
20261007,10,三国,1,20261007-10-01,10:36,晴,20.0,20.0,5.0,6,東南東,5.0,False,False,https://www.boatrace.jp/owpc/pc/race/beforeinfo?hd=20261007&jcd=10&rno=1,,2026-10-07T10:20:29.850637+09:00
20261007,10,三国,2,20261007-10-02,11:04,晴,21.0,20.0,3.0,6,東南東,3.0,False,False,https://www.boatrace.jp/owpc/pc/race/beforeinfo?hd=20261007&jcd=10&rno=2,,2026-10-07T11:02:58.649682+09:00
20261007,10,三国,3,20261007-10-03,11:32,晴,20.0,20.0,6.0,4,東北東,6.0,False,False,https://www.boatrace.jp/owpc/pc/race/beforeinfo?hd=20261007&jcd=10&rno=3,,2026-10-07T11:21:05.312256+09:00
20261007,10,三国,4,20261007-10-04,12:01,晴,21.0,20.0,4.0,4,東北東,4.0,False,False,https://www.boatrace.jp/owpc/pc/race/beforeinfo?hd=20261007&jcd=10&rno=4,,2026-10-07T11:52:41.299178+09:00
20261007,10,三国,5,20261007-10-05,12:30,晴,21.0,20.0,6.0,4,東北東,6.0,False,False,https://www.boatrace.jp/owpc/pc/race/beforeinfo?hd=20261007&jcd=10&rno=5,,2026-10-07T12:22:02.416399+09:00
20261007,10,三国,6,20261007-10-06,13:00,晴,21.0,20.0,7.0,6,東南東,7.0,False,False,https://www.boatrace.jp/owpc/pc/race/beforeinfo?hd=20261007&jcd=10&rno=6,2026-10-07T12:57:25.045503+09:00,2026-10-07T12:57:33.474070+09:00
20261007,10,三国,7,20261007-10-07,13:30,晴,21.0,20.0,3.0,6,東南東,3.0,False,False,https://www.boatrace.jp/owpc/pc/race/beforeinfo?hd=20261007&jcd=10&rno=7,2026-10-07T13:23:51.221651+09:00,2026-10-07T13:24:00.659862+09:00
20261007,10,三国,8,20261007-10-08,14:01,晴,21.0,20.0,6.0,4,東北東,6.0,False,False,https://www.boatrace.jp/owpc/pc/race/beforeinfo?hd=20261007&jcd=10&rno=8,2026-10-07T14:00:53.477813+09:00,2026-10-07T14:01:02.785417+09:00
20261007,10,三国,9,20261007-10-09,14:33,晴,21.0,20.0,4.0,6,東南東,4.0,False,False,https://www.boatrace.jp/owpc/pc/race/beforeinfo?hd=20261007&jcd=10&rno=9,2026-10-07T14:19:39.093014+09:00,2026-10-07T14:19:47.447586+09:00
20261007,10,三国,10,20261007-10-10,15:08,晴,21.0,20.0,6.0,4,東北東,6.0,False,False,https://www.boatrace.jp/owpc/pc/race/beforeinfo?hd=20261007&jcd=10&rno=10,2026-10-07T15:02:40.523470+09:00,2026-10-07T15:02:50.849691+09:00
20261007,10,三国,11,20261007-10-11,15:43,晴,21.0,20.0,6.0,4,東北東,6.0,False,False,https://www.boatrace.jp/owpc/pc/race/beforeinfo?hd=20261007&jcd=10&rno=11,2026-10-07T15:25:38.136300+09:00,2026-10-07T15:25:46.543160+09:00
20261007,10,三国,12,20261007-10-12,16:20,晴,21.0,20.0,5.0,6,東南東,5.0,False,False,https://www.boatrace.jp/owpc/pc/race/beforeinfo?hd=20261007&jcd=10&rno=12,2026-10-07T16:04:13.786830+09:00,2026-10-07T16:04:23.990944+09:00
20261007,11,びわこ,1,20261007-11-01,10:30,曇り,20.0,22.0,2.0,7,南東,2.0,False,False,https://www.boatrace.jp/owpc/pc/race/beforeinfo?hd=20261007&jcd=11&rno=1,,2026-10-07T10:20:29.826049+09:00
20261007,11,びわこ,2,20261007-11-02,10:59,晴,20.0,22.0,4.0,7,南東,4.0,False,False,https://www.boatrace.jp/owpc/pc/race/beforeinfo?hd=20261007&jcd=11&rno=2,,2026-10-07T10:52:10.835711+09:00
20261007,11,びわこ,3,20261007-11-03,11:27,晴,20.0,22.0,5.0,7,南東,4.0,False,False,https://www.boatrace.jp/owpc/pc/race/beforeinfo?hd=20261007&jcd=11&rno=3,,2026-10-07T11:21:05.232938+09:00
20261007,11,びわこ,4,20261007-11-04,11:54,晴,21.0,22.0,1.0,7,南東,1.0,False,False,https://www.boatrace.jp/owpc/pc/race/beforeinfo?hd=20261007&jcd=11&rno=4,,2026-10-07T11:52:42.202068+09:00
20261007,11,びわこ,5,20261007-11-05,12:22,晴,21.0,22.0,4.0,7,南東,3.0,False,False,https://www.boatrace.jp/owpc/pc/race/beforeinfo?hd=20261007&jcd=11&rno=5,,2026-10-07T12:22:01.418783+09:00
20261007,11,びわこ,6,20261007-11-06,12:49,晴,21.0,22.0,3.0,5,東,3.0,False,False,https://www.boatrace.jp/owpc/pc/race/beforeinfo?hd=20261007&jcd=11&rno=6,,2026-10-07T12:47:42.966913+09:00
20261007,11,びわこ,7,20261007-11-07,13:19,晴,22.0,22.0,2.0,5,東,3.0,False,False,https://www.boatrace.jp/owpc/pc/race/beforeinfo?hd=20261007&jcd=11&rno=7,2026-10-07T13:06:53.891844+09:00,2026-10-07T13:07:03.414198+09:00
20261007,11,びわこ,8,20261007-11-08,13:48,晴,22.0,22.0,2.0,5,東,3.0,False,False,https://www.boatrace.jp/owpc/pc/race/beforeinfo?hd=20261007&jcd=11&rno=8,2026-10-07T13:45:42.137892+09:00,2026-10-07T13:45:50.401406+09:00
20261007,11,びわこ,9,20261007-11-09,14:22,晴,21.0,22.0,4.0,5,東,4.0,False,False,https://www.boatrace.jp/owpc/pc/race/beforeinfo?hd=20261007&jcd=11&rno=9,2026-10-07T14:19:30.787879+09:00,2026-10-07T14:19:39.082051+09:00
20261007,11,びわこ,10,20261007-11-10,15:01,晴,20.0,22.0,2.0,5,東,2.0,False,False,https://www.boatrace.jp/owpc/pc/race/beforeinfo?hd=20261007&jcd=11&rno=10,2026-10-07T14:53:00.974855+09:00,2026-10-07T14:53:09.383840+09:00
20261007,11,びわこ,11,20261007-11-11,15:31,晴,20.0,22.0,4.0,5,東,3.0,False,False,https://www.boatrace.jp/owpc/pc/race/beforeinfo?hd=20261007&jcd=11&rno=11,2026-10-07T15:25:38.132953+09:00,2026-10-07T15:25:48.531585+09:00
20261007,11,びわこ,12,20261007-11-12,16:07,晴,20.0,22.0,4.0,7,南東,4.0,False,False,https://www.boatrace.jp/owpc/pc/race/beforeinfo?hd=20261007&jcd=11&rno=12,2026-10-07T16:04:05.342992+09:00,2026-10-07T16:04:14.791416+09:00
20261007,14,鳴門,1,20261007-14-01,08:35,晴,21.0,24.0,1.0,5,東,1.0,False,False,https://www.boatrace.jp/owpc/pc/race/beforeinfo?hd=20261007&jcd=14&rno=1,,2026-10-07T08:29:58.175705+09:00
20261007,14,鳴門,2,20261007-14-02,09:01,晴,21.0,24.0,2.0,5,東,2.0,False,False,https://www.boatrace.jp/owpc/pc/race/beforeinfo?hd=20261007&jcd=14&rno=2,,2026-10-07T08:54:43.827146+09:00
20261007,14,鳴門,3,20261007-14-03,09:27,晴,21.0,24.0,3.0,5,東,3.0,False,False,https://www.boatrace.jp/owpc/pc/race/beforeinfo?hd=20261007&jcd=14&rno=3,,2026-10-07T09:26:30.495801+09:00
20261007,14,鳴門,4,20261007-14-04,09:53,晴,21.0,24.0,3.0,5,東,3.0,False,False,https://www.boatrace.jp/owpc/pc/race/beforeinfo?hd=20261007&jcd=14&rno=4,,2026-10-07T09:40:01.641255+09:00
20261007,14,鳴門,5,20261007-14-05,10:27,晴,21.0,24.0,5.0,5,東,5.0,False,False,https://www.boatrace.jp/owpc/pc/race/beforeinfo?hd=20261007&jcd=14&rno=5,,2026-10-07T10:20:27.834174+09:00
20261007,14,鳴門,6,20261007-14-06,10:55,晴,21.0,24.0,2.0,5,東,2.0,False,False,https://www.boatrace.jp/owpc/pc/race/beforeinfo?hd=20261007&jcd=14&rno=6,,2026-10-07T10:52:11.881081+09:00
20261007,14,鳴門,7,20261007-14-07,11:23,晴,21.0,24.0,2.0,5,東,2.0,False,False,https://www.boatrace.jp/owpc/pc/race/beforeinfo?hd=20261007&jcd=14&rno=7,,2026-10-07T11:21:05.292823+09:00
20261007,14,鳴門,8,20261007-14-08,11:51,晴,21.0,24.0,2.0,5,東,2.0,False,False,https://www.boatrace.jp/owpc/pc/race/beforeinfo?hd=20261007&jcd=14&rno=8,,2026-10-07T11:38:03.033636+09:00
20261007,14,鳴門,9,20261007-14-09,12:25,晴,21.0,24.0,4.0,5,東,4.0,False,False,https://www.boatrace.jp/owpc/pc/race/beforeinfo?hd=20261007&jcd=14&rno=9,,2026-10-07T12:22:02.455168+09:00
20261007,14,鳴門,10,20261007-14-10,13:07,晴,22.0,24.0,3.0,5,東,3.0,False,False,https://www.boatrace.jp/owpc/pc/race/beforeinfo?hd=20261007&jcd=14&rno=10,2026-10-07T12:58:52.102756+09:00,2026-10-07T12:59:01.441885+09:00
20261007,14,鳴門,11,20261007-14-11,13:36,晴,22.0,24.0,4.0,5,東,4.0,False,False,https://www.boatrace.jp/owpc/pc/race/beforeinfo?hd=20261007&jcd=14&rno=11,2026-10-07T13:23:51.221841+09:00,2026-10-07T13:24:00.600446+09:00
20261007,14,鳴門,12,20261007-14-12,14:11,晴,22.0,24.0,3.0,5,東,3.0,False,False,https://www.boatrace.jp/owpc/pc/race/beforeinfo?hd=20261007&jcd=14&rno=12,2026-10-07T14:00:53.479959+09:00,2026-10-07T14:01:01.832386+09:00
20261007,16,児島,1,20261007-16-01,10:52,晴,21.0,24.0,3.0,3,北東,3.0,False,False,https://www.boatrace.jp/owpc/pc/race/beforeinfo?hd=20261007&jcd=16&rno=1,,2026-10-07T10:37:23.191806+09:00
20261007,16,児島,2,20261007-16-02,11:21,晴,22.0,24.0,1.0,7,南東,3.0,False,False,https://www.boatrace.jp/owpc/pc/race/beforeinfo?hd=20261007&jcd=16&rno=2,,2026-10-07T11:21:04.244799+09:00
20261007,16,児島,3,20261007-16-03,11:49,晴,22.0,24.0,3.0,15,北西,3.0,False,False,https://www.boatrace.jp/owpc/pc/race/beforeinfo?hd=20261007&jcd=16&rno=3,,2026-10-07T11:37:54.689810+09:00
20261007,16,児島,4,20261007-16-04,12:16,晴,22.0,24.0,3.0,15,北西,3.0,False,False,https://www.boatrace.jp/owpc/pc/race/beforeinfo?hd=20261007&jcd=16&rno=4,,2026-10-07T12:02:49.821574+09:00
20261007,16,児島,5,20261007-16-05,12:56,晴,22.0,24.0,4.0,15,北西,3.0,False,False,https://www.boatrace.jp/owpc/pc/race/beforeinfo?hd=20261007&jcd=16&rno=5,,2026-10-07T12:47:42.947314+09:00
20261007,16,児島,6,20261007-16-06,13:27,晴,23.0,24.0,5.0,15,北西,3.0,False,False,https://www.boatrace.jp/owpc/pc/race/beforeinfo?hd=20261007&jcd=16&rno=6,2026-10-07T13:23:51.220998+09:00,2026-10-07T13:24:00.628591+09:00
20261007,16,児島,7,20261007-16-07,14:08,晴,23.0,24.0,1.0,3,北東,3.0,False,False,https://www.boatrace.jp/owpc/pc/race/beforeinfo?hd=20261007&jcd=16&rno=7,2026-10-07T14:00:53.479147+09:00,2026-10-07T14:01:01.868059+09:00
20261007,16,児島,8,20261007-16-08,14:40,晴,24.0,24.0,2.0,3,北東,3.0,False,False,https://www.boatrace.jp/owpc/pc/race/beforeinfo?hd=20261007&jcd=16&rno=8,2026-10-07T14:37:14.092499+09:00,2026-10-07T14:37:23.599815+09:00
20261007,16,児島,9,20261007-16-09,15:07,晴,24.0,24.0,3.0,7,南東,3.0,False,False,https://www.boatrace.jp/owpc/pc/race/beforeinfo?hd=20261007&jcd=16&rno=9,2026-10-07T15:02:40.523150+09:00,2026-10-07T15:02:49.809560+09:00
20261007,16,児島,10,20261007-16-10,15:40,晴,24.0,24.0,5.0,5,東,5.0,False,False,https://www.boatrace.jp/owpc/pc/race/beforeinfo?hd=20261007&jcd=16&rno=10,2026-10-07T15:25:38.135042+09:00,2026-10-07T15:25:46.501499+09:00
20261007,16,児島,11,20261007-16-11,16:17,晴,24.0,24.0,6.0,5,東,5.0,False,False,https://www.boatrace.jp/owpc/pc/race/beforeinfo?hd=20261007&jcd=16&rno=11,2026-10-07T16:04:05.344761+09:00,2026-10-07T16:04:13.783957+09:00
20261007,16,児島,12,20261007-16-12,16:50,晴,24.0,24.0,5.0,5,東,5.0,False,False,https://www.boatrace.jp/owpc/pc/race/beforeinfo?hd=20261007&jcd=16&rno=12,2026-10-07T16:41:30.636587+09:00,2026-10-07T16:41:39.913934+09:00
20261007,18,徳山,1,20261007-18-01,08:47,晴,17.0,24.0,1.0,13,西,1.0,False,False,https://www.boatrace.jp/owpc/pc/race/beforeinfo?hd=20261007&jcd=18&rno=1,,2026-10-07T08:43:01.036540+09:00
20261007,18,徳山,3,20261007-18-03,09:39,晴,21.0,24.0,2.0,5,東,2.0,False,False,https://www.boatrace.jp/owpc/pc/race/beforeinfo?hd=20261007&jcd=18&rno=3,,2026-10-07T09:26:31.460463+09:00
20261007,18,徳山,4,20261007-18-04,10:05,晴,22.0,24.0,2.0,5,東,2.0,False,False,https://www.boatrace.jp/owpc/pc/race/beforeinfo?hd=20261007&jcd=18&rno=4,,2026-10-07T09:55:36.179195+09:00
20261007,18,徳山,5,20261007-18-05,10:32,晴,22.0,24.0,2.0,3,北東,2.0,False,False,https://www.boatrace.jp/owpc/pc/race/beforeinfo?hd=20261007&jcd=18&rno=5,,2026-10-07T10:20:29.799911+09:00
20261007,18,徳山,6,20261007-18-06,11:02,晴,24.0,24.0,3.0,5,東,3.0,False,False,https://www.boatrace.jp/owpc/pc/race/beforeinfo?hd=20261007&jcd=18&rno=6,,2026-10-07T10:52:09.862184+09:00
20261007,18,徳山,7,20261007-18-07,11:35,晴,24.0,24.0,3.0,5,東,3.0,False,False,https://www.boatrace.jp/owpc/pc/race/beforeinfo?hd=20261007&jcd=18&rno=7,,2026-10-07T11:21:13.528039+09:00
20261007,18,徳山,8,20261007-18-08,12:06,晴,22.0,24.0,2.0,11,南西,2.0,False,False,https://www.boatrace.jp/owpc/pc/race/beforeinfo?hd=20261007&jcd=18&rno=8,,2026-10-07T12:02:48.822692+09:00
20261007,18,徳山,9,20261007-18-09,12:42,晴,23.0,24.0,4.0,9,南,4.0,False,False,https://www.boatrace.jp/owpc/pc/race/beforeinfo?hd=20261007&jcd=18&rno=9,,2026-10-07T12:37:07.866291+09:00
20261007,18,徳山,10,20261007-18-10,13:15,晴,24.0,24.0,5.0,9,南,5.0,False,False,https://www.boatrace.jp/owpc/pc/race/beforeinfo?hd=20261007&jcd=18&rno=10,2026-10-07T13:08:14.944779+09:00,2026-10-07T13:08:25.386792+09:00
20261007,18,徳山,11,20261007-18-11,13:50,晴,24.0,24.0,3.0,7,南東,3.0,False,False,https://www.boatrace.jp/owpc/pc/race/beforeinfo?hd=20261007&jcd=18&rno=11,2026-10-07T13:45:42.138699+09:00,2026-10-07T13:45:51.497706+09:00
20261007,18,徳山,12,20261007-18-12,14:29,晴,24.0,25.0,3.0,7,南東,3.0,False,False,https://www.boatrace.jp/owpc/pc/race/beforeinfo?hd=20261007&jcd=18&rno=12,2026-10-07T14:19:30.790935+09:00,2026-10-07T14:19:39.123022+09:00
20261007,24,大村,1,20261007-24-01,15:20,晴,23.0,25.0,3.0,7,南東,2.0,False,False,https://www.boatrace.jp/owpc/pc/race/beforeinfo?hd=20261007&jcd=24&rno=1,2026-10-07T15:06:26.389157+09:00,2026-10-07T15:06:35.696637+09:00
20261007,24,大村,2,20261007-24-02,15:48,晴,23.0,25.0,3.0,9,南,2.0,False,False,https://www.boatrace.jp/owpc/pc/race/beforeinfo?hd=20261007&jcd=24&rno=2,2026-10-07T15:47:21.440448+09:00,2026-10-07T15:47:29.789257+09:00
20261007,24,大村,3,20261007-24-03,16:12,晴,24.0,25.0,3.0,11,南西,2.0,False,False,https://www.boatrace.jp/owpc/pc/race/beforeinfo?hd=20261007&jcd=24&rno=3,2026-10-07T16:04:05.344258+09:00,2026-10-07T16:04:15.787340+09:00
20261007,24,大村,4,20261007-24-04,16:42,晴,24.0,25.0,3.0,11,南西,2.0,False,False,https://www.boatrace.jp/owpc/pc/race/beforeinfo?hd=20261007&jcd=24&rno=4,2026-10-07T16:41:30.635350+09:00,2026-10-07T16:41:39.894132+09:00
20261007,24,大村,5,20261007-24-05,17:09,晴,23.0,25.0,3.0,11,南西,2.0,False,False,https://www.boatrace.jp/owpc/pc/race/beforeinfo?hd=20261007&jcd=24&rno=5,2026-10-07T16:56:13.212598+09:00,2026-10-07T16:56:22.546238+09:00
