date,factor,label,races,top1_matches,top1_accuracy_pct,top3_matches,top3_alignment_pct,exact_matches,exact_alignment_pct
20260930,racer_d90_win,選手90日1着率,144,40,27.78,27,18.75,4,2.78
20260930,racer_d90_top2,選手90日2連対率,144,39,27.08,23,15.97,3,2.08
20260930,racer_d90_top3,選手90日3連対率,144,45,31.25,19,13.19,4,2.78
20260930,racer_d90_avg_finish,選手90日平均着順,144,43,29.86,20,13.89,4,2.78
20260930,racer_d90_avg_st,選手90日平均ST,144,32,22.22,9,6.25,0,0.0
20260930,grade,級別係数,144,63,43.75,28,19.44,8,5.56
20260930,motor_official_top2,モーター公式2連対率,144,30,20.83,8,5.56,1,0.69
20260930,boat_official_top2,ボート公式2連対率,144,23,15.97,5,3.47,1,0.69
20260930,racer_course_d90_win,選手×コース90日1着率,138,76,55.07,22,15.94,12,8.7
20260930,racer_course_d90_top3,選手×コース90日3連対率,138,72,52.17,19,13.77,5,3.62
20260930,racer_venue_d90_win,選手×場90日1着率,108,24,22.22,17,15.74,3,2.78
20260930,racer_venue_d90_top3,選手×場90日3連対率,108,30,27.78,21,19.44,7,6.48
20261001,racer_d90_win,選手90日1着率,168,56,33.33,27,16.07,3,1.79
20261001,racer_d90_top2,選手90日2連対率,168,50,29.76,31,18.45,5,2.98
20261001,racer_d90_top3,選手90日3連対率,168,44,26.19,26,15.48,8,4.76
20261001,racer_d90_avg_finish,選手90日平均着順,168,48,28.57,25,14.88,5,2.98
20261001,racer_d90_avg_st,選手90日平均ST,168,36,21.43,13,7.74,1,0.6
20261001,grade,級別係数,168,69,41.07,32,19.05,12,7.14
20261001,motor_official_top2,モーター公式2連対率,168,29,17.26,12,7.14,1,0.6
20261001,boat_official_top2,ボート公式2連対率,168,28,16.67,12,7.14,4,2.38
20261001,racer_course_d90_win,選手×コース90日1着率,159,87,54.72,34,21.38,8,5.03
20261001,racer_course_d90_top3,選手×コース90日3連対率,159,79,49.69,38,23.9,16,10.06
20261001,racer_venue_d90_win,選手×場90日1着率,112,31,27.68,12,10.71,3,2.68
20261001,racer_venue_d90_top3,選手×場90日3連対率,112,23,20.54,17,15.18,4,3.57
20261002,racer_d90_win,選手90日1着率,168,59,35.12,23,13.69,7,4.17
20261002,racer_d90_top2,選手90日2連対率,168,60,35.71,26,15.48,8,4.76
20261002,racer_d90_top3,選手90日3連対率,168,65,38.69,29,17.26,5,2.98
20261002,racer_d90_avg_finish,選手90日平均着順,168,63,37.5,30,17.86,8,4.76
20261002,racer_d90_avg_st,選手90日平均ST,168,35,20.83,12,7.14,2,1.19
20261002,grade,級別係数,168,78,46.43,31,18.45,6,3.57
20261002,motor_official_top2,モーター公式2連対率,168,32,19.05,7,4.17,1,0.6
20261002,boat_official_top2,ボート公式2連対率,168,30,17.86,8,4.76,0,0.0
20261002,racer_course_d90_win,選手×コース90日1着率,157,88,56.05,30,19.11,12,7.64
20261002,racer_course_d90_top3,選手×コース90日3連対率,157,86,54.78,32,20.38,11,7.01
20261002,racer_venue_d90_win,選手×場90日1着率,156,39,25.0,14,8.97,4,2.56
20261002,racer_venue_d90_top3,選手×場90日3連対率,156,43,27.56,14,8.97,1,0.64
