motor_factor,other_factor,motor_weight,other_weight,races,top1_pct,top3_pct,exact_pct
motor_official_top2,grade,0.4,0.6,480,39.38,19.17,5.42
motor_official_top2,grade,0.3,0.7,480,40.62,18.75,5.21
motor_official_top2,grade,0.2,0.8,480,43.96,18.33,5.42
motor_official_top2,racer_top2,0.2,0.8,480,32.92,16.46,3.12
motor_official_top2,racer_win,0.2,0.8,480,34.79,16.25,3.33
motor_official_top2,racer_top2,0.3,0.7,480,31.87,16.25,2.92
motor_official_top2,frame,0.2,0.8,480,50.21,15.83,6.25
motor_official_top2,grade,0.5,0.5,480,37.08,15.62,5.21
motor_official_top2,racer_win,0.3,0.7,480,34.38,15.62,3.12
motor_official_top2,frame,0.3,0.7,480,46.04,15.21,3.96
motor_official_top2,racer_avg_finish,0.2,0.8,480,34.17,15.21,3.12
motor_official_top2,frame,0.4,0.6,480,40.21,15.0,5.0
motor_official_top2,racer_avg_finish,0.3,0.7,480,33.54,15.0,3.54
motor_official_top2,racer_top3,0.2,0.8,480,34.38,14.79,3.12
motor_official_top2,racer_top3,0.3,0.7,480,33.54,14.79,3.12
motor_official_top2,racer_win,0.4,0.6,480,32.71,14.58,3.75
motor_official_top2,racer_top3,0.4,0.6,480,31.87,14.17,3.33
motor_official_top2,racer_top2,0.4,0.6,480,30.42,14.17,2.08
motor_official_top2,frame,0.5,0.5,480,37.29,13.96,4.79
motor_official_top2,racer_top2,0.5,0.5,480,30.83,13.54,3.33
motor_official_top2,racer_avg_finish,0.4,0.6,480,33.33,13.12,3.33
motor_official_top2,racer_top3,0.5,0.5,480,32.71,13.12,3.33
motor_official_top2,racer_avg_finish,0.5,0.5,480,33.54,12.92,3.75
motor_official_top2,racer_win,0.5,0.5,480,33.33,11.88,2.71
motor_official_top2,racer_top2,0.6,0.4,480,27.08,10.21,1.25
motor_official_top2,grade,0.6,0.4,480,29.17,10.0,1.88
motor_official_top2,frame,0.6,0.4,480,30.63,9.58,2.5
motor_official_top2,racer_avg_st,0.5,0.5,480,25.62,9.17,1.88
motor_official_top2,racer_win,0.6,0.4,480,27.71,8.96,0.83
motor_official_top2,racer_avg_finish,0.6,0.4,480,27.71,8.75,1.67
motor_official_top2,racer_top3,0.6,0.4,480,27.29,8.54,0.62
motor_official_top2,racer_avg_st,0.2,0.8,480,23.75,7.92,1.25
motor_official_top2,racer_avg_st,0.4,0.6,480,21.67,7.92,1.46
motor_official_top2,grade,0.7,0.3,480,25.21,7.5,1.46
motor_official_top2,racer_win,0.7,0.3,480,25.21,7.5,1.46
motor_official_top2,racer_avg_finish,0.7,0.3,480,24.58,7.5,1.04
motor_official_top2,racer_avg_st,0.3,0.7,480,22.29,7.5,1.88
motor_official_top2,racer_top2,0.7,0.3,480,24.38,7.29,1.25
motor_official_top2,racer_win,0.8,0.2,480,22.08,7.08,1.25
motor_official_top2,racer_top3,0.8,0.2,480,21.25,6.67,0.83
motor_official_top2,frame,0.7,0.3,480,25.62,6.46,1.04
motor_official_top2,grade,0.8,0.2,480,23.54,6.46,1.04
motor_official_top2,racer_avg_finish,0.8,0.2,480,22.5,6.46,0.83
motor_official_top2,racer_avg_st,0.6,0.4,480,22.08,6.46,0.83
motor_official_top2,racer_top2,0.8,0.2,480,21.46,6.46,1.04
motor_official_top2,racer_top3,0.7,0.3,480,22.71,6.04,1.46
motor_official_top2,frame,0.8,0.2,480,22.5,6.04,1.04
motor_official_top2,racer_avg_st,0.7,0.3,480,21.04,6.04,0.42
motor_official_top2,racer_avg_st,0.8,0.2,480,20.83,5.42,0.42
