column,rows,races,rank_finish_spearman,high_leader_win_rate_pct,low_leader_win_rate_pct,high_leader_top3_rate_pct,low_leader_top3_rate_pct,stage,group,kind
total_score,936,156,0.5119,46.2,2.6,79.5,16.7,morning,total_score,total_score
feature.frame.frame_advantage,936,156,0.4425,57.1,3.8,84.0,21.8,live,frame,raw_feature_proxy
feature.official_racer.official_stats.national_win_rate,936,156,0.3939,32.1,8.3,71.8,24.4,live,official_racer,raw_feature_proxy
feature.official_racer.official_stats.national_top2_rate,936,156,0.3745,30.8,7.7,68.6,21.8,live,official_racer,raw_feature_proxy
feature.racer_venue.official_stats.local_win_rate,936,156,0.3117,35.3,11.5,69.2,33.3,live,racer_venue,raw_feature_proxy
feature.racer_venue.official_stats.local_top2_rate,936,156,0.2897,34.0,10.9,69.9,33.3,live,racer_venue,raw_feature_proxy
feature.motor.motor.motor_no,936,156,-0.0179,14.1,17.9,44.2,52.6,live,motor,raw_feature_proxy
feature.motor.motor.official_top2_rate,936,156,0.0916,21.8,16.7,61.5,53.2,live,motor,raw_feature_proxy
feature.boat_machine.boat_machine.boat_no,936,156,-0.0597,12.8,16.0,43.6,52.6,live,boat_machine,raw_feature_proxy
feature.boat_machine.boat_machine.official_top2_rate,936,156,0.0536,16.0,14.7,51.3,45.5,live,boat_machine,raw_feature_proxy
feature.recent_racer.history.racer_30d.starts,936,156,0.1792,28.8,14.7,65.4,41.7,live,recent_racer,raw_feature_proxy
feature.recent_racer.history.racer_30d.win_rate,928,156,0.3114,32.7,10.3,67.3,32.7,live,recent_racer,raw_feature_proxy
feature.recent_racer.history.racer_30d.top2_rate,928,156,0.3312,26.3,9.0,70.5,30.1,live,recent_racer,raw_feature_proxy
feature.recent_racer.history.racer_30d.top3_rate,928,156,0.3175,28.8,12.8,67.3,28.8,live,recent_racer,raw_feature_proxy
feature.recent_racer.history.racer_30d.st_samples,936,156,0.1573,26.9,17.9,66.7,44.9,live,recent_racer,raw_feature_proxy
feature.recent_racer.history.racer_30d.avg_st,901,156,-0.1384,13.5,23.1,39.1,57.1,live,recent_racer,raw_feature_proxy
feature.recent_racer.history.racer_30d.f_count,936,156,0.0399,49.4,53.8,78.2,82.7,live,recent_racer,raw_feature_proxy
feature.recent_racer.history.racer_30d.f_rate,928,156,0.0397,49.4,53.2,76.9,82.1,live,recent_racer,raw_feature_proxy
feature.recent_racer.history.racer_30d.exhibition_samples,936,156,0.1608,27.6,17.9,67.3,44.9,live,recent_racer,raw_feature_proxy
feature.recent_racer.history.racer_30d.avg_exhibition,901,156,-0.051,18.6,17.9,48.1,53.8,live,recent_racer,raw_feature_proxy
feature.recent_racer.history.racer_90d.starts,936,156,0.2266,25.6,9.0,62.8,31.4,live,recent_racer,raw_feature_proxy
feature.recent_racer.history.racer_90d.win_rate,936,156,0.3539,31.4,7.1,69.2,26.3,live,recent_racer,raw_feature_proxy
feature.recent_racer.history.racer_90d.top2_rate,936,156,0.3582,32.7,7.7,67.9,24.4,live,recent_racer,raw_feature_proxy
feature.recent_racer.history.racer_90d.top3_rate,936,156,0.3654,32.7,9.0,70.5,25.0,live,recent_racer,raw_feature_proxy
feature.recent_racer.history.racer_90d.st_samples,936,156,0.2139,25.6,10.3,62.2,34.0,live,recent_racer,raw_feature_proxy
feature.recent_racer.history.racer_90d.avg_st,935,156,-0.2321,9.6,25.6,32.7,62.8,live,recent_racer,raw_feature_proxy
feature.recent_racer.history.racer_90d.f_count,936,156,0.0056,40.4,48.7,66.0,79.5,live,recent_racer,raw_feature_proxy
feature.recent_racer.history.racer_90d.f_rate,936,156,0.0041,35.3,48.7,64.7,79.5,live,recent_racer,raw_feature_proxy
feature.recent_racer.history.racer_90d.exhibition_samples,936,156,0.2163,25.6,10.3,62.2,34.0,live,recent_racer,raw_feature_proxy
feature.recent_racer.history.racer_90d.avg_exhibition,935,156,-0.0901,15.4,22.4,42.3,55.8,live,recent_racer,raw_feature_proxy
feature.motor.history.motor_30d.unique_racers,932,156,-0.0288,34.6,34.0,62.8,67.9,live,motor,raw_feature_proxy
feature.motor.history.motor_30d.starts,932,156,0.0092,13.5,22.4,49.4,50.0,live,motor,raw_feature_proxy
feature.motor.history.motor_30d.win_rate,922,156,0.0308,16.7,18.6,55.8,47.4,live,motor,raw_feature_proxy
feature.motor.history.motor_30d.top2_rate,922,156,0.0402,18.6,23.1,57.1,54.5,live,motor,raw_feature_proxy
feature.motor.history.motor_30d.top3_rate,922,156,0.0564,15.4,17.9,55.8,48.1,live,motor,raw_feature_proxy
feature.motor.history.motor_30d.st_samples,932,156,0.0162,16.0,20.5,46.8,50.6,live,motor,raw_feature_proxy
feature.motor.history.motor_30d.avg_st,922,156,-0.0148,18.6,19.2,47.4,55.8,live,motor,raw_feature_proxy
feature.motor.history.motor_30d.f_count,932,156,-0.0385,48.7,56.4,78.8,83.3,live,motor,raw_feature_proxy
feature.motor.history.motor_30d.f_rate,922,156,-0.0414,48.1,55.8,77.6,83.3,live,motor,raw_feature_proxy
feature.motor.history.motor_30d.exhibition_samples,932,156,0.0138,15.4,21.2,46.2,50.0,live,motor,raw_feature_proxy
feature.motor.history.motor_30d.avg_exhibition,922,156,-0.0518,12.8,19.9,50.6,57.7,live,motor,raw_feature_proxy
feature.motor.history.motor_90d.unique_racers,932,156,-0.0552,31.4,32.1,56.4,59.6,live,motor,raw_feature_proxy
feature.motor.history.motor_90d.starts,932,156,-0.0507,15.4,19.9,44.9,50.0,live,motor,raw_feature_proxy
feature.motor.history.motor_90d.win_rate,932,156,0.0406,16.0,16.0,50.6,46.8,live,motor,raw_feature_proxy
feature.motor.history.motor_90d.top2_rate,932,156,0.0315,17.3,15.4,55.1,48.1,live,motor,raw_feature_proxy
feature.motor.history.motor_90d.top3_rate,932,156,0.0848,16.7,12.2,53.2,39.1,live,motor,raw_feature_proxy
feature.motor.history.motor_90d.st_samples,932,156,-0.062,12.8,20.5,42.9,53.8,live,motor,raw_feature_proxy
feature.motor.history.motor_90d.avg_st,932,156,-0.0561,16.7,16.7,48.1,51.3,live,motor,raw_feature_proxy
feature.motor.history.motor_90d.f_count,932,156,-0.0198,32.7,49.4,60.9,76.3,live,motor,raw_feature_proxy
feature.motor.history.motor_90d.f_rate,932,156,-0.0151,30.8,49.4,62.8,76.3,live,motor,raw_feature_proxy
feature.motor.history.motor_90d.exhibition_samples,932,156,-0.0497,14.1,19.9,44.2,52.6,live,motor,raw_feature_proxy
feature.motor.history.motor_90d.avg_exhibition,932,156,-0.094,14.7,23.1,50.0,55.8,live,motor,raw_feature_proxy
feature.motor.history.motor.venue_code,936,156,,57.1,57.1,84.0,84.0,live,motor,raw_feature_proxy
feature.motor.history.motor.motor_no,936,156,-0.0179,14.1,17.9,44.2,52.6,live,motor,raw_feature_proxy
feature.motor.history.motor.features.d30.unique_racers,932,156,-0.0288,34.6,34.0,62.8,67.9,live,motor,raw_feature_proxy
feature.motor.history.motor.features.d30.starts,932,156,0.0092,13.5,22.4,49.4,50.0,live,motor,raw_feature_proxy
feature.motor.history.motor.features.d30.win_rate,922,156,0.0308,16.7,18.6,55.8,47.4,live,motor,raw_feature_proxy
feature.motor.history.motor.features.d30.top2_rate,922,156,0.0402,18.6,23.1,57.1,54.5,live,motor,raw_feature_proxy
feature.motor.history.motor.features.d30.top3_rate,922,156,0.0564,15.4,17.9,55.8,48.1,live,motor,raw_feature_proxy
feature.motor.history.motor.features.d30.st_samples,932,156,0.0162,16.0,20.5,46.8,50.6,live,motor,raw_feature_proxy
feature.motor.history.motor.features.d30.avg_st,922,156,-0.0148,18.6,19.2,47.4,55.8,live,motor,raw_feature_proxy
feature.motor.history.motor.features.d30.f_count,932,156,-0.0385,48.7,56.4,78.8,83.3,live,motor,raw_feature_proxy
feature.motor.history.motor.features.d30.f_rate,922,156,-0.0414,48.1,55.8,77.6,83.3,live,motor,raw_feature_proxy
feature.motor.history.motor.features.d30.exhibition_samples,932,156,0.0138,15.4,21.2,46.2,50.0,live,motor,raw_feature_proxy
feature.motor.history.motor.features.d30.avg_exhibition,922,156,-0.0518,12.8,19.9,50.6,57.7,live,motor,raw_feature_proxy
feature.motor.history.motor.features.d90.unique_racers,932,156,-0.0552,31.4,32.1,56.4,59.6,live,motor,raw_feature_proxy
feature.motor.history.motor.features.d90.starts,932,156,-0.0507,15.4,19.9,44.9,50.0,live,motor,raw_feature_proxy
feature.motor.history.motor.features.d90.win_rate,932,156,0.0406,16.0,16.0,50.6,46.8,live,motor,raw_feature_proxy
feature.motor.history.motor.features.d90.top2_rate,932,156,0.0315,17.3,15.4,55.1,48.1,live,motor,raw_feature_proxy
feature.motor.history.motor.features.d90.top3_rate,932,156,0.0848,16.7,12.2,53.2,39.1,live,motor,raw_feature_proxy
feature.motor.history.motor.features.d90.st_samples,932,156,-0.062,12.8,20.5,42.9,53.8,live,motor,raw_feature_proxy
feature.motor.history.motor.features.d90.avg_st,932,156,-0.0561,16.7,16.7,48.1,51.3,live,motor,raw_feature_proxy
feature.motor.history.motor.features.d90.f_count,932,156,-0.0198,32.7,49.4,60.9,76.3,live,motor,raw_feature_proxy
feature.motor.history.motor.features.d90.f_rate,932,156,-0.0151,30.8,49.4,62.8,76.3,live,motor,raw_feature_proxy
feature.motor.history.motor.features.d90.exhibition_samples,932,156,-0.0497,14.1,19.9,44.2,52.6,live,motor,raw_feature_proxy
feature.motor.history.motor.features.d90.avg_exhibition,932,156,-0.094,14.7,23.1,50.0,55.8,live,motor,raw_feature_proxy
feature.motor.history.motor.features.trend_30v90.win_rate_30v90,922,156,0.0222,14.1,16.0,55.1,45.5,live,motor,raw_feature_proxy
feature.motor.history.motor.features.trend_30v90.top2_rate_30v90,922,156,0.0215,18.6,19.2,52.6,47.4,live,motor,raw_feature_proxy
feature.motor.history.motor.features.trend_30v90.top3_rate_30v90,922,156,0.0282,17.9,12.8,46.8,41.7,live,motor,raw_feature_proxy
feature.motor.history.motor.features.trend_30v90.avg_st_30v90,922,156,-0.0181,16.7,16.0,44.2,49.4,live,motor,raw_feature_proxy
feature.motor.history.motor.features.trend_30v90.avg_exhibition_30v90,922,156,0.0175,20.5,17.9,50.6,50.0,live,motor,raw_feature_proxy
feature.boat_machine.history.boat_machine.venue_code,936,156,,57.1,57.1,84.0,84.0,live,boat_machine,raw_feature_proxy
feature.boat_machine.history.boat_machine.boat_no,936,156,-0.0597,12.8,16.0,43.6,52.6,live,boat_machine,raw_feature_proxy
feature.boat_machine.history.boat_machine.features.d30.unique_racers,936,156,-0.0484,30.8,32.7,56.4,72.4,live,boat_machine,raw_feature_proxy
feature.boat_machine.history.boat_machine.features.d30.starts,936,156,-0.041,19.2,22.4,46.8,55.1,live,boat_machine,raw_feature_proxy
feature.boat_machine.history.boat_machine.features.d30.win_rate,931,156,0.0151,16.7,17.3,51.3,50.6,live,boat_machine,raw_feature_proxy
feature.boat_machine.history.boat_machine.features.d30.top2_rate,931,156,0.0425,18.6,16.0,55.1,51.9,live,boat_machine,raw_feature_proxy
feature.boat_machine.history.boat_machine.features.d30.top3_rate,931,156,0.061,17.9,12.8,60.3,50.0,live,boat_machine,raw_feature_proxy
feature.boat_machine.history.boat_machine.features.d30.st_samples,936,156,-0.0455,18.6,20.5,47.4,56.4,live,boat_machine,raw_feature_proxy
feature.boat_machine.history.boat_machine.features.d30.avg_st,930,156,-0.0209,14.1,9.6,51.3,49.4,live,boat_machine,raw_feature_proxy
feature.boat_machine.history.boat_machine.features.d30.f_count,936,156,-0.0084,48.7,53.8,76.3,84.0,live,boat_machine,raw_feature_proxy
feature.boat_machine.history.boat_machine.features.d30.f_rate,931,156,-0.0153,48.7,53.8,75.6,84.0,live,boat_machine,raw_feature_proxy
feature.boat_machine.history.boat_machine.features.d30.exhibition_samples,936,156,-0.0474,18.6,20.5,47.4,56.4,live,boat_machine,raw_feature_proxy
feature.boat_machine.history.boat_machine.features.d30.avg_exhibition,930,156,0.0041,14.1,14.1,51.9,46.2,live,boat_machine,raw_feature_proxy
feature.boat_machine.history.boat_machine.features.d90.unique_racers,936,156,0.0239,26.9,25.6,62.2,63.5,live,boat_machine,raw_feature_proxy
feature.boat_machine.history.boat_machine.features.d90.starts,936,156,-0.039,15.4,16.0,44.9,53.2,live,boat_machine,raw_feature_proxy
feature.boat_machine.history.boat_machine.features.d90.win_rate,936,156,0.0155,16.0,16.7,53.2,47.4,live,boat_machine,raw_feature_proxy
feature.boat_machine.history.boat_machine.features.d90.top2_rate,936,156,0.0359,20.5,14.1,53.2,46.8,live,boat_machine,raw_feature_proxy
feature.boat_machine.history.boat_machine.features.d90.top3_rate,936,156,0.0986,17.3,14.1,59.6,46.8,live,boat_machine,raw_feature_proxy
feature.boat_machine.history.boat_machine.features.d90.st_samples,936,156,-0.0476,15.4,16.0,41.7,52.6,live,boat_machine,raw_feature_proxy
feature.boat_machine.history.boat_machine.features.d90.avg_st,936,156,-0.0066,16.0,16.7,45.5,54.5,live,boat_machine,raw_feature_proxy
feature.boat_machine.history.boat_machine.features.d90.f_count,936,156,-0.0366,33.3,51.3,60.9,80.8,live,boat_machine,raw_feature_proxy
feature.boat_machine.history.boat_machine.features.d90.f_rate,936,156,-0.0359,33.3,51.3,60.9,80.8,live,boat_machine,raw_feature_proxy
feature.boat_machine.history.boat_machine.features.d90.exhibition_samples,936,156,-0.0503,16.0,16.0,43.6,52.6,live,boat_machine,raw_feature_proxy
feature.boat_machine.history.boat_machine.features.d90.avg_exhibition,936,156,0.0084,14.7,17.9,53.8,48.1,live,boat_machine,raw_feature_proxy
feature.boat_machine.history.boat_machine.features.trend_30v90.win_rate_30v90,931,156,-0.0185,19.2,15.4,49.4,55.1,live,boat_machine,raw_feature_proxy
feature.boat_machine.history.boat_machine.features.trend_30v90.top2_rate_30v90,931,156,0.0077,17.3,19.9,55.1,55.8,live,boat_machine,raw_feature_proxy
feature.boat_machine.history.boat_machine.features.trend_30v90.top3_rate_30v90,931,156,0.0126,18.6,15.4,52.6,49.4,live,boat_machine,raw_feature_proxy
feature.boat_machine.history.boat_machine.features.trend_30v90.avg_st_30v90,930,156,0.0032,19.2,9.6,55.8,47.4,live,boat_machine,raw_feature_proxy
feature.boat_machine.history.boat_machine.features.trend_30v90.avg_exhibition_30v90,930,156,-0.0292,16.0,20.5,45.5,51.9,live,boat_machine,raw_feature_proxy
feature.official_racer.relative.national_win_rank,936,156,-0.3939,8.3,32.1,24.4,71.8,live,official_racer,raw_feature_proxy
feature.racer_venue.relative.local_win_rank,936,156,-0.3117,11.5,35.9,32.7,69.9,live,racer_venue,raw_feature_proxy
total_score,936,156,0.5119,46.2,2.6,79.5,16.7,live,total_score,total_score
