target_date,venue_code,venue_name,race,race_id,rank,boat,registration_no,racer_name,grade,motor_no,boat_no,score,base_score,trend_adjustment_points,f_l_penalty_points,data_coverage_pct
20261001,03,江戸川,1,20261001-03-01,1,1,4540,相原利章,A2,37,57,58.27,57.85,0.42,0.0,100.0
20261001,03,江戸川,1,20261001-03-01,2,2,3508,久富政弘,A2,16,29,51.84,51.77,0.07,0.0,100.0
20261001,03,江戸川,1,20261001-03-01,3,5,3503,堂原洋史,B1,57,60,43.79,42.54,1.25,0.0,100.0
20261001,03,江戸川,1,20261001-03-01,4,3,4615,板倉敦史,B1,39,13,39.96,40.44,-0.49,0.0,100.0
20261001,03,江戸川,1,20261001-03-01,5,4,4231,鈴木裕隆,B1,47,40,38.15,39.05,-0.9,0.0,100.0
20261001,03,江戸川,1,20261001-03-01,6,6,3906,飯山晃三,B1,60,20,27.76,28.2,-0.44,0.0,100.0
20261001,03,江戸川,2,20261001-03-02,1,3,4259,真庭明志,A2,61,48,55.83,55.73,0.1,0.0,100.0
20261001,03,江戸川,2,20261001-03-02,2,6,4685,島村隆幸,A1,48,17,53.79,53.04,0.75,0.0,100.0
20261001,03,江戸川,2,20261001-03-02,3,1,5172,田村慶,B1,25,58,52.3,53.93,-1.63,0.0,100.0
20261001,03,江戸川,2,20261001-03-02,4,2,5073,上原健次,A2,56,43,50.43,50.09,0.34,0.0,100.0
20261001,03,江戸川,2,20261001-03-02,5,4,4728,山口亮,B1,41,39,43.97,44.21,-0.24,0.0,100.0
20261001,03,江戸川,2,20261001-03-02,6,5,4035,杉江浩明,B1,49,41,37.14,36.93,0.21,0.0,100.0
20261001,03,江戸川,3,20261001-03-03,1,1,4610,佐藤大佑,A1,65,15,63.84,63.66,0.17,0.0,100.0
20261001,03,江戸川,3,20261001-03-03,2,4,5212,西川拓利,A2,43,23,49.68,49.93,-0.25,0.0,100.0
20261001,03,江戸川,3,20261001-03-03,3,3,4440,萩原知哉,B1,35,32,45.67,45.13,0.54,0.0,100.0
20261001,03,江戸川,3,20261001-03-03,4,6,3907,村越篤,B1,50,68,45.54,44.86,0.68,0.0,100.0
20261001,03,江戸川,3,20261001-03-03,5,2,4023,柴田友和,B1,54,52,41.84,41.93,-0.09,0.0,100.0
20261001,03,江戸川,3,20261001-03-03,6,5,4201,佐竹友樹,B1,33,28,37.42,37.48,-0.06,0.0,100.0
20261001,03,江戸川,4,20261001-03-04,1,1,3934,鋤柄貴俊,B1,64,37,62.95,61.78,1.17,0.0,100.0
20261001,03,江戸川,4,20261001-03-04,2,5,4644,山田亮太,A1,53,61,50.93,50.49,0.44,0.0,100.0
20261001,03,江戸川,4,20261001-03-04,3,3,4637,中田友也,A2,10,49,44.93,46.2,-1.27,0.0,100.0
20261001,03,江戸川,4,20261001-03-04,4,4,4875,大塚康雅,B1,12,27,43.91,43.97,-0.06,0.0,100.0
20261001,03,江戸川,4,20261001-03-04,5,2,5244,黒田剛,B1,22,34,39.71,39.88,-0.17,0.0,100.0
20261001,03,江戸川,4,20261001-03-04,6,6,4550,石岡将太,A2,51,25,34.72,35.65,-0.93,0.0,100.0
20261001,03,江戸川,5,20261001-03-05,1,1,5004,河野主樹,A2,62,31,66.04,65.92,0.56,0.44,100.0
20261001,03,江戸川,5,20261001-03-05,2,3,5032,谷口知優,A2,36,26,51.16,50.7,0.46,0.0,100.0
20261001,03,江戸川,5,20261001-03-05,3,5,4934,佐々木翔,A2,31,66,49.88,49.2,0.67,0.0,100.0
20261001,03,江戸川,5,20261001-03-05,4,2,5328,井上慧人,B1,24,11,44.78,44.52,0.26,0.0,100.0
20261001,03,江戸川,5,20261001-03-05,5,4,4615,板倉敦史,B1,39,13,38.72,39.2,-0.49,0.0,100.0
20261001,03,江戸川,5,20261001-03-05,6,6,5093,浦野海,B2,30,51,38.71,37.92,0.78,0.0,100.0
20261001,03,江戸川,6,20261001-03-06,1,3,5303,土井歩夢,A2,40,18,53.51,53.46,0.05,0.0,100.0
20261001,03,江戸川,6,20261001-03-06,2,4,4957,竹之内極,B1,19,14,51.15,51.04,0.11,0.0,100.0
20261001,03,江戸川,6,20261001-03-06,3,1,4873,蒲原健太,B1,20,16,50.81,50.84,-0.02,0.0,100.0
20261001,03,江戸川,6,20261001-03-06,4,5,4377,濱本優一,A1,27,56,49.4,48.82,0.58,0.0,100.0
20261001,03,江戸川,6,20261001-03-06,5,2,4231,鈴木裕隆,B1,47,40,42.49,43.39,-0.9,0.0,100.0
20261001,03,江戸川,6,20261001-03-06,6,6,5424,熊倉幹太,B2,28,10,30.53,30.1,0.43,0.0,100.0
20261001,03,江戸川,7,20261001-03-07,1,2,3482,金子猛志,B1,59,12,55.47,54.32,1.16,0.0,100.0
20261001,03,江戸川,7,20261001-03-07,2,3,4568,廣瀬真也,B1,34,22,47.28,47.84,-0.55,0.0,100.0
20261001,03,江戸川,7,20261001-03-07,3,1,3906,飯山晃三,B1,60,20,46.98,47.42,-0.44,0.0,100.0
20261001,03,江戸川,7,20261001-03-07,4,6,4610,佐藤大佑,A1,65,15,44.62,44.44,0.17,0.0,100.0
20261001,03,江戸川,7,20261001-03-07,5,5,5073,上原健次,A2,56,43,42.37,42.03,0.34,0.0,100.0
20261001,03,江戸川,7,20261001-03-07,6,4,4724,吉田祐貴,B1,26,54,40.63,40.01,0.62,0.0,100.0
20261001,03,江戸川,8,20261001-03-08,1,1,4952,吉武真也,B1,21,38,53.06,52.47,0.6,0.0,100.0
20261001,03,江戸川,8,20261001-03-08,2,4,4540,相原利章,A2,37,57,45.25,44.83,0.42,0.0,100.0
20261001,03,江戸川,8,20261001-03-08,3,3,4035,杉江浩明,B1,49,41,42.1,41.89,0.21,0.0,100.0
20261001,03,江戸川,8,20261001-03-08,4,2,4565,西村豪洋,B1,29,45,41.6,41.23,0.38,0.0,100.0
20261001,03,江戸川,8,20261001-03-08,5,5,4440,萩原知哉,B1,35,32,40.71,40.17,0.54,0.0,100.0
20261001,03,江戸川,8,20261001-03-08,6,6,4637,中田友也,A2,10,49,37.49,38.76,-1.27,0.0,100.0
20261001,03,江戸川,9,20261001-03-09,1,1,4550,石岡将太,A2,51,25,53.94,54.87,-0.93,0.0,100.0
20261001,03,江戸川,9,20261001-03-09,2,3,3503,堂原洋史,B1,57,60,48.75,47.5,1.25,0.0,100.0
20261001,03,江戸川,9,20261001-03-09,3,2,4728,山口亮,B1,41,39,48.31,48.55,-0.24,0.0,100.0
20261001,03,江戸川,9,20261001-03-09,4,5,5032,谷口知優,A2,36,26,46.2,45.74,0.46,0.0,100.0
20261001,03,江戸川,9,20261001-03-09,5,4,4023,柴田友和,B1,54,52,37.5,37.59,-0.09,0.0,100.0
20261001,03,江戸川,9,20261001-03-09,6,6,5404,内田壮,B1,18,64,27.46,28.11,-0.18,0.47,100.0
20261001,03,江戸川,10,20261001-03-10,1,1,3907,村越篤,B1,50,68,64.76,64.08,0.68,0.0,100.0
20261001,03,江戸川,10,20261001-03-10,2,2,4644,山田亮太,A1,53,61,58.99,58.55,0.44,0.0,100.0
20261001,03,江戸川,10,20261001-03-10,3,4,4259,真庭明志,A2,61,48,54.59,54.49,0.1,0.0,100.0
20261001,03,江戸川,10,20261001-03-10,4,3,4957,竹之内極,B1,19,14,52.39,52.28,0.11,0.0,100.0
20261001,03,江戸川,10,20261001-03-10,5,6,5004,河野主樹,A2,62,31,46.82,46.7,0.56,0.44,100.0
20261001,03,江戸川,10,20261001-03-10,6,5,3508,久富政弘,A2,16,29,43.78,43.71,0.07,0.0,100.0
20261001,03,江戸川,11,20261001-03-11,1,1,4685,島村隆幸,A1,48,17,73.01,72.26,0.75,0.0,100.0
20261001,03,江戸川,11,20261001-03-11,2,2,4934,佐々木翔,A2,31,66,57.94,57.26,0.67,0.0,100.0
20261001,03,江戸川,11,20261001-03-11,3,4,5303,土井歩夢,A2,40,18,52.27,52.22,0.05,0.0,100.0
20261001,03,江戸川,11,20261001-03-11,4,3,5212,西川拓利,A2,43,23,50.92,51.17,-0.25,0.0,100.0
20261001,03,江戸川,11,20261001-03-11,5,5,3482,金子猛志,B1,59,12,47.41,46.26,1.16,0.0,100.0
20261001,03,江戸川,11,20261001-03-11,6,6,3934,鋤柄貴俊,B1,64,37,43.73,42.56,1.17,0.0,100.0
20261001,03,江戸川,12,20261001-03-12,1,1,4748,渡邉雄朗,A1,52,46,72.86,72.36,1.15,0.65,100.0
20261001,03,江戸川,12,20261001-03-12,2,2,4364,池永太,A1,17,62,62.93,63.11,-0.18,0.0,100.0
20261001,03,江戸川,12,20261001-03-12,3,4,5035,櫻井優,A2,70,53,52.11,51.87,0.24,0.0,100.0
20261001,03,江戸川,12,20261001-03-12,4,3,4508,野間大樹,A2,32,65,51.05,51.01,0.04,0.0,100.0
20261001,03,江戸川,12,20261001-03-12,5,5,3911,鈴木猛,B1,38,24,46.22,46.03,0.2,0.0,100.0
20261001,03,江戸川,12,20261001-03-12,6,6,5219,森口和紀,B1,15,30,44.54,44.04,0.5,0.0,100.0
20261001,04,平和島,1,20261001-04-01,1,1,3793,高橋真吾,B1,24,47,62.14,61.19,0.95,0.0,100.0
20261001,04,平和島,1,20261001-04-01,2,4,3256,三角哲男,A1,38,48,52.81,52.46,0.35,0.0,100.0
20261001,04,平和島,1,20261001-04-01,3,3,3686,鳥居塚孝,A2,18,52,52.6,52.7,-0.1,0.0,100.0
20261001,04,平和島,1,20261001-04-01,4,2,4047,吉永浩則,B1,17,23,40.36,40.35,0.01,0.0,100.0
20261001,04,平和島,1,20261001-04-01,5,5,3391,鈴木茂正,B2,20,67,33.55,32.9,0.65,0.0,100.0
20261001,04,平和島,1,20261001-04-01,6,6,3532,柴田光,B2,12,58,32.53,34.87,-0.91,1.43,100.0
20261001,04,平和島,2,20261001-04-02,1,2,3505,山田竜一,A2,27,17,59.84,58.61,1.23,0.0,100.0
20261001,04,平和島,2,20261001-04-02,2,5,4077,品田直樹,A2,25,12,53.66,52.64,1.02,0.0,100.0
20261001,04,平和島,2,20261001-04-02,3,1,3741,松尾基成,B1,40,64,48.05,48.43,-0.38,0.0,100.0
20261001,04,平和島,2,20261001-04-02,4,3,3929,杢野誓良,B1,13,14,40.86,41.07,-0.21,0.0,100.0
20261001,04,平和島,2,20261001-04-02,5,4,3516,吉原聖人,B1,55,75,37.45,38.57,-0.6,0.53,100.0
20261001,04,平和島,2,20261001-04-02,6,6,3616,中村真,B1,33,21,33.12,34.46,-0.6,0.75,100.0
20261001,04,平和島,3,20261001-04-03,1,5,3997,北村征嗣,A1,66,63,57.3,56.42,0.87,0.0,100.0
20261001,04,平和島,3,20261001-04-03,2,1,3807,岡部哲,B1,69,73,54.6,54.84,-0.24,0.0,100.0
20261001,04,平和島,3,20261001-04-03,3,4,3297,藤丸光一,B1,71,22,45.37,45.16,0.21,0.0,100.0
20261001,04,平和島,3,20261001-04-03,4,3,3690,河合三弘,B1,65,66,40.51,39.98,0.53,0.0,100.0
20261001,04,平和島,3,20261001-04-03,5,2,3527,中嶋誠一,B1,74,69,40.17,41.68,-1.02,0.49,100.0
20261001,04,平和島,3,20261001-04-03,6,6,3988,古川誠之,A2,67,65,37.69,38.37,-0.28,0.39,100.0
20261001,04,平和島,4,20261001-04-04,1,2,4076,杉田篤光,B1,59,49,53.33,52.46,0.87,0.0,100.0
20261001,04,平和島,4,20261001-04-04,2,1,3211,北川敏弘,B1,43,50,52.09,51.56,0.53,0.0,100.0
20261001,04,平和島,4,20261001-04-04,3,6,3978,齊藤仁,A2,11,62,49.48,48.57,0.91,0.0,100.0
20261001,04,平和島,4,20261001-04-04,4,5,3554,仲口博崇,A1,49,15,48.6,48.95,-0.35,0.0,100.0
20261001,04,平和島,4,20261001-04-04,5,3,3998,冨成謙児,B1,39,74,43.78,43.32,0.46,0.0,100.0
20261001,04,平和島,4,20261001-04-04,6,4,4139,丹下健,B1,56,53,40.21,41.08,-0.87,0.0,100.0
20261001,04,平和島,5,20261001-04-05,1,1,3713,伊藤誠二,A1,57,72,59.34,59.29,0.05,0.0,100.0
20261001,04,平和島,5,20261001-04-05,2,2,4131,原豊土,B1,53,54,55.83,55.86,-0.03,0.0,100.0
20261001,04,平和島,5,20261001-04-05,3,5,3863,海老澤泰,B1,44,44,40.84,40.61,0.23,0.0,100.0
20261001,04,平和島,5,20261001-04-05,4,4,3391,鈴木茂正,B2,20,67,37.27,36.62,0.65,0.0,100.0
20261001,04,平和島,5,20261001-04-05,5,3,3973,崎利仁,B1,50,19,36.21,37.72,-1.51,0.0,100.0
20261001,04,平和島,5,20261001-04-05,6,6,3619,長谷川充,B1,47,18,33.7,34.98,-0.65,0.62,100.0
20261001,04,平和島,6,20261001-04-06,1,3,3961,谷村一哉,A1,10,41,59.73,59.31,0.41,0.0,100.0
20261001,04,平和島,6,20261001-04-06,2,1,4047,吉永浩則,B1,17,23,49.04,49.03,0.01,0.0,100.0
20261001,04,平和島,6,20261001-04-06,3,4,3882,新田智彰,B1,15,61,43.55,42.87,0.68,0.0,100.0
20261001,04,平和島,6,20261001-04-06,4,2,3516,吉原聖人,B1,55,75,41.79,42.91,-0.6,0.53,100.0
20261001,04,平和島,6,20261001-04-06,5,5,4027,松江秀徳,A2,28,51,36.79,36.2,0.6,0.0,100.0
20261001,04,平和島,6,20261001-04-06,6,6,3880,浅見宗孝,B1,35,56,36.57,35.84,0.73,0.0,100.0
20261001,04,平和島,7,20261001-04-07,1,2,3256,三角哲男,A1,38,48,57.15,56.8,0.35,0.0,100.0
20261001,04,平和島,7,20261001-04-07,2,1,3430,角浜修,B1,75,59,52.57,52.88,-0.31,0.0,100.0
20261001,04,平和島,7,20261001-04-07,3,3,3489,大場敏,A2,45,68,51.23,51.75,-0.16,0.36,100.0
20261001,04,平和島,7,20261001-04-07,4,4,3929,杢野誓良,B1,13,14,39.62,39.83,-0.21,0.0,100.0
20261001,04,平和島,7,20261001-04-07,5,6,3718,伊達正利,B1,64,43,32.37,33.17,-0.8,0.0,100.0
20261001,04,平和島,7,20261001-04-07,6,5,3527,中嶋誠一,B1,74,69,32.11,33.62,-1.02,0.49,100.0
20261001,04,平和島,8,20261001-04-08,1,4,3909,佐々木康,A1,19,71,59.58,59.92,-0.34,0.0,100.0
20261001,04,平和島,8,20261001-04-08,2,1,3826,村田修次,A2,34,13,55.47,57.37,-1.9,0.0,100.0
20261001,04,平和島,8,20261001-04-08,3,2,3532,柴田光,B2,12,58,43.07,45.41,-0.91,1.43,100.0
20261001,04,平和島,8,20261001-04-08,4,3,3741,松尾基成,B1,40,64,36.27,36.65,-0.38,0.0,100.0
20261001,04,平和島,8,20261001-04-08,5,5,3690,河合三弘,B1,65,66,35.55,35.02,0.53,0.0,100.0
20261001,04,平和島,8,20261001-04-08,6,6,3377,塚田修二,B1,61,46,33.38,33.63,-0.24,0.0,100.0
20261001,04,平和島,9,20261001-04-09,1,1,4077,品田直樹,A2,25,12,70.4,69.38,1.02,0.0,100.0
20261001,04,平和島,9,20261001-04-09,2,3,3952,中澤和志,A1,22,45,56.17,56.62,-0.44,0.0,100.0
20261001,04,平和島,9,20261001-04-09,3,4,3793,高橋真吾,B1,24,47,49.12,48.17,0.95,0.0,100.0
20261001,04,平和島,9,20261001-04-09,4,6,3158,島川光男,A2,63,11,44.58,45.0,-0.42,0.0,100.0
20261001,04,平和島,9,20261001-04-09,5,2,4139,丹下健,B1,56,53,44.55,45.42,-0.87,0.0,100.0
20261001,04,平和島,9,20261001-04-09,6,5,3973,崎利仁,B1,50,19,31.25,32.76,-1.51,0.0,100.0
20261001,04,平和島,10,20261001-04-10,1,2,3944,山口裕二,A1,68,70,58.88,59.21,-0.33,0.0,100.0
20261001,04,平和島,10,20261001-04-10,2,3,3554,仲口博崇,A1,49,15,53.56,53.91,-0.35,0.0,100.0
20261001,04,平和島,10,20261001-04-10,3,1,4027,松江秀徳,A2,28,51,53.53,52.94,0.6,0.0,100.0
20261001,04,平和島,10,20261001-04-10,4,6,3868,尾形栄治,B1,54,60,42.9,41.9,1.0,0.0,100.0
20261001,04,平和島,10,20261001-04-10,5,4,3807,岡部哲,B1,69,73,41.58,41.82,-0.24,0.0,100.0
20261001,04,平和島,10,20261001-04-10,6,5,3878,胡本悟志,B1,51,57,39.19,39.17,0.01,0.0,100.0
20261001,04,平和島,11,20261001-04-11,1,1,3686,鳥居塚孝,A2,18,52,64.38,64.48,-0.1,0.0,100.0
20261001,04,平和島,11,20261001-04-11,2,4,3997,北村征嗣,A1,66,63,61.02,60.14,0.87,0.0,100.0
20261001,04,平和島,11,20261001-04-11,3,5,3505,山田竜一,A2,27,17,51.78,50.55,1.23,0.0,100.0
20261001,04,平和島,11,20261001-04-11,4,3,3713,伊藤誠二,A1,57,72,47.56,47.51,0.05,0.0,100.0
20261001,04,平和島,11,20261001-04-11,5,2,3718,伊達正利,B1,64,43,42.91,43.71,-0.8,0.0,100.0
20261001,04,平和島,11,20261001-04-11,6,6,3714,梶原正,B1,14,55,34.8,34.87,-0.07,0.0,100.0
20261001,04,平和島,12,20261001-04-12,1,1,3961,谷村一哉,A1,10,41,71.51,71.09,0.41,0.0,100.0
20261001,04,平和島,12,20261001-04-12,2,6,3679,飯島昌弘,A2,32,16,50.13,50.36,-0.23,0.0,100.0
20261001,04,平和島,12,20261001-04-12,3,2,3422,服部幸男,A2,70,10,48.95,49.48,-0.52,0.0,100.0
20261001,04,平和島,12,20261001-04-12,4,5,3489,大場敏,A2,45,68,46.27,46.79,-0.16,0.36,100.0
20261001,04,平和島,12,20261001-04-12,5,3,3211,北川敏弘,B1,43,50,40.31,39.78,0.53,0.0,100.0
20261001,04,平和島,12,20261001-04-12,6,4,3377,塚田修二,B1,61,46,39.58,39.83,-0.24,0.0,100.0
20261001,06,浜名湖,1,20261001-06-01,1,1,5316,村松将平,B1,39,62,62.58,62.14,0.44,0.0,100.0
20261001,06,浜名湖,1,20261001-06-01,2,4,5205,刑部亜里,A2,36,13,59.94,58.29,2.4,0.75,100.0
20261001,06,浜名湖,1,20261001-06-01,3,3,4179,広次修,A2,59,68,51.86,51.94,-0.08,0.0,100.0
20261001,06,浜名湖,1,20261001-06-01,4,6,4081,樋口範政,B1,38,76,42.08,42.14,-0.06,0.0,100.0
20261001,06,浜名湖,1,20261001-06-01,5,2,4940,白石有美,B2,31,22,39.31,39.49,-0.18,0.0,100.0
20261001,06,浜名湖,1,20261001-06-01,6,5,4491,田中堅,B1,23,37,37.55,37.72,-0.17,0.0,100.0
20261001,06,浜名湖,2,20261001-06-02,1,5,4118,宇佐見淳,A2,58,24,54.52,53.39,1.13,0.0,100.0
20261001,06,浜名湖,2,20261001-06-02,2,1,4660,宇田川信,B1,63,61,54.33,54.93,-0.61,0.0,100.0
20261001,06,浜名湖,2,20261001-06-02,3,3,4058,野末智一,A1,65,45,52.43,52.39,0.04,0.0,100.0
20261001,06,浜名湖,2,20261001-06-02,4,4,4458,抹香雄三,B1,43,57,48.36,47.4,0.96,0.0,100.0
20261001,06,浜名湖,2,20261001-06-02,5,6,4120,柘植政浩,A2,12,64,38.94,39.25,-0.32,0.0,100.0
20261001,06,浜名湖,2,20261001-06-02,6,2,5347,井澤聖奈,B2,27,58,35.22,34.55,0.67,0.0,100.0
20261001,06,浜名湖,3,20261001-06-03,1,1,3471,赤峰和也,B1,20,65,58.33,56.66,1.67,0.0,100.0
20261001,06,浜名湖,3,20261001-06-03,2,3,4289,落合直子,A2,55,60,55.35,55.41,-0.06,0.0,100.0
20261001,06,浜名湖,3,20261001-06-03,3,4,4627,藤原菜希,A2,46,34,53.53,54.26,-0.73,0.0,100.0
20261001,06,浜名湖,3,20261001-06-03,4,2,3156,金子良昭,B1,48,63,51.48,50.95,1.25,0.71,100.0
20261001,06,浜名湖,3,20261001-06-03,5,6,4494,河合佑樹,A1,32,21,45.45,46.06,-0.6,0.0,100.0
20261001,06,浜名湖,3,20261001-06-03,6,5,5179,藤本元輝,B1,29,73,34.62,36.08,-1.47,0.0,90.0
20261001,06,浜名湖,4,20261001-06-04,1,1,4790,柳内敬太,A1,53,29,58.28,58.51,-0.23,0.0,100.0
20261001,06,浜名湖,4,20261001-06-04,2,2,4951,新田洋一,B1,25,53,48.62,48.01,0.6,0.0,100.0
20261001,06,浜名湖,4,20261001-06-04,3,6,3448,高山秀雄,B1,26,69,40.48,40.29,0.18,0.0,100.0
20261001,06,浜名湖,4,20261001-06-04,4,4,5323,香川陽太,B2,44,59,36.89,37.82,-0.93,0.0,100.0
20261001,06,浜名湖,4,20261001-06-04,5,5,5140,吉田彩乃,B1,7,33,35.76,36.16,-0.4,0.0,100.0
20261001,06,浜名湖,4,20261001-06-04,6,3,5383,中村楓,B1,30,46,32.89,32.92,-0.03,0.0,100.0
20261001,06,浜名湖,5,20261001-06-05,1,1,3411,池上隆行,B1,13,17,52.3,53.62,0.82,2.14,100.0
20261001,06,浜名湖,5,20261001-06-05,2,5,3623,深川真二,A1,15,48,52.25,53.73,-0.85,0.62,100.0
20261001,06,浜名湖,5,20261001-06-05,3,3,4403,木下大將,A2,57,30,51.58,53.3,-1.28,0.43,100.0
20261001,06,浜名湖,5,20261001-06-05,4,2,3828,明石正之,B1,41,70,42.26,43.6,-0.62,0.71,100.0
20261001,06,浜名湖,5,20261001-06-05,5,6,4635,峰重力也,A2,64,67,41.34,41.76,-0.41,0.0,100.0
20261001,06,浜名湖,5,20261001-06-05,6,4,4491,田中堅,B1,23,37,41.27,41.44,-0.17,0.0,100.0
20261001,06,浜名湖,6,20261001-06-06,1,2,5205,刑部亜里,A2,36,13,64.28,62.63,2.4,0.75,100.0
20261001,06,浜名湖,6,20261001-06-06,2,1,4473,藤堂里香,B1,35,14,54.61,57.54,-1.95,0.97,100.0
20261001,06,浜名湖,6,20261001-06-06,3,6,3641,一瀬明,A1,62,72,48.96,48.59,0.37,0.0,100.0
20261001,06,浜名湖,6,20261001-06-06,4,5,3562,山下和彦,A2,61,56,46.05,46.83,-0.78,0.0,100.0
20261001,06,浜名湖,6,20261001-06-06,5,4,4660,宇田川信,B1,63,61,41.31,41.91,-0.61,0.0,100.0
20261001,06,浜名湖,6,20261001-06-06,6,3,5270,小玉啓太,B1,47,32,31.83,34.45,-1.76,0.86,100.0
20261001,06,浜名湖,7,20261001-06-07,1,1,3975,小野寺智,A2,17,12,64.36,64.43,-0.07,0.0,100.0
20261001,06,浜名湖,7,20261001-06-07,2,3,4081,樋口範政,B1,38,76,49.52,49.58,-0.06,0.0,100.0
20261001,06,浜名湖,7,20261001-06-07,3,5,3813,佐藤大介,A1,33,15,49.5,49.4,0.1,0.0,100.0
20261001,06,浜名湖,7,20261001-06-07,4,2,4120,柘植政浩,A2,12,64,49.48,49.79,-0.32,0.0,100.0
20261001,06,浜名湖,7,20261001-06-07,5,4,3156,金子良昭,B1,48,63,47.14,46.61,1.25,0.71,100.0
20261001,06,浜名湖,7,20261001-06-07,6,6,5173,谷口佳蓮,B1,22,44,40.17,40.6,-0.43,0.0,100.0
20261001,06,浜名湖,8,20261001-06-08,1,1,5269,山口晃朋,A2,21,35,63.6,63.19,0.41,0.0,100.0
20261001,06,浜名湖,8,20261001-06-08,2,2,4892,柴田直哉,B1,19,43,52.81,52.38,0.43,0.0,100.0
20261001,06,浜名湖,8,20261001-06-08,3,4,4084,杉山正樹,A1,1,18,49.71,50.36,-0.65,0.0,100.0
20261001,06,浜名湖,8,20261001-06-08,4,5,5316,村松将平,B1,39,62,45.84,45.4,0.44,0.0,100.0
20261001,06,浜名湖,8,20261001-06-08,5,3,5179,藤本元輝,B1,29,73,40.13,41.59,-1.47,0.0,90.0
20261001,06,浜名湖,8,20261001-06-08,6,6,5383,中村楓,B1,30,46,25.45,25.48,-0.03,0.0,100.0
20261001,06,浜名湖,9,20261001-06-09,1,1,4069,山本修一,A2,28,66,56.1,56.15,0.51,0.57,100.0
20261001,06,浜名湖,9,20261001-06-09,2,2,4494,河合佑樹,A1,32,21,55.99,56.6,-0.6,0.0,100.0
20261001,06,浜名湖,9,20261001-06-09,3,5,3965,北中元樹,A1,16,25,47.35,47.49,0.29,0.43,100.0
20261001,06,浜名湖,9,20261001-06-09,4,6,4179,広次修,A2,59,68,44.42,44.5,-0.08,0.0,100.0
20261001,06,浜名湖,9,20261001-06-09,5,3,5323,香川陽太,B2,44,59,38.13,39.06,-0.93,0.0,100.0
20261001,06,浜名湖,9,20261001-06-09,6,4,5347,井澤聖奈,B2,27,58,30.88,30.21,0.67,0.0,100.0
20261001,06,浜名湖,10,20261001-06-10,1,3,3623,深川真二,A1,15,48,57.21,58.69,-0.85,0.62,100.0
20261001,06,浜名湖,10,20261001-06-10,2,1,3837,秋山広一,A2,60,51,55.77,56.03,-0.26,0.0,100.0
20261001,06,浜名湖,10,20261001-06-10,3,2,3448,高山秀雄,B1,26,69,51.02,50.83,0.18,0.0,100.0
20261001,06,浜名湖,10,20261001-06-10,4,5,4289,落合直子,A2,55,60,50.39,50.45,-0.06,0.0,100.0
20261001,06,浜名湖,10,20261001-06-10,5,6,4058,野末智一,A1,65,45,44.99,44.95,0.04,0.0,100.0
20261001,06,浜名湖,10,20261001-06-10,6,4,5169,堀本翔太,B2,6,71,37.83,36.72,1.11,0.0,100.0
20261001,06,浜名湖,11,20261001-06-11,1,1,3562,山下和彦,A2,61,56,62.79,63.57,-0.78,0.0,100.0
20261001,06,浜名湖,11,20261001-06-11,2,3,3813,佐藤大介,A1,33,15,54.46,54.36,0.1,0.0,100.0
20261001,06,浜名湖,11,20261001-06-11,3,6,4118,宇佐見淳,A2,58,24,52.04,50.91,1.13,0.0,100.0
20261001,06,浜名湖,11,20261001-06-11,4,2,3471,赤峰和也,B1,20,65,49.65,47.98,1.67,0.0,100.0
20261001,06,浜名湖,11,20261001-06-11,5,4,4790,柳内敬太,A1,53,29,45.26,45.49,-0.23,0.0,100.0
20261001,06,浜名湖,11,20261001-06-11,6,5,3411,池上隆行,B1,13,17,35.56,36.88,0.82,2.14,100.0
20261001,06,浜名湖,12,20261001-06-12,1,1,4084,杉山正樹,A1,1,18,62.73,63.38,-0.65,0.0,100.0
20261001,06,浜名湖,12,20261001-06-12,2,3,3641,一瀬明,A1,62,72,56.4,56.03,0.37,0.0,100.0
20261001,06,浜名湖,12,20261001-06-12,3,2,3975,小野寺智,A2,17,12,55.68,55.75,-0.07,0.0,100.0
20261001,06,浜名湖,12,20261001-06-12,4,4,4403,木下大將,A2,57,30,50.34,52.06,-1.28,0.43,100.0
20261001,06,浜名湖,12,20261001-06-12,5,6,4627,藤原菜希,A2,46,34,47.33,48.06,-0.73,0.0,100.0
20261001,06,浜名湖,12,20261001-06-12,6,5,4458,抹香雄三,B1,43,57,44.64,43.68,0.96,0.0,100.0
20261001,07,蒲郡,1,20261001-07-01,1,1,4863,三浦裕貴,B1,48,74,51.84,52.06,-0.22,0.0,100.0
20261001,07,蒲郡,1,20261001-07-01,2,2,4593,小坂宗司,A2,35,72,48.72,49.29,-0.57,0.0,100.0
20261001,07,蒲郡,1,20261001-07-01,3,4,3708,岡部貴司,B1,73,59,48.45,48.08,0.37,0.0,100.0
20261001,07,蒲郡,1,20261001-07-01,4,3,4626,伊藤紘章,B1,34,26,43.98,44.71,-0.73,0.0,100.0
20261001,07,蒲郡,1,20261001-07-01,5,6,3327,野長瀬正,A2,25,63,39.2,40.24,-0.57,0.47,100.0
20261001,07,蒲郡,1,20261001-07-01,6,5,4973,栗原直也,B1,49,55,35.99,37.16,-1.17,0.0,100.0
20261001,07,蒲郡,2,20261001-07-02,1,1,3796,長野道臣,B1,31,62,56.43,56.1,0.33,0.0,100.0
20261001,07,蒲郡,2,20261001-07-02,2,2,4413,水摩敦,A2,53,61,54.9,54.88,0.03,0.0,100.0
20261001,07,蒲郡,2,20261001-07-02,3,3,4434,田中辰彦,A2,67,69,53.24,53.92,-0.15,0.53,100.0
20261001,07,蒲郡,2,20261001-07-02,4,5,3912,川原正明,B1,66,51,51.49,51.14,0.35,0.0,100.0
20261001,07,蒲郡,2,20261001-07-02,5,6,4416,三宅健太,B1,43,76,49.26,48.56,0.7,0.0,100.0
20261001,07,蒲郡,2,20261001-07-02,6,4,5033,藤原孝斗,B1,60,60,40.61,41.65,-1.04,0.0,100.0
20261001,07,蒲郡,3,20261001-07-03,1,2,4475,末永祐輝,A1,39,50,55.9,55.96,0.35,0.41,100.0
20261001,07,蒲郡,3,20261001-07-03,2,1,4674,池田剛規,B1,19,45,53.41,54.32,-0.9,0.0,100.0
20261001,07,蒲郡,3,20261001-07-03,3,6,4643,近江翔吾,A2,52,15,50.91,50.13,0.77,0.0,100.0
20261001,07,蒲郡,3,20261001-07-03,4,4,4979,中野夢斗,B1,59,12,44.55,43.64,0.91,0.0,100.0
20261001,07,蒲郡,3,20261001-07-03,5,5,3563,堤昇,B1,37,24,44.04,44.02,0.02,0.0,100.0
20261001,07,蒲郡,3,20261001-07-03,6,3,4521,小池公生,B1,12,52,39.19,39.66,-0.47,0.0,100.0
20261001,07,蒲郡,4,20261001-07-04,1,1,3442,宮武英司,B1,57,18,55.4,53.88,1.52,0.0,100.0
20261001,07,蒲郡,4,20261001-07-04,2,5,4036,金田諭,A1,45,49,55.38,55.42,-0.04,0.0,100.0
20261001,07,蒲郡,4,20261001-07-04,3,2,4423,坂口貴彦,B1,36,13,49.84,49.71,0.13,0.0,100.0
20261001,07,蒲郡,4,20261001-07-04,4,3,4822,百武翔,A2,20,14,46.15,46.56,-0.41,0.0,100.0
20261001,07,蒲郡,4,20261001-07-04,5,4,4811,向井田佑,B1,70,31,41.48,41.68,-0.2,0.0,100.0
20261001,07,蒲郡,4,20261001-07-04,6,6,3441,土屋太朗,B1,72,11,31.41,32.02,-0.61,0.0,100.0
20261001,07,蒲郡,5,20261001-07-05,1,2,4245,高橋直哉,B1,33,53,60.85,59.04,1.81,0.0,100.0
20261001,07,蒲郡,5,20261001-07-05,2,1,5000,岡本翔太,B1,76,17,53.48,54.47,-0.98,0.0,100.0
20261001,07,蒲郡,5,20261001-07-05,3,5,4060,島田一生,B1,47,34,48.18,48.1,0.08,0.0,100.0
20261001,07,蒲郡,5,20261001-07-05,4,3,4535,北山康介,A2,28,25,45.97,47.01,-1.04,0.0,100.0
20261001,07,蒲郡,5,20261001-07-05,5,6,4308,河村了,A1,22,22,43.63,43.81,-0.18,0.0,100.0
20261001,07,蒲郡,5,20261001-07-05,6,4,5008,羽野諒,B1,68,39,39.71,39.89,-0.18,0.0,100.0
20261001,07,蒲郡,6,20261001-07-06,1,3,4486,野村誠,A2,77,35,55.53,55.83,0.15,0.45,100.0
20261001,07,蒲郡,6,20261001-07-06,2,6,4418,茅原悠紀,A1,65,40,53.42,53.2,0.22,0.0,100.0
20261001,07,蒲郡,6,20261001-07-06,3,1,4692,酒井俊弘,B1,62,16,50.38,51.71,-1.33,0.0,100.0
20261001,07,蒲郡,6,20261001-07-06,4,2,5033,藤原孝斗,B1,60,60,44.95,45.99,-1.04,0.0,100.0
20261001,07,蒲郡,6,20261001-07-06,5,4,4863,三浦裕貴,B1,48,74,38.82,39.04,-0.22,0.0,100.0
20261001,07,蒲郡,6,20261001-07-06,6,5,4273,佐藤旭,B1,30,23,38.01,38.16,-0.15,0.0,100.0
20261001,07,蒲郡,7,20261001-07-07,1,1,4434,田中辰彦,A2,67,69,65.02,65.7,-0.15,0.53,100.0
20261001,07,蒲郡,7,20261001-07-07,2,3,4771,下寺秀和,A1,40,75,53.58,53.66,-0.08,0.0,100.0
20261001,07,蒲郡,7,20261001-07-07,3,4,4933,板橋侑我,A2,16,21,53.12,52.23,0.89,0.0,100.0
20261001,07,蒲郡,7,20261001-07-07,4,2,4626,伊藤紘章,B1,34,26,47.08,47.81,-0.73,0.0,100.0
20261001,07,蒲郡,7,20261001-07-07,5,5,4652,酒見峻介,B1,23,71,43.61,42.71,0.9,0.0,100.0
20261001,07,蒲郡,7,20261001-07-07,6,6,5321,一色颯輝,B1,41,27,38.36,38.93,-0.57,0.0,100.0
20261001,07,蒲郡,8,20261001-07-08,1,1,4850,野中一平,A2,32,37,69.39,69.51,-0.12,0.0,100.0
20261001,07,蒲郡,8,20261001-07-08,2,4,4877,鈴谷一平,A1,18,28,61.26,61.32,-0.06,0.0,100.0
20261001,07,蒲郡,8,20261001-07-08,3,2,4811,向井田佑,B1,70,31,45.82,46.02,-0.2,0.0,100.0
20261001,07,蒲郡,8,20261001-07-08,4,3,4835,橋本明,B1,14,77,45.6,46.74,-1.13,0.0,100.0
20261001,07,蒲郡,8,20261001-07-08,5,5,4593,小坂宗司,A2,35,72,40.66,41.23,-0.57,0.0,100.0
20261001,07,蒲郡,8,20261001-07-08,6,6,4521,小池公生,B1,12,52,31.75,32.22,-0.47,0.0,100.0
20261001,07,蒲郡,9,20261001-07-09,1,2,4471,新田泰章,A1,64,67,59.64,59.69,-0.05,0.0,100.0
20261001,07,蒲郡,9,20261001-07-09,2,1,4535,北山康介,A2,28,25,57.75,58.79,-1.04,0.0,100.0
20261001,07,蒲郡,9,20261001-07-09,3,6,3557,太田和美,A1,11,48,51.74,51.98,0.21,0.44,100.0
20261001,07,蒲郡,9,20261001-07-09,4,3,3796,長野道臣,B1,31,62,44.65,44.32,0.33,0.0,100.0
20261001,07,蒲郡,9,20261001-07-09,5,4,4674,池田剛規,B1,19,45,40.39,41.3,-0.9,0.0,100.0
20261001,07,蒲郡,9,20261001-07-09,6,5,3442,宮武英司,B1,57,18,38.66,37.14,1.52,0.0,100.0
20261001,07,蒲郡,10,20261001-07-10,1,1,4512,高野哲史,A1,27,54,66.63,66.58,0.05,0.0,100.0
20261001,07,蒲郡,10,20261001-07-10,2,2,4463,三苫晃幸,A2,24,66,57.21,57.64,-0.43,0.0,100.0
20261001,07,蒲郡,10,20261001-07-10,3,6,4102,益田啓司,A1,17,20,53.56,52.06,1.5,0.0,100.0
20261001,07,蒲郡,10,20261001-07-10,4,5,4245,高橋直哉,B1,33,53,52.79,50.98,1.81,0.0,100.0
20261001,07,蒲郡,10,20261001-07-10,5,3,3327,野長瀬正,A2,25,63,46.64,47.68,-0.57,0.47,100.0
20261001,07,蒲郡,10,20261001-07-10,6,4,4423,坂口貴彦,B1,36,13,45.5,45.37,0.13,0.0,100.0
20261001,07,蒲郡,11,20261001-07-11,1,1,4475,末永祐輝,A1,39,50,64.58,64.64,0.35,0.41,100.0
20261001,07,蒲郡,11,20261001-07-11,2,2,4036,金田諭,A1,45,49,63.44,63.48,-0.04,0.0,100.0
20261001,07,蒲郡,11,20261001-07-11,3,4,4416,三宅健太,B1,43,76,55.46,54.76,0.7,0.0,100.0
20261001,07,蒲郡,11,20261001-07-11,4,3,4933,板橋侑我,A2,16,21,54.36,53.47,0.89,0.0,100.0
20261001,07,蒲郡,11,20261001-07-11,5,6,4486,野村誠,A2,77,35,48.09,48.39,0.15,0.45,100.0
20261001,07,蒲郡,11,20261001-07-11,6,5,3708,岡部貴司,B1,73,59,44.73,44.36,0.37,0.0,100.0
20261001,07,蒲郡,12,20261001-07-12,1,1,4771,下寺秀和,A1,40,75,65.36,65.44,-0.08,0.0,100.0
20261001,07,蒲郡,12,20261001-07-12,2,3,4418,茅原悠紀,A1,65,40,60.86,60.64,0.22,0.0,100.0
20261001,07,蒲郡,12,20261001-07-12,3,4,4643,近江翔吾,A2,52,15,57.11,56.33,0.77,0.0,100.0
20261001,07,蒲郡,12,20261001-07-12,4,2,4060,島田一生,B1,47,34,56.24,56.16,0.08,0.0,100.0
20261001,07,蒲郡,12,20261001-07-12,5,6,4877,鈴谷一平,A1,18,28,55.06,55.12,-0.06,0.0,100.0
20261001,07,蒲郡,12,20261001-07-12,6,5,4413,水摩敦,A2,53,61,46.84,46.82,0.03,0.0,100.0
20261001,09,津,1,20261001-09-01,1,1,3931,黒崎竜也,A2,28,13,66.09,66.29,0.25,0.45,100.0
20261001,09,津,1,20261001-09-01,2,2,4625,渡邊裕貴,B1,43,69,52.38,51.85,0.53,0.0,100.0
20261001,09,津,1,20261001-09-01,3,3,4200,早川尚人,B1,38,44,42.29,42.44,-0.16,0.0,100.0
20261001,09,津,1,20261001-09-01,4,5,3445,加藤高史,B1,30,17,40.42,40.74,-0.33,0.0,100.0
20261001,09,津,1,20261001-09-01,5,6,4457,神田達也,B1,41,34,39.56,38.58,0.98,0.0,100.0
20261001,09,津,1,20261001-09-01,6,4,5315,浅井翼,B2,21,33,33.15,33.91,-0.76,0.0,100.0
20261001,09,津,2,20261001-09-02,1,1,3605,中村守成,B1,25,54,52.48,52.55,-0.07,0.0,100.0
20261001,09,津,2,20261001-09-02,2,2,3891,谷口健一,B1,57,27,39.58,40.01,-0.43,0.0,100.0
20261001,09,津,2,20261001-09-02,3,5,3454,井川大作,B1,72,38,36.26,36.08,0.18,0.0,100.0
20261001,09,津,2,20261001-09-02,4,4,3306,武田正紀,B1,11,22,35.32,37.21,-1.89,0.0,100.0
20261001,09,津,2,20261001-09-02,5,3,4176,樋口喜彦,B2,27,74,35.16,36.03,-0.87,0.0,100.0
20261001,09,津,2,20261001-09-02,6,6,5266,石田勇斗,B1,18,65,33.06,33.23,-0.16,0.0,100.0
20261001,09,津,3,20261001-09-03,1,4,4394,永嶋裕一,A2,34,39,53.33,52.74,0.59,0.0,100.0
20261001,09,津,3,20261001-09-03,2,1,5103,芝田京介,B2,44,26,50.57,51.48,-0.91,0.0,100.0
20261001,09,津,3,20261001-09-03,3,6,4096,石橋道友,A1,53,23,48.39,48.85,-0.46,0.0,100.0
20261001,09,津,3,20261001-09-03,4,2,5011,高木圭大,B1,32,53,47.75,48.59,-0.84,0.0,100.0
20261001,09,津,3,20261001-09-03,5,3,4360,庄司孝輔,A2,13,64,47.15,48.18,-1.03,0.0,100.0
20261001,09,津,3,20261001-09-03,6,5,5441,鈴木雄登,B1,63,48,33.81,34.38,-0.57,0.0,100.0
20261001,09,津,4,20261001-09-04,1,2,3743,林美憲,A1,33,20,63.41,62.58,0.83,0.0,100.0
20261001,09,津,4,20261001-09-04,2,1,3647,伊藤雄二,B1,12,57,52.96,52.54,0.42,0.0,100.0
20261001,09,津,4,20261001-09-04,3,3,4402,乙藤智史,A2,26,18,47.79,49.04,-1.25,0.0,100.0
20261001,09,津,4,20261001-09-04,4,5,3811,石田章央,A1,35,40,42.67,43.99,-0.87,0.45,100.0
20261001,09,津,4,20261001-09-04,5,6,3550,都築正治,B1,68,50,42.36,42.94,-0.57,0.0,100.0
20261001,09,津,4,20261001-09-04,6,4,4022,待鳥雄紀,B1,61,21,42.25,41.76,0.49,0.0,100.0
20261001,09,津,5,20261001-09-05,1,1,4073,大橋純一,A1,20,67,65.39,65.41,-0.02,0.0,100.0
20261001,09,津,5,20261001-09-05,2,2,4094,中島真二,B1,52,52,42.94,43.53,-0.59,0.0,100.0
20261001,09,津,5,20261001-09-05,3,5,5208,屋良龍紀,B1,29,76,40.36,40.58,-0.21,0.0,100.0
20261001,09,津,5,20261001-09-05,4,3,4054,福嶋智之,B1,31,41,38.68,40.56,-1.2,0.68,100.0
20261001,09,津,5,20261001-09-05,5,4,4358,松本庸平,B1,55,63,38.42,38.28,0.14,0.0,100.0
20261001,09,津,5,20261001-09-05,6,6,5456,今村天次,B2,62,51,24.16,24.68,0.21,0.73,100.0
20261001,09,津,6,20261001-09-06,1,6,4350,篠崎元志,A1,47,36,59.57,59.32,0.25,0.0,100.0
20261001,09,津,6,20261001-09-06,2,1,4380,鈴木峻佑,B1,39,11,56.88,56.93,-0.05,0.0,100.0
20261001,09,津,6,20261001-09-06,3,2,4509,平見真彦,A2,51,45,53.12,54.01,-0.43,0.46,100.0
20261001,09,津,6,20261001-09-06,4,4,4578,藤山雅弘,A2,66,29,50.62,50.71,-0.09,0.0,100.0
20261001,09,津,6,20261001-09-06,5,3,5266,石田勇斗,B1,18,65,40.5,40.67,-0.16,0.0,100.0
20261001,09,津,6,20261001-09-06,6,5,5315,浅井翼,B2,21,33,29.43,30.19,-0.76,0.0,100.0
20261001,09,津,7,20261001-09-07,1,1,4336,松田竜馬,B1,69,68,55.89,55.85,0.04,0.0,100.0
20261001,09,津,7,20261001-09-07,2,5,4002,古結宏,A1,59,25,54.85,53.15,1.7,0.0,100.0
20261001,09,津,7,20261001-09-07,3,2,4319,三宅潤,A2,70,12,48.54,48.67,-0.13,0.0,100.0
20261001,09,津,7,20261001-09-07,4,4,4861,田中宏樹,A2,50,56,46.3,45.76,0.55,0.0,100.0
20261001,09,津,7,20261001-09-07,5,3,3605,中村守成,B1,25,54,40.7,40.77,-0.07,0.0,100.0
20261001,09,津,7,20261001-09-07,6,6,4200,早川尚人,B1,38,44,34.85,35.0,-0.16,0.0,100.0
20261001,09,津,8,20261001-09-08,1,2,4215,吉島祥之,A2,22,73,58.82,57.86,0.96,0.0,100.0
20261001,09,津,8,20261001-09-08,2,1,5011,高木圭大,B1,32,53,56.43,57.27,-0.84,0.0,100.0
20261001,09,津,8,20261001-09-08,3,4,3931,黒崎竜也,A2,28,13,53.07,53.27,0.25,0.45,100.0
20261001,09,津,8,20261001-09-08,4,3,4727,安部慎一,B1,64,47,52.88,52.1,0.78,0.0,100.0
20261001,09,津,8,20261001-09-08,5,6,3304,烏野賢太,A1,60,71,45.19,44.52,0.67,0.0,100.0
20261001,09,津,8,20261001-09-08,6,5,4176,樋口喜彦,B2,27,74,30.2,31.07,-0.87,0.0,100.0
20261001,09,津,9,20261001-09-09,1,1,4040,廣瀬将亨,A2,49,61,59.18,58.86,0.31,0.0,100.0
20261001,09,津,9,20261001-09-09,2,2,4096,石橋道友,A1,53,23,58.93,59.39,-0.46,0.0,100.0
20261001,09,津,9,20261001-09-09,3,5,3743,林美憲,A1,33,20,55.35,54.52,0.83,0.0,100.0
20261001,09,津,9,20261001-09-09,4,6,3712,淺香文武,B1,14,24,41.82,41.06,0.76,0.0,100.0
20261001,09,津,9,20261001-09-09,5,3,4094,中島真二,B1,52,52,39.84,40.43,-0.59,0.0,100.0
20261001,09,津,9,20261001-09-09,6,4,3891,谷口健一,B1,57,27,35.24,35.67,-0.43,0.0,100.0
20261001,09,津,10,20261001-09-10,1,1,4402,乙藤智史,A2,26,18,59.57,60.82,-1.25,0.0,100.0
20261001,09,津,10,20261001-09-10,2,2,4903,吉田凌太,A1,17,49,53.06,53.1,0.58,0.61,100.0
20261001,09,津,10,20261001-09-10,3,4,4049,荒川健太,A2,36,31,52.26,53.09,-0.83,0.0,100.0
20261001,09,津,10,20261001-09-10,4,3,4380,鈴木峻佑,B1,39,11,45.1,45.15,-0.05,0.0,100.0
20261001,09,津,10,20261001-09-10,5,5,4711,前出達吉,A2,71,30,43.69,43.44,0.25,0.0,100.0
20261001,09,津,10,20261001-09-10,6,6,5441,鈴木雄登,B1,63,48,31.33,31.9,-0.57,0.0,100.0
20261001,09,津,11,20261001-09-11,1,3,4350,篠崎元志,A1,47,36,67.01,66.76,0.25,0.0,100.0
20261001,09,津,11,20261001-09-11,2,1,3811,石田章央,A1,35,40,59.41,60.73,-0.87,0.45,100.0
20261001,09,津,11,20261001-09-11,3,5,4394,永嶋裕一,A2,34,39,49.61,49.02,0.59,0.0,100.0
20261001,09,津,11,20261001-09-11,4,2,5208,屋良龍紀,B1,29,76,48.42,48.64,-0.21,0.0,100.0
20261001,09,津,11,20261001-09-11,5,4,4457,神田達也,B1,41,34,45.76,44.78,0.98,0.0,100.0
20261001,09,津,11,20261001-09-11,6,6,4319,三宅潤,A2,70,12,38.0,38.13,-0.13,0.0,100.0
20261001,09,津,12,20261001-09-12,1,1,4002,古結宏,A1,59,25,71.59,69.89,1.7,0.0,100.0
20261001,09,津,12,20261001-09-12,2,2,4808,松尾拓,A2,67,14,63.94,64.22,-0.27,0.0,100.0
20261001,09,津,12,20261001-09-12,3,4,4073,大橋純一,A1,20,67,52.37,52.39,-0.02,0.0,100.0
20261001,09,津,12,20261001-09-12,4,5,4727,安部慎一,B1,64,47,47.92,47.14,0.78,0.0,100.0
20261001,09,津,12,20261001-09-12,5,3,3445,加藤高史,B1,30,17,45.38,45.7,-0.33,0.0,100.0
20261001,09,津,12,20261001-09-12,6,6,4360,庄司孝輔,A2,13,64,39.71,40.74,-1.03,0.0,100.0
20261001,12,住之江,1,20261001-12-01,1,1,4272,大場広孝,B1,11,82,58.9,58.25,0.66,0.0,90.0
20261001,12,住之江,1,20261001-12-01,2,2,4211,村田敦,B1,50,25,50.03,50.78,-0.76,0.0,100.0
20261001,12,住之江,1,20261001-12-01,3,3,4411,沢田昭宏,A2,51,35,45.7,46.81,-1.11,0.0,100.0
20261001,12,住之江,1,20261001-12-01,4,4,4395,下河雅史,B1,15,83,36.37,37.06,0.0,0.68,90.0
20261001,12,住之江,1,20261001-12-01,5,5,4059,入澤友治,B1,31,70,32.92,32.92,0.0,0.0,90.0
20261001,12,住之江,1,20261001-12-01,6,6,4651,佐藤大騎,B1,24,54,32.22,31.66,0.56,0.0,100.0
20261001,12,住之江,2,20261001-12-02,1,1,4995,田邉亮蔵,B1,68,23,57.53,56.85,0.68,0.0,90.0
20261001,12,住之江,2,20261001-12-02,2,3,5221,竹間隆晟,A1,52,28,55.63,54.9,0.73,0.0,90.0
20261001,12,住之江,2,20261001-12-02,3,2,4104,木下陽介,B1,13,87,43.63,46.08,-2.45,0.0,90.0
20261001,12,住之江,2,20261001-12-02,4,4,3564,桑原啓,B1,72,22,43.23,43.17,0.06,0.0,90.0
20261001,12,住之江,2,20261001-12-02,5,5,4422,永井亮次,B1,36,84,37.82,38.58,-0.75,0.0,100.0
20261001,12,住之江,2,20261001-12-02,6,6,5409,宮本琉正,B2,78,77,31.12,30.62,0.5,0.0,90.0
20261001,12,住之江,3,20261001-12-03,1,2,4702,三浦敬太,A1,81,39,60.93,60.31,0.62,0.0,90.0
20261001,12,住之江,3,20261001-12-03,2,1,3602,奥平拓也,B1,38,56,59.02,58.47,0.54,0.0,100.0
20261001,12,住之江,3,20261001-12-03,3,5,4122,安東幸治,A2,64,33,49.81,49.41,0.4,0.0,90.0
20261001,12,住之江,3,20261001-12-03,4,3,4697,國弘翔平,B1,18,20,46.44,46.62,-0.18,0.0,90.0
20261001,12,住之江,3,20261001-12-03,5,4,3432,宮迫暢彦,B1,35,50,44.15,43.72,0.43,0.0,90.0
20261001,12,住之江,3,20261001-12-03,6,6,5450,藤本遼磨,B2,25,52,22.45,23.01,-0.56,0.0,100.0
20261001,12,住之江,4,20261001-12-04,1,1,3904,森貴洋,B1,83,18,58.58,58.24,0.34,0.0,100.0
20261001,12,住之江,4,20261001-12-04,2,3,4086,寺本重宣,A2,73,17,52.14,52.65,-0.5,0.0,90.0
20261001,12,住之江,4,20261001-12-04,3,6,4136,江夏満,A1,80,38,47.71,47.76,-0.04,0.0,90.0
20261001,12,住之江,4,20261001-12-04,4,2,3951,石川吉鎬,B1,28,69,45.76,45.9,-0.15,0.0,90.0
20261001,12,住之江,4,20261001-12-04,5,4,5022,伊藤尚汰,B1,65,31,39.99,40.96,-0.98,0.0,100.0
20261001,12,住之江,4,20261001-12-04,6,5,4815,伏島祐介,B1,57,55,38.63,37.78,0.85,0.0,100.0
20261001,12,住之江,5,20261001-12-05,1,1,4424,松尾昂明,A2,76,11,61.29,61.26,0.03,0.0,90.0
20261001,12,住之江,5,20261001-12-05,2,2,4357,田中和也,A1,19,86,61.23,60.21,1.02,0.0,90.0
20261001,12,住之江,5,20261001-12-05,3,3,4314,青木幸太,A2,55,36,53.78,53.46,0.32,0.0,90.0
20261001,12,住之江,5,20261001-12-05,4,4,4598,加藤政彦,B1,23,89,49.52,49.08,0.44,0.0,90.0
20261001,12,住之江,5,20261001-12-05,5,5,4082,濱崎誠,B1,56,72,47.07,47.51,-0.45,0.0,90.0
20261001,12,住之江,5,20261001-12-05,6,6,4059,入澤友治,B1,31,70,30.16,30.16,0.0,0.0,90.0
20261001,12,住之江,6,20261001-12-06,1,1,4976,金山立樹,B1,27,15,56.27,57.49,-1.22,0.0,90.0
20261001,12,住之江,6,20261001-12-06,2,4,4427,秦英悟,A1,62,34,51.07,53.5,-2.43,0.0,100.0
20261001,12,住之江,6,20261001-12-06,3,2,4560,庄司樹良,A2,84,65,50.55,52.24,-0.87,0.81,90.0
20261001,12,住之江,6,20261001-12-06,4,3,4395,下河雅史,B1,15,83,37.75,38.43,0.0,0.68,90.0
20261001,12,住之江,6,20261001-12-06,5,5,3722,西村秀樹,B1,21,59,36.32,35.95,0.38,0.0,90.0
20261001,12,住之江,6,20261001-12-06,6,6,3107,平岡重典,B1,30,51,35.23,35.33,-0.11,0.0,90.0
20261001,12,住之江,7,20261001-12-07,1,1,4697,國弘翔平,B1,18,20,59.53,59.71,-0.18,0.0,90.0
20261001,12,住之江,7,20261001-12-07,2,2,4099,吉永則雄,A2,82,58,56.81,56.67,0.14,0.0,90.0
20261001,12,住之江,7,20261001-12-07,3,6,4759,今泉友吾,A1,37,63,52.62,51.71,0.91,0.0,90.0
20261001,12,住之江,7,20261001-12-07,4,4,4944,田代達也,B1,63,60,40.9,40.85,0.05,0.0,100.0
20261001,12,住之江,7,20261001-12-07,5,3,4651,佐藤大騎,B1,24,54,39.66,39.1,0.56,0.0,100.0
20261001,12,住之江,7,20261001-12-07,6,5,5105,富田恕生,B1,61,16,36.05,36.62,-0.57,0.0,100.0
20261001,12,住之江,8,20261001-12-08,1,1,4411,沢田昭宏,A2,51,35,57.48,58.59,-1.11,0.0,100.0
20261001,12,住之江,8,20261001-12-08,2,3,5028,原田才一,A1,71,27,53.44,54.58,-1.14,0.0,90.0
20261001,12,住之江,8,20261001-12-08,3,4,3904,森貴洋,B1,83,18,45.56,45.22,0.34,0.0,100.0
20261001,12,住之江,8,20261001-12-08,4,5,3613,角谷健吾,A2,16,74,45.5,45.35,0.15,0.0,90.0
20261001,12,住之江,8,20261001-12-08,5,2,4367,山口修路,B1,59,78,45.06,45.05,0.01,0.0,90.0
20261001,12,住之江,8,20261001-12-08,6,6,4104,木下陽介,B1,13,87,31.91,34.37,-2.45,0.0,90.0
20261001,12,住之江,9,20261001-12-09,1,1,4042,丸岡正典,A2,58,67,69.16,69.22,-0.06,0.0,90.0
20261001,12,住之江,9,20261001-12-09,2,4,4330,奈須啓太,A2,20,14,58.85,56.96,1.89,0.0,90.0
20261001,12,住之江,9,20261001-12-09,3,5,4608,荒井翔伍,A2,67,79,48.46,47.64,0.82,0.0,90.0
20261001,12,住之江,9,20261001-12-09,4,2,4138,中井俊祐,B1,26,12,45.55,44.93,0.61,0.0,100.0
20261001,12,住之江,9,20261001-12-09,5,6,4314,青木幸太,A2,55,36,45.51,45.2,0.32,0.0,90.0
20261001,12,住之江,9,20261001-12-09,6,3,4815,伏島祐介,B1,57,55,43.59,42.74,0.85,0.0,100.0
20261001,12,住之江,10,20261001-12-10,1,1,4351,里岡右貴,A1,70,19,64.47,64.77,-0.29,0.0,90.0
20261001,12,住之江,10,20261001-12-10,2,2,4122,安東幸治,A2,64,33,58.76,58.37,0.4,0.0,90.0
20261001,12,住之江,10,20261001-12-10,3,3,4976,金山立樹,B1,27,15,43.18,44.4,-1.22,0.0,90.0
20261001,12,住之江,10,20261001-12-10,4,4,4995,田邉亮蔵,B1,68,23,43.06,42.38,0.68,0.0,90.0
20261001,12,住之江,10,20261001-12-10,5,5,5289,佃來紀,A2,14,30,42.03,42.56,-0.1,0.43,100.0
20261001,12,住之江,10,20261001-12-10,6,6,3951,石川吉鎬,B1,28,69,34.04,34.19,-0.15,0.0,90.0
20261001,12,住之江,11,20261001-12-11,1,1,4366,前沢丈史,A1,12,81,60.85,60.85,0.0,0.0,90.0
20261001,12,住之江,11,20261001-12-11,2,4,5221,竹間隆晟,A1,52,28,54.25,53.52,0.73,0.0,90.0
20261001,12,住之江,11,20261001-12-11,3,3,4082,濱崎誠,B1,56,72,52.58,53.02,-0.45,0.0,90.0
20261001,12,住之江,11,20261001-12-11,4,2,5105,富田恕生,B1,61,16,44.11,44.68,-0.57,0.0,100.0
20261001,12,住之江,11,20261001-12-11,5,5,4272,大場広孝,B1,11,82,40.3,39.65,0.66,0.0,90.0
20261001,12,住之江,11,20261001-12-11,6,6,4560,庄司樹良,A2,84,65,38.84,40.53,-0.87,0.81,90.0
20261001,12,住之江,12,20261001-12-12,1,1,4427,秦英悟,A1,62,34,64.09,66.52,-2.43,0.0,100.0
20261001,12,住之江,12,20261001-12-12,2,3,4759,今泉友吾,A1,37,63,60.89,59.97,0.91,0.0,90.0
20261001,12,住之江,12,20261001-12-12,3,2,4136,江夏満,A1,80,38,59.42,59.47,-0.04,0.0,90.0
20261001,12,住之江,12,20261001-12-12,4,4,4702,三浦敬太,A1,81,39,56.11,55.49,0.62,0.0,90.0
20261001,12,住之江,12,20261001-12-12,5,5,4357,田中和也,A1,19,86,52.28,51.26,1.02,0.0,90.0
20261001,12,住之江,12,20261001-12-12,6,6,5028,原田才一,A1,71,27,45.17,46.31,-1.14,0.0,90.0
20261001,13,尼崎,1,20261001-13-01,1,3,5161,登玉隼百,A2,62,58,52.17,52.01,0.16,0.0,100.0
20261001,13,尼崎,1,20261001-13-01,2,1,5259,野田昇吾,B2,26,67,51.74,52.74,-1.01,0.0,90.0
20261001,13,尼崎,1,20261001-13-01,3,2,4639,雑賀勇貴,B1,9,61,47.33,47.19,0.75,0.61,90.0
20261001,13,尼崎,1,20261001-13-01,4,5,3606,川北浩貴,B1,20,50,42.72,41.96,0.76,0.0,90.0
20261001,13,尼崎,1,20261001-13-01,5,4,4219,本岡勝利,B1,40,25,42.1,41.89,0.21,0.0,90.0
20261001,13,尼崎,1,20261001-13-01,6,6,4548,篠木亜衣,B1,3,32,27.55,28.21,-0.66,0.0,90.0
20261001,13,尼崎,2,20261001-13-02,1,1,3434,松尾宣邦,B1,7,45,59.66,58.67,0.99,0.0,100.0
20261001,13,尼崎,2,20261001-13-02,2,4,4654,篠田優也,A1,34,39,52.65,52.69,-0.04,0.0,100.0
20261001,13,尼崎,2,20261001-13-02,3,2,5218,山田理央,A1,48,63,46.64,47.74,-1.1,0.0,90.0
20261001,13,尼崎,2,20261001-13-02,4,3,3901,松田憲幸,B2,6,11,45.71,45.18,0.53,0.0,90.0
20261001,13,尼崎,2,20261001-13-02,5,6,3974,深山祐二,B1,24,55,37.37,37.22,0.15,0.0,90.0
20261001,13,尼崎,2,20261001-13-02,6,5,4664,東口晃,B1,10,37,33.36,33.37,-0.01,0.0,100.0
20261001,13,尼崎,3,20261001-13-03,1,1,5031,渡辺空依,B1,2,60,62.36,62.55,-0.19,0.0,90.0
20261001,13,尼崎,3,20261001-13-03,2,2,4531,武富智亮,A2,39,36,62.06,61.57,0.49,0.0,90.0
20261001,13,尼崎,3,20261001-13-03,3,5,3556,田中信一,A1,61,35,55.27,54.85,0.42,0.0,90.0
20261001,13,尼崎,3,20261001-13-03,4,3,5264,登みひ果,B1,51,48,44.24,44.64,-0.4,0.0,100.0
20261001,13,尼崎,3,20261001-13-03,5,4,4683,向井田直,B2,19,68,42.92,42.41,0.5,0.0,90.0
20261001,13,尼崎,3,20261001-13-03,6,6,3790,佐口達也,B1,33,22,36.93,36.72,0.21,0.0,90.0
20261001,13,尼崎,4,20261001-13-04,1,1,4987,島倉都,B1,16,23,62.78,62.05,0.73,0.0,90.0
20261001,13,尼崎,4,20261001-13-04,2,2,4518,大須賀友,A1,56,70,61.44,61.57,-0.14,0.0,90.0
20261001,13,尼崎,4,20261001-13-04,3,4,3654,武田光史,A2,45,69,54.8,55.0,0.35,0.56,90.0
20261001,13,尼崎,4,20261001-13-04,4,3,3614,谷勝幸,B1,63,18,42.5,42.11,0.39,0.0,90.0
20261001,13,尼崎,4,20261001-13-04,5,5,4106,坂井康嗣,B1,36,27,36.27,36.72,-0.45,0.0,90.0
20261001,13,尼崎,4,20261001-13-04,6,6,3286,坂東満,B2,4,15,35.75,35.88,-0.13,0.0,90.0
20261001,13,尼崎,5,20261001-13-05,1,1,4700,金子和之,A2,49,72,69.37,68.81,0.57,0.0,90.0
20261001,13,尼崎,5,20261001-13-05,2,2,5257,西丸侑太,A1,37,42,64.29,62.95,1.34,0.0,90.0
20261001,13,尼崎,5,20261001-13-05,3,5,3995,重野哲之,A2,41,54,45.81,46.75,0.0,0.94,90.0
20261001,13,尼崎,5,20261001-13-05,4,3,4429,豊田泰洋,B1,15,17,39.85,39.9,-0.05,0.0,90.0
20261001,13,尼崎,5,20261001-13-05,5,4,5128,坪井爽佑,B1,47,43,39.1,40.01,-0.2,0.71,90.0
20261001,13,尼崎,5,20261001-13-05,6,6,5340,樋江井舞,B1,59,49,36.8,37.14,-0.34,0.0,100.0
20261001,13,尼崎,6,20261001-13-06,1,1,4539,金子賢志,A1,50,21,64.18,64.35,-0.17,0.0,90.0
20261001,13,尼崎,6,20261001-13-06,2,2,3478,嶋田貴支,B1,18,44,53.27,53.65,-0.38,0.0,90.0
20261001,13,尼崎,6,20261001-13-06,3,5,4546,浜田亜理,B1,58,30,49.13,49.41,-0.28,0.0,100.0
20261001,13,尼崎,6,20261001-13-06,4,4,4298,宮下元胤,A2,1,64,46.2,49.17,-2.97,0.0,100.0
20261001,13,尼崎,6,20261001-13-06,5,3,4226,村田浩司,B1,29,24,40.24,39.18,1.05,0.0,90.0
20261001,13,尼崎,6,20261001-13-06,6,6,5308,藤森拓海,B1,17,19,37.98,38.21,-0.23,0.0,90.0
20261001,13,尼崎,7,20261001-13-07,1,2,5281,井上遥妃,A1,25,26,57.07,57.18,-0.11,0.0,90.0
20261001,13,尼崎,7,20261001-13-07,2,1,4219,本岡勝利,B1,40,25,56.57,56.36,0.21,0.0,90.0
20261001,13,尼崎,7,20261001-13-07,3,3,5031,渡辺空依,B1,2,60,49.27,49.46,-0.19,0.0,90.0
20261001,13,尼崎,7,20261001-13-07,4,4,4365,盛本真輔,A2,57,47,46.55,46.67,-0.12,0.0,100.0
20261001,13,尼崎,7,20261001-13-07,5,5,3901,松田憲幸,B2,6,11,40.2,39.67,0.53,0.0,90.0
20261001,13,尼崎,7,20261001-13-07,6,6,4675,井手良太,A2,38,33,39.47,39.71,-0.24,0.0,90.0
20261001,13,尼崎,8,20261001-13-08,1,1,4443,津田裕絵,B1,43,53,60.78,60.86,-0.08,0.0,90.0
20261001,13,尼崎,8,20261001-13-08,2,2,4150,山田雄太,A2,31,57,59.22,59.25,-0.03,0.0,90.0
20261001,13,尼崎,8,20261001-13-08,3,4,3854,吉川元浩,A1,42,46,50.48,50.48,0.0,0.0,100.0
20261001,13,尼崎,8,20261001-13-08,4,3,4683,向井田直,B2,19,68,44.29,43.79,0.5,0.0,90.0
20261001,13,尼崎,8,20261001-13-08,5,6,4962,畑竜生,A2,21,13,43.04,43.09,-0.05,0.0,90.0
20261001,13,尼崎,8,20261001-13-08,6,5,3434,松尾宣邦,B1,7,45,42.92,41.93,0.99,0.0,100.0
20261001,13,尼崎,9,20261001-13-09,1,1,5161,登玉隼百,A2,62,58,63.95,63.79,0.16,0.0,100.0
20261001,13,尼崎,9,20261001-13-09,2,4,3514,山一鉄也,A2,5,74,49.82,49.19,0.62,0.0,100.0
20261001,13,尼崎,9,20261001-13-09,3,2,4819,蜂須瑞生,A2,46,59,46.46,48.88,-2.42,0.0,90.0
20261001,13,尼崎,9,20261001-13-09,4,3,3974,深山祐二,B1,24,55,45.64,45.48,0.15,0.0,90.0
20261001,13,尼崎,9,20261001-13-09,5,6,4254,川島圭司,A2,44,41,40.35,40.75,-0.4,0.0,90.0
20261001,13,尼崎,9,20261001-13-09,6,5,3614,谷勝幸,B1,63,18,36.99,36.6,0.39,0.0,90.0
20261001,13,尼崎,10,20261001-13-10,1,1,3995,重野哲之,A2,41,54,64.41,65.35,0.0,0.94,90.0
20261001,13,尼崎,10,20261001-13-10,2,2,3654,武田光史,A2,45,69,59.62,59.82,0.35,0.56,90.0
20261001,13,尼崎,10,20261001-13-10,3,3,3790,佐口達也,B1,33,22,45.19,44.99,0.21,0.0,90.0
20261001,13,尼崎,10,20261001-13-10,4,4,4226,村田浩司,B1,29,24,38.86,37.81,1.05,0.0,90.0
20261001,13,尼崎,10,20261001-13-10,5,5,5218,山田理央,A1,48,63,37.69,38.78,-1.1,0.0,90.0
20261001,13,尼崎,10,20261001-13-10,6,6,4639,雑賀勇貴,B1,9,61,35.62,35.48,0.75,0.61,90.0
20261001,13,尼崎,11,20261001-13-11,1,1,4654,篠田優也,A1,34,39,65.67,65.71,-0.04,0.0,100.0
20261001,13,尼崎,11,20261001-13-11,2,4,4700,金子和之,A2,49,72,54.91,54.34,0.57,0.0,90.0
20261001,13,尼崎,11,20261001-13-11,3,2,3606,川北浩貴,B1,20,50,51.68,50.91,0.76,0.0,90.0
20261001,13,尼崎,11,20261001-13-11,4,6,4531,武富智亮,A2,39,36,50.35,49.86,0.49,0.0,90.0
20261001,13,尼崎,11,20261001-13-11,5,3,4298,宮下元胤,A2,1,64,47.44,50.41,-2.97,0.0,100.0
20261001,13,尼崎,11,20261001-13-11,6,5,4987,島倉都,B1,16,23,44.18,43.45,0.73,0.0,90.0
20261001,13,尼崎,12,20261001-13-12,1,1,3854,吉川元浩,A1,42,46,63.5,63.5,0.0,0.0,100.0
20261001,13,尼崎,12,20261001-13-12,2,3,3556,田中信一,A1,61,35,60.78,60.36,0.42,0.0,90.0
20261001,13,尼崎,12,20261001-13-12,3,4,5257,西丸侑太,A1,37,42,59.47,58.13,1.34,0.0,90.0
20261001,13,尼崎,12,20261001-13-12,4,2,4539,金子賢志,A1,50,21,54.53,54.71,-0.17,0.0,90.0
20261001,13,尼崎,12,20261001-13-12,5,6,4518,大須賀友,A1,56,70,49.73,49.86,-0.14,0.0,90.0
20261001,13,尼崎,12,20261001-13-12,6,5,5281,井上遥妃,A1,25,26,48.12,48.22,-0.11,0.0,90.0
20261001,14,鳴門,1,20261001-14-01,1,1,4596,葛原大陽,A2,53,70,62.93,63.58,-0.09,0.57,100.0
20261001,14,鳴門,1,20261001-14-01,2,2,3477,近藤稔也,B1,37,62,45.11,45.25,-0.14,0.0,100.0
20261001,14,鳴門,1,20261001-14-01,3,3,5356,長谷川暖,B1,39,57,40.58,40.42,0.17,0.0,100.0
20261001,14,鳴門,1,20261001-14-01,4,5,5271,杉山太陽,B1,38,25,40.22,39.65,0.56,0.0,100.0
20261001,14,鳴門,1,20261001-14-01,5,4,3967,鈴木茂高,B1,66,71,36.14,37.01,-0.87,0.0,100.0
20261001,14,鳴門,1,20261001-14-01,6,6,5451,知念伶奈,B2,60,31,21.52,21.31,0.21,0.0,100.0
20261001,14,鳴門,2,20261001-14-02,1,1,3900,香川素子,A2,35,79,62.72,62.41,0.31,0.0,100.0
20261001,14,鳴門,2,20261001-14-02,2,3,3933,山地正樹,B1,22,14,55.24,54.83,0.41,0.0,100.0
20261001,14,鳴門,2,20261001-14-02,3,6,4506,稗田聖也,A1,25,27,50.78,50.49,0.3,0.0,100.0
20261001,14,鳴門,2,20261001-14-02,4,4,4693,松下誉士,B1,81,80,46.69,45.77,0.93,0.0,100.0
20261001,14,鳴門,2,20261001-14-02,5,2,4887,富澤祐作,B1,62,13,44.99,45.94,-0.95,0.0,100.0
20261001,14,鳴門,2,20261001-14-02,6,5,5428,古園井綾,B2,15,52,26.81,26.8,0.01,0.0,100.0
20261001,14,鳴門,3,20261001-14-03,1,1,3915,繁野谷圭,A2,70,33,64.44,64.53,-0.09,0.0,100.0
20261001,14,鳴門,3,20261001-14-03,2,6,4538,笠置博之,A1,28,50,54.86,54.86,0.0,0.0,100.0
20261001,14,鳴門,3,20261001-14-03,3,4,4694,高田綾,B1,77,29,45.99,45.67,0.32,0.0,100.0
20261001,14,鳴門,3,20261001-14-03,4,2,5355,萩原丈太,B1,64,20,45.55,44.79,0.76,0.0,100.0
20261001,14,鳴門,3,20261001-14-03,5,3,4116,川田正人,B1,29,34,43.45,43.3,0.15,0.0,100.0
20261001,14,鳴門,3,20261001-14-03,6,5,5462,山浦槙,B2,30,82,26.76,27.02,-0.26,0.0,100.0
20261001,14,鳴門,4,20261001-14-04,1,1,4286,平田さや,A2,68,32,62.49,62.96,-0.46,0.0,100.0
20261001,14,鳴門,4,20261001-14-04,2,4,3024,西島義則,B2,72,54,56.77,56.77,0.0,0.0,100.0
20261001,14,鳴門,4,20261001-14-04,3,6,3499,市川哲也,A1,83,22,49.68,48.13,2.11,0.56,100.0
20261001,14,鳴門,4,20261001-14-04,4,2,5307,富永夏哉,B1,80,55,49.08,48.33,0.76,0.0,100.0
20261001,14,鳴門,4,20261001-14-04,5,5,5117,冨名腰桃,B1,67,37,43.91,43.81,0.1,0.0,100.0
20261001,14,鳴門,4,20261001-14-04,6,3,5312,川辺郭人,B1,31,77,37.44,37.3,0.87,0.73,100.0
20261001,14,鳴門,5,20261001-14-05,1,1,4247,齊藤優,B1,84,15,59.69,59.12,0.57,0.0,100.0
20261001,14,鳴門,5,20261001-14-05,2,4,3618,海野ゆか,A1,58,24,53.39,52.54,0.84,0.0,100.0
20261001,14,鳴門,5,20261001-14-05,3,3,3548,室田泰史,A2,14,36,53.35,53.52,0.26,0.42,100.0
20261001,14,鳴門,5,20261001-14-05,4,2,4092,岡部大輔,B1,18,78,47.76,48.08,-0.32,0.0,100.0
20261001,14,鳴門,5,20261001-14-05,5,6,3874,山本寛久,A2,13,23,44.79,45.19,-0.4,0.0,100.0
20261001,14,鳴門,5,20261001-14-05,6,5,4325,新出浩司,B1,20,66,35.97,36.44,-0.47,0.0,100.0
20261001,14,鳴門,6,20261001-14-06,1,1,5041,荒牧凪沙,B1,82,76,62.11,61.93,0.18,0.0,100.0
20261001,14,鳴門,6,20261001-14-06,2,3,4148,枝尾賢,A2,17,74,57.26,56.77,0.48,0.0,100.0
20261001,14,鳴門,6,20261001-14-06,3,5,5036,福田翔吾,B1,50,12,49.58,49.27,0.31,0.0,100.0
20261001,14,鳴門,6,20261001-14-06,4,4,4676,後藤隼之,A2,57,35,49.28,49.91,-0.05,0.58,100.0
20261001,14,鳴門,6,20261001-14-06,5,2,3809,吉田光,B1,59,65,44.66,45.59,-0.29,0.64,100.0
20261001,14,鳴門,6,20261001-14-06,6,6,5428,古園井綾,B2,15,52,24.33,24.32,0.01,0.0,100.0
20261001,14,鳴門,7,20261001-14-07,1,3,3872,岡田憲行,A2,21,69,51.0,51.39,-0.38,0.0,100.0
20261001,14,鳴門,7,20261001-14-07,2,2,4694,高田綾,B1,77,29,50.33,50.01,0.32,0.0,100.0
20261001,14,鳴門,7,20261001-14-07,3,1,3580,水口由紀,B1,74,39,49.62,50.57,-0.95,0.0,100.0
20261001,14,鳴門,7,20261001-14-07,4,5,3439,大平誉史,A1,55,26,49.01,48.89,0.13,0.0,100.0
20261001,14,鳴門,7,20261001-14-07,5,6,4409,坂元浩仁,A1,75,61,44.92,44.83,0.09,0.0,100.0
20261001,14,鳴門,7,20261001-14-07,6,4,4887,富澤祐作,B1,62,13,40.65,41.6,-0.95,0.0,100.0
20261001,14,鳴門,8,20261001-14-08,1,1,4116,川田正人,B1,29,34,55.23,55.08,0.15,0.0,100.0
20261001,14,鳴門,8,20261001-14-08,2,2,4693,松下誉士,B1,81,80,51.03,50.11,0.93,0.0,100.0
20261001,14,鳴門,8,20261001-14-08,3,4,3412,鈴木博,A1,19,68,47.97,48.37,-0.4,0.0,100.0
20261001,14,鳴門,8,20261001-14-08,4,3,4895,門間雄大,A2,34,60,47.25,47.16,0.52,0.42,100.0
20261001,14,鳴門,8,20261001-14-08,5,5,5307,富永夏哉,B1,80,55,41.02,40.27,0.76,0.0,100.0
20261001,14,鳴門,8,20261001-14-08,6,6,5462,山浦槙,B2,30,82,24.28,24.54,-0.26,0.0,100.0
20261001,14,鳴門,9,20261001-14-09,1,3,5117,冨名腰桃,B1,67,37,48.87,48.77,0.1,0.0,100.0
20261001,14,鳴門,9,20261001-14-09,2,1,3587,武田信一,B1,36,28,48.69,48.82,-0.13,0.0,100.0
20261001,14,鳴門,9,20261001-14-09,3,6,4133,高橋正男,A2,63,19,43.66,44.31,-0.17,0.48,100.0
20261001,14,鳴門,9,20261001-14-09,4,2,4031,飯島誠,B1,78,83,41.56,42.67,-1.11,0.0,100.0
20261001,14,鳴門,9,20261001-14-09,5,4,5355,萩原丈太,B1,64,20,41.21,40.45,0.76,0.0,100.0
20261001,14,鳴門,9,20261001-14-09,6,5,4420,津久井拓,A2,69,16,38.4,39.55,-1.14,0.0,100.0
20261001,14,鳴門,10,20261001-14-10,1,1,4506,稗田聖也,A1,25,27,70.0,69.71,0.3,0.0,100.0
20261001,14,鳴門,10,20261001-14-10,2,2,3024,西島義則,B2,72,54,61.11,61.11,0.0,0.0,100.0
20261001,14,鳴門,10,20261001-14-10,3,4,3548,室田泰史,A2,14,36,52.11,52.28,0.26,0.42,100.0
20261001,14,鳴門,10,20261001-14-10,4,3,4676,後藤隼之,A2,57,35,50.52,51.15,-0.05,0.58,100.0
20261001,14,鳴門,10,20261001-14-10,5,6,4596,葛原大陽,A2,53,70,43.71,44.36,-0.09,0.57,100.0
20261001,14,鳴門,10,20261001-14-10,6,5,4247,齊藤優,B1,84,15,42.95,42.38,0.57,0.0,100.0
20261001,14,鳴門,11,20261001-14-11,1,1,3499,市川哲也,A1,83,22,68.9,67.35,2.11,0.56,100.0
20261001,14,鳴門,11,20261001-14-11,2,2,3933,山地正樹,B1,22,14,58.34,57.93,0.41,0.0,100.0
20261001,14,鳴門,11,20261001-14-11,3,3,3618,海野ゆか,A1,58,24,54.63,53.78,0.84,0.0,100.0
20261001,14,鳴門,11,20261001-14-11,4,4,3872,岡田憲行,A2,21,69,49.76,50.15,-0.38,0.0,100.0
20261001,14,鳴門,11,20261001-14-11,5,5,5041,荒牧凪沙,B1,82,76,45.37,45.19,0.18,0.0,100.0
20261001,14,鳴門,11,20261001-14-11,6,6,3915,繁野谷圭,A2,70,33,45.22,45.31,-0.09,0.0,100.0
20261001,14,鳴門,12,20261001-14-12,1,1,4538,笠置博之,A1,28,50,74.08,74.08,0.0,0.0,100.0
20261001,14,鳴門,12,20261001-14-12,2,2,5036,福田翔吾,B1,50,12,57.64,57.33,0.31,0.0,100.0
20261001,14,鳴門,12,20261001-14-12,3,4,4148,枝尾賢,A2,17,74,56.02,55.53,0.48,0.0,100.0
20261001,14,鳴門,12,20261001-14-12,4,3,3439,大平誉史,A1,55,26,53.97,53.85,0.13,0.0,100.0
20261001,14,鳴門,12,20261001-14-12,5,5,4286,平田さや,A2,68,32,45.75,46.22,-0.46,0.0,100.0
20261001,14,鳴門,12,20261001-14-12,6,6,3900,香川素子,A2,35,79,43.5,43.19,0.31,0.0,100.0
20261001,15,丸亀,1,20261001-15-01,1,1,5354,渡邊雄斗,B1,58,51,55.56,54.84,0.73,0.0,100.0
20261001,15,丸亀,1,20261001-15-01,2,2,5206,梅原祥平,B1,49,19,51.66,51.17,0.49,0.0,90.0
20261001,15,丸亀,1,20261001-15-01,3,4,4511,中岡健人,B1,50,34,48.63,48.52,0.11,0.0,100.0
20261001,15,丸亀,1,20261001-15-01,4,3,5333,山下智己,B2,45,31,35.69,35.53,0.17,0.0,100.0
20261001,15,丸亀,1,20261001-15-01,5,5,5346,中村紋夕,B1,33,66,27.09,26.66,0.43,0.0,100.0
20261001,15,丸亀,1,20261001-15-01,6,6,5418,堀内亜海,B2,10,23,20.1,20.19,-0.09,0.0,100.0
20261001,15,丸亀,2,20261001-15-02,1,4,5026,安河内健,A1,11,24,53.93,55.79,-1.86,0.0,100.0
20261001,15,丸亀,2,20261001-15-02,2,2,4821,妻鳥晋也,B1,25,21,51.43,50.88,0.55,0.0,100.0
20261001,15,丸亀,2,20261001-15-02,3,1,3305,小野信樹,B1,31,55,51.36,51.31,0.05,0.0,100.0
20261001,15,丸亀,2,20261001-15-02,4,3,5027,重冨勇哉,B1,12,65,47.9,47.9,0.0,0.0,90.0
20261001,15,丸亀,2,20261001-15-02,5,5,4281,大澤大夢,B1,34,38,47.04,46.95,0.08,0.0,100.0
20261001,15,丸亀,2,20261001-15-02,6,6,5464,宮田栞,B2,36,28,20.62,20.59,0.03,0.0,100.0
20261001,15,丸亀,3,20261001-15-03,1,1,3161,古場輝義,B1,32,41,55.34,55.08,0.26,0.0,100.0
20261001,15,丸亀,3,20261001-15-03,2,5,4064,原田篤志,A1,60,25,54.85,54.18,0.67,0.0,100.0
20261001,15,丸亀,3,20261001-15-03,3,3,5348,小林甘寧,B1,48,53,52.58,52.49,0.09,0.0,90.0
20261001,15,丸亀,3,20261001-15-03,4,2,4580,長谷川雅,B1,13,61,50.83,51.72,-0.89,0.0,90.0
20261001,15,丸亀,3,20261001-15-03,5,4,5207,高山敬悟,B1,39,60,45.88,45.41,0.47,0.0,100.0
20261001,15,丸亀,3,20261001-15-03,6,6,5471,田中結,B2,9,3,19.94,19.78,0.15,0.0,100.0
20261001,15,丸亀,4,20261001-15-04,1,1,4630,岩永雅人,A2,27,12,63.41,62.75,0.66,0.0,100.0
20261001,15,丸亀,4,20261001-15-04,2,6,3898,平田忠則,A1,5,8,57.6,57.28,0.32,0.0,100.0
20261001,15,丸亀,4,20261001-15-04,3,3,5359,佐藤世那,B1,6,54,53.06,51.84,1.21,0.0,100.0
20261001,15,丸亀,4,20261001-15-04,4,5,4300,加藤綾,B1,37,27,41.36,41.45,-0.09,0.0,100.0
20261001,15,丸亀,4,20261001-15-04,5,2,3869,井芹大志,B1,40,52,40.36,41.3,-0.94,0.0,100.0
20261001,15,丸亀,4,20261001-15-04,6,4,3977,山本兼士,B1,30,49,37.22,37.16,0.06,0.0,100.0
20261001,15,丸亀,5,20261001-15-05,1,1,4754,松尾充,A2,63,11,56.3,57.05,-0.74,0.0,100.0
20261001,15,丸亀,5,20261001-15-05,2,6,4514,上條嘉嗣,A1,65,14,51.16,51.73,-0.57,0.0,100.0
20261001,15,丸亀,5,20261001-15-05,3,5,4823,中村桃佳,A2,3,63,49.38,48.85,1.1,0.57,100.0
20261001,15,丸亀,5,20261001-15-05,4,3,3775,泉啓文,B1,24,33,49.0,47.92,1.08,0.0,100.0
20261001,15,丸亀,5,20261001-15-05,5,2,5231,寺田空詩,B1,29,44,43.09,45.26,-1.37,0.81,100.0
20261001,15,丸亀,5,20261001-15-05,6,4,5418,堀内亜海,B2,10,23,26.3,26.39,-0.09,0.0,100.0
20261001,15,丸亀,6,20261001-15-06,1,1,4191,赤羽克也,A1,61,58,62.96,63.24,-0.29,0.0,100.0
20261001,15,丸亀,6,20261001-15-06,2,2,4511,中岡健人,B1,50,34,52.97,52.86,0.11,0.0,100.0
20261001,15,丸亀,6,20261001-15-06,3,3,4672,守屋大地,B1,38,62,52.42,52.46,-0.04,0.0,100.0
20261001,15,丸亀,6,20261001-15-06,4,6,4095,福来剛,A1,7,22,50.91,52.02,-0.63,0.48,100.0
20261001,15,丸亀,6,20261001-15-06,5,5,3484,芝田浩治,A2,1,39,48.93,49.01,-0.07,0.0,100.0
20261001,15,丸亀,6,20261001-15-06,6,4,5177,松井貫太,B1,35,48,39.35,39.01,0.34,0.0,100.0
20261001,15,丸亀,7,20261001-15-07,1,1,4053,芦澤望,A2,28,57,60.89,60.49,0.39,0.0,100.0
20261001,15,丸亀,7,20261001-15-07,2,6,4545,岡村慶太,A1,47,16,55.25,54.71,0.54,0.0,100.0
20261001,15,丸亀,7,20261001-15-07,3,4,5206,梅原祥平,B1,49,19,46.84,46.35,0.49,0.0,90.0
20261001,15,丸亀,7,20261001-15-07,4,2,5262,鈴木章司,B1,57,17,41.36,41.19,0.17,0.0,100.0
20261001,15,丸亀,7,20261001-15-07,5,5,5010,宇留田翔,A2,26,56,41.24,41.6,0.12,0.48,100.0
20261001,15,丸亀,7,20261001-15-07,6,3,5346,中村紋夕,B1,33,66,32.05,31.62,0.43,0.0,100.0
20261001,15,丸亀,8,20261001-15-08,1,1,4260,中越博紀,B1,8,30,60.16,60.55,-0.39,0.0,100.0
20261001,15,丸亀,8,20261001-15-08,2,4,4925,森悠稀,A2,44,43,46.64,46.69,-0.05,0.0,100.0
20261001,15,丸亀,8,20261001-15-08,3,3,5098,大江純,B1,64,2,44.31,45.52,-0.56,0.65,100.0
20261001,15,丸亀,8,20261001-15-08,4,6,4193,郷原章平,A2,4,37,42.92,42.96,-0.04,0.0,100.0
20261001,15,丸亀,8,20261001-15-08,5,5,4580,長谷川雅,B1,13,61,41.87,42.76,-0.89,0.0,90.0
20261001,15,丸亀,8,20261001-15-08,6,2,5333,山下智己,B2,45,31,38.79,38.63,0.17,0.0,100.0
20261001,15,丸亀,9,20261001-15-09,1,1,4514,上條嘉嗣,A1,65,14,70.38,70.95,-0.57,0.0,100.0
20261001,15,丸亀,9,20261001-15-09,2,2,4064,原田篤志,A1,60,25,62.91,62.24,0.67,0.0,100.0
20261001,15,丸亀,9,20261001-15-09,3,3,5026,安河内健,A1,11,24,55.17,57.03,-1.86,0.0,100.0
20261001,15,丸亀,9,20261001-15-09,4,4,5359,佐藤世那,B1,6,54,51.82,50.6,1.21,0.0,100.0
20261001,15,丸亀,9,20261001-15-09,5,5,4754,松尾充,A2,63,11,39.56,40.31,-0.74,0.0,100.0
20261001,15,丸亀,9,20261001-15-09,6,6,5354,渡邊雄斗,B1,58,51,36.34,35.62,0.73,0.0,100.0
20261001,15,丸亀,10,20261001-15-10,1,1,4095,福来剛,A1,7,22,70.13,71.24,-0.63,0.48,100.0
20261001,15,丸亀,10,20261001-15-10,2,2,3898,平田忠則,A1,5,8,68.14,67.82,0.32,0.0,100.0
20261001,15,丸亀,10,20261001-15-10,3,3,4630,岩永雅人,A2,27,12,51.63,50.97,0.66,0.0,100.0
20261001,15,丸亀,10,20261001-15-10,4,4,3775,泉啓文,B1,24,33,47.76,46.68,1.08,0.0,100.0
20261001,15,丸亀,10,20261001-15-10,5,6,4191,赤羽克也,A1,61,58,43.74,44.02,-0.29,0.0,100.0
20261001,15,丸亀,10,20261001-15-10,6,5,4821,妻鳥晋也,B1,25,21,43.37,42.82,0.55,0.0,100.0
20261001,15,丸亀,11,20261001-15-11,1,1,4545,岡村慶太,A1,47,16,74.47,73.93,0.54,0.0,100.0
20261001,15,丸亀,11,20261001-15-11,2,2,4281,大澤大夢,B1,34,38,55.1,55.01,0.08,0.0,100.0
20261001,15,丸亀,11,20261001-15-11,3,3,4823,中村桃佳,A2,3,63,54.34,53.81,1.1,0.57,100.0
20261001,15,丸亀,11,20261001-15-11,4,4,4672,守屋大地,B1,38,62,51.18,51.22,-0.04,0.0,100.0
20261001,15,丸亀,11,20261001-15-11,5,5,4053,芦澤望,A2,28,57,44.15,43.75,0.39,0.0,100.0
20261001,15,丸亀,11,20261001-15-11,6,6,3161,古場輝義,B1,32,41,36.12,35.86,0.26,0.0,100.0
20261001,15,丸亀,12,20261001-15-12,1,1,4925,森悠稀,A2,44,43,59.66,59.71,-0.05,0.0,100.0
20261001,15,丸亀,12,20261001-15-12,2,3,3484,芝田浩治,A2,1,39,53.89,53.97,-0.07,0.0,100.0
20261001,15,丸亀,12,20261001-15-12,3,2,5010,宇留田翔,A2,26,56,49.3,49.66,0.12,0.48,100.0
20261001,15,丸亀,12,20261001-15-12,4,6,4715,村上遼,A1,23,9,48.64,48.91,0.11,0.38,100.0
20261001,15,丸亀,12,20261001-15-12,5,5,5348,小林甘寧,B1,48,53,47.07,46.98,0.09,0.0,90.0
20261001,15,丸亀,12,20261001-15-12,6,4,5027,重冨勇哉,B1,12,65,46.52,46.52,0.0,0.0,90.0
20261001,16,児島,1,20261001-16-01,1,1,3908,重成一人,A1,15,54,63.38,62.45,0.92,0.0,100.0
20261001,16,児島,1,20261001-16-01,2,2,4502,遠藤エミ,A1,67,39,56.64,56.46,0.18,0.0,100.0
20261001,16,児島,1,20261001-16-01,3,5,4370,山口達也,A1,30,47,54.91,54.7,0.21,0.0,100.0
20261001,16,児島,1,20261001-16-01,4,3,4959,井上忠政,A1,57,18,52.72,52.35,0.37,0.0,100.0
20261001,16,児島,1,20261001-16-01,5,4,4686,丸野一樹,A1,63,61,52.7,53.13,-0.44,0.0,100.0
20261001,16,児島,1,20261001-16-01,6,6,4907,小池修平,A1,68,32,45.46,46.33,-0.87,0.0,100.0
20261001,16,児島,2,20261001-16-02,1,2,4503,上野真之,A1,64,57,62.23,63.27,-1.04,0.0,100.0
20261001,16,児島,2,20261001-16-02,2,1,4704,河野大,A1,60,48,59.02,59.9,-0.88,0.0,100.0
20261001,16,児島,2,20261001-16-02,3,6,4831,羽野直也,A1,38,34,51.09,52.09,-1.0,0.0,100.0
20261001,16,児島,2,20261001-16-02,4,4,5051,松本純平,A1,61,19,49.39,49.99,-0.6,0.0,100.0
20261001,16,児島,2,20261001-16-02,5,5,4659,木下翔太,A1,29,51,46.35,47.19,-0.84,0.0,100.0
20261001,16,児島,2,20261001-16-02,6,3,3960,菊地孝平,A1,54,38,44.97,45.77,-0.8,0.0,100.0
20261001,16,児島,3,20261001-16-03,1,1,4812,西野雄貴,A1,35,59,62.67,62.43,0.24,0.0,100.0
20261001,16,児島,3,20261001-16-03,2,3,4352,下條雄太,A1,22,58,53.66,53.95,-0.28,0.0,100.0
20261001,16,児島,3,20261001-16-03,3,4,4205,山口剛,A1,32,46,51.12,52.19,-1.07,0.0,100.0
20261001,16,児島,3,20261001-16-03,4,6,4266,長田頼宗,A1,24,63,51.01,49.56,1.45,0.0,100.0
20261001,16,児島,3,20261001-16-03,5,5,4586,磯部誠,A1,55,17,48.04,49.02,-0.98,0.0,100.0
20261001,16,児島,3,20261001-16-03,6,2,4713,白神優,A1,33,74,48.03,49.64,-1.6,0.0,100.0
20261001,16,児島,4,20261001-16-04,1,2,4445,宮地元輝,A1,18,43,54.76,55.63,-0.87,0.0,100.0
20261001,16,児島,4,20261001-16-04,2,3,4851,関浩哉,A1,23,14,52.46,52.88,-0.42,0.0,100.0
20261001,16,児島,4,20261001-16-04,3,1,3984,坂口周,A1,37,23,51.28,52.64,-1.36,0.0,100.0
20261001,16,児島,4,20261001-16-04,4,4,4590,渡邉優美,A1,16,70,48.88,49.19,0.26,0.57,100.0
20261001,16,児島,4,20261001-16-04,5,5,4361,柳生泰二,A1,59,15,48.57,50.66,-1.63,0.45,100.0
20261001,16,児島,4,20261001-16-04,6,6,3744,徳増秀樹,A1,49,30,40.82,41.48,-0.66,0.0,100.0
20261001,16,児島,5,20261001-16-05,1,1,4928,栗城匠,A1,41,26,69.33,69.61,-0.28,0.0,100.0
20261001,16,児島,5,20261001-16-05,2,3,4444,桐生順平,A1,20,56,61.72,61.41,0.31,0.0,100.0
20261001,16,児島,5,20261001-16-05,3,4,4980,佐々木完,A1,11,69,50.68,52.54,-1.86,0.0,100.0
20261001,16,児島,5,20261001-16-05,4,2,4482,守屋美穂,A1,53,60,48.5,50.25,-1.75,0.0,100.0
20261001,16,児島,5,20261001-16-05,5,5,3415,松井繁,A1,27,62,44.09,45.73,-1.64,0.0,100.0
20261001,16,児島,5,20261001-16-05,6,6,4537,渡邉和将,A1,62,20,42.11,44.5,-1.98,0.42,100.0
20261001,16,児島,6,20261001-16-06,1,4,4762,藤原啓史,A1,58,49,60.75,60.6,0.15,0.0,100.0
20261001,16,児島,6,20261001-16-06,2,1,4528,黒井達矢,A1,52,42,55.99,57.4,-1.41,0.0,100.0
20261001,16,児島,6,20261001-16-06,3,2,4398,船岡洋一,A1,14,45,52.14,53.63,-1.49,0.0,100.0
20261001,16,児島,6,20261001-16-06,4,3,4468,大池佑来,A1,13,68,51.85,53.66,-1.2,0.61,100.0
20261001,16,児島,6,20261001-16-06,5,5,4371,西山貴浩,A1,45,29,47.52,47.71,-0.19,0.0,100.0
20261001,16,児島,6,20261001-16-06,6,6,3822,平尾崇典,A1,65,31,43.13,44.5,-1.37,0.0,100.0
20261001,16,児島,7,20261001-16-07,1,1,4959,井上忠政,A1,57,18,64.5,64.13,0.37,0.0,100.0
20261001,16,児島,7,20261001-16-07,2,2,4787,椎名豊,A1,50,50,60.56,61.42,-0.86,0.0,100.0
20261001,16,児島,7,20261001-16-07,3,4,4831,羽野直也,A1,38,34,57.29,58.29,-1.0,0.0,100.0
20261001,16,児島,7,20261001-16-07,4,5,4166,吉田拡郎,A1,21,22,50.74,51.37,-0.63,0.0,100.0
20261001,16,児島,7,20261001-16-07,5,3,4772,石丸海渡,A1,34,36,49.67,51.75,-2.08,0.0,100.0
20261001,16,児島,7,20261001-16-07,6,6,4677,片橋幸貴,A1,36,27,42.08,42.71,-0.63,0.0,100.0
20261001,16,児島,8,20261001-16-08,1,1,4659,木下翔太,A1,29,51,63.09,63.93,-0.84,0.0,100.0
20261001,16,児島,8,20261001-16-08,2,4,3941,池田浩二,A1,25,65,58.05,59.09,-0.54,0.5,100.0
20261001,16,児島,8,20261001-16-08,3,2,3908,重成一人,A1,15,54,54.7,53.77,0.92,0.0,100.0
20261001,16,児島,8,20261001-16-08,4,3,4581,吉村誠,A1,26,71,49.4,49.85,-0.45,0.0,100.0
20261001,16,児島,8,20261001-16-08,5,6,4324,海野康志,A1,12,40,47.44,48.27,-0.83,0.0,100.0
20261001,16,児島,8,20261001-16-08,6,5,4812,西野雄貴,A1,35,59,45.93,45.69,0.24,0.0,100.0
20261001,16,児島,9,20261001-16-09,1,1,4205,山口剛,A1,32,46,64.14,65.21,-1.07,0.0,100.0
20261001,16,児島,9,20261001-16-09,2,2,4397,西村拓也,A1,69,75,62.14,62.94,-0.8,0.0,100.0
20261001,16,児島,9,20261001-16-09,3,3,4686,丸野一樹,A1,63,61,53.94,54.37,-0.44,0.0,100.0
20261001,16,児島,9,20261001-16-09,4,6,4503,上野真之,A1,64,57,51.69,52.73,-1.04,0.0,100.0
20261001,16,児島,9,20261001-16-09,5,5,4776,竹田和哉,A1,56,52,50.26,51.51,-1.25,0.0,100.0
20261001,16,児島,9,20261001-16-09,6,4,4074,柳沢一,A1,17,44,48.17,49.7,-1.52,0.0,100.0
20261001,16,児島,10,20261001-16-10,1,1,4586,磯部誠,A1,55,17,64.78,65.77,-0.98,0.0,100.0
20261001,16,児島,10,20261001-16-10,2,2,3783,瓜生正義,A1,42,64,52.49,52.87,-0.38,0.0,100.0
20261001,16,児島,10,20261001-16-10,3,6,4370,山口達也,A1,30,47,52.43,52.22,0.21,0.0,100.0
20261001,16,児島,10,20261001-16-10,4,4,3779,原田幸哉,A1,66,66,49.95,50.51,-0.56,0.0,100.0
20261001,16,児島,10,20261001-16-10,5,5,3960,菊地孝平,A1,54,38,40.01,40.81,-0.8,0.0,100.0
20261001,16,児島,10,20261001-16-10,6,3,3984,坂口周,A1,37,23,39.5,40.86,-1.36,0.0,100.0
20261001,16,児島,11,20261001-16-11,1,2,4584,村岡賢人,A1,19,41,68.03,66.5,1.53,0.0,100.0
20261001,16,児島,11,20261001-16-11,2,1,4371,西山貴浩,A1,45,29,64.26,64.45,-0.19,0.0,100.0
20261001,16,児島,11,20261001-16-11,3,4,4497,桑原悠,A1,31,33,53.06,54.6,-1.06,0.48,100.0
20261001,16,児島,11,20261001-16-11,4,3,4980,佐々木完,A1,11,69,51.92,53.78,-1.86,0.0,100.0
20261001,16,児島,11,20261001-16-11,5,5,4445,宮地元輝,A1,18,43,46.7,47.57,-0.87,0.0,100.0
20261001,16,児島,11,20261001-16-11,6,6,4502,遠藤エミ,A1,67,39,46.1,45.92,0.18,0.0,100.0
20261001,16,児島,12,20261001-16-12,1,1,4444,桐生順平,A1,20,56,73.5,73.19,0.31,0.0,100.0
20261001,16,児島,12,20261001-16-12,2,3,4762,藤原啓史,A1,58,49,61.99,61.84,0.15,0.0,100.0
20261001,16,児島,12,20261001-16-12,3,4,4320,峰竜太,A1,44,25,61.91,63.16,-1.25,0.0,100.0
20261001,16,児島,12,20261001-16-12,4,2,4361,柳生泰二,A1,59,15,56.63,58.72,-1.63,0.45,100.0
20261001,16,児島,12,20261001-16-12,5,6,4960,黒野元基,A1,39,73,53.58,53.78,-0.2,0.0,100.0
20261001,16,児島,12,20261001-16-12,6,5,4787,椎名豊,A1,50,50,52.5,53.36,-0.86,0.0,100.0
20261001,19,下関,1,20261001-19-01,1,1,4844,村上奈穂,B1,18,31,59.2,59.06,0.14,0.0,100.0
20261001,19,下関,1,20261001-19-01,2,2,5335,森陽多,B1,50,59,47.73,47.14,0.59,0.0,100.0
20261001,19,下関,1,20261001-19-01,3,4,5416,龍田真白,B1,30,44,43.84,42.89,0.95,0.0,100.0
20261001,19,下関,1,20261001-19-01,4,5,5165,小林愛実,B1,69,45,43.33,43.73,-0.39,0.0,90.0
20261001,19,下関,1,20261001-19-01,5,6,4791,黒澤めぐ,B1,23,26,43.27,43.13,0.13,0.0,90.0
20261001,19,下関,1,20261001-19-01,6,3,5342,原村百那,B2,39,19,39.75,39.76,-0.01,0.0,100.0
20261001,19,下関,2,20261001-19-02,1,1,4720,西澤日花,B1,53,21,52.13,52.61,-0.48,0.0,90.0
20261001,19,下関,2,20261001-19-02,2,2,4678,水野望美,B1,15,40,51.95,51.58,0.36,0.0,90.0
20261001,19,下関,2,20261001-19-02,3,3,4014,片岡恵里,A2,40,34,50.18,51.4,-1.22,0.0,100.0
20261001,19,下関,2,20261001-19-02,4,5,5317,長尾萌加,B1,24,29,38.96,39.77,-0.28,0.53,90.0
20261001,19,下関,2,20261001-19-02,5,4,5287,滝沢織寧,B1,73,22,37.17,37.34,-0.17,0.0,90.0
20261001,19,下関,2,20261001-19-02,6,6,5265,大廣咲季,B1,60,48,33.41,32.35,1.06,0.0,90.0
20261001,19,下関,3,20261001-19-03,1,2,5189,藤原早菜,A2,46,43,56.44,55.64,0.8,0.0,90.0
20261001,19,下関,3,20261001-19-03,2,1,5052,赤井星璃,B1,38,47,54.24,54.21,0.03,0.0,90.0
20261001,19,下関,3,20261001-19-03,3,3,4775,千葉真弥,A2,58,33,53.94,53.86,0.08,0.0,90.0
20261001,19,下関,3,20261001-19-03,4,4,4045,佐々木裕,B1,71,32,49.8,49.35,0.44,0.0,100.0
20261001,19,下関,3,20261001-19-03,5,5,4400,加藤奈月,B1,45,65,32.82,33.3,-0.48,0.0,90.0
20261001,19,下関,3,20261001-19-03,6,6,5360,高木茉白,B1,72,68,26.64,28.71,-1.35,0.71,90.0
20261001,19,下関,4,20261001-19-04,1,1,5322,根岸真優,B1,47,42,58.27,57.48,0.79,0.0,90.0
20261001,19,下関,4,20261001-19-04,2,2,4373,若狭奈美,A1,17,73,56.82,56.92,-0.1,0.0,90.0
20261001,19,下関,4,20261001-19-04,3,5,4372,原田佑実,A2,27,55,50.95,50.5,0.45,0.0,90.0
20261001,19,下関,4,20261001-19-04,4,3,4893,渡邉真奈,B1,57,70,45.65,45.51,0.15,0.0,90.0
20261001,19,下関,4,20261001-19-04,5,4,5391,出穂和鼓,B2,59,16,32.26,33.43,-0.5,0.67,100.0
20261001,19,下関,4,20261001-19-04,6,6,5440,薗頭心,B2,52,66,27.04,27.11,-0.08,0.0,90.0
20261001,19,下関,5,20261001-19-05,1,1,4556,竹井奈美,A1,12,41,70.31,70.06,0.25,0.0,100.0
20261001,19,下関,5,20261001-19-05,2,4,5195,北村寧々,A2,54,12,51.87,50.88,1.0,0.0,90.0
20261001,19,下関,5,20261001-19-05,3,2,4997,濱崎寿里,B2,14,64,44.48,44.1,0.38,0.0,90.0
20261001,19,下関,5,20261001-19-05,4,5,4730,土屋実沙,B1,42,15,39.31,40.31,-1.0,0.0,90.0
20261001,19,下関,5,20261001-19-05,5,3,3943,三松直美,B2,43,50,37.77,37.77,0.0,0.0,90.0
20261001,19,下関,5,20261001-19-05,6,6,5437,中澤里桜,B2,48,39,24.53,24.52,0.01,0.0,90.0
20261001,19,下関,6,20261001-19-06,1,1,4804,高田ひか,A1,49,72,71.58,71.78,0.2,0.41,90.0
20261001,19,下関,6,20261001-19-06,2,2,4791,黒澤めぐ,B1,23,26,54.98,54.84,0.13,0.0,90.0
20261001,19,下関,6,20261001-19-06,3,3,5146,野田彩加,A2,65,23,51.52,50.59,0.93,0.0,90.0
20261001,19,下関,6,20261001-19-06,4,5,5250,嶋田有里,B1,44,63,43.88,42.54,1.34,0.0,90.0
20261001,19,下関,6,20261001-19-06,5,4,5317,長尾萌加,B1,24,29,43.1,43.9,-0.28,0.53,90.0
20261001,19,下関,6,20261001-19-06,6,6,4947,間庭菜摘,B1,64,20,35.45,35.33,0.12,0.0,90.0
20261001,19,下関,7,20261001-19-07,1,1,4784,向井田真,B1,19,56,59.15,58.72,0.43,0.0,90.0
20261001,19,下関,7,20261001-19-07,2,5,4387,平山智加,A1,55,14,52.83,52.22,0.61,0.0,100.0
20261001,19,下関,7,20261001-19-07,3,3,4536,喜井つか,A2,16,51,52.51,52.66,0.27,0.42,100.0
20261001,19,下関,7,20261001-19-07,4,2,5052,赤井星璃,B1,38,47,44.59,44.57,0.03,0.0,90.0
20261001,19,下関,7,20261001-19-07,5,4,4720,西澤日花,B1,53,21,37.66,38.14,-0.48,0.0,90.0
20261001,19,下関,7,20261001-19-07,6,6,5416,龍田真白,B1,30,44,37.64,36.69,0.95,0.0,100.0
20261001,19,下関,8,20261001-19-08,1,1,4938,小芦るり,A1,51,17,64.6,64.37,0.23,0.0,90.0
20261001,19,下関,8,20261001-19-08,2,2,4045,佐々木裕,B1,71,32,54.14,53.69,0.44,0.0,100.0
20261001,19,下関,8,20261001-19-08,3,4,3845,中谷朋子,A2,28,49,53.15,53.49,-0.35,0.0,90.0
20261001,19,下関,8,20261001-19-08,4,3,5326,三嶌さら,B1,13,36,45.46,45.75,-0.29,0.0,90.0
20261001,19,下関,8,20261001-19-08,5,5,5335,森陽多,B1,50,59,39.67,39.08,0.59,0.0,100.0
20261001,19,下関,8,20261001-19-08,6,6,4893,渡邉真奈,B1,57,70,37.39,37.24,0.15,0.0,90.0
20261001,19,下関,9,20261001-19-09,1,2,3334,角ひとみ,A2,70,62,58.75,57.29,1.45,0.0,100.0
20261001,19,下関,9,20261001-19-09,2,1,4730,土屋実沙,B1,42,15,57.91,58.91,-1.0,0.0,90.0
20261001,19,下関,9,20261001-19-09,3,3,4642,松尾夏海,A2,31,46,54.22,55.32,-1.09,0.0,90.0
20261001,19,下関,9,20261001-19-09,4,4,4927,関野文,A2,62,27,51.76,52.12,-0.37,0.0,90.0
20261001,19,下関,9,20261001-19-09,5,6,4853,前原哉,B1,36,58,34.48,34.4,0.08,0.0,90.0
20261001,19,下関,9,20261001-19-09,6,5,5391,出穂和鼓,B2,59,16,28.54,29.71,-0.5,0.67,100.0
20261001,19,下関,10,20261001-19-10,1,1,5045,平川香織,A2,21,38,60.45,61.45,-0.99,0.0,100.0
20261001,19,下関,10,20261001-19-10,2,2,5195,北村寧々,A2,54,12,56.7,55.7,1.0,0.0,90.0
20261001,19,下関,10,20261001-19-10,3,4,5250,嶋田有里,B1,44,63,48.01,46.68,1.34,0.0,90.0
20261001,19,下関,10,20261001-19-10,4,5,5189,藤原早菜,A2,46,43,47.49,46.69,0.8,0.0,90.0
20261001,19,下関,10,20261001-19-10,5,3,5265,大廣咲季,B1,60,48,41.68,40.61,1.06,0.0,90.0
20261001,19,下関,10,20261001-19-10,6,6,5342,原村百那,B2,39,19,32.31,32.32,-0.01,0.0,100.0
20261001,19,下関,11,20261001-19-11,1,1,4775,千葉真弥,A2,58,33,67.03,66.95,0.08,0.0,90.0
20261001,19,下関,11,20261001-19-11,2,3,4372,原田佑実,A2,27,55,56.46,56.01,0.45,0.0,90.0
20261001,19,下関,11,20261001-19-11,3,2,5146,野田彩加,A2,65,23,54.97,54.04,0.93,0.0,90.0
20261001,19,下関,11,20261001-19-11,4,5,4536,喜井つか,A2,16,51,47.55,47.7,0.27,0.42,100.0
20261001,19,下関,11,20261001-19-11,5,4,4844,村上奈穂,B1,18,31,46.18,46.04,0.14,0.0,100.0
20261001,19,下関,11,20261001-19-11,6,6,5287,滝沢織寧,B1,73,22,30.28,30.45,-0.17,0.0,90.0
20261001,19,下関,12,20261001-19-12,1,1,4387,平山智加,A1,55,14,69.57,68.95,0.61,0.0,100.0
20261001,19,下関,12,20261001-19-12,2,2,4556,竹井奈美,A1,12,41,61.63,61.38,0.25,0.0,100.0
20261001,19,下関,12,20261001-19-12,3,3,4804,高田ひか,A1,49,72,58.49,58.69,0.2,0.41,90.0
20261001,19,下関,12,20261001-19-12,4,4,4373,若狭奈美,A1,17,73,52.0,52.1,-0.1,0.0,90.0
20261001,19,下関,12,20261001-19-12,5,5,4938,小芦るり,A1,51,17,46.0,45.77,0.23,0.0,90.0
20261001,19,下関,12,20261001-19-12,6,6,4014,片岡恵里,A2,40,34,42.74,43.96,-1.22,0.0,100.0
20261001,22,福岡,1,20261001-22-01,1,1,4184,渡邊雄一,A1,39,154,71.74,72.02,-0.28,0.0,90.0
20261001,22,福岡,1,20261001-22-01,2,3,3784,中島友和,B1,26,115,49.34,48.64,0.69,0.0,90.0
20261001,22,福岡,1,20261001-22-01,3,4,3268,森竜也,B1,43,170,47.38,46.48,0.9,0.0,90.0
20261001,22,福岡,1,20261001-22-01,4,2,5337,出畑孝成,B1,71,128,42.87,42.55,0.32,0.0,100.0
20261001,22,福岡,1,20261001-22-01,5,5,4299,中島浩哉,B1,66,134,42.72,41.82,0.9,0.0,90.0
20261001,22,福岡,1,20261001-22-01,6,6,5067,山田真聖,B1,32,126,38.37,39.13,-0.21,0.55,90.0
20261001,22,福岡,2,20261001-22-02,1,1,3459,中野和裕,B1,24,157,55.52,55.66,0.53,0.67,90.0
20261001,22,福岡,2,20261001-22-02,2,2,4899,占部一真,B1,61,141,49.72,49.0,0.73,0.0,90.0
20261001,22,福岡,2,20261001-22-02,3,4,3957,大谷直弘,B1,33,118,43.73,43.75,-0.03,0.0,90.0
20261001,22,福岡,2,20261001-22-02,4,3,5006,久保原秀,B1,65,143,36.83,36.38,0.46,0.0,90.0
20261001,22,福岡,2,20261001-22-02,5,6,4164,岩永節也,B1,16,151,36.11,35.44,0.66,0.0,90.0
20261001,22,福岡,2,20261001-22-02,6,5,3797,岩井繁,B1,36,150,33.87,34.58,-0.7,0.0,90.0
20261001,22,福岡,3,20261001-22-03,1,3,5121,定松勇樹,A1,19,138,58.66,58.66,0.0,0.0,100.0
20261001,22,福岡,3,20261001-22-03,2,1,4406,幸野史明,B1,20,164,50.43,51.4,-0.97,0.0,100.0
20261001,22,福岡,3,20261001-22-03,3,4,3699,富永正人,B1,25,135,49.89,48.31,1.58,0.0,90.0
20261001,22,福岡,3,20261001-22-03,4,2,5020,宮村勇哉,B1,73,127,48.49,49.27,-0.78,0.0,90.0
20261001,22,福岡,3,20261001-22-03,5,5,4220,深川和仁,B1,18,101,47.88,47.34,1.06,0.52,90.0
20261001,22,福岡,3,20261001-22-03,6,6,5457,山田陽翔,B2,21,152,25.65,25.62,0.03,0.0,90.0
20261001,22,福岡,4,20261001-22-04,1,1,4396,大田直弥,B1,63,103,58.25,58.33,-0.08,0.0,90.0
20261001,22,福岡,4,20261001-22-04,2,2,3745,橋本年光,B1,52,109,54.46,53.96,0.49,0.0,90.0
20261001,22,福岡,4,20261001-22-04,3,4,4816,村松修二,A2,72,169,53.9,54.09,-0.19,0.0,90.0
20261001,22,福岡,4,20261001-22-04,4,3,5038,金田智博,A2,74,136,53.78,53.83,-0.05,0.0,90.0
20261001,22,福岡,4,20261001-22-04,5,5,3224,栗山繁洋,B1,56,124,35.8,36.08,-0.28,0.0,90.0
20261001,22,福岡,4,20261001-22-04,6,6,3955,眞田英二,B2,22,153,34.68,35.13,-0.45,0.0,90.0
20261001,22,福岡,5,20261001-22-05,1,1,3784,中島友和,B1,26,115,62.42,61.73,0.69,0.0,90.0
20261001,22,福岡,5,20261001-22-05,2,6,5068,前田滉,A1,46,102,54.09,53.16,0.93,0.0,90.0
20261001,22,福岡,5,20261001-22-05,3,5,4210,松村康太,A2,62,122,46.86,46.23,0.63,0.0,90.0
20261001,22,福岡,5,20261001-22-05,4,2,5092,篠原晟弥,A2,28,163,46.13,48.65,-1.78,0.73,100.0
20261001,22,福岡,5,20261001-22-05,5,4,3372,加藤雅之,B2,75,132,40.08,39.76,0.32,0.0,90.0
20261001,22,福岡,5,20261001-22-05,6,3,5369,岡崎凪汰,B1,50,146,37.8,38.28,-0.47,0.0,90.0
20261001,22,福岡,6,20261001-22-06,1,1,3957,大谷直弘,B1,33,118,58.19,58.22,-0.03,0.0,90.0
20261001,22,福岡,6,20261001-22-06,2,4,4428,有賀達也,A2,48,114,52.7,51.95,0.75,0.0,90.0
20261001,22,福岡,6,20261001-22-06,3,3,5016,宮田龍馬,A1,49,110,52.65,53.14,-0.49,0.0,100.0
20261001,22,福岡,6,20261001-22-06,4,2,4299,中島浩哉,B1,66,134,51.68,50.77,0.9,0.0,90.0
20261001,22,福岡,6,20261001-22-06,5,5,4459,片岡雅裕,A2,30,119,46.43,46.09,0.34,0.0,90.0
20261001,22,福岡,6,20261001-22-06,6,6,5469,今泉博人,B2,57,131,24.6,24.57,0.03,0.0,90.0
20261001,22,福岡,7,20261001-22-07,1,1,4579,中嶋健一,A2,47,159,65.36,65.74,-0.39,0.0,90.0
20261001,22,福岡,7,20261001-22-07,2,3,4798,浜先真範,A1,70,116,60.77,60.18,0.59,0.0,90.0
20261001,22,福岡,7,20261001-22-07,3,2,3361,岡部浩,B1,59,137,48.07,48.88,-0.82,0.0,90.0
20261001,22,福岡,7,20261001-22-07,4,4,3459,中野和裕,B1,24,157,41.05,41.19,0.53,0.67,90.0
20261001,22,福岡,7,20261001-22-07,5,5,4902,山川雄大,B1,51,113,40.42,40.49,-0.07,0.0,100.0
20261001,22,福岡,7,20261001-22-07,6,6,3964,宮地博士,B1,14,117,38.33,37.43,0.89,0.0,90.0
20261001,22,福岡,8,20261001-22-08,1,1,3473,石川真二,A1,34,174,74.16,75.08,-0.44,0.48,90.0
20261001,22,福岡,8,20261001-22-08,2,2,4164,岩永節也,B1,16,151,47.82,47.15,0.66,0.0,90.0
20261001,22,福岡,8,20261001-22-08,3,3,5067,山田真聖,B1,32,126,46.64,47.39,-0.21,0.55,90.0
20261001,22,福岡,8,20261001-22-08,4,4,5009,大賀龍之,A2,67,156,46.09,45.84,0.25,0.0,100.0
20261001,22,福岡,8,20261001-22-08,5,5,3699,富永正人,B1,25,135,45.76,44.18,1.58,0.0,90.0
20261001,22,福岡,8,20261001-22-08,6,6,5038,金田智博,A2,74,136,45.52,45.56,-0.05,0.0,90.0
20261001,22,福岡,9,20261001-22-09,1,1,4227,安達裕樹,A2,15,123,66.6,66.53,0.06,0.0,90.0
20261001,22,福岡,9,20261001-22-09,2,2,4816,村松修二,A2,72,169,58.72,58.91,-0.19,0.0,90.0
20261001,22,福岡,9,20261001-22-09,3,3,4210,松村康太,A2,62,122,52.37,51.74,0.63,0.0,90.0
20261001,22,福岡,9,20261001-22-09,4,6,4441,末永由楽,A2,64,130,47.03,46.46,0.57,0.0,90.0
20261001,22,福岡,9,20261001-22-09,5,4,5006,久保原秀,B1,65,143,35.46,35.0,0.46,0.0,90.0
20261001,22,福岡,9,20261001-22-09,6,5,5337,出畑孝成,B1,71,128,34.81,34.49,0.32,0.0,100.0
20261001,22,福岡,10,20261001-22-10,1,1,3265,今村暢孝,A2,44,133,57.17,57.84,-0.67,0.0,90.0
20261001,22,福岡,10,20261001-22-10,2,2,3711,江本真治,A2,13,171,54.55,54.54,0.0,0.0,90.0
20261001,22,福岡,10,20261001-22-10,3,4,4220,深川和仁,B1,18,101,52.02,51.47,1.06,0.52,90.0
20261001,22,福岡,10,20261001-22-10,4,5,4311,岡村仁,A1,58,147,47.11,47.23,-0.12,0.0,90.0
20261001,22,福岡,10,20261001-22-10,5,6,4428,有賀達也,A2,48,114,45.81,45.06,0.75,0.0,90.0
20261001,22,福岡,10,20261001-22-10,6,3,3224,栗山繁洋,B1,56,124,41.31,41.59,-0.28,0.0,90.0
20261001,22,福岡,11,20261001-22-11,1,1,4459,片岡雅裕,A2,30,119,65.03,64.69,0.34,0.0,90.0
20261001,22,福岡,11,20261001-22-11,2,4,4645,上村純一,A1,11,104,59.5,58.75,0.74,0.0,90.0
20261001,22,福岡,11,20261001-22-11,3,2,4788,小池哲也,A2,12,166,53.0,53.36,-0.36,0.0,90.0
20261001,22,福岡,11,20261001-22-11,4,3,4579,中嶋健一,A2,47,159,52.27,52.65,-0.39,0.0,90.0
20261001,22,福岡,11,20261001-22-11,5,5,3745,橋本年光,B1,52,109,45.5,45.01,0.49,0.0,90.0
20261001,22,福岡,11,20261001-22-11,6,6,5092,篠原晟弥,A2,28,163,35.59,38.11,-1.78,0.73,100.0
20261001,22,福岡,12,20261001-22-12,1,1,5121,定松勇樹,A1,19,138,70.44,70.44,0.0,0.0,100.0
20261001,22,福岡,12,20261001-22-12,2,2,3473,石川真二,A1,34,174,64.52,65.43,-0.44,0.48,90.0
20261001,22,福岡,12,20261001-22-12,3,3,5068,前田滉,A1,46,102,62.36,61.43,0.93,0.0,90.0
20261001,22,福岡,12,20261001-22-12,4,4,4184,渡邊雄一,A1,39,154,57.27,57.56,-0.28,0.0,90.0
20261001,22,福岡,12,20261001-22-12,5,6,4798,浜先真範,A1,70,116,52.5,51.91,0.59,0.0,90.0
20261001,22,福岡,12,20261001-22-12,6,5,5016,宮田龍馬,A1,49,110,47.69,48.18,-0.49,0.0,100.0
20261001,23,唐津,1,20261001-23-01,1,1,4108,吉村正明,A1,53,42,65.86,65.61,0.25,0.0,100.0
20261001,23,唐津,1,20261001-23-01,2,4,4119,泥谷一毅,B1,15,20,45.88,45.4,0.48,0.0,100.0
20261001,23,唐津,1,20261001-23-01,3,2,5204,宇恵有香,B2,8,41,44.11,43.11,1.0,0.0,100.0
20261001,23,唐津,1,20261001-23-01,4,3,5248,本田愛,B1,5,3,40.26,40.96,-0.7,0.0,100.0
20261001,23,唐津,1,20261001-23-01,5,5,4638,小林遼太,B1,19,52,37.8,37.98,-0.17,0.0,100.0
20261001,23,唐津,1,20261001-23-01,6,6,5429,吉川颯汰,B2,6,10,22.02,21.92,0.1,0.0,100.0
20261001,23,唐津,2,20261001-23-02,1,1,3918,深井利寿,A1,52,14,72.1,71.12,0.98,0.0,100.0
20261001,23,唐津,2,20261001-23-02,2,3,4112,大久保信,A2,18,11,54.95,56.37,-0.78,0.64,100.0
20261001,23,唐津,2,20261001-23-02,3,5,4733,赤井睦,B1,1,29,51.5,50.64,0.85,0.0,100.0
20261001,23,唐津,2,20261001-23-02,4,4,4154,森安弘雅,B1,23,55,47.37,46.96,0.41,0.0,100.0
20261001,23,唐津,2,20261001-23-02,5,2,5324,畑田希咲,B1,62,40,32.67,32.55,0.13,0.0,100.0
20261001,23,唐津,2,20261001-23-02,6,6,5423,高橋嗣穏,B2,3,45,23.42,24.46,-0.23,0.81,100.0
20261001,23,唐津,3,20261001-23-03,1,5,3541,三嶌誠司,A2,45,26,58.36,57.45,0.91,0.0,100.0
20261001,23,唐津,3,20261001-23-03,2,1,4121,富永修一,A2,57,44,58.03,57.75,0.29,0.0,100.0
20261001,23,唐津,3,20261001-23-03,3,4,4866,橋本英一,B1,16,38,45.29,44.82,0.47,0.0,100.0
20261001,23,唐津,3,20261001-23-03,4,2,5110,杉山喜一,B1,14,18,43.58,42.83,0.75,0.0,100.0
20261001,23,唐津,3,20261001-23-03,5,6,4747,山戸信二,B1,13,49,34.5,33.94,0.56,0.0,100.0
20261001,23,唐津,3,20261001-23-03,6,3,5297,南彩寧,B1,54,22,34.12,34.48,-0.36,0.0,100.0
20261001,23,唐津,4,20261001-23-04,1,3,4472,尾嶋一広,A1,61,58,62.27,62.43,-0.16,0.0,100.0
20261001,23,唐津,4,20261001-23-04,2,6,4575,戸塚邦好,A2,10,2,54.05,53.17,0.88,0.0,100.0
20261001,23,唐津,4,20261001-23-04,3,1,4782,浜崎準也,B1,60,5,49.09,48.5,0.59,0.0,100.0
20261001,23,唐津,4,20261001-23-04,4,2,3853,岩崎正哉,A2,9,57,46.84,46.73,0.11,0.0,100.0
20261001,23,唐津,4,20261001-23-04,5,4,3212,亀本勇樹,B1,47,54,40.15,41.17,-0.34,0.68,100.0
20261001,23,唐津,4,20261001-23-04,6,5,5039,倉田茂将,B1,55,32,33.76,32.47,1.28,0.0,100.0
20261001,23,唐津,5,20261001-23-05,1,1,4989,石原翼,A2,17,12,62.09,63.53,-0.68,0.75,100.0
20261001,23,唐津,5,20261001-23-05,2,2,5014,梶山涼斗,B1,24,21,49.01,48.7,0.31,0.0,100.0
20261001,23,唐津,5,20261001-23-05,3,6,4174,赤坂俊輔,A1,50,7,44.41,44.53,-0.12,0.0,100.0
20261001,23,唐津,5,20261001-23-05,4,3,4359,横川聖志,A2,2,33,41.78,42.26,-0.48,0.0,100.0
20261001,23,唐津,5,20261001-23-05,5,4,4229,市川美宏,B1,56,46,33.04,32.62,0.42,0.0,100.0
20261001,23,唐津,5,20261001-23-05,6,5,5429,吉川颯汰,B2,6,10,24.5,24.4,0.1,0.0,100.0
20261001,23,唐津,6,20261001-23-06,1,2,4172,森定晃史,A2,22,25,56.17,55.8,0.37,0.0,100.0
20261001,23,唐津,6,20261001-23-06,2,1,5248,本田愛,B1,5,3,52.04,52.74,-0.7,0.0,100.0
20261001,23,唐津,6,20261001-23-06,3,5,3983,須藤博倫,A1,21,31,49.39,51.13,-1.74,0.0,100.0
20261001,23,唐津,6,20261001-23-06,4,3,4000,松本博昭,A2,48,13,48.25,47.99,0.26,0.0,100.0
20261001,23,唐津,6,20261001-23-06,5,4,4417,服部剛,B1,25,56,45.73,44.73,1.0,0.0,100.0
20261001,23,唐津,6,20261001-23-06,6,6,5324,畑田希咲,B1,62,40,22.13,22.01,0.13,0.0,100.0
20261001,23,唐津,7,20261001-23-07,1,2,4543,重木輝彦,A1,20,16,60.66,60.69,-0.03,0.0,100.0
20261001,23,唐津,7,20261001-23-07,2,4,4948,木場悠介,B1,51,28,49.94,48.72,1.22,0.0,100.0
20261001,23,唐津,7,20261001-23-07,3,1,3175,渡辺千草,B1,58,23,49.86,49.39,0.47,0.0,100.0
20261001,23,唐津,7,20261001-23-07,4,3,4764,小池礼乃,B1,63,48,43.63,43.07,0.56,0.0,100.0
20261001,23,唐津,7,20261001-23-07,5,6,3319,山崎義明,A2,59,9,39.81,39.86,-0.05,0.0,100.0
20261001,23,唐津,7,20261001-23-07,6,5,5423,高橋嗣穏,B2,3,45,25.9,26.94,-0.23,0.81,100.0
20261001,23,唐津,8,20261001-23-08,1,1,4154,森安弘雅,B1,23,55,60.39,59.98,0.41,0.0,100.0
20261001,23,唐津,8,20261001-23-08,2,4,4483,北野輝季,A1,12,43,54.0,55.02,-1.02,0.0,100.0
20261001,23,唐津,8,20261001-23-08,3,2,4747,山戸信二,B1,13,49,45.04,44.48,0.56,0.0,100.0
20261001,23,唐津,8,20261001-23-08,4,3,5204,宇恵有香,B2,8,41,41.01,40.01,1.0,0.0,100.0
20261001,23,唐津,8,20261001-23-08,5,6,3212,亀本勇樹,B1,47,54,33.95,34.97,-0.34,0.68,100.0
20261001,23,唐津,8,20261001-23-08,6,5,4253,西川真人,B1,7,47,31.75,32.28,-0.53,0.0,100.0
20261001,23,唐津,9,20261001-23-09,1,2,4389,伊藤喜智,A2,46,34,58.88,58.33,0.54,0.0,100.0
20261001,23,唐津,9,20261001-23-09,2,3,4072,森永淳,A1,65,36,53.93,55.79,-1.86,0.0,100.0
20261001,23,唐津,9,20261001-23-09,3,1,5039,倉田茂将,B1,55,32,50.5,49.21,1.28,0.0,100.0
20261001,23,唐津,9,20261001-23-09,4,5,5106,山崎祥,A2,49,4,40.43,40.28,0.15,0.0,100.0
20261001,23,唐津,9,20261001-23-09,5,6,5407,中岡駿,B1,4,50,38.13,36.12,2.76,0.75,100.0
20261001,23,唐津,9,20261001-23-09,6,4,5297,南彩寧,B1,54,22,32.88,33.24,-0.36,0.0,100.0
20261001,23,唐津,10,20261001-23-10,1,2,3918,深井利寿,A1,52,14,63.42,62.44,0.98,0.0,100.0
20261001,23,唐津,10,20261001-23-10,2,1,4638,小林遼太,B1,19,52,54.54,54.72,-0.17,0.0,100.0
20261001,23,唐津,10,20261001-23-10,3,3,4989,石原翼,A2,17,12,50.31,51.75,-0.68,0.75,100.0
20261001,23,唐津,10,20261001-23-10,4,5,4121,富永修一,A2,57,44,41.29,41.01,0.29,0.0,100.0
20261001,23,唐津,10,20261001-23-10,5,6,4011,堀之内紀,A2,11,59,40.99,42.14,-0.64,0.51,100.0
20261001,23,唐津,10,20261001-23-10,6,4,3771,折下寛法,B1,64,8,36.68,36.25,0.42,0.0,100.0
20261001,23,唐津,11,20261001-23-11,1,1,4112,大久保信,A2,18,11,66.73,68.15,-0.78,0.64,100.0
20261001,23,唐津,11,20261001-23-11,2,3,4172,森定晃史,A2,22,25,53.07,52.7,0.37,0.0,100.0
20261001,23,唐津,11,20261001-23-11,3,4,4174,赤坂俊輔,A1,50,7,50.61,50.73,-0.12,0.0,100.0
20261001,23,唐津,11,20261001-23-11,4,2,4764,小池礼乃,B1,63,48,46.73,46.17,0.56,0.0,100.0
20261001,23,唐津,11,20261001-23-11,5,6,4119,泥谷一毅,B1,15,20,39.68,39.2,0.48,0.0,100.0
20261001,23,唐津,11,20261001-23-11,6,5,3853,岩崎正哉,A2,9,57,38.78,38.67,0.11,0.0,100.0
20261001,23,唐津,12,20261001-23-12,1,1,4483,北野輝季,A1,12,43,67.02,68.04,-1.02,0.0,100.0
20261001,23,唐津,12,20261001-23-12,2,5,4472,尾嶋一広,A1,61,58,57.31,57.47,-0.16,0.0,100.0
20261001,23,唐津,12,20261001-23-12,3,3,4108,吉村正明,A1,53,42,54.08,53.83,0.25,0.0,100.0
20261001,23,唐津,12,20261001-23-12,4,2,3319,山崎義明,A2,59,9,50.35,50.4,-0.05,0.0,100.0
20261001,23,唐津,12,20261001-23-12,5,6,4000,松本博昭,A2,48,13,40.81,40.55,0.26,0.0,100.0
20261001,23,唐津,12,20261001-23-12,6,4,4359,横川聖志,A2,2,33,40.54,41.02,-0.48,0.0,100.0
20261001,24,大村,1,20261001-24-01,1,1,4918,川島拓郎,B1,54,18,57.03,56.76,1.02,0.75,100.0
20261001,24,大村,1,20261001-24-01,2,2,4004,山本浩輔,B1,61,83,50.54,50.53,0.02,0.0,100.0
20261001,24,大村,1,20261001-24-01,3,4,4666,日笠勝弘,B1,80,35,49.46,48.25,1.21,0.0,100.0
20261001,24,大村,1,20261001-24-01,4,3,3842,星野太郎,B1,58,73,46.5,46.54,-0.04,0.0,100.0
20261001,24,大村,1,20261001-24-01,5,6,3509,池千夏,B1,36,53,33.2,33.12,0.07,0.0,100.0
20261001,24,大村,1,20261001-24-01,6,5,5192,中尾優香,B1,67,26,28.2,28.2,0.0,0.0,100.0
20261001,24,大村,2,20261001-24-02,1,1,5037,田頭虎親,B1,27,29,61.04,60.89,0.15,0.0,100.0
20261001,24,大村,2,20261001-24-02,2,6,4171,榎幸司,A2,81,56,53.44,52.48,0.96,0.0,100.0
20261001,24,大村,2,20261001-24-02,3,3,4555,富永大一,B1,57,30,53.28,52.16,1.12,0.0,100.0
20261001,24,大村,2,20261001-24-02,4,2,4068,幸田智裕,B1,70,85,53.04,52.63,0.42,0.0,100.0
20261001,24,大村,2,20261001-24-02,5,4,3930,岸本隆,A2,34,33,46.12,46.81,-0.2,0.48,100.0
20261001,24,大村,2,20261001-24-02,6,5,5446,長嶺真李,B2,21,49,22.94,22.82,0.12,0.0,100.0
20261001,24,大村,3,20261001-24-03,1,2,4442,松竹大輔,B1,62,54,56.07,56.14,0.68,0.75,100.0
20261001,24,大村,3,20261001-24-03,2,1,5236,小宮涼雅,B1,29,15,54.9,55.44,-0.54,0.0,100.0
20261001,24,大村,3,20261001-24-03,3,6,5054,佐々木大,A1,59,59,54.51,54.22,0.29,0.0,100.0
20261001,24,大村,3,20261001-24-03,4,3,4817,渡邉翼,A1,13,23,53.71,53.21,0.5,0.0,100.0
20261001,24,大村,3,20261001-24-03,5,4,4408,仁科さや,B1,71,86,44.63,43.76,0.87,0.0,100.0
20261001,24,大村,3,20261001-24-03,6,5,3528,笠野友紀,B1,63,65,38.64,38.72,-0.08,0.0,100.0
20261001,24,大村,4,20261001-24-04,1,2,4302,西野翔太,A1,50,61,57.04,57.19,-0.15,0.0,100.0
20261001,24,大村,4,20261001-24-04,2,3,4470,平田健之,A2,48,57,56.77,56.45,0.32,0.0,100.0
20261001,24,大村,4,20261001-24-04,3,1,5273,山下拓巳,B1,65,74,54.16,55.18,-0.36,0.65,100.0
20261001,24,大村,4,20261001-24-04,4,5,4680,後藤美翼,A2,12,32,45.84,45.31,0.53,0.0,100.0
20261001,24,大村,4,20261001-24-04,5,4,3701,大西隆洋,B1,49,84,40.03,39.99,0.04,0.0,100.0
20261001,24,大村,4,20261001-24-04,6,6,5420,吉原快誓,B2,23,55,23.88,24.94,-0.39,0.67,100.0
20261001,24,大村,5,20261001-24-05,1,1,4384,鶴本崇文,A1,20,20,66.25,66.0,0.25,0.0,100.0
20261001,24,大村,5,20261001-24-05,2,6,4793,金子萌,A2,72,25,53.55,52.85,0.69,0.0,100.0
20261001,24,大村,5,20261001-24-05,3,2,4452,松尾祭,A2,17,16,53.25,53.35,-0.1,0.0,100.0
20261001,24,大村,5,20261001-24-05,4,3,4204,柴田大輔,B1,64,13,46.24,45.72,0.52,0.0,100.0
20261001,24,大村,5,20261001-24-05,5,5,4431,石塚裕介,B1,28,80,43.24,42.67,0.57,0.0,100.0
20261001,24,大村,5,20261001-24-05,6,4,5384,八戸琉楓,B2,11,72,30.77,30.36,0.41,0.0,100.0
20261001,24,大村,6,20261001-24-06,1,2,4057,松井賢治,A2,44,76,56.65,56.68,-0.03,0.0,100.0
20261001,24,大村,6,20261001-24-06,2,3,4264,長尾章平,A1,69,21,51.48,51.1,0.38,0.0,100.0
20261001,24,大村,6,20261001-24-06,3,1,4708,半田尚也,B1,16,63,49.92,51.39,-1.47,0.0,100.0
20261001,24,大村,6,20261001-24-06,4,6,3685,荒井輝年,A2,60,68,43.16,44.29,-0.53,0.6,100.0
20261001,24,大村,6,20261001-24-06,5,5,4421,森作広大,B1,41,40,39.91,39.58,0.33,0.0,100.0
20261001,24,大村,6,20261001-24-06,6,4,3827,今泉徹,B1,19,58,33.85,34.69,-0.84,0.0,100.0
20261001,24,大村,7,20261001-24-07,1,1,4601,森野正弘,A1,32,52,71.52,71.21,0.31,0.0,100.0
20261001,24,大村,7,20261001-24-07,2,2,5065,伊久間陽,A2,79,41,49.29,50.89,-0.95,0.65,100.0
20261001,24,大村,7,20261001-24-07,3,3,4520,高倉孝太,A2,30,28,48.19,48.8,-0.18,0.43,100.0
20261001,24,大村,7,20261001-24-07,4,5,4408,仁科さや,B1,71,86,40.91,40.04,0.87,0.0,100.0
20261001,24,大村,7,20261001-24-07,5,4,3509,池千夏,B1,36,53,39.4,39.32,0.07,0.0,100.0
20261001,24,大村,7,20261001-24-07,6,6,5446,長嶺真李,B2,21,49,20.46,20.34,0.12,0.0,100.0
20261001,24,大村,8,20261001-24-08,1,1,3930,岸本隆,A2,34,33,59.14,59.83,-0.2,0.48,100.0
20261001,24,大村,8,20261001-24-08,2,4,4680,後藤美翼,A2,12,32,49.56,49.03,0.53,0.0,100.0
20261001,24,大村,8,20261001-24-08,3,2,3528,笠野友紀,B1,63,65,46.7,46.78,-0.08,0.0,100.0
20261001,24,大村,8,20261001-24-08,4,5,4248,岡本大,B1,22,78,38.74,38.71,0.03,0.0,100.0
20261001,24,大村,8,20261001-24-08,5,3,4339,平瀬城啓,B1,73,50,37.84,38.12,-0.28,0.0,100.0
20261001,24,大村,8,20261001-24-08,6,6,5192,中尾優香,B1,67,26,25.72,25.72,0.0,0.0,100.0
20261001,24,大村,9,20261001-24-09,1,1,4793,金子萌,A2,72,25,72.77,72.07,0.69,0.0,100.0
20261001,24,大村,9,20261001-24-09,2,2,4470,平田健之,A2,48,57,59.87,59.55,0.32,0.0,100.0
20261001,24,大村,9,20261001-24-09,3,3,4442,松竹大輔,B1,62,54,52.97,53.04,0.68,0.75,100.0
20261001,24,大村,9,20261001-24-09,4,4,4555,富永大一,B1,57,30,52.04,50.92,1.12,0.0,100.0
20261001,24,大村,9,20261001-24-09,5,6,4452,松尾祭,A2,17,16,42.71,42.81,-0.1,0.0,100.0
20261001,24,大村,9,20261001-24-09,6,5,4918,川島拓郎,B1,54,18,40.29,40.02,1.02,0.75,100.0
20261001,24,大村,10,20261001-24-10,1,1,4171,榎幸司,A2,81,56,72.66,71.7,0.96,0.0,100.0
20261001,24,大村,10,20261001-24-10,2,2,4384,鶴本崇文,A1,20,20,57.57,57.32,0.25,0.0,100.0
20261001,24,大村,10,20261001-24-10,3,4,4817,渡邉翼,A1,13,23,52.47,51.97,0.5,0.0,100.0
20261001,24,大村,10,20261001-24-10,4,3,4666,日笠勝弘,B1,80,35,50.7,49.49,1.21,0.0,100.0
20261001,24,大村,10,20261001-24-10,5,5,4264,長尾章平,A1,69,21,46.52,46.14,0.38,0.0,100.0
20261001,24,大村,10,20261001-24-10,6,6,4302,西野翔太,A1,50,61,46.5,46.65,-0.15,0.0,100.0
20261001,24,大村,11,20261001-24-11,1,1,5054,佐々木大,A1,59,59,73.73,73.44,0.29,0.0,100.0
20261001,24,大村,11,20261001-24-11,2,2,4601,森野正弘,A1,32,52,62.84,62.53,0.31,0.0,100.0
20261001,24,大村,11,20261001-24-11,3,4,4057,松井賢治,A2,44,76,52.31,52.34,-0.03,0.0,100.0
20261001,24,大村,11,20261001-24-11,4,3,4068,幸田智裕,B1,70,85,49.94,49.53,0.42,0.0,100.0
20261001,24,大村,11,20261001-24-11,5,6,4004,山本浩輔,B1,61,83,40.0,39.99,0.02,0.0,100.0
20261001,24,大村,11,20261001-24-11,6,5,5273,山下拓巳,B1,65,74,37.42,38.44,-0.36,0.65,100.0
20261001,24,大村,12,20261001-24-12,1,1,4520,高倉孝太,A2,30,28,59.97,60.58,-0.18,0.43,100.0
20261001,24,大村,12,20261001-24-12,2,3,5037,田頭虎親,B1,27,29,49.26,49.11,0.15,0.0,100.0
20261001,24,大村,12,20261001-24-12,3,2,4421,森作広大,B1,41,40,47.97,47.64,0.33,0.0,100.0
20261001,24,大村,12,20261001-24-12,4,5,4339,平瀬城啓,B1,73,50,32.88,33.16,-0.28,0.0,100.0
20261001,24,大村,12,20261001-24-12,5,4,5420,吉原快誓,B2,23,55,30.08,31.14,-0.39,0.67,100.0
20261001,24,大村,12,20261001-24-12,6,6,5384,八戸琉楓,B2,11,72,24.57,24.16,0.41,0.0,100.0
