date,venue_code,venue_name,race,race_id,boat,course,registration_no,racer_name,finish,st,race_time,motor_no,motor_top2_rate,boat_no,boat_top2_rate
20261002,4,平和島,1,20261002_04_01,1,,3793,高橋真吾,2,,,24,33.33,47,34.85
20261002,4,平和島,1,20261002_04_01,2,,3878,胡本悟志,6,,,51,35.19,57,50.0
20261002,4,平和島,1,20261002_04_01,3,,4027,松江秀徳,3,,,28,14.81,51,43.24
20261002,4,平和島,1,20261002_04_01,4,,3880,浅見宗孝,1,,,35,31.43,56,32.76
20261002,4,平和島,1,20261002_04_01,5,,3929,杢野誓良,5,,,13,31.34,14,36.36
20261002,4,平和島,1,20261002_04_01,6,,3826,村田修次,4,,,34,35.38,13,41.82
20261002,4,平和島,2,20261002_04_02,1,,3211,北川敏弘,1,,,43,35.29,50,21.74
20261002,4,平和島,2,20261002_04_02,2,,3516,吉原聖人,5,,,55,23.61,75,36.76
20261002,4,平和島,2,20261002_04_02,3,,3422,服部幸男,2,,,70,14.49,10,38.16
20261002,4,平和島,2,20261002_04_02,4,,3158,島川光男,3,,,63,30.77,11,26.76
20261002,4,平和島,2,20261002_04_02,5,,3690,河合三弘,6,,,65,30.0,66,20.55
20261002,4,平和島,2,20261002_04_02,6,,3997,北村征嗣,4,,,66,33.33,63,36.76
20261002,4,平和島,3,20261002_04_03,1,,3377,塚田修二,5,,,61,44.07,46,23.53
20261002,4,平和島,3,20261002_04_03,2,,3863,海老澤泰,3,,,44,16.92,44,28.99
20261002,4,平和島,3,20261002_04_03,3,,4076,杉田篤光,4,,,59,25.0,49,24.29
20261002,4,平和島,3,20261002_04_03,4,,3882,新田智彰,1,,,15,35.82,61,33.33
20261002,4,平和島,3,20261002_04_03,5,,3679,飯島昌弘,2,,,32,32.0,16,33.33
20261002,4,平和島,3,20261002_04_03,6,,3952,中澤和志,6,,,22,14.49,45,36.62
20261002,4,平和島,4,20261002_04_04,1,,3713,伊藤誠二,1,,,57,22.73,72,33.87
20261002,4,平和島,4,20261002_04_04,2,,3714,梶原正,3,,,14,38.71,55,41.77
20261002,4,平和島,4,20261002_04_04,3,,4131,原豊土,2,,,53,31.82,54,36.99
20261002,4,平和島,4,20261002_04_04,4,,3978,齊藤仁,4,,,11,35.0,62,34.18
20261002,4,平和島,4,20261002_04_04,5,,3961,谷村一哉,6,,,10,40.0,41,36.92
20261002,4,平和島,4,20261002_04_04,6,,3616,中村真,5,,,33,40.54,21,26.32
20261002,4,平和島,5,20261002_04_05,1,,3868,尾形栄治,6,,,54,22.39,60,47.06
20261002,4,平和島,5,20261002_04_05,2,,3297,藤丸光一,2,,,71,30.77,22,34.29
20261002,4,平和島,5,20261002_04_05,3,,3505,山田竜一,1,,,27,35.38,17,40.58
20261002,4,平和島,5,20261002_04_05,4,,3554,仲口博崇,5,,,49,21.74,15,20.59
20261002,4,平和島,5,20261002_04_05,5,,3973,崎利仁,4,,,50,54.1,19,35.21
20261002,4,平和島,5,20261002_04_05,6,,3988,古川誠之,3,,,67,15.71,65,27.42
20261002,4,平和島,6,20261002_04_06,1,,3880,浅見宗孝,2,,,35,31.43,56,32.76
20261002,4,平和島,6,20261002_04_06,2,,3944,山口裕二,1,,,68,44.07,70,39.39
20261002,4,平和島,6,20261002_04_06,3,,3532,柴田光,5,,,12,60.26,58,22.73
20261002,4,平和島,6,20261002_04_06,4,,3489,大場敏,4,,,45,21.21,68,43.08
20261002,4,平和島,6,20261002_04_06,5,,4077,品田直樹,6,,,25,41.67,12,25.97
20261002,4,平和島,6,20261002_04_06,6,,3619,長谷川充,3,,,47,23.68,18,28.13
20261002,4,平和島,7,20261002_04_07,1,,3686,鳥居塚孝,1,,,18,34.92,52,42.25
20261002,4,平和島,7,20261002_04_07,2,,3998,冨成謙児,2,,,39,19.4,74,29.85
20261002,4,平和島,7,20261002_04_07,3,,3826,村田修次,6,,,34,35.38,13,41.82
20261002,4,平和島,7,20261002_04_07,4,,3718,伊達正利,4,,,64,30.16,43,33.8
20261002,4,平和島,7,20261002_04_07,5,,3527,中嶋誠一,3,,,74,41.67,69,38.33
20261002,4,平和島,7,20261002_04_07,6,,3909,佐々木康,5,,,19,31.08,71,37.68
20261002,4,平和島,8,20261002_04_08,1,,3158,島川光男,1,,,63,30.77,11,26.76
20261002,4,平和島,8,20261002_04_08,2,,3741,松尾基成,3,,,40,36.51,64,18.6
20261002,4,平和島,8,20261002_04_08,3,,3211,北川敏弘,4,,,43,35.29,50,21.74
20261002,4,平和島,8,20261002_04_08,4,,3793,高橋真吾,2,,,24,33.33,47,34.85
20261002,4,平和島,8,20261002_04_08,5,,4047,吉永浩則,6,,,17,25.64,23,32.39
20261002,4,平和島,8,20261002_04_08,6,,4027,松江秀徳,5,,,28,14.81,51,43.24
20261002,4,平和島,9,20261002_04_09,1,,3422,服部幸男,1,,,70,14.49,10,38.16
20261002,4,平和島,9,20261002_04_09,2,,3430,角浜修,3,,,75,25.0,59,23.08
20261002,4,平和島,9,20261002_04_09,3,,3256,三角哲男,4,,,38,43.33,48,27.08
20261002,4,平和島,9,20261002_04_09,4,,3807,岡部哲,2,,,69,38.03,73,32.14
20261002,4,平和島,9,20261002_04_09,5,,4139,丹下健,5,,,56,20.0,53,42.25
20261002,4,平和島,9,20261002_04_09,6,,3391,鈴木茂正,6,,,20,33.82,67,40.3
20261002,4,平和島,10,20261002_04_10,1,,3952,中澤和志,5,,,22,14.49,45,36.62
20261002,4,平和島,10,20261002_04_10,2,,3961,谷村一哉,6,,,10,40.0,41,36.92
20261002,4,平和島,10,20261002_04_10,3,,3554,仲口博崇,3,,,49,21.74,15,20.59
20261002,4,平和島,10,20261002_04_10,4,,3505,山田竜一,1,,,27,35.38,17,40.58
20261002,4,平和島,10,20261002_04_10,5,,3863,海老澤泰,2,,,44,16.92,44,28.99
20261002,4,平和島,10,20261002_04_10,6,,3713,伊藤誠二,4,,,57,22.73,72,33.87
20261002,4,平和島,11,20261002_04_11,1,,3997,北村征嗣,1,,,66,33.33,63,36.76
20261002,4,平和島,11,20261002_04_11,2,,4077,品田直樹,3,,,25,41.67,12,25.97
20261002,4,平和島,11,20261002_04_11,3,,3978,齊藤仁,2,,,11,35.0,62,34.18
20261002,4,平和島,11,20261002_04_11,4,,4076,杉田篤光,5,,,59,25.0,49,24.29
20261002,4,平和島,11,20261002_04_11,5,,3944,山口裕二,6,,,68,44.07,70,39.39
20261002,4,平和島,11,20261002_04_11,6,,3868,尾形栄治,4,,,54,22.39,60,47.06
20261002,4,平和島,12,20261002_04_12,1,,3909,佐々木康,1,,,19,31.08,71,37.68
20261002,4,平和島,12,20261002_04_12,2,,3679,飯島昌弘,5,,,32,32.0,16,33.33
20261002,4,平和島,12,20261002_04_12,3,,3489,大場敏,4,,,45,21.21,68,43.08
20261002,4,平和島,12,20261002_04_12,4,,4131,原豊土,6,,,53,31.82,54,36.99
20261002,4,平和島,12,20261002_04_12,5,,3297,藤丸光一,2,,,71,30.77,22,34.29
20261002,4,平和島,12,20261002_04_12,6,,3686,鳥居塚孝,3,,,18,34.92,52,42.25
20261002,6,浜名湖,1,20261002_06_01,1,,5140,吉田彩乃,5,,,7,33.86,33,33.47
20261002,6,浜名湖,1,20261002_06_01,2,,5323,香川陽太,1,,,44,37.93,59,31.09
20261002,6,浜名湖,1,20261002_06_01,3,,4069,山本修一,4,,,28,27.08,66,34.35
20261002,6,浜名湖,1,20261002_06_01,4,,5179,藤本元輝,6,,,29,31.3,73,30.73
20261002,6,浜名湖,1,20261002_06_01,5,,5269,山口晃朋,2,,,21,26.32,35,35.32
20261002,6,浜名湖,1,20261002_06_01,6,,3411,池上隆行,3,,,13,40.16,17,35.44
20261002,6,浜名湖,2,20261002_06_02,1,,3828,明石正之,1,,,41,29.03,70,31.7
20261002,6,浜名湖,2,20261002_06_02,2,,4084,杉山正樹,3,,,1,40.48,18,33.19
20261002,6,浜名湖,2,20261002_06_02,3,,4627,藤原菜希,4,,,46,44.55,34,37.5
20261002,6,浜名湖,2,20261002_06_02,4,,5169,堀本翔太,2,,,6,32.46,71,35.86
20261002,6,浜名湖,2,20261002_06_02,5,,3448,高山秀雄,6,,,26,39.23,69,34.03
20261002,6,浜名湖,2,20261002_06_02,6,,5205,刑部亜里,5,,,36,29.59,13,31.74
20261002,6,浜名湖,3,20261002_06_03,1,,4081,樋口範政,4,,,38,45.59,76,37.45
20261002,6,浜名湖,3,20261002_06_03,2,,5173,谷口佳蓮,5,,,22,41.38,44,40.54
20261002,6,浜名湖,3,20261002_06_03,3,,4790,柳内敬太,1,,,53,32.11,29,34.44
20261002,6,浜名湖,3,20261002_06_03,4,,4118,宇佐見淳,2,,,58,32.08,24,36.36
20261002,6,浜名湖,3,20261002_06_03,5,,4635,峰重力也,3,,,64,21.25,67,37.44
20261002,6,浜名湖,3,20261002_06_03,6,,4473,藤堂里香,6,,,35,25.64,14,34.53
20261002,6,浜名湖,4,20261002_06_04,1,,3813,佐藤大介,1,,,33,22.83,15,33.89
20261002,6,浜名湖,4,20261002_06_04,2,,4458,抹香雄三,5,,,43,16.67,57,33.48
20261002,6,浜名湖,4,20261002_06_04,3,,3471,赤峰和也,3,,,20,42.37,65,33.61
20261002,6,浜名湖,4,20261002_06_04,4,,4951,新田洋一,4,,,25,22.35,53,34.16
20261002,6,浜名湖,4,20261002_06_04,5,,4940,白石有美,6,,,31,26.26,22,37.18
20261002,6,浜名湖,4,20261002_06_04,6,,5316,村松将平,2,,,39,20.69,62,38.06
20261002,6,浜名湖,5,20261002_06_05,1,,4491,田中堅,1,,,23,35.59,37,34.33
20261002,6,浜名湖,5,20261002_06_05,2,,4058,野末智一,4,,,65,25.56,45,43.22
20261002,6,浜名湖,5,20261002_06_05,3,,3965,北中元樹,2,,,16,31.58,25,35.06
20261002,6,浜名湖,5,20261002_06_05,4,,3837,秋山広一,3,,,60,16.18,51,30.64
20261002,6,浜名湖,5,20261002_06_05,5,,5383,中村楓,5,,,30,27.84,46,32.64
20261002,6,浜名湖,5,20261002_06_05,6,,3156,金子良昭,6,,,48,41.46,63,35.53
20261002,6,浜名湖,6,20261002_06_06,1,,4120,柘植政浩,1,,,12,20.48,64,31.17
20261002,6,浜名湖,6,20261002_06_06,2,,5269,山口晃朋,5,,,21,26.32,35,35.32
20261002,6,浜名湖,6,20261002_06_06,3,,5169,堀本翔太,2,,,6,32.46,71,35.86
20261002,6,浜名湖,6,20261002_06_06,4,,4179,広次修,6,,,59,34.21,68,35.68
20261002,6,浜名湖,6,20261002_06_06,5,,3641,一瀬明,3,,,62,41.9,72,33.05
20261002,6,浜名湖,6,20261002_06_06,6,,4892,柴田直哉,4,,,19,34.43,43,31.65
20261002,6,浜名湖,7,20261002_06_07,1,,4403,木下大將,1,,,57,27.72,30,38.89
20261002,6,浜名湖,7,20261002_06_07,2,,5179,藤本元輝,4,,,29,31.3,73,30.73
20261002,6,浜名湖,7,20261002_06_07,3,,5347,井澤聖奈,6,,,27,16.44,58,38.68
20261002,6,浜名湖,7,20261002_06_07,4,,3448,高山秀雄,5,,,26,39.23,69,34.03
20261002,6,浜名湖,7,20261002_06_07,5,,4494,河合佑樹,2,,,32,34.92,21,39.42
20261002,6,浜名湖,7,20261002_06_07,6,,3975,小野寺智,3,,,17,40.83,12,39.66
20261002,6,浜名湖,8,20261002_06_08,1,,4289,落合直子,2,,,55,50.43,60,33.05
20261002,6,浜名湖,8,20261002_06_08,2,,5270,小玉啓太,5,,,47,21.59,32,39.32
20261002,6,浜名湖,8,20261002_06_08,3,,5173,谷口佳蓮,4,,,22,41.38,44,40.54
20261002,6,浜名湖,8,20261002_06_08,4,,3623,深川真二,1,,,15,32.0,48,37.45
20261002,6,浜名湖,8,20261002_06_08,5,,3828,明石正之,3,,,41,29.03,70,31.7
20261002,6,浜名湖,8,20261002_06_08,6,,4458,抹香雄三,6,,,43,16.67,57,33.48
20261002,6,浜名湖,9,20261002_06_09,1,,4635,峰重力也,1,,,64,21.25,67,37.44
20261002,6,浜名湖,9,20261002_06_09,2,,5140,吉田彩乃,4,,,7,33.86,33,33.47
20261002,6,浜名湖,9,20261002_06_09,3,,5316,村松将平,6,,,39,20.69,62,38.06
20261002,6,浜名湖,9,20261002_06_09,4,,4058,野末智一,2,,,65,25.56,45,43.22
20261002,6,浜名湖,9,20261002_06_09,5,,4084,杉山正樹,3,,,1,40.48,18,33.19
20261002,6,浜名湖,9,20261002_06_09,6,,4660,宇田川信,5,,,63,41.44,61,36.92
20261002,6,浜名湖,10,20261002_06_10,1,,4627,藤原菜希,1,,,46,44.55,34,37.5
20261002,6,浜名湖,10,20261002_06_10,2,,3641,一瀬明,2,,,62,41.9,72,33.05
20261002,6,浜名湖,10,20261002_06_10,3,,4951,新田洋一,4,,,25,22.35,53,34.16
20261002,6,浜名湖,10,20261002_06_10,4,,4491,田中堅,6,,,23,35.59,37,34.33
20261002,6,浜名湖,10,20261002_06_10,5,,4069,山本修一,3,,,28,27.08,66,34.35
20261002,6,浜名湖,10,20261002_06_10,6,,4790,柳内敬太,5,,,53,32.11,29,34.44
20261002,6,浜名湖,11,20261002_06_11,1,,3965,北中元樹,5,,,16,31.58,25,35.06
20261002,6,浜名湖,11,20261002_06_11,2,,4081,樋口範政,2,,,38,45.59,76,37.45
20261002,6,浜名湖,11,20261002_06_11,3,,4494,河合佑樹,6,,,32,34.92,16,28.5
20261002,6,浜名湖,11,20261002_06_11,4,,3562,山下和彦,1,,,61,42.4,56,35.17
20261002,6,浜名湖,11,20261002_06_11,5,,4120,柘植政浩,3,,,12,20.48,64,31.17
20261002,6,浜名湖,11,20261002_06_11,6,,3471,赤峰和也,4,,,20,42.37,65,33.61
20261002,6,浜名湖,12,20261002_06_12,1,,3623,深川真二,1,,,15,32.0,48,37.45
20261002,6,浜名湖,12,20261002_06_12,2,,4118,宇佐見淳,3,,,58,32.08,24,36.36
20261002,6,浜名湖,12,20261002_06_12,3,,5205,刑部亜里,2,,,36,29.59,49,29.17
20261002,6,浜名湖,12,20261002_06_12,4,,3813,佐藤大介,4,,,33,22.83,15,33.89
20261002,6,浜名湖,12,20261002_06_12,5,,4892,柴田直哉,5,,,19,34.43,43,31.65
20261002,6,浜名湖,12,20261002_06_12,6,,3837,秋山広一,6,,,60,16.18,51,30.64
20261002,7,蒲郡,1,20261002_07_01,1,,4273,佐藤旭,1,,,30,54.29,23,41.38
20261002,7,蒲郡,1,20261002_07_01,2,,4692,酒井俊弘,3,,,62,34.29,16,29.63
20261002,7,蒲郡,1,20261002_07_01,3,,4626,伊藤紘章,6,,,34,41.38,26,53.33
20261002,7,蒲郡,1,20261002_07_01,4,,5321,一色颯輝,4,,,41,44.44,27,34.48
20261002,7,蒲郡,1,20261002_07_01,5,,4822,百武翔,2,,,20,30.77,14,46.43
20261002,7,蒲郡,1,20261002_07_01,6,,3442,宮武英司,5,,,57,26.47,18,29.63
20261002,7,蒲郡,2,20261002_07_02,1,,4652,酒見峻介,2,,,23,26.47,71,48.0
20261002,7,蒲郡,2,20261002_07_02,2,,3708,岡部貴司,5,,,73,30.77,43,15.63
20261002,7,蒲郡,2,20261002_07_02,3,,5000,岡本翔太,1,,,76,35.71,17,41.38
20261002,7,蒲郡,2,20261002_07_02,4,,4475,末永祐輝,3,,,39,50.0,50,55.56
20261002,7,蒲郡,2,20261002_07_02,5,,4463,三苫晃幸,4,,,24,39.39,66,68.97
20261002,7,蒲郡,2,20261002_07_02,6,,3563,堤昇,6,,,37,24.0,24,29.63
20261002,7,蒲郡,3,20261002_07_03,1,,3441,土屋太朗,6,,,72,29.63,11,37.04
20261002,7,蒲郡,3,20261002_07_03,2,,5008,羽野諒,2,,,68,33.33,39,27.78
20261002,7,蒲郡,3,20261002_07_03,3,,4423,坂口貴彦,1,,,36,29.63,13,35.29
20261002,7,蒲郡,3,20261002_07_03,4,,4486,野村誠,4,,,77,30.43,35,50.0
20261002,7,蒲郡,3,20261002_07_03,5,,4771,下寺秀和,3,,,40,35.71,75,37.04
20261002,7,蒲郡,3,20261002_07_03,6,,4835,橋本明,5,,,14,60.71,77,42.31
20261002,7,蒲郡,4,20261002_07_04,1,,5033,藤原孝斗,1,,,60,52.78,60,29.63
20261002,7,蒲郡,4,20261002_07_04,2,,4512,高野哲史,3,,,27,24.24,54,45.95
20261002,7,蒲郡,4,20261002_07_04,3,,4060,島田一生,5,,,47,33.33,34,34.29
20261002,7,蒲郡,4,20261002_07_04,4,,4413,水摩敦,2,,,53,44.83,61,30.43
20261002,7,蒲郡,4,20261002_07_04,5,,4811,向井田佑,4,,,70,26.92,31,32.43
20261002,7,蒲郡,4,20261002_07_04,6,,4863,三浦裕貴,6,,,48,36.36,74,42.31
20261002,7,蒲郡,5,20261002_07_05,1,,4973,栗原直也,2,,,49,48.28,55,61.11
20261002,7,蒲郡,5,20261002_07_05,2,,4102,益田啓司,6,,,17,32.14,20,42.86
20261002,7,蒲郡,5,20261002_07_05,3,,4416,三宅健太,3,,,43,53.57,76,37.04
20261002,7,蒲郡,5,20261002_07_05,4,,4626,伊藤紘章,1,,,34,41.38,26,53.33
20261002,7,蒲郡,5,20261002_07_05,5,,4643,近江翔吾,5,,,52,35.48,15,37.04
20261002,7,蒲郡,5,20261002_07_05,6,,4036,金田諭,4,,,45,33.33,49,35.71
20261002,7,蒲郡,6,20261002_07_06,1,,4979,中野夢斗,6,,,59,51.85,12,46.15
20261002,7,蒲郡,6,20261002_07_06,2,,3912,川原正明,1,,,66,62.16,51,33.33
20261002,7,蒲郡,6,20261002_07_06,3,,4273,佐藤旭,5,,,30,54.29,23,41.38
20261002,7,蒲郡,6,20261002_07_06,4,,4850,野中一平,4,,,32,48.48,37,58.33
20261002,7,蒲郡,6,20261002_07_06,5,,4933,板橋侑我,3,,,16,37.93,21,39.29
20261002,7,蒲郡,6,20261002_07_06,6,,4471,新田泰章,2,,,64,34.29,67,30.77
20261002,7,蒲郡,7,20261002_07_07,1,,4593,小坂宗司,6,,,35,44.44,72,32.14
20261002,7,蒲郡,7,20261002_07_07,2,,3441,土屋太朗,3,,,72,29.63,11,37.04
20261002,7,蒲郡,7,20261002_07_07,3,,3557,太田和美,5,,,11,32.14,48,31.43
20261002,7,蒲郡,7,20261002_07_07,4,,4535,北山康介,1,,,28,24.24,25,50.0
20261002,7,蒲郡,7,20261002_07_07,5,,4692,酒井俊弘,2,,,62,34.29,16,29.63
20261002,7,蒲郡,7,20261002_07_07,6,,4245,高橋直哉,4,,,33,53.85,53,45.71
20261002,7,蒲郡,8,20261002_07_08,1,,3327,野長瀬正,1,,,25,51.52,63,44.0
20261002,7,蒲郡,8,20261002_07_08,2,,4521,小池公生,3,,,12,25.0,52,32.35
20261002,7,蒲郡,8,20261002_07_08,3,,4418,茅原悠紀,4,,,65,26.47,40,44.12
20261002,7,蒲郡,8,20261002_07_08,4,,5033,藤原孝斗,5,,,60,52.78,60,29.63
20261002,7,蒲郡,8,20261002_07_08,5,,3796,長野道臣,2,,,31,67.57,62,27.59
20261002,7,蒲郡,8,20261002_07_08,6,,4463,三苫晃幸,6,,,24,39.39,66,68.97
20261002,7,蒲郡,9,20261002_07_09,1,,4822,百武翔,1,,,20,30.77,14,46.43
20261002,7,蒲郡,9,20261002_07_09,2,,4973,栗原直也,4,,,49,48.28,55,61.11
20261002,7,蒲郡,9,20261002_07_09,3,,4674,池田剛規,3,,,19,25.0,45,33.33
20261002,7,蒲郡,9,20261002_07_09,4,,4434,田中辰彦,5,,,67,51.28,69,37.04
20261002,7,蒲郡,9,20261002_07_09,5,,4308,河村了,2,,,22,29.63,22,28.57
20261002,7,蒲郡,9,20261002_07_09,6,,5008,羽野諒,6,,,68,33.33,39,27.78
20261002,7,蒲郡,10,20261002_07_10,1,,4512,高野哲史,1,,,27,24.24,54,45.95
20261002,7,蒲郡,10,20261002_07_10,2,,4835,橋本明,4,,,14,60.71,77,42.31
20261002,7,蒲郡,10,20261002_07_10,3,,3563,堤昇,3,,,37,24.0,24,29.63
20261002,7,蒲郡,10,20261002_07_10,4,,4471,新田泰章,5,,,64,34.29,67,30.77
20261002,7,蒲郡,10,20261002_07_10,5,,5321,一色颯輝,2,,,41,44.44,27,34.48
20261002,7,蒲郡,10,20261002_07_10,6,,4643,近江翔吾,6,,,52,35.48,15,37.04
20261002,7,蒲郡,11,20261002_07_11,1,,3557,太田和美,1,,,11,32.14,48,31.43
20261002,7,蒲郡,11,20261002_07_11,2,,5000,岡本翔太,3,,,76,35.71,17,41.38
20261002,7,蒲郡,11,20261002_07_11,3,,4850,野中一平,5,,,32,48.48,37,58.33
20261002,7,蒲郡,11,20261002_07_11,4,,4771,下寺秀和,4,,,40,35.71,75,37.04
20261002,7,蒲郡,11,20261002_07_11,5,,4036,金田諭,2,,,45,33.33,33,17.24
20261002,7,蒲郡,11,20261002_07_11,6,,4811,向井田佑,6,,,70,26.92,31,32.43
20261002,7,蒲郡,12,20261002_07_12,1,,4418,茅原悠紀,1,,,65,26.47,40,44.12
20261002,7,蒲郡,12,20261002_07_12,2,,4652,酒見峻介,2,,,23,26.47,71,48.0
20261002,7,蒲郡,12,20261002_07_12,3,,3912,川原正明,3,,,66,62.16,51,33.33
20261002,7,蒲郡,12,20261002_07_12,4,,4102,益田啓司,6,,,17,32.14,29,15.38
20261002,7,蒲郡,12,20261002_07_12,5,,4475,末永祐輝,4,,,39,50.0,50,55.56
20261002,7,蒲郡,12,20261002_07_12,6,,4486,野村誠,5,,,77,30.43,35,50.0
20261002,9,津,1,20261002_09_01,1,,4049,荒川健太,1,,,36,38.55,31,39.02
20261002,9,津,1,20261002_09_01,2,,5103,芝田京介,4,,,44,45.22,26,37.2
20261002,9,津,1,20261002_09_01,3,,3550,都築正治,3,,,68,37.57,50,34.78
20261002,9,津,1,20261002_09_01,4,,4625,渡邊裕貴,2,,,43,27.61,69,35.36
20261002,9,津,1,20261002_09_01,5,,5456,今村天次,6,,,62,29.61,51,26.67
20261002,9,津,1,20261002_09_01,6,,3647,伊藤雄二,5,,,12,29.33,57,35.9
20261002,9,津,2,20261002_09_02,1,,4358,松本庸平,1,,,55,27.1,63,32.74
20261002,9,津,2,20261002_09_02,2,,3445,加藤高史,2,,,30,31.07,17,31.33
20261002,9,津,2,20261002_09_02,3,,4336,松田竜馬,3,,,69,22.56,68,24.81
20261002,9,津,2,20261002_09_02,4,,5441,鈴木雄登,4,,,63,30.16,48,30.07
20261002,9,津,2,20261002_09_02,5,,4022,待鳥雄紀,5,,,61,31.06,21,31.15
20261002,9,津,2,20261002_09_02,6,,3605,中村守成,6,,,25,40.94,54,21.48
20261002,9,津,3,20261002_09_03,1,,4176,樋口喜彦,5,,,27,34.32,74,38.37
20261002,9,津,3,20261002_09_03,2,,4200,早川尚人,3,,,38,37.65,44,30.23
20261002,9,津,3,20261002_09_03,3,,4040,廣瀬将亨,1,,,49,36.71,61,26.45
20261002,9,津,3,20261002_09_03,4,,4509,平見真彦,4,,,51,46.15,45,37.11
20261002,9,津,3,20261002_09_03,5,,5011,高木圭大,2,,,32,36.91,53,23.62
20261002,9,津,3,20261002_09_03,6,,3743,林美憲,6,,,33,27.6,20,36.67
20261002,9,津,4,20261002_09_04,1,,5315,浅井翼,5,,,21,37.8,33,45.9
20261002,9,津,4,20261002_09_04,2,,3811,石田章央,6,,,35,38.24,40,29.87
20261002,9,津,4,20261002_09_04,3,,4002,古結宏,1,,,59,28.57,25,35.45
20261002,9,津,4,20261002_09_04,4,,3454,井川大作,4,,,72,32.16,38,29.12
20261002,9,津,4,20261002_09_04,5,,3931,黒崎竜也,2,,,28,33.54,13,35.09
20261002,9,津,4,20261002_09_04,6,,4215,吉島祥之,3,,,22,40.45,73,32.96
20261002,9,津,5,20261002_09_05,1,,4903,吉田凌太,1,,,17,24.68,49,40.24
20261002,9,津,5,20261002_09_05,2,,4380,鈴木峻佑,3,,,39,40.46,11,33.33
20261002,9,津,5,20261002_09_05,3,,3712,淺香文武,2,,,14,28.14,24,32.31
20261002,9,津,5,20261002_09_05,4,,5208,屋良龍紀,6,,,29,30.34,76,40.49
20261002,9,津,5,20261002_09_05,5,,4054,福嶋智之,4,,,31,42.77,41,18.94
20261002,9,津,5,20261002_09_05,6,,3891,谷口健一,5,,,57,22.81,27,28.57
20261002,9,津,6,20261002_09_06,1,,4094,中島真二,1,,,52,30.77,52,33.13
20261002,9,津,6,20261002_09_06,2,,4578,藤山雅弘,2,,,66,26.99,29,34.24
20261002,9,津,6,20261002_09_06,3,,4808,松尾拓,3,,,67,39.46,14,32.79
20261002,9,津,6,20261002_09_06,4,,3304,烏野賢太,6,,,60,26.67,71,28.33
20261002,9,津,6,20261002_09_06,5,,4402,乙藤智史,4,,,26,31.82,18,39.6
20261002,9,津,6,20261002_09_06,6,,5456,今村天次,5,,,62,29.61,51,26.67
20261002,9,津,7,20261002_09_07,1,,4727,安部慎一,2,,,64,31.67,47,27.46
20261002,9,津,7,20261002_09_07,2,,4358,松本庸平,1,,,55,27.1,63,32.74
20261002,9,津,7,20261002_09_07,3,,4711,前出達吉,3,,,71,30.39,30,35.91
20261002,9,津,7,20261002_09_07,4,,5103,芝田京介,5,,,44,45.22,26,37.2
20261002,9,津,7,20261002_09_07,5,,4861,田中宏樹,4,,,50,33.15,56,36.16
20261002,9,津,7,20261002_09_07,6,,4073,大橋純一,6,,,20,29.11,67,35.0
20261002,9,津,8,20261002_09_08,1,,3454,井川大作,2,,,72,32.16,38,29.12
20261002,9,津,8,20261002_09_08,2,,4360,庄司孝輔,6,,,13,37.11,64,31.41
20261002,9,津,8,20261002_09_08,3,,4457,神田達也,4,,,41,42.29,34,39.64
20261002,9,津,8,20261002_09_08,4,,3743,林美憲,3,,,33,27.6,20,36.67
20261002,9,津,8,20261002_09_08,5,,4096,石橋道友,1,,,53,31.58,23,36.02
20261002,9,津,8,20261002_09_08,6,,4336,松田竜馬,5,,,69,22.56,68,24.81
20261002,9,津,9,20261002_09_09,1,,4319,三宅潤,1,,,70,36.02,12,28.24
20261002,9,津,9,20261002_09_09,2,,5266,石田勇斗,3,,,18,35.25,65,32.2
20261002,9,津,9,20261002_09_09,3,,4022,待鳥雄紀,6,,,61,31.06,21,31.15
20261002,9,津,9,20261002_09_09,4,,4002,古結宏,2,,,59,28.57,25,35.45
20261002,9,津,9,20261002_09_09,5,,4049,荒川健太,4,,,36,38.55,31,39.02
20261002,9,津,9,20261002_09_09,6,,4394,永嶋裕一,5,,,34,24.03,39,33.6
20261002,9,津,10,20261002_09_10,1,,4509,平見真彦,3,,,51,46.15,45,37.11
20261002,9,津,10,20261002_09_10,2,,4350,篠崎元志,2,,,47,32.04,36,27.94
20261002,9,津,10,20261002_09_10,3,,4625,渡邊裕貴,4,,,43,27.61,69,35.36
20261002,9,津,10,20261002_09_10,4,,4054,福嶋智之,5,,,31,42.77,41,18.94
20261002,9,津,10,20261002_09_10,5,,4808,松尾拓,1,,,67,39.46,14,32.79
20261002,9,津,10,20261002_09_10,6,,3811,石田章央,6,,,35,38.24,40,29.87
20261002,9,津,11,20261002_09_11,1,,3304,烏野賢太,1,,,60,26.67,71,28.33
20261002,9,津,11,20261002_09_11,2,,3647,伊藤雄二,2,,,12,29.33,57,35.9
20261002,9,津,11,20261002_09_11,3,,4215,吉島祥之,6,,,22,40.45,73,32.96
20261002,9,津,11,20261002_09_11,4,,4711,前出達吉,3,,,71,30.39,30,35.91
20261002,9,津,11,20261002_09_11,5,,4040,廣瀬将亨,4,,,49,36.71,61,26.45
20261002,9,津,11,20261002_09_11,6,,4380,鈴木峻佑,5,,,39,40.46,11,33.33
20261002,9,津,12,20261002_09_12,1,,4096,石橋道友,1,,,53,31.58,23,36.02
20261002,9,津,12,20261002_09_12,2,,3931,黒崎竜也,4,,,28,33.54,13,35.09
20261002,9,津,12,20261002_09_12,3,,4861,田中宏樹,2,,,50,33.15,56,36.16
20261002,9,津,12,20261002_09_12,4,,4903,吉田凌太,5,,,17,24.68,49,40.24
20261002,9,津,12,20261002_09_12,5,,3550,都築正治,3,,,68,37.57,50,34.78
20261002,9,津,12,20261002_09_12,6,,4578,藤山雅弘,6,,,66,26.99,29,34.24
20261002,12,住之江,1,20261002_12_01,1,,4138,中井俊祐,3,,,26,27.1,12,38.61
20261002,12,住之江,1,20261002_12_01,2,,4697,國弘翔平,6,,,18,31.78,20,29.7
20261002,12,住之江,1,20261002_12_01,3,,3602,奥平拓也,4,,,38,50.0,56,27.45
20261002,12,住之江,1,20261002_12_01,4,,4651,佐藤大騎,2,,,24,42.99,54,24.21
20261002,12,住之江,1,20261002_12_01,5,,4059,入澤友治,1,,,31,19.23,70,22.33
20261002,12,住之江,1,20261002_12_01,6,,3564,桑原啓,5,,,72,30.84,22,46.88
20261002,12,住之江,2,20261002_12_02,1,,4598,加藤政彦,5,,,23,32.74,89,36.46
20261002,12,住之江,2,20261002_12_02,2,,3432,宮迫暢彦,2,,,35,36.45,50,36.36
20261002,12,住之江,2,20261002_12_02,3,,3613,角谷健吾,3,,,16,36.04,74,24.75
20261002,12,住之江,2,20261002_12_02,4,,5409,宮本琉正,6,,,78,17.92,77,34.62
20261002,12,住之江,2,20261002_12_02,5,,4330,奈須啓太,1,,,20,44.34,14,32.69
20261002,12,住之江,2,20261002_12_02,6,,4099,吉永則雄,4,,,82,36.79,58,33.67
20261002,12,住之江,3,20261002_12_03,1,,4367,山口修路,4,,,59,22.73,78,28.57
20261002,12,住之江,3,20261002_12_03,2,,4082,濱崎誠,6,,,56,33.03,72,40.0
20261002,12,住之江,3,20261002_12_03,3,,4351,里岡右貴,3,,,70,40.37,19,23.58
20261002,12,住之江,3,20261002_12_03,4,,4086,寺本重宣,1,,,73,33.64,17,50.51
20261002,12,住之江,3,20261002_12_03,5,,4211,村田敦,2,,,50,28.95,25,29.52
20261002,12,住之江,3,20261002_12_03,6,,5450,藤本遼磨,5,,,25,28.3,52,29.41
20261002,12,住之江,4,20261002_12_04,1,,4104,木下陽介,1,,,13,26.32,87,31.25
20261002,12,住之江,4,20261002_12_04,2,,4427,秦英悟,2,,,62,29.09,34,30.39
20261002,12,住之江,4,20261002_12_04,3,,3107,平岡重典,4,,,30,24.56,51,41.67
20261002,12,住之江,4,20261002_12_04,4,,4122,安東幸治,3,,,64,49.54,33,39.22
20261002,12,住之江,4,20261002_12_04,5,,4944,田代達也,5,,,63,24.77,60,27.88
20261002,12,住之江,4,20261002_12_04,6,,5022,伊藤尚汰,6,,,65,23.15,31,42.0
20261002,12,住之江,5,20261002_12_05,1,,4422,永井亮次,1,,,36,16.81,84,24.53
20261002,12,住之江,5,20261002_12_05,2,,4608,荒井翔伍,4,,,67,28.18,79,37.11
20261002,12,住之江,5,20261002_12_05,3,,4138,中井俊祐,5,,,26,27.1,12,38.61
20261002,12,住之江,5,20261002_12_05,4,,5105,富田恕生,2,,,61,34.86,16,29.25
20261002,12,住之江,5,20261002_12_05,5,,4424,松尾昂明,6,,,76,19.27,11,33.65
20261002,12,住之江,5,20261002_12_05,6,,4995,田邉亮蔵,3,,,68,28.7,23,35.05
20261002,12,住之江,6,20261002_12_06,1,,4314,青木幸太,1,,,55,37.96,36,36.84
20261002,12,住之江,6,20261002_12_06,2,,4042,丸岡正典,2,,,58,40.91,67,40.2
20261002,12,住之江,6,20261002_12_06,3,,3722,西村秀樹,6,,,21,23.89,59,43.75
20261002,12,住之江,6,20261002_12_06,4,,4366,前沢丈史,3,,,12,27.68,81,40.21
20261002,12,住之江,6,20261002_12_06,5,,4598,加藤政彦,5,,,23,32.74,89,36.46
20261002,12,住之江,6,20261002_12_06,6,,3904,森貴洋,4,,,83,29.2,18,27.72
20261002,12,住之江,7,20261002_12_07,1,,3951,石川吉鎬,1,,,28,29.36,69,36.63
20261002,12,住之江,7,20261002_12_07,2,,5028,原田才一,2,,,71,34.55,27,25.24
20261002,12,住之江,7,20261002_12_07,3,,4560,庄司樹良,5,,,84,32.73,65,36.19
20261002,12,住之江,7,20261002_12_07,4,,3602,奥平拓也,4,,,38,50.0,56,27.45
20261002,12,住之江,7,20261002_12_07,5,,4367,山口修路,3,,,59,22.73,78,28.57
20261002,12,住之江,7,20261002_12_07,6,,3432,宮迫暢彦,6,,,35,36.45,50,36.36
20261002,12,住之江,8,20261002_12_08,1,,5289,佃來紀,1,,,14,26.55,30,41.98
20261002,12,住之江,8,20261002_12_08,2,,4330,奈須啓太,4,,,20,44.34,14,32.69
20261002,12,住之江,8,20261002_12_08,3,,4702,三浦敬太,3,,,81,31.13,39,26.26
20261002,12,住之江,8,20261002_12_08,4,,4211,村田敦,6,,,50,28.95,25,29.52
20261002,12,住之江,8,20261002_12_08,5,,5221,竹間隆晟,2,,,52,29.36,28,38.78
20261002,12,住之江,8,20261002_12_08,6,,4395,下河雅史,5,,,15,27.83,83,26.17
20261002,12,住之江,9,20261002_12_09,1,,4086,寺本重宣,1,,,73,33.64,17,50.51
20261002,12,住之江,9,20261002_12_09,2,,4815,伏島祐介,3,,,57,38.89,55,37.86
20261002,12,住之江,9,20261002_12_09,3,,4357,田中和也,2,,,19,32.74,86,30.61
20261002,12,住之江,9,20261002_12_09,4,,4424,松尾昂明,4,,,76,19.27,11,33.65
20261002,12,住之江,9,20261002_12_09,5,,3107,平岡重典,5,,,30,24.56,51,41.67
20261002,12,住之江,9,20261002_12_09,6,,5409,宮本琉正,6,,,78,17.92,77,34.62
20261002,12,住之江,10,20261002_12_10,1,,4136,江夏満,1,,,80,46.36,38,28.04
20261002,12,住之江,10,20261002_12_10,2,,4976,金山立樹,4,,,27,37.5,15,27.45
20261002,12,住之江,10,20261002_12_10,3,,3564,桑原啓,2,,,72,30.84,22,46.88
20261002,12,住之江,10,20261002_12_10,4,,4422,永井亮次,6,,,36,16.81,84,24.53
20261002,12,住之江,10,20261002_12_10,5,,4427,秦英悟,3,,,62,29.09,34,30.39
20261002,12,住之江,10,20261002_12_10,6,,3613,角谷健吾,5,,,16,36.04,74,24.75
20261002,12,住之江,11,20261002_12_11,1,,4759,今泉友吾,1,,,37,27.68,63,28.21
20261002,12,住之江,11,20261002_12_11,2,,5022,伊藤尚汰,6,,,65,23.15,31,42.0
20261002,12,住之江,11,20261002_12_11,3,,4272,大場広孝,4,,,11,40.91,82,44.33
20261002,12,住之江,11,20261002_12_11,4,,4042,丸岡正典,2,,,58,40.91,67,40.2
20261002,12,住之江,11,20261002_12_11,5,,4411,沢田昭宏,3,,,51,40.91,35,30.84
20261002,12,住之江,11,20261002_12_11,6,,4608,荒井翔伍,5,,,67,28.18,79,37.11
20261002,12,住之江,12,20261002_12_12,1,,5028,原田才一,1,,,71,34.55,27,25.24
20261002,12,住之江,12,20261002_12_12,2,,4366,前沢丈史,3,,,12,27.68,81,40.21
20261002,12,住之江,12,20261002_12_12,3,,4099,吉永則雄,6,,,82,36.79,58,33.67
20261002,12,住之江,12,20261002_12_12,4,,5289,佃來紀,2,,,14,26.55,30,41.98
20261002,12,住之江,12,20261002_12_12,5,,4351,里岡右貴,4,,,70,40.37,19,23.58
20261002,12,住之江,12,20261002_12_12,6,,4944,田代達也,5,,,63,24.77,60,27.88
20261002,13,尼崎,1,20261002_13_01,1,,5340,樋江井舞,4,,,59,25.6,49,36.8
20261002,13,尼崎,1,20261002_13_01,2,,4106,坂井康嗣,2,,,36,40.0,27,20.17
20261002,13,尼崎,1,20261002_13_01,3,,3654,武田光史,1,,,45,33.85,69,30.83
20261002,13,尼崎,1,20261002_13_01,4,,3901,松田憲幸,3,,,6,22.41,11,29.75
20261002,13,尼崎,1,20261002_13_01,5,,5128,坪井爽佑,5,,,47,28.79,43,40.0
20261002,13,尼崎,1,20261002_13_01,6,,4683,向井田直,6,,,19,29.84,68,26.67
20261002,13,尼崎,2,20261002_13_02,1,,5264,登みひ果,2,,,51,29.85,48,30.58
20261002,13,尼崎,2,20261002_13_02,2,,3286,坂東満,4,,,4,48.78,15,32.79
20261002,13,尼崎,2,20261002_13_02,3,,4675,井手良太,1,,,38,22.41,33,31.4
20261002,13,尼崎,2,20261002_13_02,4,,4254,川島圭司,3,,,44,33.59,41,36.89
20261002,13,尼崎,2,20261002_13_02,5,,4548,篠木亜衣,6,,,3,32.77,32,27.27
20261002,13,尼崎,2,20261002_13_02,6,,4429,豊田泰洋,5,,,15,39.53,17,25.41
20261002,13,尼崎,3,20261002_13_03,1,,5308,藤森拓海,2,,,17,38.89,19,37.9
20261002,13,尼崎,3,20261002_13_03,2,,3614,谷勝幸,1,,,63,40.31,18,32.52
20261002,13,尼崎,3,20261002_13_03,3,,4365,盛本真輔,6,,,57,31.3,47,23.81
20261002,13,尼崎,3,20261002_13_03,4,,4664,東口晃,4,,,10,29.03,37,38.79
20261002,13,尼崎,3,20261002_13_03,5,,4819,蜂須瑞生,5,,,46,29.75,59,36.67
20261002,13,尼崎,3,20261002_13_03,6,,4150,山田雄太,3,,,31,34.65,57,33.61
20261002,13,尼崎,4,20261002_13_04,1,,3606,川北浩貴,2,,,20,25.81,50,30.83
20261002,13,尼崎,4,20261002_13_04,2,,3995,重野哲之,4,,,41,18.45,54,31.45
20261002,13,尼崎,4,20261002_13_04,3,,5218,山田理央,6,,,48,31.5,63,28.0
20261002,13,尼崎,4,20261002_13_04,4,,3974,深山祐二,3,,,24,30.16,55,39.52
20261002,13,尼崎,4,20261002_13_04,5,,4539,金子賢志,1,,,50,25.6,21,44.26
20261002,13,尼崎,4,20261002_13_04,6,,5259,野田昇吾,5,,,26,37.01,67,29.84
20261002,13,尼崎,5,20261002_13_05,1,,4962,畑竜生,4,,,21,24.19,13,32.52
20261002,13,尼崎,5,20261002_13_05,2,,4700,金子和之,6,,,49,29.77,72,38.52
20261002,13,尼崎,5,20261002_13_05,3,,3478,嶋田貴支,5,,,18,41.98,44,39.67
20261002,13,尼崎,5,20261002_13_05,4,,5281,井上遥妃,1,,,25,39.39,26,45.08
20261002,13,尼崎,5,20261002_13_05,5,,4219,本岡勝利,2,,,40,40.15,25,31.45
20261002,13,尼崎,5,20261002_13_05,6,,3434,松尾宣邦,3,,,7,36.92,45,36.52
20261002,13,尼崎,6,20261002_13_06,1,,3514,山一鉄也,1,,,5,36.51,74,43.09
20261002,13,尼崎,6,20261002_13_06,2,,3790,佐口達也,3,,,33,27.91,12,30.47
20261002,13,尼崎,6,20261002_13_06,3,,4443,津田裕絵,4,,,43,15.09,53,33.06
20261002,13,尼崎,6,20261002_13_06,4,,3556,田中信一,2,,,61,41.27,35,38.71
20261002,13,尼崎,6,20261002_13_06,5,,3286,坂東満,5,,,4,48.78,15,32.79
20261002,13,尼崎,6,20261002_13_06,6,,4106,坂井康嗣,6,,,36,40.0,27,20.17
20261002,13,尼崎,7,20261002_13_07,1,,5128,坪井爽佑,6,,,47,28.79,43,40.0
20261002,13,尼崎,7,20261002_13_07,2,,4298,宮下元胤,2,,,1,34.68,64,36.36
20261002,13,尼崎,7,20261002_13_07,3,,4546,浜田亜理,1,,,58,22.41,30,39.68
20261002,13,尼崎,7,20261002_13_07,4,,4675,井手良太,5,,,38,22.41,33,31.4
20261002,13,尼崎,7,20261002_13_07,5,,5031,渡辺空依,4,,,2,36.29,60,34.17
20261002,13,尼崎,7,20261002_13_07,6,,3854,吉川元浩,3,,,42,17.89,46,31.45
20261002,13,尼崎,8,20261002_13_08,1,,4365,盛本真輔,2,,,57,31.3,47,23.81
20261002,13,尼崎,8,20261002_13_08,2,,4548,篠木亜衣,5,,,3,32.77,32,27.27
20261002,13,尼崎,8,20261002_13_08,3,,4531,武富智亮,1,,,39,44.72,36,48.78
20261002,13,尼崎,8,20261002_13_08,4,,5259,野田昇吾,4,,,26,37.01,67,29.84
20261002,13,尼崎,8,20261002_13_08,5,,4226,村田浩司,6,,,29,25.0,24,28.81
20261002,13,尼崎,8,20261002_13_08,6,,3654,武田光史,3,,,45,33.85,69,30.83
20261002,13,尼崎,9,20261002_13_09,1,,5257,西丸侑太,1,,,37,38.28,42,35.0
20261002,13,尼崎,9,20261002_13_09,2,,4664,東口晃,6,,,10,29.03,37,38.79
20261002,13,尼崎,9,20261002_13_09,3,,4962,畑竜生,2,,,21,24.19,13,32.52
20261002,13,尼崎,9,20261002_13_09,4,,5340,樋江井舞,4,,,59,25.6,49,36.8
20261002,13,尼崎,9,20261002_13_09,5,,4639,雑賀勇貴,5,,,9,38.17,61,31.97
20261002,13,尼崎,9,20261002_13_09,6,,5161,登玉隼百,3,,,62,34.19,58,31.2
20261002,13,尼崎,10,20261002_13_10,1,,3556,田中信一,1,,,61,41.27,35,38.71
20261002,13,尼崎,10,20261002_13_10,2,,4254,川島圭司,5,,,44,33.59,41,36.89
20261002,13,尼崎,10,20261002_13_10,3,,4987,島倉都,2,,,16,46.34,23,34.13
20261002,13,尼崎,10,20261002_13_10,4,,3995,重野哲之,4,,,41,18.45,54,31.45
20261002,13,尼崎,10,20261002_13_10,5,,5308,藤森拓海,6,,,17,38.89,19,37.9
20261002,13,尼崎,10,20261002_13_10,6,,4700,金子和之,3,,,49,29.77,72,38.52
20261002,13,尼崎,11,20261002_13_11,1,,4518,大須賀友,1,,,56,49.58,70,28.57
20261002,13,尼崎,11,20261002_13_11,2,,4429,豊田泰洋,6,,,15,39.53,17,25.41
20261002,13,尼崎,11,20261002_13_11,3,,4150,山田雄太,2,,,31,34.65,57,33.61
20261002,13,尼崎,11,20261002_13_11,4,,4539,金子賢志,3,,,50,25.6,21,44.26
20261002,13,尼崎,11,20261002_13_11,5,,3514,山一鉄也,4,,,5,36.51,74,43.09
20261002,13,尼崎,11,20261002_13_11,6,,3478,嶋田貴支,5,,,18,41.98,44,39.67
20261002,13,尼崎,12,20261002_13_12,1,,5281,井上遥妃,3,,,25,39.39,26,45.08
20261002,13,尼崎,12,20261002_13_12,2,,4546,浜田亜理,1,,,58,22.41,30,39.68
20261002,13,尼崎,12,20261002_13_12,3,,4819,蜂須瑞生,2,,,46,29.75,59,36.67
20261002,13,尼崎,12,20261002_13_12,4,,5264,登みひ果,4,,,51,29.85,48,30.58
20261002,13,尼崎,12,20261002_13_12,5,,4443,津田裕絵,5,,,43,15.09,53,33.06
20261002,13,尼崎,12,20261002_13_12,6,,5218,山田理央,6,,,48,31.5,63,28.0
20261002,14,鳴門,1,20261002_14_01,1,,4676,後藤隼之,1,,,57,41.38,35,25.0
20261002,14,鳴門,1,20261002_14_01,2,,5117,冨名腰桃,3,,,67,39.02,37,34.88
20261002,14,鳴門,1,20261002_14_01,3,,4325,新出浩司,2,,,20,33.71,66,38.46
20261002,14,鳴門,1,20261002_14_01,4,,5271,杉山太陽,6,,,38,37.93,25,19.54
20261002,14,鳴門,1,20261002_14_01,5,,3587,武田信一,4,,,36,21.35,28,40.0
20261002,14,鳴門,1,20261002_14_01,6,,5428,古園井綾,5,,,15,51.61,52,34.44
20261002,14,鳴門,2,20261002_14_02,1,,4420,津久井拓,1,,,69,26.74,16,37.93
20261002,14,鳴門,2,20261002_14_02,2,,3967,鈴木茂高,3,,,66,43.96,71,26.09
20261002,14,鳴門,2,20261002_14_02,3,,5355,萩原丈太,5,,,64,38.37,20,27.59
20261002,14,鳴門,2,20261002_14_02,4,,3900,香川素子,4,,,35,28.41,79,34.44
20261002,14,鳴門,2,20261002_14_02,5,,4895,門間雄大,2,,,34,30.11,60,34.88
20261002,14,鳴門,2,20261002_14_02,6,,3580,水口由紀,6,,,74,26.74,39,34.78
20261002,14,鳴門,3,20261002_14_03,1,,3548,室田泰史,1,,,14,39.56,36,26.44
20261002,14,鳴門,3,20261002_14_03,2,,5356,長谷川暖,2,,,39,20.93,57,24.39
20261002,14,鳴門,3,20261002_14_03,3,,3809,吉田光,3,,,59,37.08,65,35.23
20261002,14,鳴門,3,20261002_14_03,4,,3477,近藤稔也,4,,,37,50.56,62,31.76
20261002,14,鳴門,3,20261002_14_03,5,,5312,川辺郭人,6,,,31,32.56,77,40.74
20261002,14,鳴門,3,20261002_14_03,6,,3618,海野ゆか,5,,,58,35.23,24,28.57
20261002,14,鳴門,4,20261002_14_04,1,,3874,山本寛久,4,,,13,30.49,23,30.68
20261002,14,鳴門,4,20261002_14_04,2,,4409,坂元浩仁,1,,,75,28.05,61,31.76
20261002,14,鳴門,4,20261002_14_04,3,,4887,富澤祐作,3,,,62,34.09,13,35.23
20261002,14,鳴門,4,20261002_14_04,4,,4596,葛原大陽,2,,,53,32.05,70,36.36
20261002,14,鳴門,4,20261002_14_04,5,,4031,飯島誠,6,,,78,35.23,83,33.33
20261002,14,鳴門,4,20261002_14_04,6,,5462,山浦槙,5,,,30,40.0,82,25.84
20261002,14,鳴門,5,20261002_14_05,1,,3872,岡田憲行,3,,,21,27.16,69,27.27
20261002,14,鳴門,5,20261002_14_05,2,,5307,富永夏哉,6,,,80,26.32,55,32.18
20261002,14,鳴門,5,20261002_14_05,3,,5041,荒牧凪沙,5,,,82,56.98,76,34.04
20261002,14,鳴門,5,20261002_14_05,4,,4092,岡部大輔,1,,,18,34.74,78,33.68
20261002,14,鳴門,5,20261002_14_05,5,,4694,高田綾,2,,,77,32.22,29,37.5
20261002,14,鳴門,5,20261002_14_05,6,,3412,鈴木博,4,,,19,34.83,68,24.72
20261002,14,鳴門,6,20261002_14_06,1,,4148,枝尾賢,1,,,17,25.56,74,40.0
20261002,14,鳴門,6,20261002_14_06,2,,4247,齊藤優,2,,,84,18.18,15,30.43
20261002,14,鳴門,6,20261002_14_06,3,,3580,水口由紀,3,,,74,26.74,39,34.78
20261002,14,鳴門,6,20261002_14_06,4,,4116,川田正人,4,,,29,48.0,34,23.86
20261002,14,鳴門,6,20261002_14_06,5,,3499,市川哲也,5,,,83,25.0,22,24.42
20261002,14,鳴門,6,20261002_14_06,6,,5451,知念伶奈,6,,,60,30.0,31,33.71
20261002,14,鳴門,7,20261002_14_07,1,,4693,松下誉士,2,,,81,25.93,80,20.24
20261002,14,鳴門,7,20261002_14_07,2,,4325,新出浩司,1,,,20,33.71,66,38.46
20261002,14,鳴門,7,20261002_14_07,3,,4538,笠置博之,6,,,28,27.85,50,34.09
20261002,14,鳴門,7,20261002_14_07,4,,5356,長谷川暖,4,,,39,20.93,57,24.39
20261002,14,鳴門,7,20261002_14_07,5,,3967,鈴木茂高,3,,,66,43.96,71,26.09
20261002,14,鳴門,7,20261002_14_07,6,,4133,高橋正男,5,,,63,34.74,19,29.07
20261002,14,鳴門,8,20261002_14_08,1,,4895,門間雄大,3,,,34,30.11,60,34.88
20261002,14,鳴門,8,20261002_14_08,2,,5271,杉山太陽,1,,,38,37.93,25,19.54
20261002,14,鳴門,8,20261002_14_08,3,,5036,福田翔吾,2,,,50,38.04,12,33.33
20261002,14,鳴門,8,20261002_14_08,4,,4031,飯島誠,5,,,78,35.23,83,33.33
20261002,14,鳴門,8,20261002_14_08,5,,3809,吉田光,4,,,59,37.08,65,35.23
20261002,14,鳴門,8,20261002_14_08,6,,4409,坂元浩仁,6,,,75,28.05,61,31.76
20261002,14,鳴門,9,20261002_14_09,1,,3477,近藤稔也,2,,,37,50.56,62,31.76
20261002,14,鳴門,9,20261002_14_09,2,,5312,川辺郭人,6,,,31,32.56,77,40.74
20261002,14,鳴門,9,20261002_14_09,3,,3587,武田信一,1,,,36,21.35,28,40.0
20261002,14,鳴門,9,20261002_14_09,4,,3874,山本寛久,5,,,13,30.49,23,30.68
20261002,14,鳴門,9,20261002_14_09,5,,4092,岡部大輔,3,,,18,34.74,78,33.68
20261002,14,鳴門,9,20261002_14_09,6,,4420,津久井拓,4,,,69,26.74,16,37.93
20261002,14,鳴門,10,20261002_14_10,1,,3618,海野ゆか,3,,,58,35.23,24,28.57
20261002,14,鳴門,10,20261002_14_10,2,,3548,室田泰史,5,,,14,39.56,36,26.44
20261002,14,鳴門,10,20261002_14_10,3,,4148,枝尾賢,2,,,17,25.56,74,40.0
20261002,14,鳴門,10,20261002_14_10,4,,5041,荒牧凪沙,1,,,82,56.98,76,34.04
20261002,14,鳴門,10,20261002_14_10,5,,4247,齊藤優,4,,,84,18.18,15,30.43
20261002,14,鳴門,10,20261002_14_10,6,,5307,富永夏哉,6,,,80,26.32,55,32.18
20261002,14,鳴門,11,20261002_14_11,1,,4596,葛原大陽,1,,,53,32.05,70,36.36
20261002,14,鳴門,11,20261002_14_11,2,,3900,香川素子,4,,,35,28.41,79,34.44
20261002,14,鳴門,11,20261002_14_11,3,,4676,後藤隼之,5,,,57,41.38,35,25.0
20261002,14,鳴門,11,20261002_14_11,4,,4538,笠置博之,2,,,28,27.85,50,34.09
20261002,14,鳴門,11,20261002_14_11,5,,3872,岡田憲行,3,,,21,27.16,69,27.27
20261002,14,鳴門,11,20261002_14_11,6,,4693,松下誉士,6,,,81,25.93,80,20.24
20261002,14,鳴門,12,20261002_14_12,1,,4506,稗田聖也,3,,,25,32.29,27,37.35
20261002,14,鳴門,12,20261002_14_12,2,,3439,大平誉史,1,,,55,35.63,26,31.82
20261002,14,鳴門,12,20261002_14_12,3,,3915,繁野谷圭,2,,,70,37.35,33,47.67
20261002,14,鳴門,12,20261002_14_12,4,,3024,西島義則,5,,,72,35.23,54,36.47
20261002,14,鳴門,12,20261002_14_12,5,,4286,平田さや,6,,,68,31.76,32,36.47
20261002,14,鳴門,12,20261002_14_12,6,,3933,山地正樹,4,,,22,33.0,14,40.96
20261002,15,丸亀,1,20261002_15_01,1,,3775,泉啓文,2,,,24,0.0,33,26.67
20261002,15,丸亀,1,20261002_15_01,2,,5177,松井貫太,5,,,35,25.0,48,44.44
20261002,15,丸亀,1,20261002_15_01,3,,5333,山下智己,3,,,45,37.5,31,52.5
20261002,15,丸亀,1,20261002_15_01,4,,3977,山本兼士,6,,,30,0.0,49,33.33
20261002,15,丸亀,1,20261002_15_01,5,,5464,宮田栞,4,,,36,22.22,28,25.0
20261002,15,丸亀,1,20261002_15_01,6,,4260,中越博紀,1,,,8,50.0,30,21.05
20261002,15,丸亀,2,20261002_15_02,1,,4281,大澤大夢,2,,,34,25.0,38,34.15
20261002,15,丸亀,2,20261002_15_02,2,,5027,重冨勇哉,1,,,12,37.5,65,32.65
20261002,15,丸亀,2,20261002_15_02,3,,4300,加藤綾,3,,,37,25.0,27,50.0
20261002,15,丸亀,2,20261002_15_02,4,,4580,長谷川雅,4,,,13,30.0,61,36.96
20261002,15,丸亀,2,20261002_15_02,5,,5207,高山敬悟,5,,,39,40.0,60,24.14
20261002,15,丸亀,2,20261002_15_02,6,,4511,中岡健人,6,,,50,87.5,34,41.3
20261002,15,丸亀,3,20261002_15_03,1,,4821,妻鳥晋也,1,,,25,0.0,21,27.91
20261002,15,丸亀,3,20261002_15_03,2,,5354,渡邊雄斗,4,,,58,0.0,51,32.56
20261002,15,丸亀,3,20261002_15_03,3,,5206,梅原祥平,3,,,49,33.33,19,39.13
20261002,15,丸亀,3,20261002_15_03,4,,5231,寺田空詩,2,,,29,0.0,44,33.33
20261002,15,丸亀,3,20261002_15_03,5,,5262,鈴木章司,6,,,57,0.0,17,31.11
20261002,15,丸亀,3,20261002_15_03,6,,5098,大江純,5,,,64,0.0,2,60.98
20261002,15,丸亀,4,20261002_15_04,1,,4672,守屋大地,3,,,38,66.67,62,37.21
20261002,15,丸亀,4,20261002_15_04,2,,3161,古場輝義,4,,,32,0.0,41,43.18
20261002,15,丸亀,4,20261002_15_04,3,,5348,小林甘寧,2,,,48,55.56,53,36.96
20261002,15,丸亀,4,20261002_15_04,4,,5346,中村紋夕,5,,,33,0.0,66,45.0
20261002,15,丸亀,4,20261002_15_04,5,,4193,郷原章平,1,,,4,44.44,37,38.1
20261002,15,丸亀,4,20261002_15_04,6,,5418,堀内亜海,6,,,10,16.67,23,28.57
20261002,15,丸亀,5,20261002_15_05,1,,5359,佐藤世那,4,,,6,25.0,15,33.33
20261002,15,丸亀,5,20261002_15_05,2,,4925,森悠稀,1,,,44,12.5,43,34.09
20261002,15,丸亀,5,20261002_15_05,3,,3977,山本兼士,3,,,30,0.0,7,27.66
20261002,15,丸亀,5,20261002_15_05,4,,3305,小野信樹,2,,,31,0.0,55,30.77
20261002,15,丸亀,5,20261002_15_05,5,,5333,山下智己,5,,,45,37.5,31,52.5
20261002,15,丸亀,5,20261002_15_05,6,,5471,田中結,6,,,9,0.0,3,39.02
20261002,15,丸亀,6,20261002_15_06,1,,3484,芝田浩治,1,,,1,44.44,39,28.26
20261002,15,丸亀,6,20261002_15_06,2,,4630,岩永雅人,2,,,27,0.0,12,21.21
20261002,15,丸亀,6,20261002_15_06,3,,4053,芦澤望,5,,,28,0.0,57,25.0
20261002,15,丸亀,6,20261002_15_06,4,,3869,井芹大志,4,,,40,22.22,52,45.45
20261002,15,丸亀,6,20261002_15_06,5,,5027,重冨勇哉,3,,,12,37.5,65,32.65
20261002,15,丸亀,6,20261002_15_06,6,,5464,宮田栞,6,,,36,22.22,28,25.0
20261002,15,丸亀,7,20261002_15_07,1,,4191,赤羽克也,4,,,61,0.0,58,35.29
20261002,15,丸亀,7,20261002_15_07,2,,5026,安河内健,2,,,11,44.44,24,52.27
20261002,15,丸亀,7,20261002_15_07,3,,4580,長谷川雅,6,,,13,30.0,61,36.96
20261002,15,丸亀,7,20261002_15_07,4,,4260,中越博紀,5,,,8,50.0,30,21.05
20261002,15,丸亀,7,20261002_15_07,5,,5206,梅原祥平,1,,,49,33.33,19,39.13
20261002,15,丸亀,7,20261002_15_07,6,,5010,宇留田翔,3,,,26,0.0,56,37.21
20261002,15,丸亀,8,20261002_15_08,1,,4511,中岡健人,2,,,50,87.5,34,41.3
20261002,15,丸亀,8,20261002_15_08,2,,5346,中村紋夕,5,,,33,0.0,66,45.0
20261002,15,丸亀,8,20261002_15_08,3,,5098,大江純,3,,,64,0.0,2,60.98
20261002,15,丸亀,8,20261002_15_08,4,,5348,小林甘寧,4,,,48,55.56,53,36.96
20261002,15,丸亀,8,20261002_15_08,5,,5177,松井貫太,6,,,35,25.0,48,44.44
20261002,15,丸亀,8,20261002_15_08,6,,4715,村上遼,1,,,23,0.0,9,31.71
20261002,15,丸亀,9,20261002_15_09,1,,4193,郷原章平,1,,,4,44.44,37,38.1
20261002,15,丸亀,9,20261002_15_09,2,,5207,高山敬悟,5,,,39,40.0,60,24.14
20261002,15,丸亀,9,20261002_15_09,3,,5262,鈴木章司,2,,,57,0.0,17,31.11
20261002,15,丸亀,9,20261002_15_09,4,,4300,加藤綾,6,,,37,25.0,27,50.0
20261002,15,丸亀,9,20261002_15_09,5,,5231,寺田空詩,4,,,29,0.0,44,33.33
20261002,15,丸亀,9,20261002_15_09,6,,4925,森悠稀,3,,,44,12.5,43,34.09
20261002,15,丸亀,10,20261002_15_10,1,,4053,芦澤望,1,,,28,0.0,57,25.0
20261002,15,丸亀,10,20261002_15_10,2,,4821,妻鳥晋也,3,,,25,0.0,21,27.91
20261002,15,丸亀,10,20261002_15_10,3,,5354,渡邊雄斗,4,,,58,0.0,51,32.56
20261002,15,丸亀,10,20261002_15_10,4,,4281,大澤大夢,2,,,34,25.0,38,34.15
20261002,15,丸亀,10,20261002_15_10,5,,3161,古場輝義,5,,,32,0.0,41,43.18
20261002,15,丸亀,10,20261002_15_10,6,,5359,佐藤世那,6,,,6,25.0,15,33.33
20261002,15,丸亀,11,20261002_15_11,1,,5026,安河内健,1,,,11,44.44,24,52.27
20261002,15,丸亀,11,20261002_15_11,2,,3775,泉啓文,6,,,24,0.0,33,26.67
20261002,15,丸亀,11,20261002_15_11,3,,4672,守屋大地,4,,,38,66.67,62,37.21
20261002,15,丸亀,11,20261002_15_11,4,,4191,赤羽克也,5,,,61,0.0,58,35.29
20261002,15,丸亀,11,20261002_15_11,5,,4630,岩永雅人,3,,,27,0.0,12,21.21
20261002,15,丸亀,11,20261002_15_11,6,,3484,芝田浩治,2,,,1,44.44,39,28.26
20261002,15,丸亀,12,20261002_15_12,1,,4545,岡村慶太,1,,,47,25.0,16,23.81
20261002,15,丸亀,12,20261002_15_12,2,,4095,福来剛,3,,,7,11.11,22,25.0
20261002,15,丸亀,12,20261002_15_12,3,,4514,上條嘉嗣,6,,,65,0.0,14,42.86
20261002,15,丸亀,12,20261002_15_12,4,,4064,原田篤志,4,,,60,0.0,25,38.1
20261002,15,丸亀,12,20261002_15_12,5,,3898,平田忠則,2,,,5,33.33,8,30.23
20261002,15,丸亀,12,20261002_15_12,6,,4823,中村桃佳,5,,,3,0.0,63,27.03
20261002,16,児島,1,20261002_16_01,1,,4468,大池佑来,2,,,13,36.57,68,39.49
20261002,16,児島,1,20261002_16_01,2,,4074,柳沢一,6,,,17,38.64,44,32.66
20261002,16,児島,1,20261002_16_01,3,,4482,守屋美穂,5,,,53,33.49,11,28.65
20261002,16,児島,1,20261002_16_01,4,,4713,白神優,1,,,33,24.88,74,34.85
20261002,16,児島,1,20261002_16_01,5,,4704,河野大,3,,,60,43.87,48,33.66
20261002,16,児島,1,20261002_16_01,6,,4907,小池修平,4,,,68,34.23,32,30.96
20261002,16,児島,2,20261002_16_02,1,,4352,下條雄太,2,,,22,36.15,58,38.46
20261002,16,児島,2,20261002_16_02,2,,4590,渡邉優美,3,,,16,36.12,70,31.28
20261002,16,児島,2,20261002_16_02,3,,3908,重成一人,4,,,15,28.57,54,36.79
20261002,16,児島,2,20261002_16_02,4,,4324,海野康志,5,,,12,40.57,40,32.31
20261002,16,児島,2,20261002_16_02,5,,4677,片橋幸貴,6,,,36,35.29,27,32.14
20261002,16,児島,2,20261002_16_02,6,,5051,松本純平,1,,,61,35.62,19,37.88
20261002,16,児島,3,20261002_16_03,1,,4581,吉村誠,6,,,26,29.68,71,42.79
20261002,16,児島,3,20261002_16_03,2,,3779,原田幸哉,1,,,66,34.55,66,33.67
20261002,16,児島,3,20261002_16_03,3,,4166,吉田拡郎,5,,,21,37.79,22,32.0
20261002,16,児島,3,20261002_16_03,4,,4502,遠藤エミ,2,,,67,30.91,39,37.81
20261002,16,児島,3,20261002_16_03,5,,4528,黒井達矢,3,,,52,27.93,42,34.01
20261002,16,児島,3,20261002_16_03,6,,4776,竹田和哉,4,,,56,36.36,52,31.68
20261002,16,児島,4,20261002_16_04,1,,4772,石丸海渡,1,,,34,31.63,36,36.41
20261002,16,児島,4,20261002_16_04,2,,4398,船岡洋一,6,,,14,28.11,45,36.63
20261002,16,児島,4,20261002_16_04,3,,3415,松井繁,2,,,27,35.27,62,34.17
20261002,16,児島,4,20261002_16_04,4,,3744,徳増秀樹,3,,,49,37.21,30,34.18
20261002,16,児島,4,20261002_16_04,5,,4659,木下翔太,5,,,29,29.9,51,30.2
20261002,16,児島,4,20261002_16_04,6,,4537,渡邉和将,4,,,62,39.25,20,30.3
20261002,16,児島,5,20261002_16_05,1,,4361,柳生泰二,2,,,59,27.98,15,40.51
20261002,16,児島,5,20261002_16_05,2,,4482,守屋美穂,6,,,53,33.49,11,28.65
20261002,16,児島,5,20261002_16_05,3,,3822,平尾崇典,3,,,65,34.58,31,35.03
20261002,16,児島,5,20261002_16_05,4,,4907,小池修平,1,,,68,34.23,32,30.96
20261002,16,児島,5,20261002_16_05,5,,3984,坂口周,5,,,37,34.11,23,33.33
20261002,16,児島,5,20261002_16_05,6,,3941,池田浩二,4,,,25,27.65,65,35.23
20261002,16,児島,6,20261002_16_06,1,,4324,海野康志,1,,,12,40.57,40,32.31
20261002,16,児島,6,20261002_16_06,2,,4959,井上忠政,4,,,57,32.73,18,34.83
20261002,16,児島,6,20261002_16_06,3,,4677,片橋幸貴,6,,,36,35.29,27,32.14
20261002,16,児島,6,20261002_16_06,4,,4445,宮地元輝,2,,,18,31.16,43,38.19
20261002,16,児島,6,20261002_16_06,5,,4074,柳沢一,5,,,17,38.64,44,32.66
20261002,16,児島,6,20261002_16_06,6,,4468,大池佑来,3,,,13,36.57,68,39.49
20261002,16,児島,7,20261002_16_07,1,,3908,重成一人,1,,,15,28.57,54,36.79
20261002,16,児島,7,20261002_16_07,2,,4713,白神優,3,,,33,24.88,74,34.85
20261002,16,児島,7,20261002_16_07,3,,4704,河野大,6,,,60,43.87,48,33.66
20261002,16,児島,7,20261002_16_07,4,,4528,黒井達矢,2,,,52,27.93,42,34.01
20261002,16,児島,7,20261002_16_07,5,,3779,原田幸哉,5,,,66,34.55,66,33.67
20261002,16,児島,7,20261002_16_07,6,,4352,下條雄太,4,,,22,36.15,58,38.46
20261002,16,児島,8,20261002_16_08,1,,4166,吉田拡郎,1,,,21,37.79,22,32.0
20261002,16,児島,8,20261002_16_08,2,,5051,松本純平,2,,,61,35.62,19,37.88
20261002,16,児島,8,20261002_16_08,3,,3744,徳増秀樹,4,,,49,37.21,30,34.18
20261002,16,児島,8,20261002_16_08,4,,4398,船岡洋一,3,,,14,28.11,45,36.63
20261002,16,児島,8,20261002_16_08,5,,4590,渡邉優美,5,,,16,36.12,70,31.28
20261002,16,児島,8,20261002_16_08,6,,4581,吉村誠,6,,,26,29.68,71,42.79
20261002,16,児島,9,20261002_16_09,1,,3415,松井繁,3,,,27,35.27,62,34.17
20261002,16,児島,9,20261002_16_09,2,,3822,平尾崇典,4,,,65,34.58,31,35.03
20261002,16,児島,9,20261002_16_09,3,,4361,柳生泰二,6,,,59,27.98,15,40.51
20261002,16,児島,9,20261002_16_09,4,,4776,竹田和哉,1,,,56,36.36,52,31.68
20261002,16,児島,9,20261002_16_09,5,,4502,遠藤エミ,2,,,67,30.91,39,37.81
20261002,16,児島,9,20261002_16_09,6,,4772,石丸海渡,5,,,34,31.63,36,36.41
20261002,16,児島,10,20261002_16_10,1,,4960,黒野元基,1,,,39,38.07,73,34.34
20261002,16,児島,10,20261002_16_10,2,,4928,栗城匠,4,,,41,34.11,26,35.18
20261002,16,児島,10,20261002_16_10,3,,3783,瓜生正義,5,,,42,31.48,64,38.74
20261002,16,児島,10,20261002_16_10,4,,4266,長田頼宗,3,,,24,33.03,63,34.59
20261002,16,児島,10,20261002_16_10,5,,4370,山口達也,6,,,30,37.67,47,30.41
20261002,16,児島,10,20261002_16_10,6,,4980,佐々木完,2,,,11,29.82,69,30.96
20261002,16,児島,11,20261002_16_11,1,,4762,藤原啓史,1,,,58,33.82,49,46.63
20261002,16,児島,11,20261002_16_11,2,,4584,村岡賢人,2,,,19,41.67,41,30.85
20261002,16,児島,11,20261002_16_11,3,,4787,椎名豊,4,,,50,39.82,50,36.98
20261002,16,児島,11,20261002_16_11,4,,4497,桑原悠,6,,,31,32.73,33,38.66
20261002,16,児島,11,20261002_16_11,5,,4503,上野真之,3,,,64,33.95,57,34.0
20261002,16,児島,11,20261002_16_11,6,,4371,西山貴浩,5,,,45,27.78,29,30.85
20261002,16,児島,12,20261002_16_12,1,,4320,峰竜太,1,,,44,40.0,25,32.84
20261002,16,児島,12,20261002_16_12,2,,4831,羽野直也,3,,,38,35.71,34,39.18
20261002,16,児島,12,20261002_16_12,3,,4397,西村拓也,6,,,69,35.65,75,32.63
20261002,16,児島,12,20261002_16_12,4,,4205,山口剛,2,,,32,27.83,46,30.35
20261002,16,児島,12,20261002_16_12,5,,4812,西野雄貴,4,,,35,43.72,59,32.83
20261002,16,児島,12,20261002_16_12,6,,4851,関浩哉,5,,,23,34.27,14,35.2
20261002,18,徳山,1,20261002_18_01,1,,5145,島川海輝,1,,,39,29.73,65,26.54
20261002,18,徳山,1,20261002_18_01,2,,5332,村松遥輝,6,,,43,22.61,74,35.41
20261002,18,徳山,1,20261002_18_01,3,,5245,倉富大誠,2,,,41,30.4,20,33.49
20261002,18,徳山,1,20261002_18_01,4,,5157,市川健太,5,,,59,39.78,67,41.47
20261002,18,徳山,1,20261002_18_01,5,,5183,中野孝二,3,,,65,26.04,46,29.41
20261002,18,徳山,1,20261002_18_01,6,,5375,庄島潤成,4,,,54,36.36,33,34.86
20261002,18,徳山,2,20261002_18_02,1,,5280,廣瀬凜,1,,,44,35.71,47,33.02
20261002,18,徳山,2,20261002_18_02,2,,5137,川原涼,3,,,69,44.66,36,35.91
20261002,18,徳山,2,20261002_18_02,3,,5288,尾道佳諭,5,,,42,38.6,72,34.1
20261002,18,徳山,2,20261002_18_02,4,,5224,西岡顕心,4,,,57,25.84,75,27.4
20261002,18,徳山,2,20261002_18_02,5,,5243,三馬崇史,2,,,37,19.19,22,38.31
20261002,18,徳山,2,20261002_18_02,6,,5417,小柳勝希,6,,,32,23.58,55,34.84
20261002,18,徳山,3,20261002_18_03,1,,5134,大原祥昌,1,,,63,27.36,57,36.36
20261002,18,徳山,3,20261002_18_03,2,,5336,瀬川大地,4,,,67,29.91,59,40.0
20261002,18,徳山,3,20261002_18_03,3,,5170,佐藤太亮,6,,,52,20.0,69,29.03
20261002,18,徳山,3,20261002_18_03,4,,5299,西丸敦基,2,,,55,37.61,37,33.95
20261002,18,徳山,3,20261002_18_03,5,,5396,近藤来希,5,,,35,37.7,53,33.94
20261002,18,徳山,3,20261002_18_03,6,,5255,藤原仙二,3,,,29,33.07,66,32.43
20261002,18,徳山,4,20261002_18_04,1,,5136,濱野斗馬,4,,,60,32.71,11,28.77
20261002,18,徳山,4,20261002_18_04,2,,5166,仲道大輔,3,,,64,38.0,38,41.28
20261002,18,徳山,4,20261002_18_04,3,,5293,眞崎武蔵,6,,,49,24.55,40,36.04
20261002,18,徳山,4,20261002_18_04,4,,5214,田中宏典,1,,,38,30.33,48,33.18
20261002,18,徳山,4,20261002_18_04,5,,5368,宮崎心之,2,,,71,29.91,32,28.7
20261002,18,徳山,4,20261002_18_04,6,,5448,福田柊人,5,,,66,31.91,43,29.95
20261002,18,徳山,5,20261002_18_05,1,,5298,水谷理人,3,,,40,26.8,31,33.33
20261002,18,徳山,5,20261002_18_05,2,,5394,福西広太,5,,,68,49.48,60,25.12
20261002,18,徳山,5,20261002_18_05,3,,5085,中村栄治,1,,,30,38.52,63,29.72
20261002,18,徳山,5,20261002_18_05,4,,5197,中野仁照,2,,,62,27.96,54,38.79
20261002,18,徳山,5,20261002_18_05,5,,5160,藤森陸斗,4,,,56,39.05,51,34.72
20261002,18,徳山,5,20261002_18_05,6,,5332,村松遥輝,6,,,43,22.61,74,35.41
20261002,18,徳山,6,20261002_18_06,1,,5157,市川健太,4,,,59,39.78,67,41.47
20261002,18,徳山,6,20261002_18_06,2,,5318,河内一馬,6,,,45,22.83,26,30.73
20261002,18,徳山,6,20261002_18_06,3,,4985,井本昌也,2,,,34,39.1,21,25.35
20261002,18,徳山,6,20261002_18_06,4,,5185,加藤優弥,1,,,33,52.54,28,28.29
20261002,18,徳山,6,20261002_18_06,5,,5137,川原涼,3,,,69,44.66,36,35.91
20261002,18,徳山,6,20261002_18_06,6,,5432,安藤瑠希,5,,,27,39.8,16,40.0
20261002,18,徳山,7,20261002_18_07,1,,5170,佐藤太亮,6,,,52,20.0,69,29.03
20261002,18,徳山,7,20261002_18_07,2,,5042,畑田汰一,1,,,46,33.61,45,33.02
20261002,18,徳山,7,20261002_18_07,3,,5183,中野孝二,4,,,65,26.04,46,29.41
20261002,18,徳山,7,20261002_18_07,4,,5372,上岡巧汰,2,,,53,40.0,30,36.41
20261002,18,徳山,7,20261002_18_07,5,,5330,安河内鈴,3,,,58,30.48,25,28.9
20261002,18,徳山,7,20261002_18_07,6,,5417,小柳勝希,5,,,32,23.58,55,34.84
20261002,18,徳山,8,20261002_18_08,1,,5293,眞崎武蔵,3,,,49,24.55,40,36.04
20261002,18,徳山,8,20261002_18_08,2,,5282,中本大樹,6,,,50,36.28,71,26.64
20261002,18,徳山,8,20261002_18_08,3,,5178,成貞琳平,4,,,31,30.77,61,26.44
20261002,18,徳山,8,20261002_18_08,4,,5145,島川海輝,1,,,39,29.73,65,26.54
20261002,18,徳山,8,20261002_18_08,5,,5374,木山大聖,5,,,47,40.17,52,29.86
20261002,18,徳山,8,20261002_18_08,6,,5158,宮脇遼太,2,,,61,31.46,56,29.95
20261002,18,徳山,9,20261002_18_09,1,,5232,樅山拓馬,5,,,36,30.3,27,30.7
20261002,18,徳山,9,20261002_18_09,2,,5224,西岡顕心,1,,,57,25.84,75,27.4
20261002,18,徳山,9,20261002_18_09,3,,5154,村松栄太,6,,,51,22.52,68,40.64
20261002,18,徳山,9,20261002_18_09,4,,5368,宮崎心之,3,,,71,29.91,32,28.7
20261002,18,徳山,9,20261002_18_09,5,,5085,中村栄治,2,,,30,38.52,63,29.72
20261002,18,徳山,9,20261002_18_09,6,,5405,竹内来,4,,,70,25.25,18,39.63
20261002,18,徳山,10,20261002_18_10,1,,5197,中野仁照,5,,,62,27.96,54,38.79
20261002,18,徳山,10,20261002_18_10,2,,5130,上野拓馬,6,,,48,35.66,12,38.81
20261002,18,徳山,10,20261002_18_10,3,,5066,鈴木孝明,1,,,28,23.89,58,33.78
20261002,18,徳山,10,20261002_18_10,4,,5243,三馬崇史,2,,,37,19.19,22,38.31
20261002,18,徳山,10,20261002_18_10,5,,5375,庄島潤成,4,,,54,36.36,33,34.86
20261002,18,徳山,10,20261002_18_10,6,,5299,西丸敦基,3,,,55,37.61,37,33.95
20261002,18,徳山,11,20261002_18_11,1,,5288,尾道佳諭,2,,,42,38.6,72,34.1
20261002,18,徳山,11,20261002_18_11,2,,5245,倉富大誠,5,,,41,30.4,20,33.49
20261002,18,徳山,11,20261002_18_11,3,,5160,藤森陸斗,4,,,56,39.05,51,34.72
20261002,18,徳山,11,20261002_18_11,4,,5136,濱野斗馬,3,,,60,32.71,11,28.77
20261002,18,徳山,11,20261002_18_11,5,,5185,加藤優弥,1,,,33,52.54,28,28.29
20261002,18,徳山,11,20261002_18_11,6,,5396,近藤来希,6,,,35,37.7,53,33.94
20261002,18,徳山,12,20261002_18_12,1,,4985,井本昌也,1,,,34,39.1,21,25.35
20261002,18,徳山,12,20261002_18_12,2,,5158,宮脇遼太,2,,,61,31.46,56,29.95
20261002,18,徳山,12,20261002_18_12,3,,5255,藤原仙二,5,,,29,33.07,66,32.43
20261002,18,徳山,12,20261002_18_12,4,,5298,水谷理人,6,,,40,26.8,31,33.33
20261002,18,徳山,12,20261002_18_12,5,,5166,仲道大輔,3,,,64,38.0,38,41.28
20261002,18,徳山,12,20261002_18_12,6,,5042,畑田汰一,4,,,46,33.61,45,33.02
20261002,19,下関,1,20261002_19_01,1,,4045,佐々木裕,1,,,71,41.49,32,25.81
20261002,19,下関,1,20261002_19_01,2,,4784,向井田真,2,,,19,27.52,56,44.0
20261002,19,下関,1,20261002_19_01,3,,4997,濱崎寿里,3,,,14,38.38,64,36.17
20261002,19,下関,1,20261002_19_01,4,,5391,出穂和鼓,6,,,59,41.24,16,27.27
20261002,19,下関,1,20261002_19_01,5,,5440,薗頭心,4,,,52,38.3,66,31.58
20261002,19,下関,1,20261002_19_01,6,,4400,加藤奈月,5,,,45,26.0,65,41.41
20261002,19,下関,2,20261002_19_02,1,,4853,前原哉,1,,,36,29.67,58,43.43
20261002,19,下関,2,20261002_19_02,2,,4893,渡邉真奈,2,,,57,41.05,70,32.32
20261002,19,下関,2,20261002_19_02,3,,4947,間庭菜摘,3,,,64,20.43,20,21.88
20261002,19,下関,2,20261002_19_02,4,,3943,三松直美,5,,,43,40.0,50,30.3
20261002,19,下関,2,20261002_19_02,5,,5360,高木茉白,6,,,72,27.84,68,42.55
20261002,19,下関,2,20261002_19_02,6,,5146,野田彩加,4,,,65,31.25,23,45.05
20261002,19,下関,3,20261002_19_03,1,,5250,嶋田有里,1,,,44,30.19,63,32.99
20261002,19,下関,3,20261002_19_03,2,,4642,松尾夏海,2,,,31,38.68,46,25.53
20261002,19,下関,3,20261002_19_03,3,,4844,村上奈穂,3,,,18,52.04,31,36.17
20261002,19,下関,3,20261002_19_03,4,,5322,根岸真優,6,,,47,34.34,42,34.74
20261002,19,下関,3,20261002_19_03,5,,3845,中谷朋子,4,,,28,31.52,49,39.39
20261002,19,下関,3,20261002_19_03,6,,5437,中澤里桜,5,,,48,37.25,39,26.8
20261002,19,下関,4,20261002_19_04,1,,5165,小林愛実,1,,,69,42.11,45,42.42
20261002,19,下関,4,20261002_19_04,2,,4938,小芦るり,3,,,51,28.13,17,35.11
20261002,19,下関,4,20261002_19_04,3,,5317,長尾萌加,4,,,24,36.73,29,24.0
20261002,19,下関,4,20261002_19_04,4,,5326,三嶌さら,5,,,13,32.14,36,33.33
20261002,19,下関,4,20261002_19_04,5,,5045,平川香織,2,,,21,38.14,38,32.26
20261002,19,下関,4,20261002_19_04,6,,4678,水野望美,6,,,15,34.41,40,37.76
20261002,19,下関,5,20261002_19_05,1,,4372,原田佑実,1,,,27,38.0,55,37.89
20261002,19,下関,5,20261002_19_05,2,,4730,土屋実沙,6,,,42,32.32,15,30.85
20261002,19,下関,5,20261002_19_05,3,,4791,黒澤めぐ,2,,,23,22.47,26,31.25
20261002,19,下関,5,20261002_19_05,4,,4014,片岡恵里,3,,,40,41.05,34,35.0
20261002,19,下関,5,20261002_19_05,5,,5416,龍田真白,5,,,30,41.24,44,28.57
20261002,19,下関,5,20261002_19_05,6,,4720,西澤日花,4,,,53,25.51,21,38.3
20261002,19,下関,6,20261002_19_06,1,,3334,角ひとみ,1,,,70,28.13,62,26.53
20261002,19,下関,6,20261002_19_06,2,,5342,原村百那,4,,,39,41.58,19,33.0
20261002,19,下関,6,20261002_19_06,3,,5052,赤井星璃,6,,,38,39.58,47,27.27
20261002,19,下関,6,20261002_19_06,4,,4947,間庭菜摘,2,,,64,20.43,20,21.88
20261002,19,下関,6,20261002_19_06,5,,4373,若狭奈美,3,,,17,48.45,73,33.33
20261002,19,下関,6,20261002_19_06,6,,5440,薗頭心,5,,,52,38.3,66,31.58
20261002,19,下関,7,20261002_19_07,1,,5265,大廣咲季,1,,,60,22.58,48,24.0
20261002,19,下関,7,20261002_19_07,2,,4927,関野文,3,,,62,42.86,27,30.93
20261002,19,下関,7,20261002_19_07,3,,5335,森陽多,5,,,50,35.56,59,34.41
20261002,19,下関,7,20261002_19_07,4,,4997,濱崎寿里,4,,,14,38.38,64,36.17
20261002,19,下関,7,20261002_19_07,5,,4556,竹井奈美,2,,,12,51.52,41,44.44
20261002,19,下関,7,20261002_19_07,6,,5360,高木茉白,6,,,72,27.84,68,42.55
20261002,19,下関,8,20261002_19_08,1,,4536,喜井つか,2,,,16,32.26,51,42.86
20261002,19,下関,8,20261002_19_08,2,,4804,高田ひか,4,,,49,36.73,72,25.51
20261002,19,下関,8,20261002_19_08,3,,4045,佐々木裕,1,,,71,41.49,32,25.81
20261002,19,下関,8,20261002_19_08,4,,4678,水野望美,3,,,15,34.41,40,37.76
20261002,19,下関,8,20261002_19_08,5,,5437,中澤里桜,6,,,48,37.25,39,26.8
20261002,19,下関,8,20261002_19_08,6,,3943,三松直美,5,,,43,40.0,50,30.3
20261002,19,下関,9,20261002_19_09,1,,5287,滝沢織寧,2,,,73,25.0,22,31.18
20261002,19,下関,9,20261002_19_09,2,,4387,平山智加,1,,,55,33.68,14,31.63
20261002,19,下関,9,20261002_19_09,3,,5165,小林愛実,3,,,69,42.11,45,42.42
20261002,19,下関,9,20261002_19_09,4,,5189,藤原早菜,4,,,46,43.27,43,38.78
20261002,19,下関,9,20261002_19_09,5,,5195,北村寧々,6,,,54,26.04,12,21.88
20261002,19,下関,9,20261002_19_09,6,,4844,村上奈穂,5,,,18,52.04,31,36.17
20261002,19,下関,10,20261002_19_10,1,,4014,片岡恵里,1,,,40,41.05,34,35.0
20261002,19,下関,10,20261002_19_10,2,,5322,根岸真優,2,,,47,34.34,42,34.74
20261002,19,下関,10,20261002_19_10,3,,4853,前原哉,4,,,36,29.67,58,43.43
20261002,19,下関,10,20261002_19_10,4,,4400,加藤奈月,6,,,45,26.0,65,41.41
20261002,19,下関,10,20261002_19_10,5,,3334,角ひとみ,3,,,70,28.13,62,26.53
20261002,19,下関,10,20261002_19_10,6,,5326,三嶌さら,5,,,13,32.14,36,33.33
20261002,19,下関,11,20261002_19_11,1,,4373,若狭奈美,2,,,17,48.45,73,33.33
20261002,19,下関,11,20261002_19_11,2,,3845,中谷朋子,6,,,28,31.52,49,39.39
20261002,19,下関,11,20261002_19_11,3,,5045,平川香織,1,,,21,38.14,38,32.26
20261002,19,下関,11,20261002_19_11,4,,4784,向井田真,5,,,19,27.52,56,44.0
20261002,19,下関,11,20261002_19_11,5,,4791,黒澤めぐ,3,,,23,22.47,26,31.25
20261002,19,下関,11,20261002_19_11,6,,4927,関野文,4,,,62,42.86,27,30.93
20261002,19,下関,12,20261002_19_12,1,,4642,松尾夏海,1,,,31,38.68,46,25.53
20261002,19,下関,12,20261002_19_12,2,,4536,喜井つか,2,,,16,32.26,51,42.86
20261002,19,下関,12,20261002_19_12,3,,4556,竹井奈美,4,,,12,51.52,41,44.44
20261002,19,下関,12,20261002_19_12,4,,4372,原田佑実,3,,,27,38.0,55,37.89
20261002,19,下関,12,20261002_19_12,5,,4893,渡邉真奈,6,,,57,41.05,70,32.32
20261002,19,下関,12,20261002_19_12,6,,5317,長尾萌加,5,,,24,36.73,29,24.0
20261002,22,福岡,1,20261002_22_01,1,,4311,岡村仁,1,,,58,35.97,147,23.93
20261002,22,福岡,1,20261002_22_01,2,,3372,加藤雅之,2,,,75,29.17,132,38.02
20261002,22,福岡,1,20261002_22_01,3,,5020,宮村勇哉,3,,,73,32.5,127,36.97
20261002,22,福岡,1,20261002_22_01,4,,5369,岡崎凪汰,6,,,50,28.77,146,31.09
20261002,22,福岡,1,20261002_22_01,5,,4406,幸野史明,5,,,20,34.04,164,30.0
20261002,22,福岡,1,20261002_22_01,6,,3745,橋本年光,4,,,52,40.0,109,39.5
20261002,22,福岡,2,20261002_22_02,1,,3361,岡部浩,4,,,59,41.67,137,33.04
20261002,22,福岡,2,20261002_22_02,2,,3699,富永正人,2,,,25,40.37,135,38.98
20261002,22,福岡,2,20261002_22_02,3,,4899,占部一真,6,,,61,37.42,141,36.13
20261002,22,福岡,2,20261002_22_02,4,,4227,安達裕樹,3,,,15,42.07,123,46.61
20261002,22,福岡,2,20261002_22_02,5,,4798,浜先真範,1,,,70,34.23,116,33.33
20261002,22,福岡,2,20261002_22_02,6,,4396,大田直弥,5,,,63,31.72,103,24.79
20261002,22,福岡,3,20261002_22_03,1,,3224,栗山繁洋,1,,,56,34.92,124,33.33
20261002,22,福岡,3,20261002_22_03,2,,3797,岩井繁,4,,,36,38.36,150,34.78
20261002,22,福岡,3,20261002_22_03,3,,4645,上村純一,2,,,11,37.16,104,31.36
20261002,22,福岡,3,20261002_22_03,4,,4164,岩永節也,3,,,16,45.07,151,22.41
20261002,22,福岡,3,20261002_22_03,5,,3955,眞田英二,5,,,22,33.33,153,32.48
20261002,22,福岡,3,20261002_22_03,6,,5469,今泉博人,6,,,57,31.88,131,19.47
20261002,22,福岡,4,20261002_22_04,1,,4299,中島浩哉,2,,,66,28.69,134,39.5
20261002,22,福岡,4,20261002_22_04,2,,4902,山川雄大,1,,,51,28.79,113,21.01
20261002,22,福岡,4,20261002_22_04,3,,3268,森竜也,4,,,43,60.58,170,33.88
20261002,22,福岡,4,20261002_22_04,4,,5092,篠原晟弥,6,,,28,33.07,163,30.7
20261002,22,福岡,4,20261002_22_04,5,,3957,大谷直弘,3,,,33,39.23,118,31.62
20261002,22,福岡,4,20261002_22_04,6,,5121,定松勇樹,5,,,19,34.35,138,44.07
20261002,22,福岡,5,20261002_22_05,1,,5369,岡崎凪汰,2,,,50,28.77,146,31.09
20261002,22,福岡,5,20261002_22_05,2,,5067,山田真聖,5,,,32,28.86,126,37.19
20261002,22,福岡,5,20261002_22_05,3,,4441,末永由楽,3,,,64,26.13,130,41.53
20261002,22,福岡,5,20261002_22_05,4,,5016,宮田龍馬,4,,,49,37.59,110,38.94
20261002,22,福岡,5,20261002_22_05,5,,3265,今村暢孝,1,,,44,28.85,133,39.47
20261002,22,福岡,5,20261002_22_05,6,,3784,中島友和,6,,,26,34.86,115,39.83
20261002,22,福岡,6,20261002_22_06,1,,5006,久保原秀,2,,,65,40.0,143,28.44
20261002,22,福岡,6,20261002_22_06,2,,5009,大賀龍之,3,,,67,36.11,156,41.38
20261002,22,福岡,6,20261002_22_06,3,,3964,宮地博士,4,,,14,40.0,117,33.61
20261002,22,福岡,6,20261002_22_06,4,,3361,岡部浩,5,,,59,41.67,137,33.04
20261002,22,福岡,6,20261002_22_06,5,,5020,宮村勇哉,6,,,73,32.5,127,36.97
20261002,22,福岡,6,20261002_22_06,6,,3473,石川真二,1,,,34,42.47,174,40.17
20261002,22,福岡,7,20261002_22_07,1,,3797,岩井繁,3,,,36,38.36,150,34.78
20261002,22,福岡,7,20261002_22_07,2,,3459,中野和裕,4,,,24,27.83,157,36.52
20261002,22,福岡,7,20261002_22_07,3,,5337,出畑孝成,6,,,71,37.5,128,33.33
20261002,22,福岡,7,20261002_22_07,4,,4788,小池哲也,2,,,12,36.62,166,27.83
20261002,22,福岡,7,20261002_22_07,5,,5068,前田滉,1,,,46,26.57,102,23.21
20261002,22,福岡,7,20261002_22_07,6,,5457,山田陽翔,5,,,21,40.27,152,32.23
20261002,22,福岡,8,20261002_22_08,1,,3711,江本真治,1,,,13,36.51,171,27.83
20261002,22,福岡,8,20261002_22_08,2,,3268,森竜也,2,,,43,60.58,170,33.88
20261002,22,福岡,8,20261002_22_08,3,,3372,加藤雅之,6,,,75,29.17,132,38.02
20261002,22,福岡,8,20261002_22_08,4,,4899,占部一真,4,,,61,37.42,141,36.13
20261002,22,福岡,8,20261002_22_08,5,,5469,今泉博人,5,,,57,31.88,131,19.47
20261002,22,福岡,8,20261002_22_08,6,,4459,片岡雅裕,3,,,30,33.94,119,31.93
20261002,22,福岡,9,20261002_22_09,1,,4428,有賀達也,1,,,48,22.39,114,32.76
20261002,22,福岡,9,20261002_22_09,2,,3955,眞田英二,3,,,22,33.33,153,32.48
20261002,22,福岡,9,20261002_22_09,3,,4406,幸野史明,6,,,20,34.04,164,30.0
20261002,22,福岡,9,20261002_22_09,4,,4798,浜先真範,2,,,70,34.23,116,33.33
20261002,22,福岡,9,20261002_22_09,5,,5038,金田智博,4,,,74,41.35,136,33.06
20261002,22,福岡,9,20261002_22_09,6,,4579,中嶋健一,5,,,47,19.83,159,35.9
20261002,22,福岡,10,20261002_22_10,1,,4210,松村康太,1,,,62,45.05,122,31.62
20261002,22,福岡,10,20261002_22_10,2,,4645,上村純一,5,,,11,37.16,104,31.36
20261002,22,福岡,10,20261002_22_10,3,,3265,今村暢孝,3,,,44,28.85,133,39.47
20261002,22,福岡,10,20261002_22_10,4,,4396,大田直弥,4,,,63,31.72,103,24.79
20261002,22,福岡,10,20261002_22_10,5,,3964,宮地博士,6,,,14,40.0,117,33.61
20261002,22,福岡,10,20261002_22_10,6,,4184,渡邊雄一,2,,,39,40.0,154,16.83
20261002,22,福岡,11,20261002_22_11,1,,5016,宮田龍馬,1,,,49,37.59,110,38.94
20261002,22,福岡,11,20261002_22_11,2,,4311,岡村仁,4,,,58,35.97,147,23.93
20261002,22,福岡,11,20261002_22_11,3,,4220,深川和仁,2,,,18,34.55,101,31.15
20261002,22,福岡,11,20261002_22_11,4,,4902,山川雄大,6,,,51,28.79,113,21.01
20261002,22,福岡,11,20261002_22_11,5,,4788,小池哲也,3,,,12,36.62,166,27.83
20261002,22,福岡,11,20261002_22_11,6,,4816,村松修二,5,,,72,38.82,169,34.48
20261002,22,福岡,12,20261002_22_12,1,,5068,前田滉,1,,,46,26.57,102,23.21
20261002,22,福岡,12,20261002_22_12,2,,4441,末永由楽,3,,,64,26.13,130,41.53
20261002,22,福岡,12,20261002_22_12,3,,4227,安達裕樹,4,,,15,42.07,123,46.61
20261002,22,福岡,12,20261002_22_12,4,,5121,定松勇樹,2,,,19,34.35,138,44.07
20261002,22,福岡,12,20261002_22_12,5,,3711,江本真治,5,,,13,36.51,171,27.83
20261002,22,福岡,12,20261002_22_12,6,,5009,大賀龍之,6,,,67,36.11,156,41.38
20261002,23,唐津,1,20261002_23_01,1,,4174,赤坂俊輔,1,,,50,0.0,7,36.0
20261002,23,唐津,1,20261002_23_01,2,,5039,倉田茂将,4,,,55,0.0,32,34.71
20261002,23,唐津,1,20261002_23_01,3,,3771,折下寛法,2,,,64,0.0,8,40.94
20261002,23,唐津,1,20261002_23_01,4,,5014,梶山涼斗,3,,,24,55.56,21,41.22
20261002,23,唐津,1,20261002_23_01,5,,5248,本田愛,5,,,5,20.0,3,35.34
20261002,23,唐津,1,20261002_23_01,6,,5423,高橋嗣穏,6,,,3,44.44,45,30.4
20261002,23,唐津,2,20261002_23_02,1,,5106,山崎祥,2,,,49,0.0,4,22.76
20261002,23,唐津,2,20261002_23_02,2,,4472,尾嶋一広,1,,,61,0.0,58,24.14
20261002,23,唐津,2,20261002_23_02,3,,4747,山戸信二,4,,,13,44.44,49,35.54
20261002,23,唐津,2,20261002_23_02,4,,5204,宇恵有香,3,,,8,0.0,41,33.87
20261002,23,唐津,2,20261002_23_02,5,,4119,泥谷一毅,6,,,15,25.0,20,33.06
20261002,23,唐津,2,20261002_23_02,6,,4417,服部剛,5,,,25,22.22,56,34.45
20261002,23,唐津,3,20261002_23_03,1,,4011,堀之内紀,1,,,11,11.11,59,38.21
20261002,23,唐津,3,20261002_23_03,2,,3212,亀本勇樹,2,,,47,25.0,54,30.65
20261002,23,唐津,3,20261002_23_03,3,,4733,赤井睦,6,,,1,22.22,29,36.29
20261002,23,唐津,3,20261002_23_03,4,,4782,浜崎準也,5,,,60,0.0,5,37.01
20261002,23,唐津,3,20261002_23_03,5,,4072,森永淳,4,,,65,0.0,36,24.0
20261002,23,唐津,3,20261002_23_03,6,,4948,木場悠介,3,,,51,0.0,28,34.65
20261002,23,唐津,4,20261002_23_04,1,,5297,南彩寧,3,,,54,0.0,22,23.48
20261002,23,唐津,4,20261002_23_04,2,,4112,大久保信,6,,,18,88.89,11,32.28
20261002,23,唐津,4,20261002_23_04,3,,4389,伊藤喜智,2,,,46,0.0,34,33.33
20261002,23,唐津,4,20261002_23_04,4,,4000,松本博昭,1,,,48,50.0,13,31.45
20261002,23,唐津,4,20261002_23_04,5,,4229,市川美宏,5,,,56,0.0,46,21.6
20261002,23,唐津,4,20261002_23_04,6,,3175,渡辺千草,4,,,58,0.0,23,43.75
20261002,23,唐津,5,20261002_23_05,1,,4543,重木輝彦,1,,,20,0.0,16,41.41
20261002,23,唐津,5,20261002_23_05,2,,4866,橋本英一,3,,,16,12.5,38,40.98
20261002,23,唐津,5,20261002_23_05,3,,5039,倉田茂将,2,,,55,0.0,32,34.71
20261002,23,唐津,5,20261002_23_05,4,,4764,小池礼乃,6,,,63,0.0,48,27.5
20261002,23,唐津,5,20261002_23_05,5,,4359,横川聖志,4,,,2,0.0,33,20.51
20261002,23,唐津,5,20261002_23_05,6,,4172,森定晃史,5,,,22,44.44,25,26.36
20261002,23,唐津,6,20261002_23_06,1,,5324,畑田希咲,5,,,62,0.0,40,29.37
20261002,23,唐津,6,20261002_23_06,2,,4108,吉村正明,1,,,53,0.0,42,26.27
20261002,23,唐津,6,20261002_23_06,3,,4575,戸塚邦好,6,,,10,55.56,2,42.97
20261002,23,唐津,6,20261002_23_06,4,,4121,富永修一,2,,,57,0.0,44,36.51
20261002,23,唐津,6,20261002_23_06,5,,5110,杉山喜一,3,,,14,25.0,18,34.45
20261002,23,唐津,6,20261002_23_06,6,,5429,吉川颯汰,4,,,6,22.22,10,37.17
20261002,23,唐津,7,20261002_23_07,1,,4747,山戸信二,3,,,13,44.44,49,35.54
20261002,23,唐津,7,20261002_23_07,2,,4154,森安弘雅,2,,,23,22.22,55,38.4
20261002,23,唐津,7,20261002_23_07,3,,3319,山崎義明,5,,,59,0.0,9,31.9
20261002,23,唐津,7,20261002_23_07,4,,3918,深井利寿,1,,,52,0.0,14,31.75
20261002,23,唐津,7,20261002_23_07,5,,4989,石原翼,4,,,17,50.0,12,37.9
20261002,23,唐津,7,20261002_23_07,6,,5248,本田愛,6,,,5,20.0,3,35.34
20261002,23,唐津,8,20261002_23_08,1,,4253,西川真人,6,,,7,0.0,47,29.27
20261002,23,唐津,8,20261002_23_08,2,,4948,木場悠介,3,,,51,0.0,28,34.65
20261002,23,唐津,8,20261002_23_08,3,,4119,泥谷一毅,2,,,15,25.0,20,33.06
20261002,23,唐津,8,20261002_23_08,4,,3983,須藤博倫,1,,,21,44.44,31,40.87
20261002,23,唐津,8,20261002_23_08,5,,5297,南彩寧,5,,,54,0.0,22,23.48
20261002,23,唐津,8,20261002_23_08,6,,4638,小林遼太,4,,,19,20.0,52,36.07
20261002,23,唐津,9,20261002_23_09,1,,5407,中岡駿,6,,,4,33.33,50,34.96
20261002,23,唐津,9,20261002_23_09,2,,4359,横川聖志,2,,,2,0.0,33,20.51
20261002,23,唐津,9,20261002_23_09,3,,4782,浜崎準也,4,,,60,0.0,5,37.01
20261002,23,唐津,9,20261002_23_09,4,,4483,北野輝季,3,,,12,22.22,43,26.85
20261002,23,唐津,9,20261002_23_09,5,,4112,大久保信,1,,,18,88.89,11,32.28
20261002,23,唐津,9,20261002_23_09,6,,3771,折下寛法,5,,,64,0.0,8,40.94
20261002,23,唐津,10,20261002_23_10,1,,5014,梶山涼斗,3,,,24,55.56,21,41.22
20261002,23,唐津,10,20261002_23_10,2,,4733,赤井睦,6,,,1,22.22,29,36.29
20261002,23,唐津,10,20261002_23_10,3,,3853,岩崎正哉,4,,,9,0.0,57,36.59
20261002,23,唐津,10,20261002_23_10,4,,4472,尾嶋一広,1,,,61,0.0,58,24.14
20261002,23,唐津,10,20261002_23_10,5,,4108,吉村正明,5,,,53,0.0,42,26.27
20261002,23,唐津,10,20261002_23_10,6,,4866,橋本英一,2,,,16,12.5,38,40.98
20261002,23,唐津,11,20261002_23_11,1,,4000,松本博昭,2,,,48,50.0,13,31.45
20261002,23,唐津,11,20261002_23_11,2,,4072,森永淳,1,,,65,0.0,30,21.43
20261002,23,唐津,11,20261002_23_11,3,,4417,服部剛,6,,,25,22.22,56,34.45
20261002,23,唐津,11,20261002_23_11,4,,4543,重木輝彦,4,,,20,0.0,16,41.41
20261002,23,唐津,11,20261002_23_11,5,,4154,森安弘雅,3,,,23,22.22,55,38.4
20261002,23,唐津,11,20261002_23_11,6,,3541,三嶌誠司,5,,,45,0.0,26,28.57
20261002,23,唐津,12,20261002_23_12,1,,3983,須藤博倫,2,,,21,44.44,31,40.87
20261002,23,唐津,12,20261002_23_12,2,,5106,山崎祥,5,,,49,0.0,4,22.76
20261002,23,唐津,12,20261002_23_12,3,,4174,赤坂俊輔,1,,,50,0.0,7,36.0
20261002,23,唐津,12,20261002_23_12,4,,4575,戸塚邦好,3,,,10,55.56,2,42.97
20261002,23,唐津,12,20261002_23_12,5,,4011,堀之内紀,6,,,11,11.11,59,38.21
20261002,23,唐津,12,20261002_23_12,6,,4389,伊藤喜智,4,,,46,0.0,34,33.33
20261002,24,大村,1,20261002_24_01,1,,5384,八戸琉楓,6,,,11,15.28,72,33.33
20261002,24,大村,1,20261002_24_01,2,,3827,今泉徹,1,,,19,36.25,58,28.57
20261002,24,大村,1,20261002_24_01,3,,3528,笠野友紀,5,,,63,44.29,65,30.65
20261002,24,大村,1,20261002_24_01,4,,5273,山下拓巳,2,,,65,41.98,74,40.0
20261002,24,大村,1,20261002_24_01,5,,4248,岡本大,4,,,22,28.0,78,30.0
20261002,24,大村,1,20261002_24_01,6,,5236,小宮涼雅,3,,,29,39.74,15,29.73
20261002,24,大村,2,20261002_24_02,1,,4408,仁科さや,6,,,71,25.0,86,28.33
20261002,24,大村,2,20261002_24_02,2,,3842,星野太郎,2,,,58,35.82,73,42.65
20261002,24,大村,2,20261002_24_02,3,,4708,半田尚也,4,,,16,43.9,63,26.98
20261002,24,大村,2,20261002_24_02,4,,3930,岸本隆,1,,,34,39.74,33,33.87
20261002,24,大村,2,20261002_24_02,5,,3701,大西隆洋,3,,,49,33.78,84,34.29
20261002,24,大村,2,20261002_24_02,6,,5420,吉原快誓,5,,,23,35.44,55,45.07
20261002,24,大村,3,20261002_24_03,1,,5065,伊久間陽,1,,,79,30.88,41,16.36
20261002,24,大村,3,20261002_24_03,2,,4339,平瀬城啓,5,,,73,31.08,50,42.86
20261002,24,大村,3,20261002_24_03,3,,4068,幸田智裕,3,,,70,41.67,85,36.49
20261002,24,大村,3,20261002_24_03,4,,4204,柴田大輔,2,,,64,22.86,13,20.0
20261002,24,大村,3,20261002_24_03,5,,3685,荒井輝年,4,,,60,30.67,68,36.11
20261002,24,大村,3,20261002_24_03,6,,5446,長嶺真李,6,,,21,18.84,49,37.5
20261002,24,大村,4,20261002_24_04,1,,4004,山本浩輔,1,,,61,37.84,83,22.64
20261002,24,大村,4,20261002_24_04,2,,4555,富永大一,3,,,57,45.83,30,14.55
20261002,24,大村,4,20261002_24_04,3,,4431,石塚裕介,6,,,28,32.35,80,30.51
20261002,24,大村,4,20261002_24_04,4,,4520,高倉孝太,2,,,30,19.18,28,32.79
20261002,24,大村,4,20261002_24_04,5,,4680,後藤美翼,5,,,12,29.11,32,43.06
20261002,24,大村,4,20261002_24_04,6,,5037,田頭虎親,4,,,27,31.51,29,37.5
20261002,24,大村,5,20261002_24_05,1,,4248,岡本大,1,,,22,28.0,78,30.0
20261002,24,大村,5,20261002_24_05,2,,4918,川島拓郎,4,,,54,36.99,18,22.41
20261002,24,大村,5,20261002_24_05,3,,3509,池千夏,5,,,36,32.88,53,25.0
20261002,24,大村,5,20261002_24_05,4,,4171,榎幸司,2,,,81,40.0,56,34.72
20261002,24,大村,5,20261002_24_05,5,,3827,今泉徹,6,,,19,36.25,58,28.57
20261002,24,大村,5,20261002_24_05,6,,4442,松竹大輔,3,,,62,31.65,54,34.25
20261002,24,大村,6,20261002_24_06,1,,4057,松井賢治,1,,,44,49.41,76,38.89
20261002,24,大村,6,20261002_24_06,2,,3701,大西隆洋,3,,,49,33.78,84,34.29
20261002,24,大村,6,20261002_24_06,3,,4421,森作広大,2,,,41,52.0,40,33.33
20261002,24,大村,6,20261002_24_06,4,,5420,吉原快誓,6,,,23,35.44,55,45.07
20261002,24,大村,6,20261002_24_06,5,,5236,小宮涼雅,4,,,29,39.74,15,29.73
20261002,24,大村,6,20261002_24_06,6,,4666,日笠勝弘,5,,,80,28.57,35,31.51
20261002,24,大村,7,20261002_24_07,1,,4452,松尾祭,1,,,17,43.42,16,25.81
20261002,24,大村,7,20261002_24_07,2,,3685,荒井輝年,3,,,60,30.67,68,36.11
20261002,24,大村,7,20261002_24_07,3,,5384,八戸琉楓,6,,,11,15.28,72,33.33
20261002,24,大村,7,20261002_24_07,4,,4708,半田尚也,2,,,16,43.9,63,26.98
20261002,24,大村,7,20261002_24_07,5,,3842,星野太郎,4,,,58,35.82,73,42.65
20261002,24,大村,7,20261002_24_07,6,,4384,鶴本崇文,5,,,20,47.22,20,42.25
20261002,24,大村,8,20261002_24_08,1,,4817,渡邉翼,1,,,13,41.03,23,22.41
20261002,24,大村,8,20261002_24_08,2,,4431,石塚裕介,5,,,28,32.35,80,30.51
20261002,24,大村,8,20261002_24_08,3,,4204,柴田大輔,2,,,64,22.86,13,20.0
20261002,24,大村,8,20261002_24_08,4,,5037,田頭虎親,3,,,27,31.51,29,37.5
20261002,24,大村,8,20261002_24_08,5,,3930,岸本隆,6,,,34,39.74,33,33.87
20261002,24,大村,8,20261002_24_08,6,,5065,伊久間陽,4,,,79,30.88,41,16.36
20261002,24,大村,9,20261002_24_09,1,,4680,後藤美翼,1,,,12,29.11,32,43.06
20261002,24,大村,9,20261002_24_09,2,,3509,池千夏,2,,,36,32.88,53,25.0
20261002,24,大村,9,20261002_24_09,3,,4408,仁科さや,5,,,71,25.0,86,28.33
20261002,24,大村,9,20261002_24_09,4,,3528,笠野友紀,4,,,63,44.29,65,30.65
20261002,24,大村,9,20261002_24_09,5,,5446,長嶺真李,6,,,21,18.84,49,37.5
20261002,24,大村,9,20261002_24_09,6,,5192,中尾優香,3,,,67,15.94,26,25.0
20261002,24,大村,10,20261002_24_10,1,,4666,日笠勝弘,2,,,80,28.57,35,31.51
20261002,24,大村,10,20261002_24_10,2,,5273,山下拓巳,6,,,65,41.98,74,40.0
20261002,24,大村,10,20261002_24_10,3,,4171,榎幸司,1,,,81,40.0,56,34.72
20261002,24,大村,10,20261002_24_10,4,,4057,松井賢治,4,,,44,49.41,76,38.89
20261002,24,大村,10,20261002_24_10,5,,4918,川島拓郎,5,,,54,36.99,18,22.41
20261002,24,大村,10,20261002_24_10,6,,4004,山本浩輔,3,,,61,37.84,83,22.64
20261002,24,大村,11,20261002_24_11,1,,4793,金子萌,2,,,72,26.76,25,40.28
20261002,24,大村,11,20261002_24_11,2,,5054,佐々木大,1,,,59,42.65,59,33.33
20261002,24,大村,11,20261002_24_11,3,,4302,西野翔太,3,,,50,22.86,61,18.18
20261002,24,大村,11,20261002_24_11,4,,4601,森野正弘,4,,,32,26.09,52,27.87
20261002,24,大村,11,20261002_24_11,5,,4470,平田健之,5,,,48,36.99,57,38.36
20261002,24,大村,11,20261002_24_11,6,,4264,長尾章平,6,,,69,27.71,21,25.0
20261002,24,大村,12,20261002_24_12,1,,4442,松竹大輔,2,,,62,31.65,54,34.25
20261002,24,大村,12,20261002_24_12,2,,4068,幸田智裕,1,,,70,41.67,85,36.49
20261002,24,大村,12,20261002_24_12,3,,4555,富永大一,6,,,57,45.83,30,14.55
20261002,24,大村,12,20261002_24_12,4,,4452,松尾祭,3,,,17,43.42,16,25.81
20261002,24,大村,12,20261002_24_12,5,,4817,渡邉翼,4,,,13,41.03,23,22.41
20261002,24,大村,12,20261002_24_12,6,,4520,高倉孝太,5,,,30,19.18,28,32.79
