target_date,race_id,venue_code,venue_name,race,deadline,prediction_type,formation_type,gap_1_2,first_candidates,second_candidates,third_candidates,points,investment_100yen,combinations,rank1_boat,rank1_score,rank2_boat,rank2_score,rank3_boat,rank3_score,rank4_boat,rank4_score,rank5_boat,rank5_score,rank6_boat,rank6_score
20261001,20261001-03-01,03,江戸川,1,2026-10-01T11:14:00+09:00,朝,準軸,6.43,1-2,1-2-5,1-2-5-3,8,800,1-2-5 / 1-2-3 / 1-5-2 / 2-1-5 / 2-1-3 / 2-5-1 / 1-5-3 / 2-5-3,1,58.27,2,51.84,5,43.79,3,39.96,4,38.15,6,27.76
20261001,20261001-03-02,03,江戸川,2,2026-10-01T11:41:00+09:00,朝,混戦,2.04,3-6,3-6-1-2,3-6-1-2-4,12,1200,3-6-1 / 3-1-6 / 3-6-2 / 6-3-1 / 3-2-6 / 6-1-3 / 6-3-2 / 3-1-2 / 3-2-1 / 6-2-3 / 3-6-4 / 6-1-2,3,55.83,6,53.79,1,52.3,2,50.43,4,43.97,5,37.14
20261001,20261001-03-03,03,江戸川,3,2026-10-01T12:08:00+09:00,朝,1着強軸,14.16,1,4-3,4-3-6,4,400,1-4-3 / 1-4-6 / 1-3-4 / 1-3-6,1,63.84,4,49.68,3,45.67,6,45.54,2,41.84,5,37.42
20261001,20261001-03-04,03,江戸川,4,2026-10-01T12:35:00+09:00,朝,1着強軸,12.02,1,5-3,5-3-4,4,400,1-5-3 / 1-5-4 / 1-3-5 / 1-3-4,1,62.95,5,50.93,3,44.93,4,43.91,2,39.71,6,34.72
20261001,20261001-03-05,03,江戸川,5,2026-10-01T13:02:00+09:00,直前,1着強軸,10.04,1,3-2,3-2-5,4,400,1-3-2 / 1-3-5 / 1-2-3 / 1-2-5,1,66.58,3,56.54,2,49.34,5,49.32,6,39.57,4,34.98
20261001,20261001-03-06,03,江戸川,6,2026-10-01T13:29:00+09:00,直前,準軸,6.94,1-4,1-4-2,1-4-2-3,8,800,1-4-2 / 1-4-3 / 1-2-4 / 4-1-2 / 1-2-3 / 4-1-3 / 4-2-1 / 4-2-3,1,60.45,4,53.51,2,49.59,3,47.96,5,45.46,6,31.35
20261001,20261001-03-07,03,江戸川,7,2026-10-01T13:56:00+09:00,直前,混戦,2.06,3-2,3-2-1-6,3-2-1-6-5,12,1200,3-2-1 / 3-1-2 / 2-3-1 / 3-2-6 / 2-1-3 / 3-2-5 / 2-3-6 / 3-6-2 / 3-1-6 / 2-3-5 / 3-6-1 / 3-1-5,3,52.93,2,50.87,1,48.53,6,45.32,5,43.71,4,42.06
20261001,20261001-03-08,03,江戸川,8,2026-10-01T14:24:00+09:00,朝,準軸,7.81,1-4,1-4-3,1-4-3-2,8,800,1-4-3 / 1-4-2 / 1-3-4 / 1-3-2 / 4-1-3 / 4-1-2 / 4-3-1 / 4-3-2,1,53.06,4,45.25,3,42.1,2,41.6,5,40.71,6,37.49
20261001,20261001-03-09,03,江戸川,9,2026-10-01T14:52:00+09:00,直前,1着強軸,12.68,1,3-5,3-5-2,4,400,1-3-5 / 1-5-3 / 1-3-2 / 1-5-2,1,59.9,3,47.22,5,47.18,2,45.3,4,39.45,6,28.84
20261001,20261001-03-10,03,江戸川,10,2026-10-01T15:22:00+09:00,直前,1着強軸,16.18,1,4-2,4-2-3,4,400,1-4-2 / 1-2-4 / 1-4-3 / 1-2-3,1,72.59,4,56.41,2,52.25,3,49.55,6,46.54,5,42.44
20261001,20261001-03-11,03,江戸川,11,2026-10-01T15:53:00+09:00,朝,1着強軸,15.07,1,2-4,2-4-3,4,400,1-2-4 / 1-2-3 / 1-4-2 / 1-4-3,1,73.01,2,57.94,4,52.27,3,50.92,5,47.41,6,43.73
20261001,20261001-03-12,03,江戸川,12,2026-10-01T16:25:00+09:00,直前,1着強軸,14.72,1,2-3,2-3-4,4,400,1-2-3 / 1-3-2 / 1-2-4 / 1-3-4,1,74.75,2,60.03,3,57.4,4,49.82,5,46.57,6,38.61
20261001,20261001-04-01,04,平和島,1,2026-10-01T10:55:00+09:00,朝,準軸,9.33,1-4,1-4-3,1-4-3-2,8,800,1-4-3 / 1-3-4 / 4-1-3 / 1-4-2 / 1-3-2 / 4-3-1 / 4-1-2 / 4-3-2,1,62.14,4,52.81,3,52.6,2,40.36,5,33.55,6,32.53
20261001,20261001-04-02,04,平和島,2,2026-10-01T11:24:00+09:00,朝,準軸,6.18,2-5,2-5-1,2-5-1-3,8,800,2-5-1 / 2-1-5 / 5-2-1 / 2-5-3 / 5-1-2 / 5-2-3 / 2-1-3 / 5-1-3,2,59.84,5,53.66,1,48.05,3,40.86,4,37.45,6,33.12
20261001,20261001-04-03,04,平和島,3,2026-10-01T11:54:00+09:00,朝,混戦,2.7,5-1,5-1-4-3,5-1-4-3-2,12,1200,5-1-4 / 1-5-4 / 5-4-1 / 5-1-3 / 5-1-2 / 1-5-3 / 1-5-2 / 1-4-5 / 5-3-1 / 1-3-5 / 5-4-3 / 5-4-2,5,57.3,1,54.6,4,45.37,3,40.51,2,40.17,6,37.69
20261001,20261001-04-04,04,平和島,4,2026-10-01T12:23:00+09:00,朝,混戦,1.24,2-1,2-1-6-5,2-1-6-5-3,12,1200,2-1-6 / 2-1-5 / 1-2-6 / 2-6-1 / 1-2-5 / 2-5-1 / 1-6-2 / 1-5-2 / 2-6-5 / 2-5-6 / 2-1-3 / 1-2-3,2,53.33,1,52.09,6,49.48,5,48.6,3,43.78,4,40.21
20261001,20261001-04-05,04,平和島,5,2026-10-01T12:57:00+09:00,直前,準軸,5.47,1-2,1-2-5,1-2-5-4,8,800,1-2-5 / 1-2-4 / 2-1-5 / 2-1-4 / 1-5-2 / 2-5-1 / 1-5-4 / 2-5-4,1,65.77,2,60.3,5,39.52,4,36.73,3,34.34,6,29.75
20261001,20261001-04-06,04,平和島,6,2026-10-01T13:32:00+09:00,直前,混戦,0.7,1-3,1-3-2-5,1-3-2-5-4,12,1200,1-3-2 / 3-1-2 / 1-3-5 / 3-1-5 / 1-3-4 / 1-2-3 / 3-1-4 / 3-2-1 / 1-5-3 / 3-5-1 / 1-2-5 / 1-2-4,1,59.11,3,58.41,2,45.37,5,41.02,4,39.39,6,35.38
20261001,20261001-04-07,04,平和島,7,2026-10-01T13:59:00+09:00,直前,混戦,4.16,1-2,1-2-3-4,1-2-3-4-6,12,1200,1-2-3 / 1-2-4 / 2-1-3 / 1-3-2 / 2-1-4 / 1-4-2 / 2-3-1 / 1-2-6 / 2-1-6 / 2-4-1 / 1-3-4 / 1-4-3,1,61.95,2,57.79,3,47.44,4,44.08,6,35.3,5,30.81
20261001,20261001-04-08,04,平和島,8,2026-10-01T14:32:00+09:00,直前,混戦,0.85,4-1,4-1-2-3,4-1-2-3-6,12,1200,4-1-2 / 1-4-2 / 4-1-3 / 4-2-1 / 1-4-3 / 1-2-4 / 4-1-6 / 1-4-6 / 4-3-1 / 1-3-4 / 4-2-3 / 1-2-3,4,62.85,1,62.0,2,44.58,3,36.56,6,33.9,5,31.69
20261001,20261001-04-09,04,平和島,9,2026-10-01T15:04:00+09:00,直前,1着強軸,20.83,1,3-2,3-2-4,4,400,1-3-2 / 1-2-3 / 1-3-4 / 1-2-4,1,74.79,3,53.96,2,49.82,4,46.37,6,42.91,5,32.63
20261001,20261001-04-10,04,平和島,10,2026-10-01T15:33:00+09:00,直前,混戦,0.28,1-2,1-2-3-4,1-2-3-4-5,12,1200,1-2-3 / 2-1-3 / 1-3-2 / 2-3-1 / 1-2-4 / 2-1-4 / 1-2-5 / 2-1-5 / 1-3-4 / 2-3-4 / 1-3-5 / 2-3-5,1,58.15,2,57.87,3,56.63,4,41.48,5,40.58,6,36.38
20261001,20261001-04-11,04,平和島,11,2026-10-01T16:06:00+09:00,直前,混戦,1.9,1-4,1-4-5-3,1-4-5-3-2,12,1200,1-4-5 / 4-1-5 / 1-4-3 / 1-4-2 / 4-1-3 / 1-5-4 / 4-1-2 / 4-5-1 / 1-3-4 / 4-3-1 / 1-5-3 / 1-5-2,1,65.73,4,63.83,5,50.8,3,46.23,2,45.66,6,33.22
20261001,20261001-04-12,04,平和島,12,2026-10-01T16:40:00+09:00,直前,1着強軸,23.56,1,6-4,6-4-3,4,400,1-6-4 / 1-6-3 / 1-4-6 / 1-4-3,1,70.96,6,47.4,4,44.99,3,44.85,2,43.99,5,43.3
20261001,20261001-06-01,06,浜名湖,1,2026-10-01T11:12:00+09:00,朝,混戦,2.64,1-4,1-4-3-6,1-4-3-6-2,12,1200,1-4-3 / 4-1-3 / 1-3-4 / 4-3-1 / 1-4-6 / 4-1-6 / 1-4-2 / 4-1-2 / 1-6-4 / 1-3-6 / 4-6-1 / 1-3-2,1,62.58,4,59.94,3,51.86,6,42.08,2,39.31,5,37.55
20261001,20261001-06-02,06,浜名湖,2,2026-10-01T11:37:00+09:00,朝,混戦,0.19,5-1,5-1-3-4,5-1-3-4-6,12,1200,5-1-3 / 1-5-3 / 5-3-1 / 1-3-5 / 5-1-4 / 1-5-4 / 5-3-4 / 5-4-1 / 1-4-5 / 1-3-4 / 5-4-3 / 1-4-3,5,54.52,1,54.33,3,52.43,4,48.36,6,38.94,2,35.22
20261001,20261001-06-03,06,浜名湖,3,2026-10-01T12:03:00+09:00,朝,混戦,2.98,1-3,1-3-4-2,1-3-4-2-6,12,1200,1-3-4 / 1-4-3 / 1-3-2 / 3-1-4 / 1-2-3 / 1-4-2 / 3-1-2 / 3-4-1 / 1-2-4 / 1-3-6 / 3-2-1 / 1-4-6,1,58.33,3,55.35,4,53.53,2,51.48,6,45.45,5,34.62
20261001,20261001-06-04,06,浜名湖,4,2026-10-01T12:33:00+09:00,朝,準軸,9.66,1-2,1-2-6,1-2-6-4,8,800,1-2-6 / 1-2-4 / 1-6-2 / 2-1-6 / 2-1-4 / 1-6-4 / 2-6-1 / 2-6-4,1,58.28,2,48.62,6,40.48,4,36.89,5,35.76,3,32.89
20261001,20261001-06-05,06,浜名湖,5,2026-10-01T13:05:00+09:00,直前,混戦,4.31,1-5,1-5-3-6,1-5-3-6-2,12,1200,1-5-3 / 1-3-5 / 5-1-3 / 1-5-6 / 5-3-1 / 1-3-6 / 1-5-2 / 1-3-2 / 1-6-5 / 1-6-3 / 5-1-6 / 5-1-2,1,57.96,5,53.65,3,53.18,6,46.71,2,44.8,4,36.76
20261001,20261001-06-06,06,浜名湖,6,2026-10-01T13:38:00+09:00,直前,準軸,8.58,2-1,2-1-5,2-1-5-4,8,800,2-1-5 / 2-1-4 / 2-5-1 / 1-2-5 / 1-2-4 / 1-5-2 / 2-5-4 / 1-5-4,2,67.92,1,59.34,5,47.61,4,43.56,6,41.15,3,32.4
20261001,20261001-06-07,06,浜名湖,7,2026-10-01T14:09:00+09:00,直前,1着強軸,17.81,1,3-2,3-2-4,4,400,1-3-2 / 1-2-3 / 1-3-4 / 1-2-4,1,69.64,3,51.83,2,51.01,4,45.46,6,43.31,5,42.88
20261001,20261001-06-08,06,浜名湖,8,2026-10-01T14:41:00+09:00,直前,1着強軸,15.59,1,4-2,4-2-3,4,400,1-4-2 / 1-2-4 / 1-4-3 / 1-2-3,1,68.93,4,53.34,2,48.45,3,43.1,5,42.15,6,29.53
20261001,20261001-06-09,06,浜名湖,9,2026-10-01T15:13:00+09:00,直前,混戦,0.75,1-2,1-2-6-3,1-2-6-3-5,12,1200,1-2-6 / 2-1-6 / 1-2-3 / 1-6-2 / 1-2-5 / 2-1-3 / 2-6-1 / 2-1-5 / 1-3-2 / 2-3-1 / 1-6-3 / 1-6-5,1,58.19,2,57.44,6,47.53,3,42.61,5,41.92,4,34.97
20261001,20261001-06-10,06,浜名湖,10,2026-10-01T15:40:00+09:00,直前,準軸,7.22,1-5,1-5-3,1-5-3-2,8,800,1-5-3 / 1-5-2 / 1-3-5 / 1-3-2 / 5-1-3 / 5-1-2 / 5-3-1 / 5-3-2,1,59.96,5,52.74,3,51.61,2,51.16,4,45.09,6,44.71
20261001,20261001-06-11,06,浜名湖,11,2026-10-01T16:20:00+09:00,直前,1着強軸,15.43,1,3-6,3-6-4,4,400,1-3-6 / 1-6-3 / 1-3-4 / 1-6-4,1,67.94,3,52.51,6,50.52,4,48.23,2,47.08,5,35.14
20261001,20261001-06-12,06,浜名湖,12,2026-10-01T16:48:00+09:00,朝,準軸,6.33,1-3,1-3-2,1-3-2-4,8,800,1-3-2 / 1-2-3 / 1-3-4 / 3-1-2 / 1-2-4 / 3-2-1 / 3-1-4 / 3-2-4,1,62.73,3,56.4,2,55.68,4,50.34,6,47.33,5,44.64
20261001,20261001-07-01,07,蒲郡,1,2026-10-01T15:24:00+09:00,直前,混戦,1.34,4-1,4-1-2-3,4-1-2-3-6,12,1200,4-1-2 / 4-2-1 / 1-4-2 / 4-1-3 / 1-2-4 / 4-2-3 / 4-3-1 / 1-4-3 / 4-3-2 / 1-3-4 / 1-2-3 / 1-3-2,4,51.88,1,50.54,2,50.1,3,48.52,6,40.41,5,39.51
20261001,20261001-07-02,07,蒲郡,2,2026-10-01T15:51:00+09:00,朝,混戦,1.53,1-2,1-2-3-5,1-2-3-5-6,12,1200,1-2-3 / 1-3-2 / 2-1-3 / 1-2-5 / 2-3-1 / 2-1-5 / 1-5-2 / 1-2-6 / 1-3-5 / 1-5-3 / 2-1-6 / 2-5-1,1,56.43,2,54.9,3,53.24,5,51.49,6,49.26,4,40.61
20261001,20261001-07-03,07,蒲郡,3,2026-10-01T16:17:00+09:00,直前,混戦,1.07,1-2,1-2-6-5,1-2-6-5-4,12,1200,1-2-6 / 2-1-6 / 1-6-2 / 2-6-1 / 1-2-5 / 2-1-5 / 1-2-4 / 2-1-4 / 1-5-2 / 1-6-5 / 2-5-1 / 2-6-5,1,60.62,2,59.55,6,53.55,5,44.7,4,40.97,3,34.59
20261001,20261001-07-04,07,蒲郡,4,2026-10-01T16:44:00+09:00,直前,1着強軸,12.98,1,2-5,2-5-4,4,400,1-2-5 / 1-5-2 / 1-2-4 / 1-5-4,1,66.1,2,53.12,5,50.94,4,41.86,3,41.66,6,34.79
20261001,20261001-07-05,07,蒲郡,5,2026-10-01T17:11:00+09:00,朝,準軸,7.37,2-1,2-1-5,2-1-5-3,8,800,2-1-5 / 2-1-3 / 2-5-1 / 1-2-5 / 1-2-3 / 2-5-3 / 1-5-2 / 1-5-3,2,60.85,1,53.48,5,48.18,3,45.97,6,43.63,4,39.71
20261001,20261001-07-06,07,蒲郡,6,2026-10-01T17:36:00+09:00,朝,混戦,2.11,3-6,3-6-1-2,3-6-1-2-4,12,1200,3-6-1 / 3-1-6 / 6-3-1 / 6-1-3 / 3-6-2 / 6-3-2 / 3-2-6 / 3-1-2 / 3-6-4 / 3-2-1 / 6-2-3 / 6-3-4,3,55.53,6,53.42,1,50.38,2,44.95,4,38.82,5,38.01
20261001,20261001-07-07,07,蒲郡,7,2026-10-01T18:03:00+09:00,朝,1着強軸,11.44,1,3-4,3-4-2,4,400,1-3-4 / 1-4-3 / 1-3-2 / 1-4-2,1,65.02,3,53.58,4,53.12,2,47.08,5,43.61,6,38.36
20261001,20261001-07-08,07,蒲郡,8,2026-10-01T18:40:00+09:00,朝,準軸,8.13,1-4,1-4-2,1-4-2-3,8,800,1-4-2 / 1-4-3 / 1-2-4 / 4-1-2 / 4-1-3 / 4-2-1 / 1-2-3 / 4-2-3,1,69.39,4,61.26,2,45.82,3,45.6,5,40.66,6,31.75
20261001,20261001-07-09,07,蒲郡,9,2026-10-01T19:11:00+09:00,朝,混戦,1.89,2-1,2-1-6-3,2-1-6-3-4,12,1200,2-1-6 / 1-2-6 / 2-6-1 / 1-6-2 / 2-1-3 / 1-2-3 / 2-1-4 / 1-2-4 / 2-3-1 / 2-6-3 / 1-3-2 / 2-3-6,2,59.64,1,57.75,6,51.74,3,44.65,4,40.39,5,38.66
20261001,20261001-07-10,07,蒲郡,10,2026-10-01T19:42:00+09:00,朝,準軸,9.42,1-2,1-2-6,1-2-6-5,8,800,1-2-6 / 1-2-5 / 1-6-2 / 1-6-5 / 2-1-6 / 2-1-5 / 2-6-1 / 2-6-5,1,66.63,2,57.21,6,53.56,5,52.79,3,46.64,4,45.5
20261001,20261001-07-11,07,蒲郡,11,2026-10-01T20:13:00+09:00,朝,混戦,1.14,1-2,1-2-4-3,1-2-4-3-6,12,1200,1-2-4 / 1-2-3 / 2-1-4 / 2-1-3 / 1-4-2 / 1-3-2 / 2-4-1 / 2-3-1 / 1-2-6 / 2-1-6 / 1-4-3 / 1-3-4,1,64.58,2,63.44,4,55.46,3,54.36,6,48.09,5,44.73
20261001,20261001-07-12,07,蒲郡,12,2026-10-01T20:41:00+09:00,朝,混戦,4.5,1-3,1-3-4-2,1-3-4-2-6,12,1200,1-3-4 / 1-3-2 / 1-4-3 / 1-3-6 / 1-2-3 / 3-1-4 / 3-1-2 / 1-4-2 / 3-1-6 / 1-2-4 / 1-4-6 / 3-4-1,1,65.36,3,60.86,4,57.11,2,56.24,6,55.06,5,46.84
20261001,20261001-09-01,09,津,1,2026-10-01T10:30:00+09:00,朝,1着強軸,13.71,1,2-3,2-3-5,4,400,1-2-3 / 1-2-5 / 1-3-2 / 1-3-5,1,66.09,2,52.38,3,42.29,5,40.42,6,39.56,4,33.15
20261001,20261001-09-02,09,津,2,2026-10-01T10:59:00+09:00,朝,1着強軸,12.9,1,2-5,2-5-4,4,400,1-2-5 / 1-2-4 / 1-5-2 / 1-5-4,1,52.48,2,39.58,5,36.26,4,35.32,3,35.16,6,33.06
20261001,20261001-09-03,09,津,3,2026-10-01T11:28:00+09:00,朝,混戦,2.76,4-1,4-1-6-2,4-1-6-2-3,12,1200,4-1-6 / 4-1-2 / 4-6-1 / 4-1-3 / 4-2-1 / 1-4-6 / 1-4-2 / 4-6-2 / 1-4-3 / 4-2-6 / 4-6-3 / 1-6-4,4,53.33,1,50.57,6,48.39,2,47.75,3,47.15,5,33.81
20261001,20261001-09-04,09,津,4,2026-10-01T11:57:00+09:00,朝,1着強軸,10.45,2,1-3,1-3-5,4,400,2-1-3 / 2-3-1 / 2-1-5 / 2-3-5,2,63.41,1,52.96,3,47.79,5,42.67,6,42.36,4,42.25
20261001,20261001-09-05,09,津,5,2026-10-01T12:25:00+09:00,朝,1着強軸,22.45,1,2-5,2-5-3,4,400,1-2-5 / 1-5-2 / 1-2-3 / 1-5-3,1,65.39,2,42.94,5,40.36,3,38.68,4,38.42,6,24.16
20261001,20261001-09-06,09,津,6,2026-10-01T12:54:00+09:00,直前,混戦,0.93,1-6,1-6-2-4,1-6-2-4-3,12,1200,1-6-2 / 6-1-2 / 1-2-6 / 6-2-1 / 1-6-4 / 6-1-4 / 1-6-3 / 6-1-3 / 1-2-4 / 1-4-6 / 6-4-1 / 6-2-4,1,63.02,6,62.09,2,56.9,4,46.39,3,40.29,5,28.89
20261001,20261001-09-07,09,津,7,2026-10-01T13:24:00+09:00,直前,混戦,3.51,5-1,5-1-2-4,5-1-2-4-3,12,1200,5-1-2 / 5-2-1 / 1-5-2 / 5-1-4 / 1-2-5 / 1-5-4 / 5-4-1 / 5-1-3 / 5-2-4 / 5-4-2 / 1-4-5 / 1-5-3,5,60.39,1,56.88,2,51.96,4,46.84,3,39.71,6,34.77
20261001,20261001-09-08,09,津,8,2026-10-01T13:55:00+09:00,直前,混戦,4.21,1-4,1-4-2-3,1-4-2-3-6,12,1200,1-4-2 / 1-2-4 / 4-1-2 / 1-4-3 / 4-2-1 / 1-4-6 / 1-3-4 / 4-1-3 / 1-2-3 / 1-3-2 / 4-1-6 / 1-2-6,1,61.61,4,57.4,2,54.31,3,49.09,6,44.94,5,31.11
20261001,20261001-09-09,09,津,9,2026-10-01T14:27:00+09:00,直前,混戦,3.4,1-2,1-2-5-3,1-2-5-3-6,12,1200,1-2-5 / 2-1-5 / 1-5-2 / 2-5-1 / 1-2-3 / 2-1-3 / 1-2-6 / 2-1-6 / 1-3-2 / 1-5-3 / 2-3-1 / 1-5-6,1,65.57,2,62.17,5,53.7,3,39.71,6,35.53,4,32.97
20261001,20261001-09-10,09,津,10,2026-10-01T15:00:00+09:00,直前,準軸,5.63,1-2,1-2-4,1-2-4-3,8,800,1-2-4 / 1-2-3 / 1-4-2 / 2-1-4 / 2-1-3 / 2-4-1 / 1-4-3 / 2-4-3,1,62.11,2,56.48,4,46.58,3,44.55,5,43.3,6,36.74
20261001,20261001-09-11,09,津,11,2026-10-01T15:35:00+09:00,直前,1着強軸,10.19,3,1-4,1-4-2,4,400,3-1-4 / 3-1-2 / 3-4-1 / 3-4-2,3,68.27,1,58.08,4,47.47,2,46.49,6,42.38,5,42.35
20261001,20261001-09-12,09,津,12,2026-10-01T16:12:00+09:00,直前,1着強軸,13.46,1,2-4,2-4-3,4,400,1-2-4 / 1-4-2 / 1-2-3 / 1-4-3,1,78.23,2,64.77,4,51.88,3,44.01,5,43.25,6,40.8
20261001,20261001-12-01,12,住之江,1,2026-10-01T15:18:00+09:00,直前,1着強軸,15.64,1,2-3,2-3-6,4,400,1-2-3 / 1-3-2 / 1-2-6 / 1-3-6,1,65.95,2,50.31,3,43.75,6,35.4,4,34.94,5,34.81
20261001,20261001-12-02,12,住之江,2,2026-10-01T15:46:00+09:00,直前,混戦,2.1,1-3,1-3-4-2,1-3-4-2-5,12,1200,1-3-4 / 1-3-2 / 3-1-4 / 3-1-2 / 1-4-3 / 1-2-3 / 3-4-1 / 3-2-1 / 1-3-5 / 3-1-5 / 1-4-2 / 1-2-4,1,60.55,3,58.45,4,47.53,2,46.43,5,35.59,6,27.3
20261001,20261001-12-03,12,住之江,3,2026-10-01T16:10:00+09:00,直前,混戦,1.53,1-2,1-2-3-4,1-2-3-4-5,12,1200,1-2-3 / 1-2-4 / 2-1-3 / 2-1-4 / 1-3-2 / 1-2-5 / 1-4-2 / 2-1-5 / 2-3-1 / 2-4-1 / 1-3-4 / 1-4-3,1,60.94,2,59.41,3,49.02,4,48.49,5,43.29,6,20.88
20261001,20261001-12-04,12,住之江,4,2026-10-01T16:34:00+09:00,直前,準軸,6.25,1-3,1-3-6,1-3-6-4,8,800,1-3-6 / 1-3-4 / 1-6-3 / 3-1-6 / 3-1-4 / 1-6-4 / 3-6-1 / 3-6-4,1,59.55,3,53.3,6,47.6,4,45.34,5,44.22,2,43.32
20261001,20261001-12-05,12,住之江,5,2026-10-01T17:01:00+09:00,朝,混戦,0.06,1-2,1-2-3-4,1-2-3-4-5,12,1200,1-2-3 / 2-1-3 / 1-3-2 / 2-3-1 / 1-2-4 / 2-1-4 / 1-2-5 / 2-1-5 / 1-4-2 / 2-4-1 / 1-3-4 / 2-3-4,1,61.29,2,61.23,3,53.78,4,49.52,5,47.07,6,30.16
20261001,20261001-12-06,12,住之江,6,2026-10-01T17:25:00+09:00,朝,準軸,5.2,1-4,1-4-2,1-4-2-3,8,800,1-4-2 / 1-2-4 / 4-1-2 / 4-2-1 / 1-4-3 / 1-2-3 / 4-1-3 / 4-2-3,1,56.27,4,51.07,2,50.55,3,37.75,5,36.32,6,35.23
20261001,20261001-12-07,12,住之江,7,2026-10-01T17:52:00+09:00,朝,混戦,2.72,1-2,1-2-6-4,1-2-6-4-3,12,1200,1-2-6 / 1-6-2 / 2-1-6 / 2-6-1 / 1-2-4 / 1-2-3 / 2-1-4 / 2-1-3 / 1-6-4 / 1-6-3 / 1-4-2 / 2-4-1,1,59.53,2,56.81,6,52.62,4,40.9,3,39.66,5,36.05
20261001,20261001-12-08,12,住之江,8,2026-10-01T18:22:00+09:00,朝,混戦,4.04,1-3,1-3-4-5,1-3-4-5-2,12,1200,1-3-4 / 1-3-5 / 1-3-2 / 1-4-3 / 1-5-3 / 3-1-4 / 3-1-5 / 3-1-2 / 3-4-1 / 3-5-1 / 1-4-5 / 1-5-4,1,57.48,3,53.44,4,45.56,5,45.5,2,45.06,6,31.91
20261001,20261001-12-09,12,住之江,9,2026-10-01T18:52:00+09:00,朝,1着強軸,10.31,1,4-5,4-5-2,4,400,1-4-5 / 1-4-2 / 1-5-4 / 1-5-2,1,69.16,4,58.85,5,48.46,2,45.55,6,45.51,3,43.59
20261001,20261001-12-10,12,住之江,10,2026-10-01T19:24:00+09:00,朝,準軸,5.71,1-2,1-2-3,1-2-3-4,8,800,1-2-3 / 1-2-4 / 2-1-3 / 2-1-4 / 1-3-2 / 2-3-1 / 1-3-4 / 2-3-4,1,64.47,2,58.76,3,43.18,4,43.06,5,42.03,6,34.04
20261001,20261001-12-11,12,住之江,11,2026-10-01T20:02:00+09:00,朝,準軸,6.6,1-4,1-4-3,1-4-3-2,8,800,1-4-3 / 1-3-4 / 4-1-3 / 1-4-2 / 4-3-1 / 1-3-2 / 4-1-2 / 4-3-2,1,60.85,4,54.25,3,52.58,2,44.11,5,40.3,6,38.84
20261001,20261001-12-12,12,住之江,12,2026-10-01T20:31:00+09:00,朝,混戦,3.2,1-3,1-3-2-4,1-3-2-4-5,12,1200,1-3-2 / 1-2-3 / 3-1-2 / 1-3-4 / 1-2-4 / 3-2-1 / 1-4-3 / 3-1-4 / 1-3-5 / 1-4-2 / 1-2-5 / 3-1-5,1,64.09,3,60.89,2,59.42,4,56.11,5,52.28,6,45.17
20261001,20261001-13-01,13,尼崎,1,2026-10-01T10:38:00+09:00,朝,混戦,0.43,3-1,3-1-2-5,3-1-2-5-4,12,1200,3-1-2 / 1-3-2 / 3-2-1 / 1-2-3 / 3-1-5 / 1-3-5 / 3-1-4 / 1-3-4 / 3-5-1 / 1-5-3 / 3-2-5 / 3-2-4,3,52.17,1,51.74,2,47.33,5,42.72,4,42.1,6,27.55
20261001,20261001-13-02,13,尼崎,2,2026-10-01T11:03:00+09:00,朝,準軸,7.01,1-4,1-4-2,1-4-2-3,8,800,1-4-2 / 1-4-3 / 1-2-4 / 4-1-2 / 4-1-3 / 1-2-3 / 4-2-1 / 4-2-3,1,59.66,4,52.65,2,46.64,3,45.71,6,37.37,5,33.36
20261001,20261001-13-03,13,尼崎,3,2026-10-01T11:33:00+09:00,朝,混戦,0.3,1-2,1-2-5-3,1-2-5-3-4,12,1200,1-2-5 / 2-1-5 / 1-5-2 / 2-5-1 / 1-2-3 / 2-1-3 / 1-2-4 / 2-1-4 / 1-3-2 / 2-3-1 / 1-5-3 / 2-5-3,1,62.36,2,62.06,5,55.27,3,44.24,4,42.92,6,36.93
20261001,20261001-13-04,13,尼崎,4,2026-10-01T11:58:00+09:00,朝,混戦,1.34,1-2,1-2-4-3,1-2-4-3-5,12,1200,1-2-4 / 2-1-4 / 1-4-2 / 2-4-1 / 1-2-3 / 2-1-3 / 1-2-5 / 2-1-5 / 1-3-2 / 1-4-3 / 2-3-1 / 2-4-3,1,62.78,2,61.44,4,54.8,3,42.5,5,36.27,6,35.75
20261001,20261001-13-05,13,尼崎,5,2026-10-01T12:21:00+09:00,朝,準軸,5.08,1-2,1-2-5,1-2-5-3,8,800,1-2-5 / 2-1-5 / 1-2-3 / 1-5-2 / 2-1-3 / 2-5-1 / 1-5-3 / 2-5-3,1,69.37,2,64.29,5,45.81,3,39.85,4,39.1,6,36.8
20261001,20261001-13-06,13,尼崎,6,2026-10-01T12:48:00+09:00,直前,1着強軸,20.3,1,2-5,2-5-4,4,400,1-2-5 / 1-2-4 / 1-5-2 / 1-5-4,1,71.71,2,51.41,5,49.31,4,48.49,3,42.51,6,33.37
20261001,20261001-13-07,13,尼崎,7,2026-10-01T13:22:00+09:00,直前,混戦,0.65,2-1,2-1-3-4,2-1-3-4-6,12,1200,2-1-3 / 1-2-3 / 2-3-1 / 1-3-2 / 2-1-4 / 1-2-4 / 2-1-6 / 1-2-6 / 2-4-1 / 1-4-2 / 2-3-4 / 1-3-4,2,58.49,1,57.84,3,51.29,4,46.53,6,43.4,5,35.91
20261001,20261001-13-08,13,尼崎,8,2026-10-01T13:48:00+09:00,直前,準軸,9.78,1-2,1-2-4,1-2-4-6,8,800,1-2-4 / 1-4-2 / 1-2-6 / 2-1-4 / 1-4-6 / 2-1-6 / 2-4-1 / 2-4-6,1,66.33,2,56.55,4,52.52,6,46.49,3,41.57,5,39.66
20261001,20261001-13-09,13,尼崎,9,2026-10-01T14:22:00+09:00,直前,1着強軸,14.35,1,4-6,4-6-3,4,400,1-4-6 / 1-4-3 / 1-6-4 / 1-6-3,1,66.12,4,51.77,6,42.87,3,42.65,2,42.01,5,39.33
20261001,20261001-13-10,13,尼崎,10,2026-10-01T14:58:00+09:00,直前,1着強軸,10.59,1,2-3,2-3-5,4,400,1-2-3 / 1-2-5 / 1-3-2 / 1-3-5,1,69.0,2,58.41,3,43.15,5,41.47,4,40.53,6,35.08
20261001,20261001-13-11,13,尼崎,11,2026-10-01T15:31:00+09:00,朝,1着強軸,10.76,1,4-2,4-2-6,4,400,1-4-2 / 1-4-6 / 1-2-4 / 1-2-6,1,65.67,4,54.91,2,51.68,6,50.35,3,47.44,5,44.18
20261001,20261001-13-12,13,尼崎,12,2026-10-01T16:04:00+09:00,直前,混戦,4.99,1-3,1-3-4-6,1-3-4-6-2,12,1200,1-3-4 / 1-4-3 / 3-1-4 / 3-4-1 / 1-3-6 / 1-3-2 / 1-4-6 / 1-4-2 / 1-6-3 / 3-1-6 / 1-6-4 / 3-1-2,1,65.56,3,60.57,4,59.85,6,51.24,2,50.79,5,44.35
20261001,20261001-14-01,14,鳴門,1,2026-10-01T08:35:00+09:00,朝,1着強軸,17.82,1,2-3,2-3-5,4,400,1-2-3 / 1-2-5 / 1-3-2 / 1-3-5,1,62.93,2,45.11,3,40.58,5,40.22,4,36.14,6,21.52
20261001,20261001-14-02,14,鳴門,2,2026-10-01T09:01:00+09:00,朝,準軸,7.48,1-3,1-3-6,1-3-6-4,8,800,1-3-6 / 1-6-3 / 1-3-4 / 3-1-6 / 1-6-4 / 3-1-4 / 3-6-1 / 3-6-4,1,62.72,3,55.24,6,50.78,4,46.69,2,44.99,5,26.81
20261001,20261001-14-03,14,鳴門,3,2026-10-01T09:27:00+09:00,朝,準軸,9.58,1-6,1-6-4,1-6-4-2,8,800,1-6-4 / 1-6-2 / 1-4-6 / 6-1-4 / 6-1-2 / 1-4-2 / 6-4-1 / 6-4-2,1,64.44,6,54.86,4,45.99,2,45.55,3,43.45,5,26.76
20261001,20261001-14-04,14,鳴門,4,2026-10-01T09:53:00+09:00,朝,準軸,5.72,1-4,1-4-6,1-4-6-2,8,800,1-4-6 / 1-4-2 / 1-6-4 / 4-1-6 / 4-1-2 / 1-6-2 / 4-6-1 / 4-6-2,1,62.49,4,56.77,6,49.68,2,49.08,5,43.91,3,37.44
20261001,20261001-14-05,14,鳴門,5,2026-10-01T10:19:00+09:00,朝,準軸,6.3,1-4,1-4-3,1-4-3-2,8,800,1-4-3 / 1-3-4 / 1-4-2 / 1-3-2 / 4-1-3 / 4-3-1 / 4-1-2 / 4-3-2,1,59.69,4,53.39,3,53.35,2,47.76,6,44.79,5,35.97
20261001,20261001-14-06,14,鳴門,6,2026-10-01T10:46:00+09:00,朝,混戦,4.85,1-3,1-3-5-4,1-3-5-4-2,12,1200,1-3-5 / 1-3-4 / 1-5-3 / 1-4-3 / 3-1-5 / 1-3-2 / 3-1-4 / 3-1-2 / 3-5-1 / 3-4-1 / 1-5-4 / 1-4-5,1,62.11,3,57.26,5,49.58,4,49.28,2,44.66,6,24.33
20261001,20261001-14-07,14,鳴門,7,2026-10-01T11:19:00+09:00,朝,混戦,0.67,3-2,3-2-1-5,3-2-1-5-6,12,1200,3-2-1 / 3-1-2 / 3-2-5 / 2-3-1 / 3-5-2 / 2-3-5 / 2-1-3 / 3-1-5 / 3-5-1 / 2-5-3 / 2-1-5 / 2-5-1,3,51.0,2,50.33,1,49.62,5,49.01,6,44.92,4,40.65
20261001,20261001-14-08,14,鳴門,8,2026-10-01T11:48:00+09:00,朝,混戦,4.2,1-2,1-2-4-3,1-2-4-3-5,12,1200,1-2-4 / 1-2-3 / 1-4-2 / 1-3-2 / 2-1-4 / 2-1-3 / 1-4-3 / 1-3-4 / 1-2-5 / 2-4-1 / 2-3-1 / 2-1-5,1,55.23,2,51.03,4,47.97,3,47.25,5,41.02,6,24.28
20261001,20261001-14-09,14,鳴門,9,2026-10-01T12:27:00+09:00,朝,混戦,0.18,3-1,3-1-6-2,3-1-6-2-4,12,1200,3-1-6 / 1-3-6 / 3-1-2 / 1-3-2 / 3-1-4 / 3-6-1 / 1-3-4 / 1-6-3 / 3-2-1 / 1-2-3 / 3-6-2 / 3-6-4,3,48.87,1,48.69,6,43.66,2,41.56,4,41.21,5,38.4
20261001,20261001-14-10,14,鳴門,10,2026-10-01T13:07:00+09:00,直前,1着強軸,12.3,1,2-4,2-4-3,4,400,1-2-4 / 1-2-3 / 1-4-2 / 1-4-3,1,75.01,2,62.71,4,49.65,3,47.6,5,42.39,6,38.45
20261001,20261001-14-11,14,鳴門,11,2026-10-01T13:36:00+09:00,直前,準軸,8.87,1-2,1-2-5,1-2-5-3,8,800,1-2-5 / 1-2-3 / 1-5-2 / 2-1-5 / 2-1-3 / 1-5-3 / 2-5-1 / 2-5-3,1,70.19,2,61.32,5,52.09,3,51.12,4,46.75,6,42.23
20261001,20261001-14-12,14,鳴門,12,2026-10-01T14:13:00+09:00,直前,1着強軸,23.29,1,2-3,2-3-4,4,400,1-2-3 / 1-3-2 / 1-2-4 / 1-3-4,1,78.52,2,55.23,3,55.14,4,53.17,5,45.52,6,38.42
20261001,20261001-15-01,15,丸亀,1,2026-10-01T15:20:00+09:00,直前,混戦,2.18,1-2,1-2-4-3,1-2-4-3-5,12,1200,1-2-4 / 1-4-2 / 2-1-4 / 2-4-1 / 1-2-3 / 2-1-3 / 1-2-5 / 1-4-3 / 2-1-5 / 1-3-2 / 1-4-5 / 2-4-3,1,56.83,2,54.65,4,51.39,3,38.57,5,33.83,6,18.93
20261001,20261001-15-02,15,丸亀,2,2026-10-01T15:44:00+09:00,直前,混戦,2.26,1-4,1-4-2-3,1-4-2-3-5,12,1200,1-4-2 / 4-1-2 / 1-2-4 / 1-4-3 / 1-4-5 / 4-1-3 / 4-2-1 / 4-1-5 / 1-3-4 / 4-3-1 / 1-2-3 / 1-2-5,1,57.97,4,55.71,2,50.1,3,46.31,5,45.49,6,27.98
20261001,20261001-15-03,15,丸亀,3,2026-10-01T16:11:00+09:00,直前,混戦,1.12,5-1,5-1-3-2,5-1-3-2-4,12,1200,5-1-3 / 1-5-3 / 5-3-1 / 1-3-5 / 5-1-2 / 1-5-2 / 5-1-4 / 5-2-1 / 1-5-4 / 1-2-5 / 5-3-2 / 5-2-3,5,61.06,1,59.94,3,52.81,2,47.52,4,42.32,6,27.84
20261001,20261001-15-04,15,丸亀,4,2026-10-01T16:36:00+09:00,直前,1着強軸,14.38,1,6-3,6-3-5,4,400,1-6-3 / 1-3-6 / 1-6-5 / 1-3-5,1,69.93,6,55.55,3,51.5,5,42.37,4,39.88,2,36.58
20261001,20261001-15-05,15,丸亀,5,2026-10-01T17:06:00+09:00,朝,準軸,5.14,1-6,1-6-5,1-6-5-3,8,800,1-6-5 / 1-6-3 / 1-5-6 / 1-5-3 / 6-1-5 / 6-1-3 / 6-5-1 / 6-5-3,1,56.3,6,51.16,5,49.38,3,49.0,2,43.09,4,26.3
20261001,20261001-15-06,15,丸亀,6,2026-10-01T17:31:00+09:00,朝,準軸,9.99,1-2,1-2-3,1-2-3-6,8,800,1-2-3 / 1-3-2 / 1-2-6 / 1-3-6 / 2-1-3 / 2-1-6 / 2-3-1 / 2-3-6,1,62.96,2,52.97,3,52.42,6,50.91,5,48.93,4,39.35
20261001,20261001-15-07,15,丸亀,7,2026-10-01T17:58:00+09:00,朝,準軸,5.64,1-6,1-6-4,1-6-4-2,8,800,1-6-4 / 1-4-6 / 1-6-2 / 6-1-4 / 6-1-2 / 6-4-1 / 1-4-2 / 6-4-2,1,60.89,6,55.25,4,46.84,2,41.36,5,41.24,3,32.05
20261001,20261001-15-08,15,丸亀,8,2026-10-01T18:28:00+09:00,朝,1着強軸,13.52,1,4-3,4-3-6,4,400,1-4-3 / 1-3-4 / 1-4-6 / 1-3-6,1,60.16,4,46.64,3,44.31,6,42.92,5,41.87,2,38.79
20261001,20261001-15-09,15,丸亀,9,2026-10-01T18:58:00+09:00,朝,準軸,7.47,1-2,1-2-3,1-2-3-4,8,800,1-2-3 / 1-2-4 / 1-3-2 / 2-1-3 / 2-1-4 / 1-3-4 / 2-3-1 / 2-3-4,1,70.38,2,62.91,3,55.17,4,51.82,5,39.56,6,36.34
20261001,20261001-15-10,15,丸亀,10,2026-10-01T19:36:00+09:00,朝,混戦,1.99,1-2,1-2-3-4,1-2-3-4-6,12,1200,1-2-3 / 2-1-3 / 1-2-4 / 2-1-4 / 1-2-6 / 1-3-2 / 2-1-6 / 2-3-1 / 1-4-2 / 2-4-1 / 1-3-4 / 1-4-3,1,70.13,2,68.14,3,51.63,4,47.76,6,43.74,5,43.37
20261001,20261001-15-11,15,丸亀,11,2026-10-01T20:08:00+09:00,朝,1着強軸,19.37,1,2-3,2-3-4,4,400,1-2-3 / 1-3-2 / 1-2-4 / 1-3-4,1,74.47,2,55.1,3,54.34,4,51.18,5,44.15,6,36.12
20261001,20261001-15-12,15,丸亀,12,2026-10-01T20:36:00+09:00,朝,準軸,5.77,1-3,1-3-2,1-3-2-6,8,800,1-3-2 / 1-3-6 / 1-2-3 / 3-1-2 / 3-1-6 / 1-2-6 / 3-2-1 / 3-2-6,1,59.66,3,53.89,2,49.3,6,48.64,5,47.07,4,46.52
20261001,20261001-16-01,16,児島,1,2026-10-01T10:40:00+09:00,朝,準軸,6.74,1-2,1-2-5,1-2-5-3,8,800,1-2-5 / 1-5-2 / 1-2-3 / 1-5-3 / 2-1-5 / 2-1-3 / 2-5-1 / 2-5-3,1,63.38,2,56.64,5,54.91,3,52.72,4,52.7,6,45.46
20261001,20261001-16-02,16,児島,2,2026-10-01T11:09:00+09:00,朝,混戦,3.21,2-1,2-1-6-4,2-1-6-4-5,12,1200,2-1-6 / 2-1-4 / 1-2-6 / 2-6-1 / 2-1-5 / 1-2-4 / 2-4-1 / 1-2-5 / 1-6-2 / 1-4-2 / 2-6-4 / 2-4-6,2,62.23,1,59.02,6,51.09,4,49.39,5,46.35,3,44.97
20261001,20261001-16-03,16,児島,3,2026-10-01T11:39:00+09:00,朝,準軸,9.01,1-3,1-3-4,1-3-4-6,8,800,1-3-4 / 1-3-6 / 1-4-3 / 1-4-6 / 3-1-4 / 3-1-6 / 3-4-1 / 3-4-6,1,62.67,3,53.66,4,51.12,6,51.01,5,48.04,2,48.03
20261001,20261001-16-04,16,児島,4,2026-10-01T12:15:00+09:00,朝,混戦,2.3,2-3,2-3-1-4,2-3-1-4-5,12,1200,2-3-1 / 2-1-3 / 3-2-1 / 2-3-4 / 2-3-5 / 3-1-2 / 2-1-4 / 2-4-3 / 2-1-5 / 3-2-4 / 3-2-5 / 2-4-1,2,54.76,3,52.46,1,51.28,4,48.88,5,48.57,6,40.82
20261001,20261001-16-05,16,児島,5,2026-10-01T12:50:00+09:00,直前,準軸,9.09,1-3,1-3-2,1-3-2-4,8,800,1-3-2 / 1-2-3 / 1-3-4 / 3-1-2 / 3-2-1 / 3-1-4 / 1-2-4 / 3-2-4,1,70.49,3,61.4,2,54.03,4,45.26,6,43.32,5,40.32
20261001,20261001-16-06,16,児島,6,2026-10-01T13:28:00+09:00,直前,準軸,6.57,1-4,1-4-2,1-4-2-3,8,800,1-4-2 / 1-2-4 / 4-1-2 / 1-4-3 / 4-2-1 / 1-2-3 / 4-1-3 / 4-2-3,1,63.83,4,57.26,2,55.15,3,46.91,6,42.6,5,41.45
20261001,20261001-16-07,16,児島,7,2026-10-01T14:04:00+09:00,直前,混戦,3.4,1-2,1-2-4-3,1-2-4-3-5,12,1200,1-2-4 / 2-1-4 / 1-4-2 / 1-2-3 / 1-2-5 / 2-1-3 / 2-4-1 / 2-1-5 / 1-3-2 / 2-3-1 / 1-4-3 / 1-3-4,1,68.17,2,64.77,4,56.19,3,51.07,5,48.14,6,37.44
20261001,20261001-16-08,16,児島,8,2026-10-01T14:36:00+09:00,直前,準軸,9.84,1-4,1-4-2,1-4-2-3,8,800,1-4-2 / 1-2-4 / 1-4-3 / 1-2-3 / 4-1-2 / 4-1-3 / 4-2-1 / 4-2-3,1,66.03,4,56.19,2,54.56,3,53.42,5,46.7,6,41.89
20261001,20261001-16-09,16,児島,9,2026-10-01T15:09:00+09:00,直前,準軸,5.85,1-2,1-2-6,1-2-6-5,8,800,1-2-6 / 1-2-5 / 1-6-2 / 2-1-6 / 2-1-5 / 1-6-5 / 2-6-1 / 2-6-5,1,65.39,2,59.54,6,51.77,5,51.53,3,49.13,4,48.62
20261001,20261001-16-10,16,児島,10,2026-10-01T15:42:00+09:00,直前,1着強軸,18.71,1,2-4,2-4-6,4,400,1-2-4 / 1-4-2 / 1-2-6 / 1-4-6,1,73.24,2,54.53,4,48.83,6,43.66,3,43.19,5,37.54
20261001,20261001-16-11,16,児島,11,2026-10-01T16:15:00+09:00,直前,混戦,4.73,2-1,2-1-4-5,2-1-4-5-3,12,1200,2-1-4 / 1-2-4 / 2-4-1 / 2-1-5 / 2-1-3 / 1-2-5 / 1-2-3 / 1-4-2 / 2-5-1 / 1-5-2 / 2-4-5 / 2-4-3,2,68.92,1,64.19,4,54.27,5,48.87,3,48.54,6,45.05
20261001,20261001-16-12,16,児島,12,2026-10-01T16:50:00+09:00,直前,準軸,7.97,1-3,1-3-4,1-3-4-2,8,800,1-3-4 / 1-3-2 / 1-4-3 / 3-1-4 / 3-1-2 / 1-4-2 / 3-4-1 / 3-4-2,1,73.5,3,65.53,4,59.2,2,58.93,5,56.65,6,46.05
20261001,20261001-19-01,19,下関,1,2026-10-01T15:28:00+09:00,直前,1着強軸,14.56,1,4-5,4-5-2,4,400,1-4-5 / 1-5-4 / 1-4-2 / 1-5-2,1,66.29,4,51.73,5,48.31,2,44.92,6,40.75,3,36.07
20261001,20261001-19-02,19,下関,2,2026-10-01T15:56:00+09:00,朝,混戦,0.18,1-2,1-2-3-5,1-2-3-5-4,12,1200,1-2-3 / 2-1-3 / 1-3-2 / 2-3-1 / 1-2-5 / 2-1-5 / 1-2-4 / 2-1-4 / 1-3-5 / 2-3-5 / 1-3-4 / 2-3-4,1,52.13,2,51.95,3,50.18,5,38.96,4,37.17,6,33.41
20261001,20261001-19-03,19,下関,3,2026-10-01T16:23:00+09:00,直前,混戦,1.14,2-1,2-1-4-3,2-1-4-3-5,12,1200,2-1-4 / 1-2-4 / 2-4-1 / 2-1-3 / 1-4-2 / 1-2-3 / 2-3-1 / 2-4-3 / 1-3-2 / 2-3-4 / 1-4-3 / 1-3-4,2,57.77,1,56.63,4,53.74,3,51.31,5,29.45,6,23.81
20261001,20261001-19-04,19,下関,4,2026-10-01T16:52:00+09:00,朝,混戦,1.45,1-2,1-2-5-3,1-2-5-3-4,12,1200,1-2-5 / 2-1-5 / 1-5-2 / 2-5-1 / 1-2-3 / 2-1-3 / 1-3-2 / 2-3-1 / 1-5-3 / 1-3-5 / 2-5-3 / 1-2-4,1,58.27,2,56.82,5,50.95,3,45.65,4,32.26,6,27.04
20261001,20261001-19-05,19,下関,5,2026-10-01T17:19:00+09:00,朝,1着強軸,18.44,1,4-2,4-2-5,4,400,1-4-2 / 1-2-4 / 1-4-5 / 1-2-5,1,70.31,4,51.87,2,44.48,5,39.31,3,37.77,6,24.53
20261001,20261001-19-06,19,下関,6,2026-10-01T17:47:00+09:00,朝,1着強軸,16.6,1,2-3,2-3-5,4,400,1-2-3 / 1-3-2 / 1-2-5 / 1-3-5,1,71.58,2,54.98,3,51.52,5,43.88,4,43.1,6,35.45
20261001,20261001-19-07,19,下関,7,2026-10-01T18:15:00+09:00,朝,準軸,6.32,1-5,1-5-3,1-5-3-2,8,800,1-5-3 / 1-3-5 / 5-1-3 / 1-5-2 / 1-3-2 / 5-3-1 / 5-1-2 / 5-3-2,1,59.15,5,52.83,3,52.51,2,44.59,4,37.66,6,37.64
20261001,20261001-19-08,19,下関,8,2026-10-01T18:46:00+09:00,朝,1着強軸,10.46,1,2-4,2-4-3,4,400,1-2-4 / 1-4-2 / 1-2-3 / 1-4-3,1,64.6,2,54.14,4,53.15,3,45.46,5,39.67,6,37.39
20261001,20261001-19-09,19,下関,9,2026-10-01T19:18:00+09:00,朝,混戦,0.84,2-1,2-1-3-4,2-1-3-4-6,12,1200,2-1-3 / 1-2-3 / 2-3-1 / 2-1-4 / 1-3-2 / 1-2-4 / 2-4-1 / 1-4-2 / 2-3-4 / 2-4-3 / 1-3-4 / 1-4-3,2,58.75,1,57.91,3,54.22,4,51.76,6,34.48,5,28.54
20261001,20261001-19-10,19,下関,10,2026-10-01T19:49:00+09:00,朝,混戦,3.75,1-2,1-2-4-5,1-2-4-5-3,12,1200,1-2-4 / 1-2-5 / 2-1-4 / 2-1-5 / 1-4-2 / 1-5-2 / 1-2-3 / 2-4-1 / 2-1-3 / 2-5-1 / 1-4-5 / 1-5-4,1,60.45,2,56.7,4,48.01,5,47.49,3,41.68,6,32.31
20261001,20261001-19-11,19,下関,11,2026-10-01T20:18:00+09:00,朝,1着強軸,10.57,1,3-2,3-2-5,4,400,1-3-2 / 1-2-3 / 1-3-5 / 1-2-5,1,67.03,3,56.46,2,54.97,5,47.55,4,46.18,6,30.28
20261001,20261001-19-12,19,下関,12,2026-10-01T20:45:00+09:00,朝,準軸,7.94,1-2,1-2-3,1-2-3-4,8,800,1-2-3 / 1-3-2 / 1-2-4 / 2-1-3 / 1-3-4 / 2-3-1 / 2-1-4 / 2-3-4,1,69.57,2,61.63,3,58.49,4,52.0,5,46.0,6,42.74
20261001,20261001-22-01,22,福岡,1,2026-10-01T11:07:00+09:00,朝,1着強軸,22.4,1,3-4,3-4-2,4,400,1-3-4 / 1-4-3 / 1-3-2 / 1-4-2,1,71.74,3,49.34,4,47.38,2,42.87,5,42.72,6,38.37
20261001,20261001-22-02,22,福岡,2,2026-10-01T11:45:00+09:00,朝,準軸,5.8,1-2,1-2-4,1-2-4-3,8,800,1-2-4 / 1-4-2 / 2-1-4 / 1-2-3 / 2-4-1 / 2-1-3 / 1-4-3 / 2-4-3,1,55.52,2,49.72,4,43.73,3,36.83,6,36.11,5,33.87
20261001,20261001-22-03,22,福岡,3,2026-10-01T12:12:00+09:00,朝,準軸,8.23,3-1,3-1-4,3-1-4-2,8,800,3-1-4 / 3-4-1 / 3-1-2 / 3-4-2 / 1-3-4 / 1-3-2 / 1-4-3 / 1-4-2,3,58.66,1,50.43,4,49.89,2,48.49,5,47.88,6,25.65
20261001,20261001-22-04,22,福岡,4,2026-10-01T12:45:00+09:00,朝,混戦,3.79,1-2,1-2-4-3,1-2-4-3-5,12,1200,1-2-4 / 1-2-3 / 1-4-2 / 1-3-2 / 1-4-3 / 1-3-4 / 2-1-4 / 2-1-3 / 2-4-1 / 2-3-1 / 2-4-3 / 2-3-4,1,58.25,2,54.46,4,53.9,3,53.78,5,35.8,6,34.68
20261001,20261001-22-05,22,福岡,5,2026-10-01T13:18:00+09:00,直前,1着強軸,16.22,1,6-2,6-2-5,4,400,1-6-2 / 1-6-5 / 1-2-6 / 1-2-5,1,69.38,6,53.16,2,45.94,5,43.02,3,39.27,4,35.91
20261001,20261001-22-06,22,福岡,6,2026-10-01T13:45:00+09:00,直前,準軸,7.45,1-3,1-3-4,1-3-4-2,8,800,1-3-4 / 1-4-3 / 1-3-2 / 3-1-4 / 1-4-2 / 3-1-2 / 3-4-1 / 3-4-2,1,64.98,3,57.53,4,53.55,2,48.88,5,45.06,6,26.82
20261001,20261001-22-07,22,福岡,7,2026-10-01T14:20:00+09:00,直前,1着強軸,12.85,1,3-2,3-2-6,4,400,1-3-2 / 1-2-3 / 1-3-6 / 1-2-6,1,70.12,3,57.27,2,47.51,6,42.0,4,40.31,5,35.96
20261001,20261001-22-08,22,福岡,8,2026-10-01T14:45:00+09:00,直前,1着強軸,22.5,1,6-3,6-3-5,4,400,1-6-3 / 1-3-6 / 1-6-5 / 1-3-5,1,71.69,6,49.19,3,48.39,5,47.71,2,46.98,4,44.24
20261001,20261001-22-09,22,福岡,9,2026-10-01T15:11:00+09:00,直前,1着強軸,10.82,1,2-3,2-3-6,4,400,1-2-3 / 1-3-2 / 1-2-6 / 1-3-6,1,67.27,2,56.45,3,49.22,6,44.15,4,41.15,5,41.13
20261001,20261001-22-10,22,福岡,10,2026-10-01T15:37:00+09:00,直前,混戦,1.66,2-4,2-4-1-6,2-4-1-6-5,12,1200,2-4-1 / 2-1-4 / 4-2-1 / 4-1-2 / 2-4-6 / 2-1-6 / 2-4-5 / 4-2-6 / 2-1-5 / 4-2-5 / 4-1-6 / 2-6-4,2,59.45,4,57.79,1,57.07,6,44.79,5,43.45,3,40.06
20261001,20261001-22-11,22,福岡,11,2026-10-01T16:02:00+09:00,直前,準軸,7.9,1-2,1-2-3,1-2-3-4,8,800,1-2-3 / 1-3-2 / 1-2-4 / 1-3-4 / 2-1-3 / 2-1-4 / 2-3-1 / 2-3-4,1,65.52,2,57.62,3,55.7,4,53.93,5,46.43,6,36.67
20261001,20261001-22-12,22,福岡,12,2026-10-01T16:31:00+09:00,直前,1着強軸,12.1,1,3-2,3-2-4,4,400,1-3-2 / 1-2-3 / 1-3-4 / 1-2-4,1,75.19,3,63.09,2,58.63,4,56.16,5,50.51,6,47.22
20261001,20261001-23-01,23,唐津,1,2026-10-01T08:47:00+09:00,朝,1着強軸,19.98,1,4-2,4-2-3,4,400,1-4-2 / 1-2-4 / 1-4-3 / 1-2-3,1,65.86,4,45.88,2,44.11,3,40.26,5,37.8,6,22.02
20261001,20261001-23-02,23,唐津,2,2026-10-01T09:13:00+09:00,朝,1着強軸,17.15,1,3-5,3-5-4,4,400,1-3-5 / 1-5-3 / 1-3-4 / 1-5-4,1,72.1,3,54.95,5,51.5,4,47.37,2,32.67,6,23.42
20261001,20261001-23-03,23,唐津,3,2026-10-01T09:39:00+09:00,朝,混戦,0.33,5-1,5-1-4-2,5-1-4-2-6,12,1200,5-1-4 / 1-5-4 / 5-1-2 / 1-5-2 / 5-4-1 / 1-4-5 / 5-2-1 / 1-2-5 / 5-1-6 / 1-5-6 / 5-4-2 / 1-4-2,5,58.36,1,58.03,4,45.29,2,43.58,6,34.5,3,34.12
20261001,20261001-23-04,23,唐津,4,2026-10-01T10:05:00+09:00,朝,準軸,8.22,3-6,3-6-1,3-6-1-2,8,800,3-6-1 / 3-6-2 / 3-1-6 / 6-3-1 / 3-1-2 / 6-3-2 / 6-1-3 / 6-1-2,3,62.27,6,54.05,1,49.09,2,46.84,4,40.15,5,33.76
20261001,20261001-23-05,23,唐津,5,2026-10-01T10:32:00+09:00,朝,1着強軸,13.08,1,2-6,2-6-3,4,400,1-2-6 / 1-6-2 / 1-2-3 / 1-6-3,1,62.09,2,49.01,6,44.41,3,41.78,4,33.04,5,24.5
20261001,20261001-23-06,23,唐津,6,2026-10-01T11:05:00+09:00,朝,混戦,4.13,2-1,2-1-5-3,2-1-5-3-4,12,1200,2-1-5 / 2-1-3 / 2-5-1 / 2-3-1 / 2-1-4 / 1-2-5 / 2-5-3 / 1-2-3 / 2-3-5 / 1-5-2 / 2-5-4 / 1-2-4,2,56.17,1,52.04,5,49.39,3,48.25,4,45.73,6,22.13
20261001,20261001-23-07,23,唐津,7,2026-10-01T11:35:00+09:00,朝,1着強軸,10.72,2,4-1,4-1-3,4,400,2-4-1 / 2-1-4 / 2-4-3 / 2-1-3,2,60.66,4,49.94,1,49.86,3,43.63,6,39.81,5,25.9
20261001,20261001-23-08,23,唐津,8,2026-10-01T12:06:00+09:00,朝,準軸,6.39,1-4,1-4-2,1-4-2-3,8,800,1-4-2 / 1-4-3 / 1-2-4 / 4-1-2 / 4-1-3 / 4-2-1 / 1-2-3 / 4-2-3,1,60.39,4,54.0,2,45.04,3,41.01,6,33.95,5,31.75
20261001,20261001-23-09,23,唐津,9,2026-10-01T12:39:00+09:00,朝,混戦,4.95,2-3,2-3-1-5,2-3-1-5-6,12,1200,2-3-1 / 2-1-3 / 3-2-1 / 3-1-2 / 2-3-5 / 2-3-6 / 3-2-5 / 2-1-5 / 2-5-3 / 3-2-6 / 2-1-6 / 2-5-1,2,58.88,3,53.93,1,50.5,5,40.43,6,38.13,4,32.88
20261001,20261001-23-10,23,唐津,10,2026-10-01T13:12:00+09:00,直前,混戦,1.44,1-2,1-2-3-6,1-2-3-6-5,12,1200,1-2-3 / 2-1-3 / 1-3-2 / 1-2-6 / 1-2-5 / 2-3-1 / 2-1-6 / 2-1-5 / 1-6-2 / 2-6-1 / 1-3-6 / 1-3-5,1,59.03,2,57.59,3,49.93,6,45.37,5,45.34,4,37.98
20261001,20261001-23-11,23,唐津,11,2026-10-01T13:50:00+09:00,直前,1着強軸,19.52,1,2-3,2-3-4,4,400,1-2-3 / 1-2-4 / 1-3-2 / 1-3-4,1,71.57,2,52.05,3,47.23,4,47.23,6,46.88,5,37.31
20261001,20261001-23-12,23,唐津,12,2026-10-01T14:30:00+09:00,直前,1着強軸,15.92,1,5-2,5-2-3,4,400,1-5-2 / 1-2-5 / 1-5-3 / 1-2-3,1,72.86,5,56.94,2,52.84,3,48.37,4,42.51,6,40.87
20261001,20261001-24-01,24,大村,1,2026-10-01T17:41:00+09:00,朝,準軸,6.49,1-2,1-2-4,1-2-4-3,8,800,1-2-4 / 1-4-2 / 1-2-3 / 1-4-3 / 2-1-4 / 2-1-3 / 2-4-1 / 2-4-3,1,57.03,2,50.54,4,49.46,3,46.5,6,33.2,5,28.2
20261001,20261001-24-02,24,大村,2,2026-10-01T18:08:00+09:00,朝,準軸,7.6,1-6,1-6-3,1-6-3-2,8,800,1-6-3 / 1-3-6 / 1-6-2 / 1-3-2 / 6-1-3 / 6-1-2 / 6-3-1 / 6-3-2,1,61.04,6,53.44,3,53.28,2,53.04,4,46.12,5,22.94
20261001,20261001-24-03,24,大村,3,2026-10-01T18:34:00+09:00,朝,混戦,1.17,2-1,2-1-6-3,2-1-6-3-4,12,1200,2-1-6 / 2-6-1 / 2-1-3 / 1-2-6 / 2-6-3 / 2-3-1 / 2-3-6 / 1-6-2 / 1-2-3 / 1-3-2 / 1-6-3 / 1-3-6,2,56.07,1,54.9,6,54.51,3,53.71,4,44.63,5,38.64
20261001,20261001-24-04,24,大村,4,2026-10-01T19:03:00+09:00,朝,混戦,0.27,2-3,2-3-1-5,2-3-1-5-4,12,1200,2-3-1 / 3-2-1 / 2-1-3 / 3-1-2 / 2-3-5 / 3-2-5 / 2-1-5 / 3-1-5 / 2-5-3 / 2-3-4 / 3-5-2 / 3-2-4,2,57.04,3,56.77,1,54.16,5,45.84,4,40.03,6,23.88
20261001,20261001-24-05,24,大村,5,2026-10-01T19:30:00+09:00,朝,1着強軸,12.7,1,6-2,6-2-3,4,400,1-6-2 / 1-2-6 / 1-6-3 / 1-2-3,1,66.25,6,53.55,2,53.25,3,46.24,5,43.24,4,30.77
20261001,20261001-24-06,24,大村,6,2026-10-01T19:56:00+09:00,朝,準軸,5.17,2-3,2-3-1,2-3-1-6,8,800,2-3-1 / 2-1-3 / 3-2-1 / 2-3-6 / 3-1-2 / 2-1-6 / 3-2-6 / 3-1-6,2,56.65,3,51.48,1,49.92,6,43.16,5,39.91,4,33.85
20261001,20261001-24-07,24,大村,7,2026-10-01T20:25:00+09:00,朝,1着強軸,22.23,1,2-3,2-3-5,4,400,1-2-3 / 1-3-2 / 1-2-5 / 1-3-5,1,71.52,2,49.29,3,48.19,5,40.91,4,39.4,6,20.46
20261001,20261001-24-08,24,大村,8,2026-10-01T20:59:00+09:00,朝,準軸,9.58,1-4,1-4-2,1-4-2-5,8,800,1-4-2 / 1-2-4 / 1-4-5 / 4-1-2 / 1-2-5 / 4-2-1 / 4-1-5 / 4-2-5,1,59.14,4,49.56,2,46.7,5,38.74,3,37.84,6,25.72
20261001,20261001-24-09,24,大村,9,2026-10-01T21:25:00+09:00,朝,1着強軸,12.9,1,2-3,2-3-4,4,400,1-2-3 / 1-2-4 / 1-3-2 / 1-3-4,1,72.77,2,59.87,3,52.97,4,52.04,6,42.71,5,40.29
20261001,20261001-24-10,24,大村,10,2026-10-01T21:51:00+09:00,朝,1着強軸,15.09,1,2-4,2-4-3,4,400,1-2-4 / 1-2-3 / 1-4-2 / 1-4-3,1,72.66,2,57.57,4,52.47,3,50.7,5,46.52,6,46.5
20261001,20261001-24-11,24,大村,11,2026-10-01T22:16:00+09:00,朝,1着強軸,10.89,1,2-4,2-4-3,4,400,1-2-4 / 1-2-3 / 1-4-2 / 1-4-3,1,73.73,2,62.84,4,52.31,3,49.94,6,40.0,5,37.42
20261001,20261001-24-12,24,大村,12,2026-10-01T22:41:00+09:00,朝,1着強軸,10.71,1,3-2,3-2-5,4,400,1-3-2 / 1-2-3 / 1-3-5 / 1-2-5,1,59.97,3,49.26,2,47.97,5,32.88,4,30.08,6,24.57
