date,race_id,signal_key,fujin_level,raijin_level,payout,actual_trifecta,actual_combo_rank,hit6,hit8,hit12,hit18,hit24,rule_text
20260930,202609300401,F1R0,1,0,8230,1-4-3,17,False,False,False,True,True,風神:rank1/fixed/2×flat
20260930,202609302412,F1R0,1,0,7540,1-2-6,42,False,False,False,False,False,風神:rank1/fixed/2×flat
20261001,202610011503,F0R1,0,1,2170,2-1-5,25,False,False,False,False,False,雷神:+rise×0.25×flat×soft
20261002,202610021411,F1R0,1,0,3770,1-4-5,7,False,True,True,True,True,風神:rank1/fixed/2×flat
20261002,202610021412,F0R3,0,3,4340,2-3-1,70,False,False,False,False,False,雷神:+rise×1.75×linear×soft
20261002,202610022205,F1R0,1,0,9860,5-1-3,16,False,False,False,True,True,風神:rank1/fixed/2×flat
20261003,202610030203,F1R0,1,0,13100,2-5-1,17,False,False,False,True,True,風神:rank1/fixed/2×flat
20261003,202610030205,F3R0,3,0,3160,4-3-1,10,False,False,True,True,True,風神:rank1/fixed/4×linear
20261003,202610030206,F2R0,2,0,6630,4-3-1,22,False,False,False,False,True,風神:rank1/drop_ratio/1.25×linear
20261003,202610030207,F2R0,2,0,770,1-2-4,22,False,False,False,False,True,風神:rank1/drop_ratio/1.25×linear
20261003,202610030212,F1R0,1,0,6120,1-6-2,11,False,False,True,True,True,風神:rank1/fixed/2×flat
20261003,202610030401,F2R0,2,0,8600,4-6-1,63,False,False,False,False,False,風神:rank1/drop_ratio/1.25×linear
20261003,202610030402,F2R0,2,0,5770,2-5-4,96,False,False,False,False,False,風神:rank1/drop_ratio/1.25×linear
20261003,202610030408,F2R0,2,0,6520,2-1-4,90,False,False,False,False,False,風神:rank1/drop_ratio/1.25×linear
20261003,202610030412,F1R0,1,0,8440,3-6-1,87,False,False,False,False,False,風神:rank1/fixed/2×flat
20261003,202610030601,F3R0,3,0,2490,1-2-4,41,False,False,False,False,False,風神:rank1/fixed/4×linear
20261003,202610030602,F1R0,1,0,700,3-5-6,1,True,True,True,True,True,風神:rank1/fixed/2×flat
20261003,202610030603,F2R0,2,0,6820,6-5-4,24,False,False,False,False,True,風神:rank1/drop_ratio/1.25×linear
20261003,202610030605,F2R0,2,0,2410,1-3-6,118,False,False,False,False,False,風神:rank1/drop_ratio/1.25×linear
20261003,202610030607,F2R0,2,0,29060,6-4-1,20,False,False,False,False,True,風神:rank1/drop_ratio/1.25×linear
20261003,202610030704,F1R0,1,0,3320,1-4-3,20,False,False,False,False,True,風神:rank1/fixed/2×flat
20261003,202610030706,F2R0,2,0,2400,1-6-5,37,False,False,False,False,False,風神:rank1/drop_ratio/1.25×linear
20261003,202610030707,F2R0,2,0,440,1-3-4,34,False,False,False,False,False,風神:rank1/drop_ratio/1.25×linear
20261003,202610030708,F2R0,2,0,1550,1-2-3,110,False,False,False,False,False,風神:rank1/drop_ratio/1.25×linear
20261003,202610030711,F2R0,2,0,1210,1-3-5,36,False,False,False,False,False,風神:rank1/drop_ratio/1.25×linear
20261003,202610030712,F1R0,1,0,2890,1-4-3,8,False,True,True,True,True,風神:rank1/fixed/2×flat
20261003,202610030901,F2R0,2,0,8120,1-2-5,16,False,False,False,True,True,風神:rank1/drop_ratio/1.25×linear
20261003,202610030902,F2R0,2,0,8610,4-5-3,22,False,False,False,False,True,風神:rank1/drop_ratio/1.25×linear
20261003,202610030904,F1R0,1,0,5060,3-5-2,54,False,False,False,False,False,風神:rank1/fixed/2×flat
20261003,202610030907,F3R0,3,0,4210,2-4-5,11,False,False,True,True,True,風神:rank1/fixed/4×linear
20261003,202610030910,F2R0,2,0,32970,2-5-4,24,False,False,False,False,True,風神:rank1/drop_ratio/1.25×linear
20261003,202610031102,F2R0,2,0,2930,2-4-3,14,False,False,False,True,True,風神:rank1/drop_ratio/1.25×linear
20261003,202610031103,F1R0,1,0,1010,1-3-5,6,True,True,True,True,True,風神:rank1/fixed/2×flat
20261003,202610031108,F2R0,2,0,1630,2-1-3,32,False,False,False,False,False,風神:rank1/drop_ratio/1.25×linear
20261003,202610031201,F2R0,2,0,960,1-3-2,19,False,False,False,False,True,風神:rank1/drop_ratio/1.25×linear
20261003,202610031207,F1R0,1,0,1120,2-1-6,4,True,True,True,True,True,風神:rank1/fixed/2×flat
20261003,202610031209,F1R0,1,0,1690,1-4-5,4,True,True,True,True,True,風神:rank1/fixed/2×flat
20261003,202610031301,F2R0,2,0,17410,1-2-4,12,False,False,True,True,True,風神:rank1/drop_ratio/1.25×linear
20261003,202610031303,F2R0,2,0,2690,1-5-4,41,False,False,False,False,False,風神:rank1/drop_ratio/1.25×linear
20261003,202610031306,F2R0,2,0,3020,1-5-4,45,False,False,False,False,False,風神:rank1/drop_ratio/1.25×linear
20261003,202610031601,F1R0,1,0,1470,1-4-3,17,False,False,False,True,True,風神:rank1/fixed/2×flat
20261003,202610031602,F2R0,2,0,27850,3-2-4,3,True,True,True,True,True,風神:rank1/drop_ratio/1.25×linear
20261003,202610031606,F1R0,1,0,4650,5-4-6,104,False,False,False,False,False,風神:rank1/fixed/2×flat
20261003,202610031611,F2R0,2,0,730,1-2-4,67,False,False,False,False,False,風神:rank1/drop_ratio/1.25×linear
20261003,202610031807,F3R0,3,0,1520,1-3-2,2,True,True,True,True,True,風神:rank1/fixed/4×linear
20261003,202610031809,F1R0,1,0,3360,5-1-2,29,False,False,False,False,False,風神:rank1/fixed/2×flat
20261003,202610031811,F0R2,0,2,2130,4-6-3,2,True,True,True,True,True,雷神:+rise×1.75×flat×flat
20261003,202610031905,F0R2,0,2,1430,1-5-4,2,True,True,True,True,True,雷神:+rise×1.75×flat×flat
20261003,202610031910,F1R0,1,0,3420,1-4-2,14,False,False,False,True,True,風神:rank1/fixed/2×flat
20261003,202610032203,F2R0,2,0,780,3-1-2,56,False,False,False,False,False,風神:rank1/drop_ratio/1.25×linear
20261003,202610032206,F3R0,3,0,9130,1-6-4,6,True,True,True,True,True,風神:rank1/fixed/4×linear
20261003,202610032207,F1R0,1,0,2240,6-1-2,48,False,False,False,False,False,風神:rank1/fixed/2×flat
20261003,202610032211,F1R0,1,0,570,1-2-3,2,True,True,True,True,True,風神:rank1/fixed/2×flat
20261003,202610032212,F3R0,3,0,220,1-2-3,6,True,True,True,True,True,風神:rank1/fixed/4×linear
20261003,202610032306,F1R0,1,0,6080,1-2-6,106,False,False,False,False,False,風神:rank1/fixed/2×flat
20261003,202610032307,F1R0,1,0,1000,2-4-3,1,True,True,True,True,True,風神:rank1/fixed/2×flat
20261003,202610032308,F1R0,1,0,4120,3-1-4,50,False,False,False,False,False,風神:rank1/fixed/2×flat
20261003,202610032311,F2R0,2,0,1520,1-2-6,75,False,False,False,False,False,風神:rank1/drop_ratio/1.25×linear
20261003,202610032312,F1R0,1,0,770,1-2-3,2,True,True,True,True,True,風神:rank1/fixed/2×flat
20261004,202610040203,F1R2,1,2,56510,4-5-6,109,False,False,False,False,False,風神:rank1/fixed/8×flat / 雷神:+rise×0.25×flat×flat
20261004,202610040204,F1R0,1,0,5340,2-6-4,14,False,False,False,True,True,風神:rank1/fixed/2×flat
20261004,202610040205,F1R0,1,0,1020,4-1-5,7,False,True,True,True,True,風神:rank1/fixed/2×flat
20261004,202610040206,F0R2,0,2,2660,2-1-5,4,True,True,True,True,True,雷神:+rise×1.75×flat×flat
20261004,202610040503,F1R0,1,0,21270,4-1-5,98,False,False,False,False,False,風神:rank1/fixed/2×flat
20261004,202610040504,F0R1,0,1,3840,1-3-4,41,False,False,False,False,False,雷神:+rise×0.25×flat×soft
20261004,202610040505,F1R0,1,0,2190,1-4-3,8,False,True,True,True,True,風神:rank1/fixed/2×flat
20261004,202610040602,F2R1,2,1,4360,2-1-3,22,False,False,False,False,True,風神:rank1/fixed/8×linear / 雷神:+rise×0.25×flat×flat
20261004,202610040707,F3R0,3,0,530,1-3-2,2,True,True,True,True,True,風神:rank1/fixed/4×linear
20261004,202610040901,F1R1,1,1,460,1-2-3,8,False,True,True,True,True,風神:negative_top3/fixed/2×flat / 雷神:+rise×2×flat×soft
20261004,202610040905,F1R2,1,2,470,1-2-4,1,True,True,True,True,True,風神:rank1/fixed/8×flat / 雷神:+rise×0.25×flat×flat
20261004,202610040906,F1R2,1,2,6390,2-4-5,26,False,False,False,False,False,風神:rank1/fixed/8×flat / 雷神:+rise×0.25×flat×flat
20261004,202610040907,F2R2,2,2,6870,2-5-6,4,True,True,True,True,True,風神:rank1/fixed/8×linear / 雷神:+rise×0.5×flat×flat
20261004,202610040911,F1R2,1,2,3450,1-4-5,21,False,False,False,False,True,風神:rank1/fixed/8×flat / 雷神:+rise×0.25×flat×flat
20261004,202610041001,F1R0,1,0,710,1-2-4,10,False,False,True,True,True,風神:rank1/fixed/2×flat
20261004,202610041003,F2R1,2,1,4430,1-3-6,61,False,False,False,False,False,風神:rank1/fixed/8×linear / 雷神:+rise×0.25×flat×flat
20261004,202610041004,F2R2,2,2,16200,4-2-1,22,False,False,False,False,True,風神:rank1/fixed/8×linear / 雷神:+rise×0.5×flat×flat
20261004,202610041005,F0R1,0,1,1160,1-2-3,8,False,True,True,True,True,雷神:+rise×0.25×flat×soft
20261004,202610041007,F1R2,1,2,1490,1-4-5,13,False,False,False,True,True,風神:rank1/fixed/8×flat / 雷神:+rise×0.25×flat×flat
20261004,202610041010,F1R0,1,0,2750,1-5-2,3,True,True,True,True,True,風神:rank1/fixed/2×flat
20261004,202610041011,F0R1,0,1,1650,1-3-2,16,False,False,False,True,True,雷神:+rise×0.25×flat×soft
20261004,202610041101,F0R1,0,1,510,1-2-3,2,True,True,True,True,True,雷神:+rise×0.25×flat×soft
20261004,202610041104,F1R2,1,2,1740,4-1-5,4,True,True,True,True,True,風神:rank1/fixed/8×flat / 雷神:+rise×0.25×flat×flat
20261004,202610041106,F1R0,1,0,1120,1-2-3,22,False,False,False,False,True,風神:rank1/fixed/2×flat
20261004,202610041206,F2R1,2,1,950,1-5-3,7,False,True,True,True,True,風神:rank1/fixed/8×linear / 雷神:+rise×0.25×flat×flat
20261004,202610041208,F1R0,1,0,550,1-2-4,1,True,True,True,True,True,風神:rank1/fixed/2×flat
20261004,202610041209,F0R1,0,1,660,1-3-2,4,True,True,True,True,True,雷神:+rise×0.25×flat×soft
20261004,202610041210,F2R0,2,0,249300,5-2-6,119,False,False,False,False,False,風神:rank1/drop_ratio/1.25×linear
20261004,202610041301,F0R2,0,2,1870,3-4-2,15,False,False,False,True,True,雷神:+rise×1.75×flat×flat
20261004,202610041307,F1R1,1,1,670,2-1-3,4,True,True,True,True,True,風神:negative_top3/fixed/2×flat / 雷神:+rise×2×flat×soft
20261004,202610041312,F1R0,1,0,410,1-2-3,4,True,True,True,True,True,風神:rank1/fixed/2×flat
20261004,202610041807,F1R1,1,1,2690,1-3-2,41,False,False,False,False,False,風神:negative_top3/fixed/2×flat / 雷神:+rise×2×flat×soft
20261004,202610041808,F0R1,0,1,7570,4-5-1,47,False,False,False,False,False,雷神:+rise×0.25×flat×soft
20261004,202610041809,F1R0,1,0,590,1-2-4,2,True,True,True,True,True,風神:rank1/fixed/2×flat
20261004,202610041901,F0R1,0,1,3980,4-1-6,21,False,False,False,False,True,雷神:+rise×0.25×flat×soft
20261004,202610041905,F1R1,1,1,2360,1-6-4,7,False,True,True,True,True,風神:negative_top3/fixed/2×flat / 雷神:+rise×2×flat×soft
20261004,202610041906,F1R2,1,2,1970,4-1-2,13,False,False,False,True,True,風神:rank1/fixed/8×flat / 雷神:+rise×0.25×flat×flat
20261004,202610041908,F1R2,1,2,670,1-3-6,2,True,True,True,True,True,風神:rank1/fixed/8×flat / 雷神:+rise×0.25×flat×flat
20261004,202610041911,F1R1,1,1,1340,1-2-4,17,False,False,False,True,True,風神:negative_top3/fixed/2×flat / 雷神:+rise×2×flat×soft
20261004,202610041912,F1R0,1,0,16610,1-5-6,35,False,False,False,False,False,風神:rank1/fixed/2×flat
20261004,202610042205,F0R2,0,2,2440,1-4-2,31,False,False,False,False,False,雷神:+rise×1.75×flat×flat
20261004,202610042206,F0R2,0,2,9680,5-6-2,17,False,False,False,True,True,雷神:+rise×1.75×flat×flat
20261004,202610042212,F1R0,1,0,2760,1-4-6,15,False,False,False,True,True,風神:rank1/fixed/2×flat
20261004,202610042308,F1R1,1,1,10550,4-3-5,22,False,False,False,False,True,風神:negative_top3/fixed/2×flat / 雷神:+rise×2×flat×soft
20261004,202610042309,F2R2,2,2,790,1-2-5,4,True,True,True,True,True,風神:rank1/fixed/8×linear / 雷神:+rise×0.5×flat×flat
20261004,202610042310,F0R1,0,1,1520,1-3-4,16,False,False,False,True,True,雷神:+rise×0.25×flat×soft
20261004,202610042311,F2R0,2,0,10480,1-5-3,72,False,False,False,False,False,風神:rank1/drop_ratio/1.25×linear
20261005,202610050201,F0R1,0,1,2950,2-1-3,1,True,True,True,True,True,雷神:+rise×0.25×flat×soft
20261005,202610050203,F2R2,2,2,6630,1-5-4,24,False,False,False,False,True,風神:rank1/fixed/8×linear / 雷神:+rise×0.5×flat×flat
20261005,202610050207,F1R0,1,0,1640,4-1-6,22,False,False,False,False,True,風神:rank1/fixed/2×flat
20261005,202610050209,F2R1,2,1,2750,3-1-2,7,False,True,True,True,True,風神:rank1/fixed/8×linear / 雷神:+rise×0.25×flat×flat
20261005,202610050501,F0R1,0,1,1790,1-2-6,25,False,False,False,False,False,雷神:+rise×0.25×flat×soft
20261005,202610050502,F2R2,2,2,6890,2-4-6,78,False,False,False,False,False,風神:rank1/fixed/8×linear / 雷神:+rise×0.5×flat×flat
20261005,202610050503,F2R2,2,2,4860,1-6-3,14,False,False,False,True,True,風神:rank1/fixed/8×linear / 雷神:+rise×0.5×flat×flat
20261005,202610050504,F1R1,1,1,2120,2-5-3,23,False,False,False,False,True,風神:negative_top3/fixed/2×flat / 雷神:+rise×2×flat×soft
20261005,202610050508,F1R3,1,3,2890,4-6-1,24,False,False,False,False,True,風神:rank1/fixed/8×flat / 雷神:+rise×0.25×flat×flat
20261005,202610050512,F1R2,1,2,6730,3-1-4,24,False,False,False,False,True,風神:rank1/fixed/8×flat / 雷神:+rise×0.25×flat×flat
20261005,202610050901,F2R0,2,0,570,1-2-5,2,True,True,True,True,True,風神:rank1/drop_ratio/1.25×linear
20261005,202610050903,F2R0,2,0,990,1-3-5,38,False,False,False,False,False,風神:rank1/drop_ratio/1.25×linear
20261005,202610050904,F1R0,1,0,2790,4-1-3,23,False,False,False,False,True,風神:rank1/fixed/2×flat
20261005,202610050905,F0R1,0,1,880,1-2-3,3,True,True,True,True,True,雷神:+rise×0.25×flat×soft
20261005,202610050906,F0R1,0,1,930,1-4-2,14,False,False,False,True,True,雷神:+rise×0.25×flat×soft
20261005,202610050907,F1R0,1,0,1500,2-1-3,1,True,True,True,True,True,風神:rank1/fixed/2×flat
20261005,202610050908,F0R3,0,3,6000,1-4-3,37,False,False,False,False,False,雷神:+rise×1.75×linear×soft
20261005,202610050909,F0R1,0,1,1340,1-4-2,4,True,True,True,True,True,雷神:+rise×0.25×flat×soft
20261005,202610050910,F1R2,1,2,1090,1-4-6,3,True,True,True,True,True,風神:rank1/fixed/8×flat / 雷神:+rise×0.25×flat×flat
20261005,202610051001,F1R1,1,1,1880,1-3-5,28,False,False,False,False,False,風神:negative_top3/fixed/2×flat / 雷神:+rise×2×flat×soft
20261005,202610051002,F0R2,0,2,24160,5-3-1,80,False,False,False,False,False,雷神:+rise×1.75×flat×flat
20261005,202610051003,F0R2,0,2,16290,4-2-1,20,False,False,False,False,True,雷神:+rise×1.75×flat×flat
20261005,202610051004,F0R1,0,1,1230,1-2-4,8,False,True,True,True,True,雷神:+rise×0.25×flat×soft
20261005,202610051006,F1R2,1,2,1770,1-3-5,31,False,False,False,False,False,風神:rank1/fixed/8×flat / 雷神:+rise×0.25×flat×flat
20261005,202610051008,F2R0,2,0,1730,1-3-5,27,False,False,False,False,False,風神:rank1/drop_ratio/1.25×linear
20261005,202610051101,F1R0,1,0,8170,3-1-5,29,False,False,False,False,False,風神:rank1/fixed/2×flat
20261005,202610051102,F0R1,0,1,2180,1-3-5,17,False,False,False,True,True,雷神:+rise×0.25×flat×soft
20261005,202610051103,F2R2,2,2,10040,4-6-1,53,False,False,False,False,False,風神:rank1/fixed/8×linear / 雷神:+rise×0.5×flat×flat
20261005,202610051104,F1R2,1,2,2320,1-2-4,44,False,False,False,False,False,風神:rank1/fixed/8×flat / 雷神:+rise×0.25×flat×flat
20261005,202610051106,F1R3,1,3,3450,4-5-3,52,False,False,False,False,False,風神:rank1/fixed/8×flat / 雷神:+rise×0.25×flat×flat
20261005,202610051109,F2R0,2,0,3610,3-1-4,8,False,True,True,True,True,風神:rank1/drop_ratio/1.25×linear
20261005,202610051110,F2R1,2,1,510,1-4-2,1,True,True,True,True,True,風神:rank1/fixed/8×linear / 雷神:+rise×0.25×flat×flat
20261005,202610051112,F1R1,1,1,2950,1-5-3,16,False,False,False,True,True,風神:negative_top3/fixed/2×flat / 雷神:+rise×2×flat×soft
20261005,202610051203,F1R2,1,2,65540,3-4-5,59,False,False,False,False,False,風神:rank1/fixed/8×flat / 雷神:+rise×0.25×flat×flat
20261005,202610051208,F0R2,0,2,2750,1-3-6,12,False,False,True,True,True,雷神:+rise×1.75×flat×flat
20261005,202610051209,F0R2,0,2,2030,2-3-6,46,False,False,False,False,False,雷神:+rise×1.75×flat×flat
20261005,202610051210,F0R1,0,1,870,1-2-3,8,False,True,True,True,True,雷神:+rise×0.25×flat×soft
20261005,202610051211,F1R2,1,2,2540,1-5-3,9,False,False,True,True,True,風神:rank1/fixed/8×flat / 雷神:+rise×0.25×flat×flat
20261005,202610051212,F1R0,1,0,820,1-3-2,3,True,True,True,True,True,風神:rank1/fixed/2×flat
20261005,202610051302,F1R1,1,1,3730,1-3-4,100,False,False,False,False,False,風神:negative_top3/fixed/2×flat / 雷神:+rise×2×flat×soft
20261005,202610051303,F1R2,1,2,700,1-2-4,2,True,True,True,True,True,風神:rank1/fixed/8×flat / 雷神:+rise×0.25×flat×flat
20261005,202610051305,F1R2,1,2,860,1-4-3,2,True,True,True,True,True,風神:rank1/fixed/8×flat / 雷神:+rise×0.25×flat×flat
20261005,202610051306,F0R2,0,2,500,1-4-2,2,True,True,True,True,True,雷神:+rise×1.75×flat×flat
20261005,202610051307,F1R1,1,1,5430,3-1-2,1,True,True,True,True,True,風神:negative_top3/fixed/2×flat / 雷神:+rise×2×flat×soft
20261005,202610051308,F2R2,2,2,1200,1-6-2,3,True,True,True,True,True,風神:rank1/fixed/8×linear / 雷神:+rise×0.5×flat×flat
20261005,202610051311,F1R0,1,0,930,1-2-6,22,False,False,False,False,True,風神:rank1/fixed/2×flat
20261005,202610051801,F0R2,0,2,990,1-2-4,11,False,False,True,True,True,雷神:+rise×1.75×flat×flat
20261005,202610051804,F2R0,2,0,11530,4-1-2,18,False,False,False,True,True,風神:rank1/drop_ratio/1.25×linear
20261005,202610051806,F2R1,2,1,7420,1-3-4,22,False,False,False,False,True,風神:rank1/fixed/8×linear / 雷神:+rise×0.25×flat×flat
20261005,202610051807,F1R2,1,2,910,1-4-3,2,True,True,True,True,True,風神:rank1/fixed/8×flat / 雷神:+rise×0.25×flat×flat
20261005,202610051809,F0R2,0,2,5690,4-3-1,17,False,False,False,True,True,雷神:+rise×1.75×flat×flat
20261005,202610051812,F2R2,2,2,3770,2-1-3,3,True,True,True,True,True,風神:rank1/fixed/8×linear / 雷神:+rise×0.5×flat×flat
20261005,202610051904,F3R2,3,2,10550,4-5-6,47,False,False,False,False,False,風神:rank1/fixed/2×flat / 雷神:+rise×0.25×flat×flat
20261005,202610051905,F1R1,1,1,4000,4-2-1,19,False,False,False,False,True,風神:negative_top3/fixed/2×flat / 雷神:+rise×2×flat×soft
20261005,202610051909,F0R2,0,2,82200,6-2-1,90,False,False,False,False,False,雷神:+rise×1.75×flat×flat
20261005,202610051910,F2R0,2,0,5150,1-5-3,43,False,False,False,False,False,風神:rank1/drop_ratio/1.25×linear
20261005,202610051911,F2R2,2,2,2000,1-2-5,7,False,True,True,True,True,風神:rank1/fixed/8×linear / 雷神:+rise×0.5×flat×flat
20261005,202610051912,F0R1,0,1,870,1-3-2,5,True,True,True,True,True,雷神:+rise×0.25×flat×soft
20261005,202610052005,F0R1,0,1,3790,1-3-2,14,False,False,False,True,True,雷神:+rise×0.25×flat×soft
20261005,202610052006,F1R2,1,2,8650,1-5-4,12,False,False,True,True,True,風神:rank1/fixed/8×flat / 雷神:+rise×0.25×flat×flat
20261005,202610052007,F1R0,1,0,690,1-3-6,12,False,False,True,True,True,風神:rank1/fixed/2×flat
20261005,202610052010,F1R0,1,0,1470,1-2-4,6,True,True,True,True,True,風神:rank1/fixed/2×flat
20261005,202610052011,F0R1,0,1,700,1-3-4,4,True,True,True,True,True,雷神:+rise×0.25×flat×soft
20261005,202610052012,F1R1,1,1,990,1-2-5,7,False,True,True,True,True,風神:negative_top3/fixed/2×flat / 雷神:+rise×2×flat×soft
20261005,202610052201,F1R1,1,1,450,1-2-3,1,True,True,True,True,True,風神:negative_top3/fixed/2×flat / 雷神:+rise×2×flat×soft
20261005,202610052202,F0R2,0,2,1080,1-2-4,14,False,False,False,True,True,雷神:+rise×1.75×flat×flat
20261005,202610052203,F0R2,0,2,1390,3-2-4,4,True,True,True,True,True,雷神:+rise×1.75×flat×flat
20261005,202610052205,F2R2,2,2,1560,1-4-3,24,False,False,False,False,True,風神:rank1/fixed/8×linear / 雷神:+rise×0.5×flat×flat
20261005,202610052206,F1R0,1,0,520,1-4-5,4,True,True,True,True,True,風神:rank1/fixed/2×flat
20261005,202610052207,F3R1,3,1,860,1-4-3,14,False,False,False,True,True,風神:rank1/fixed/2×flat / 雷神:+rise×0.25×flat×flat
20261005,202610052208,F2R2,2,2,1680,1-4-2,1,True,True,True,True,True,風神:rank1/fixed/8×linear / 雷神:+rise×0.5×flat×flat
20261005,202610052209,F1R2,1,2,9340,4-1-3,23,False,False,False,False,True,風神:rank1/fixed/8×flat / 雷神:+rise×0.25×flat×flat
20261005,202610052210,F1R2,1,2,6060,1-3-5,20,False,False,False,False,True,風神:rank1/fixed/8×flat / 雷神:+rise×0.25×flat×flat
20261005,202610052211,F3R2,3,2,320,1-2-3,2,True,True,True,True,True,風神:rank1/fixed/2×flat / 雷神:+rise×0.25×flat×flat
20261005,202610052212,F0R2,0,2,7080,4-3-6,110,False,False,False,False,False,雷神:+rise×1.75×flat×flat
20261005,202610052301,F1R0,1,0,1610,1-3-4,1,True,True,True,True,True,風神:rank1/fixed/2×flat
20261005,202610052302,F1R1,1,1,1060,1-4-2,2,True,True,True,True,True,風神:negative_top3/fixed/2×flat / 雷神:+rise×2×flat×soft
20261005,202610052303,F2R0,2,0,76960,3-1-6,35,False,False,False,False,False,風神:rank1/drop_ratio/1.25×linear
20261005,202610052305,F1R1,1,1,1580,1-3-4,11,False,False,True,True,True,風神:negative_top3/fixed/2×flat / 雷神:+rise×2×flat×soft
20261005,202610052307,F0R1,0,1,1130,1-3-2,5,True,True,True,True,True,雷神:+rise×0.25×flat×soft
20261005,202610052308,F1R0,1,0,930,1-3-4,20,False,False,False,False,True,風神:rank1/fixed/2×flat
20261005,202610052310,F2R0,2,0,27870,4-5-1,79,False,False,False,False,False,風神:rank1/drop_ratio/1.25×linear
20261005,202610052312,F0R1,0,1,720,1-3-2,5,True,True,True,True,True,雷神:+rise×0.25×flat×soft
20261006,202610060201,F0R1,0,1,4430,2-3-5,24,False,False,False,False,True,雷神:+rise×0.25×flat×soft
20261006,202610060202,F0R1,0,1,700,1-3-2,6,True,True,True,True,True,雷神:+rise×0.25×flat×soft
20261006,202610060203,F0R2,0,2,3990,3-1-2,13,False,False,False,True,True,雷神:+rise×1.75×flat×flat
20261006,202610060204,F1R0,1,0,7210,4-5-6,87,False,False,False,False,False,風神:rank1/fixed/2×flat
20261006,202610060206,F0R2,0,2,1740,2-1-5,9,False,False,True,True,True,雷神:+rise×1.75×flat×flat
20261006,202610060207,F1R0,1,0,370,1-6-2,1,True,True,True,True,True,風神:rank1/fixed/2×flat
20261006,202610060208,F0R2,0,2,2800,4-2-1,12,False,False,True,True,True,雷神:+rise×1.75×flat×flat
20261006,202610060209,F0R3,0,3,35790,5-6-3,22,False,False,False,False,True,雷神:+rise×1.75×linear×soft
20261006,202610060210,F0R3,0,3,4160,1-3-6,46,False,False,False,False,False,雷神:+rise×1.75×linear×soft
20261006,202610060211,F0R1,0,1,1060,1-2-3,17,False,False,False,True,True,雷神:+rise×0.25×flat×soft
20261006,202610060501,F0R2,0,2,1690,6-1-3,45,False,False,False,False,False,雷神:+rise×1.75×flat×flat
20261006,202610060502,F0R1,0,1,1040,5-2-3,1,True,True,True,True,True,雷神:+rise×0.25×flat×soft
20261006,202610060503,F0R2,0,2,1720,1-2-3,63,False,False,False,False,False,雷神:+rise×1.75×flat×flat
20261006,202610060504,F1R3,1,3,430,1-3-2,3,True,True,True,True,True,風神:rank1/fixed/8×flat / 雷神:+rise×0.25×flat×flat
20261006,202610060505,F0R1,0,1,2070,5-1-3,25,False,False,False,False,False,雷神:+rise×0.25×flat×soft
20261006,202610060506,F0R2,0,2,15590,4-3-5,17,False,False,False,True,True,雷神:+rise×1.75×flat×flat
20261006,202610060508,F0R3,0,3,530,1-5-2,12,False,False,True,True,True,雷神:+rise×1.75×linear×soft
20261006,202610060510,F1R2,1,2,8340,4-5-1,14,False,False,False,True,True,風神:rank1/fixed/8×flat / 雷神:+rise×0.25×flat×flat
20261006,202610060511,F1R0,1,0,6180,1-3-6,23,False,False,False,False,True,風神:rank1/fixed/2×flat
20261006,202610060512,F1R2,1,2,1080,1-2-6,48,False,False,False,False,False,風神:rank1/fixed/8×flat / 雷神:+rise×0.25×flat×flat
20261006,202610060801,F3R0,3,0,2810,3-5-1,22,False,False,False,False,True,風神:rank1/fixed/4×linear
20261006,202610060802,F0R2,0,2,39630,6-4-5,91,False,False,False,False,False,雷神:+rise×1.75×flat×flat
20261006,202610060803,F1R3,1,3,3090,5-2-1,59,False,False,False,False,False,風神:rank1/fixed/8×flat / 雷神:+rise×0.25×flat×flat
20261006,202610060804,F2R3,2,3,3650,6-5-2,24,False,False,False,False,True,風神:negative_top3/drop_ratio/0.5×flat / 雷神:+rise×1×soft×soft
20261006,202610060806,F1R2,1,2,700,1-3-6,11,False,False,True,True,True,風神:rank1/fixed/8×flat / 雷神:+rise×0.25×flat×flat
20261006,202610060807,F2R2,2,2,2540,2-5-1,22,False,False,False,False,True,風神:rank1/fixed/8×linear / 雷神:+rise×0.5×flat×flat
20261006,202610060808,F0R2,0,2,5750,1-5-4,10,False,False,True,True,True,雷神:+rise×1.75×flat×flat
20261006,202610060809,F2R0,2,0,3970,2-6-5,69,False,False,False,False,False,風神:rank1/drop_ratio/1.25×linear
20261006,202610060810,F0R2,0,2,1220,1-3-2,8,False,True,True,True,True,雷神:+rise×1.75×flat×flat
20261006,202610060811,F2R2,2,2,3350,1-4-6,35,False,False,False,False,False,風神:rank1/fixed/8×linear / 雷神:+rise×0.5×flat×flat
20261006,202610060812,F2R2,2,2,700,1-2-3,5,True,True,True,True,True,風神:rank1/fixed/8×linear / 雷神:+rise×0.5×flat×flat
20261006,202610061001,F0R1,0,1,9300,2-3-1,6,True,True,True,True,True,雷神:+rise×0.25×flat×soft
20261006,202610061002,F0R2,0,2,1120,1-3-2,1,True,True,True,True,True,雷神:+rise×1.75×flat×flat
20261006,202610061003,F0R2,0,2,1420,1-3-6,19,False,False,False,False,True,雷神:+rise×1.75×flat×flat
20261006,202610061004,F0R1,0,1,5050,2-3-5,21,False,False,False,False,True,雷神:+rise×0.25×flat×soft
20261006,202610061005,F3R2,3,2,16580,4-6-1,38,False,False,False,False,False,風神:rank1/fixed/2×flat / 雷神:+rise×0.25×flat×flat
20261006,202610061006,F0R1,0,1,8920,2-3-4,24,False,False,False,False,True,雷神:+rise×0.25×flat×soft
20261006,202610061007,F0R1,0,1,6290,4-1-5,25,False,False,False,False,False,雷神:+rise×0.25×flat×soft
20261006,202610061008,F1R1,1,1,1550,1-2-5,14,False,False,False,True,True,風神:negative_top3/fixed/2×flat / 雷神:+rise×2×flat×soft
20261006,202610061009,F1R2,1,2,4320,4-1-5,15,False,False,False,True,True,風神:rank1/fixed/8×flat / 雷神:+rise×0.25×flat×flat
20261006,202610061010,F0R1,0,1,8590,3-5-1,43,False,False,False,False,False,雷神:+rise×0.25×flat×soft
20261006,202610061011,F0R2,0,2,8060,2-4-5,82,False,False,False,False,False,雷神:+rise×1.75×flat×flat
20261006,202610061101,F0R2,0,2,2830,1-3-5,56,False,False,False,False,False,雷神:+rise×1.75×flat×flat
20261006,202610061102,F3R0,3,0,102090,6-3-2,96,False,False,False,False,False,風神:rank1/fixed/4×linear
20261006,202610061103,F0R2,0,2,1670,1-3-2,17,False,False,False,True,True,雷神:+rise×1.75×flat×flat
20261006,202610061104,F0R2,0,2,3720,3-4-1,64,False,False,False,False,False,雷神:+rise×1.75×flat×flat
20261006,202610061105,F0R2,0,2,560,1-3-2,3,True,True,True,True,True,雷神:+rise×1.75×flat×flat
20261006,202610061107,F0R2,0,2,1070,1-2-5,29,False,False,False,False,False,雷神:+rise×1.75×flat×flat
20261006,202610061108,F0R1,0,1,1240,1-3-2,5,True,True,True,True,True,雷神:+rise×0.25×flat×soft
20261006,202610061109,F1R3,1,3,5340,1-2-4,30,False,False,False,False,False,風神:rank1/fixed/8×flat / 雷神:+rise×0.25×flat×flat
20261006,202610061110,F0R2,0,2,5650,2-1-3,1,True,True,True,True,True,雷神:+rise×1.75×flat×flat
20261006,202610061111,F0R2,0,2,2330,1-5-2,3,True,True,True,True,True,雷神:+rise×1.75×flat×flat
20261006,202610061112,F1R1,1,1,3370,3-1-2,10,False,False,True,True,True,風神:negative_top3/fixed/2×flat / 雷神:+rise×2×flat×soft
20261006,202610061201,F0R2,0,2,2000,2-1-3,5,True,True,True,True,True,雷神:+rise×1.75×flat×flat
20261006,202610061202,F1R1,1,1,780,1-2-3,10,False,False,True,True,True,風神:negative_top3/fixed/2×flat / 雷神:+rise×2×flat×soft
20261006,202610061204,F0R2,0,2,4720,3-4-1,12,False,False,True,True,True,雷神:+rise×1.75×flat×flat
20261006,202610061205,F1R2,1,2,1290,1-3-5,11,False,False,True,True,True,風神:rank1/fixed/8×flat / 雷神:+rise×0.25×flat×flat
20261006,202610061206,F1R1,1,1,3720,1-3-6,17,False,False,False,True,True,風神:negative_top3/fixed/2×flat / 雷神:+rise×2×flat×soft
20261006,202610061207,F0R1,0,1,1070,1-5-6,33,False,False,False,False,False,雷神:+rise×0.25×flat×soft
20261006,202610061208,F0R3,0,3,2000,1-3-4,23,False,False,False,False,True,雷神:+rise×1.75×linear×soft
20261006,202610061209,F2R0,2,0,1320,1-4-3,7,False,True,True,True,True,風神:rank1/drop_ratio/1.25×linear
20261006,202610061210,F0R2,0,2,450,1-2-4,1,True,True,True,True,True,雷神:+rise×1.75×flat×flat
20261006,202610061211,F0R1,0,1,15930,4-1-2,31,False,False,False,False,False,雷神:+rise×0.25×flat×soft
20261006,202610061301,F0R1,0,1,22960,2-1-5,52,False,False,False,False,False,雷神:+rise×0.25×flat×soft
20261006,202610061302,F0R1,0,1,2610,1-4-6,14,False,False,False,True,True,雷神:+rise×0.25×flat×soft
20261006,202610061303,F3R2,3,2,3120,1-5-3,30,False,False,False,False,False,風神:rank1/fixed/2×flat / 雷神:+rise×0.25×flat×flat
20261006,202610061304,F1R3,1,3,7650,2-1-3,17,False,False,False,True,True,風神:rank1/fixed/8×flat / 雷神:+rise×0.25×flat×flat
20261006,202610061306,F0R2,0,2,343980,6-1-3,97,False,False,False,False,False,雷神:+rise×1.75×flat×flat
20261006,202610061308,F1R2,1,2,1140,1-2-6,5,True,True,True,True,True,風神:rank1/fixed/8×flat / 雷神:+rise×0.25×flat×flat
20261006,202610061309,F0R3,0,3,14210,4-3-6,19,False,False,False,False,True,雷神:+rise×1.75×linear×soft
20261006,202610061310,F0R1,0,1,1980,1-3-5,84,False,False,False,False,False,雷神:+rise×0.25×flat×soft
20261006,202610061312,F0R2,0,2,3800,1-5-3,92,False,False,False,False,False,雷神:+rise×1.75×flat×flat
20261006,202610061401,F0R2,0,2,710,1-3-5,7,False,True,True,True,True,雷神:+rise×1.75×flat×flat
20261006,202610061402,F0R2,0,2,1100,1-3-2,6,True,True,True,True,True,雷神:+rise×1.75×flat×flat
20261006,202610061403,F2R2,2,2,690,1-3-2,6,True,True,True,True,True,風神:rank1/fixed/8×linear / 雷神:+rise×0.5×flat×flat
20261006,202610061405,F1R0,1,0,3500,2-1-4,19,False,False,False,False,True,風神:rank1/fixed/2×flat
20261006,202610061406,F1R2,1,2,6860,3-2-4,65,False,False,False,False,False,風神:rank1/fixed/8×flat / 雷神:+rise×0.25×flat×flat
20261006,202610061407,F0R3,0,3,5860,2-3-5,30,False,False,False,False,False,雷神:+rise×1.75×linear×soft
20261006,202610061408,F0R2,0,2,10030,2-3-4,79,False,False,False,False,False,雷神:+rise×1.75×flat×flat
20261006,202610061409,F0R2,0,2,14850,1-2-6,98,False,False,False,False,False,雷神:+rise×1.75×flat×flat
20261006,202610061410,F0R3,0,3,40310,2-5-3,104,False,False,False,False,False,雷神:+rise×1.75×linear×soft
20261006,202610061411,F1R2,1,2,6500,1-5-2,57,False,False,False,False,False,風神:rank1/fixed/8×flat / 雷神:+rise×0.25×flat×flat
20261006,202610061801,F0R2,0,2,660,1-2-4,5,True,True,True,True,True,雷神:+rise×1.75×flat×flat
20261006,202610061803,F0R2,0,2,490,1-4-5,7,False,True,True,True,True,雷神:+rise×1.75×flat×flat
20261006,202610061804,F0R2,0,2,2480,5-1-2,17,False,False,False,True,True,雷神:+rise×1.75×flat×flat
20261006,202610061805,F2R0,2,0,85590,5-1-6,106,False,False,False,False,False,風神:rank1/drop_ratio/1.25×linear
20261006,202610061806,F0R2,0,2,1050,1-5-2,7,False,True,True,True,True,雷神:+rise×1.75×flat×flat
20261006,202610061807,F0R2,0,2,1910,1-4-2,8,False,True,True,True,True,雷神:+rise×1.75×flat×flat
20261006,202610061808,F0R2,0,2,12680,5-3-4,40,False,False,False,False,False,雷神:+rise×1.75×flat×flat
20261006,202610061809,F0R2,0,2,6270,1-3-4,78,False,False,False,False,False,雷神:+rise×1.75×flat×flat
20261006,202610061810,F0R2,0,2,7370,2-1-4,43,False,False,False,False,False,雷神:+rise×1.75×flat×flat
20261006,202610061811,F2R3,2,3,2300,2-1-3,55,False,False,False,False,False,風神:negative_top3/drop_ratio/0.5×flat / 雷神:+rise×1×soft×soft
20261006,202610061812,F1R2,1,2,1230,1-3-5,4,True,True,True,True,True,風神:rank1/fixed/8×flat / 雷神:+rise×0.25×flat×flat
20261006,202610061901,F0R2,0,2,820,1-2-3,22,False,False,False,False,True,雷神:+rise×1.75×flat×flat
20261006,202610061906,F0R2,0,2,40590,3-4-2,92,False,False,False,False,False,雷神:+rise×1.75×flat×flat
20261006,202610061907,F0R3,0,3,2030,1-5-6,34,False,False,False,False,False,雷神:+rise×1.75×linear×soft
20261006,202610061908,F0R1,0,1,470,1-2-3,1,True,True,True,True,True,雷神:+rise×0.25×flat×soft
20261006,202610061909,F0R2,0,2,1570,1-2-5,17,False,False,False,True,True,雷神:+rise×1.75×flat×flat
20261006,202610061910,F0R1,0,1,1030,1-3-2,3,True,True,True,True,True,雷神:+rise×0.25×flat×soft
20261006,202610061912,F0R2,0,2,1330,1-2-3,74,False,False,False,False,False,雷神:+rise×1.75×flat×flat
20261006,202610062001,F0R2,0,2,2850,1-3-5,16,False,False,False,True,True,雷神:+rise×1.75×flat×flat
20261006,202610062002,F0R2,0,2,6270,1-2-4,64,False,False,False,False,False,雷神:+rise×1.75×flat×flat
20261006,202610062003,F0R3,0,3,1180,1-4-2,27,False,False,False,False,False,雷神:+rise×1.75×linear×soft
20261006,202610062004,F1R2,1,2,2640,4-2-3,1,True,True,True,True,True,風神:rank1/fixed/8×flat / 雷神:+rise×0.25×flat×flat
20261006,202610062005,F0R2,0,2,980,1-2-6,15,False,False,False,True,True,雷神:+rise×1.75×flat×flat
20261006,202610062006,F1R2,1,2,8600,5-2-1,43,False,False,False,False,False,風神:rank1/fixed/8×flat / 雷神:+rise×0.25×flat×flat
20261006,202610062007,F0R2,0,2,8330,6-4-5,76,False,False,False,False,False,雷神:+rise×1.75×flat×flat
20261006,202610062009,F0R2,0,2,460,1-3-6,1,True,True,True,True,True,雷神:+rise×1.75×flat×flat
20261006,202610062011,F0R2,0,2,1400,1-4-3,20,False,False,False,False,True,雷神:+rise×1.75×flat×flat
20261006,202610062012,F0R2,0,2,1760,1-4-6,8,False,True,True,True,True,雷神:+rise×1.75×flat×flat
20261006,202610062201,F1R2,1,2,990,1-5-2,10,False,False,True,True,True,風神:rank1/fixed/8×flat / 雷神:+rise×0.25×flat×flat
20261006,202610062202,F0R3,0,3,6370,3-2-1,2,True,True,True,True,True,雷神:+rise×1.75×linear×soft
20261006,202610062203,F0R1,0,1,45630,5-2-3,64,False,False,False,False,False,雷神:+rise×0.25×flat×soft
20261006,202610062204,F0R2,0,2,400,1-3-2,9,False,False,True,True,True,雷神:+rise×1.75×flat×flat
20261006,202610062205,F0R2,0,2,750,1-2-6,15,False,False,False,True,True,雷神:+rise×1.75×flat×flat
20261006,202610062206,F1R3,1,3,2700,1-4-3,3,True,True,True,True,True,風神:rank1/fixed/8×flat / 雷神:+rise×0.25×flat×flat
20261006,202610062208,F0R3,0,3,3980,1-4-2,21,False,False,False,False,True,雷神:+rise×1.75×linear×soft
20261006,202610062209,F1R2,1,2,14300,3-1-4,11,False,False,True,True,True,風神:rank1/fixed/8×flat / 雷神:+rise×0.25×flat×flat
20261006,202610062210,F0R2,0,2,33980,5-2-3,115,False,False,False,False,False,雷神:+rise×1.75×flat×flat
20261006,202610062211,F1R2,1,2,4160,3-2-1,6,True,True,True,True,True,風神:rank1/fixed/8×flat / 雷神:+rise×0.25×flat×flat
20261006,202610062212,F2R0,2,0,570,3-4-5,13,False,False,False,True,True,風神:rank1/drop_ratio/1.25×linear
20261006,202610062401,F2R3,2,3,1460,1-4-5,5,True,True,True,True,True,風神:negative_top3/drop_ratio/0.5×flat / 雷神:+rise×1×soft×soft
20261006,202610062402,F0R2,0,2,8070,1-6-5,42,False,False,False,False,False,雷神:+rise×1.75×flat×flat
20261006,202610062403,F0R2,0,2,13980,4-3-1,35,False,False,False,False,False,雷神:+rise×1.75×flat×flat
20261006,202610062405,F0R2,0,2,1070,1-4-2,44,False,False,False,False,False,雷神:+rise×1.75×flat×flat
20261006,202610062406,F1R2,1,2,3230,1-2-5,10,False,False,True,True,True,風神:rank1/fixed/8×flat / 雷神:+rise×0.25×flat×flat
20261006,202610062407,F0R2,0,2,530,1-2-4,3,True,True,True,True,True,雷神:+rise×1.75×flat×flat
20261006,202610062408,F1R2,1,2,3280,1-3-5,5,True,True,True,True,True,風神:rank1/fixed/8×flat / 雷神:+rise×0.25×flat×flat
20261006,202610062409,F0R2,0,2,8280,3-1-4,13,False,False,False,True,True,雷神:+rise×1.75×flat×flat
20261006,202610062410,F1R2,1,2,4450,1-5-2,28,False,False,False,False,False,風神:rank1/fixed/8×flat / 雷神:+rise×0.25×flat×flat
20261006,202610062411,F0R2,0,2,570,1-2-3,5,True,True,True,True,True,雷神:+rise×1.75×flat×flat
20261006,202610062412,F0R2,0,2,560,1-2-3,13,False,False,False,True,True,雷神:+rise×1.75×flat×flat
20261007,202610070101,F0R1,0,1,2520,1-5-2,9,False,False,True,True,True,雷神:+rise×0.25×flat×soft
20261007,202610070102,F0R2,0,2,3580,3-2-5,41,False,False,False,False,False,雷神:+rise×1.75×flat×flat
20261007,202610070104,F0R2,0,2,8160,4-3-2,16,False,False,False,True,True,雷神:+rise×1.75×flat×flat
20261007,202610070105,F0R2,0,2,80060,5-3-2,40,False,False,False,False,False,雷神:+rise×1.75×flat×flat
20261007,202610070107,F0R1,0,1,19020,4-5-1,72,False,False,False,False,False,雷神:+rise×0.25×flat×soft
20261007,202610070108,F0R2,0,2,4890,2-5-1,3,True,True,True,True,True,雷神:+rise×1.75×flat×flat
20261007,202610070109,F1R2,1,2,640,1-2-5,4,True,True,True,True,True,風神:rank1/fixed/8×flat / 雷神:+rise×0.25×flat×flat
20261007,202610070110,F1R1,1,1,2420,3-1-2,18,False,False,False,True,True,風神:negative_top3/fixed/2×flat / 雷神:+rise×2×flat×soft
20261007,202610070111,F0R2,0,2,1890,1-3-2,27,False,False,False,False,False,雷神:+rise×1.75×flat×flat
20261007,202610070301,F2R2,2,2,13300,5-4-3,23,False,False,False,False,True,風神:rank1/fixed/8×linear / 雷神:+rise×0.5×flat×flat
20261007,202610070305,F0R1,0,1,5660,4-5-3,28,False,False,False,False,False,雷神:+rise×0.25×flat×soft
20261007,202610070306,F2R0,2,0,13110,3-4-5,52,False,False,False,False,False,風神:rank1/drop_ratio/1.25×linear
20261007,202610070307,F2R0,2,0,1470,3-5-2,13,False,False,False,True,True,風神:rank1/drop_ratio/1.25×linear
20261007,202610070309,F2R2,2,2,2960,3-1-2,10,False,False,True,True,True,風神:rank1/fixed/8×linear / 雷神:+rise×0.5×flat×flat
20261007,202610070310,F2R1,2,1,950,1-2-3,6,True,True,True,True,True,風神:rank1/fixed/8×linear / 雷神:+rise×0.25×flat×flat
20261007,202610070311,F3R0,3,0,720,1-3-4,15,False,False,False,True,True,風神:rank1/fixed/4×linear
20261007,202610070312,F1R2,1,2,7330,4-1-2,23,False,False,False,False,True,風神:rank1/fixed/8×flat / 雷神:+rise×0.25×flat×flat
20261007,202610070503,F0R1,0,1,2800,2-3-6,20,False,False,False,False,True,雷神:+rise×0.25×flat×soft
20261007,202610070504,F0R2,0,2,1090,1-4-3,28,False,False,False,False,False,雷神:+rise×1.75×flat×flat
20261007,202610070505,F0R1,0,1,1290,2-3-4,20,False,False,False,False,True,雷神:+rise×0.25×flat×soft
20261007,202610070506,F0R2,0,2,1080,1-5-3,4,True,True,True,True,True,雷神:+rise×1.75×flat×flat
20261007,202610070507,F2R2,2,2,620,2-1-4,2,True,True,True,True,True,風神:rank1/fixed/8×linear / 雷神:+rise×0.5×flat×flat
20261007,202610070508,F0R2,0,2,230,1-2-3,1,True,True,True,True,True,雷神:+rise×1.75×flat×flat
20261007,202610070509,F0R2,0,2,1940,1-3-6,16,False,False,False,True,True,雷神:+rise×1.75×flat×flat
20261007,202610070511,F1R3,1,3,690,1-3-2,2,True,True,True,True,True,風神:rank1/fixed/8×flat / 雷神:+rise×0.25×flat×flat
20261007,202610070512,F0R2,0,2,1280,1-2-5,11,False,False,True,True,True,雷神:+rise×1.75×flat×flat
20261007,202610070701,F0R2,0,2,21970,2-3-4,53,False,False,False,False,False,雷神:+rise×1.75×flat×flat
20261007,202610070703,F0R2,0,2,4130,1-4-6,53,False,False,False,False,False,雷神:+rise×1.75×flat×flat
20261007,202610070704,F0R3,0,3,2160,3-4-1,6,True,True,True,True,True,雷神:+rise×1.75×linear×soft
20261007,202610070706,F0R3,0,3,3170,3-1-6,29,False,False,False,False,False,雷神:+rise×1.75×linear×soft
20261007,202610070708,F0R1,0,1,1530,4-1-3,23,False,False,False,False,True,雷神:+rise×0.25×flat×soft
20261007,202610070710,F0R3,0,3,5270,1-3-6,72,False,False,False,False,False,雷神:+rise×1.75×linear×soft
20261007,202610070711,F1R0,1,0,8670,1-6-4,16,False,False,False,True,True,風神:rank1/fixed/2×flat
20261007,202610070712,F0R2,0,2,30640,5-1-4,40,False,False,False,False,False,雷神:+rise×1.75×flat×flat
20261007,202610070802,F0R1,0,1,630,1-4-2,7,False,True,True,True,True,雷神:+rise×0.25×flat×soft
20261007,202610070803,F1R0,1,0,3780,3-2-4,20,False,False,False,False,True,風神:rank1/fixed/2×flat
20261007,202610070804,F0R2,0,2,830,1-2-4,20,False,False,False,False,True,雷神:+rise×1.75×flat×flat
20261007,202610070805,F0R2,0,2,1320,1-6-2,2,True,True,True,True,True,雷神:+rise×1.75×flat×flat
20261007,202610070806,F0R2,0,2,5500,4-1-5,19,False,False,False,False,True,雷神:+rise×1.75×flat×flat
20261007,202610070807,F0R2,0,2,1270,3-4-6,3,True,True,True,True,True,雷神:+rise×1.75×flat×flat
20261007,202610070808,F2R2,2,2,700,2-4-5,12,False,False,True,True,True,風神:rank1/fixed/8×linear / 雷神:+rise×0.5×flat×flat
20261007,202610070809,F3R2,3,2,4270,3-5-4,9,False,False,True,True,True,風神:rank1/fixed/2×flat / 雷神:+rise×0.25×flat×flat
20261007,202610070811,F1R0,1,0,1860,1-4-5,5,True,True,True,True,True,風神:rank1/fixed/2×flat
20261007,202610070812,F0R2,0,2,2120,1-3-6,5,True,True,True,True,True,雷神:+rise×1.75×flat×flat
20261007,202610071001,F1R0,1,0,25200,6-1-5,83,False,False,False,False,False,風神:rank1/fixed/2×flat
20261007,202610071004,F2R3,2,3,1540,1-4-5,43,False,False,False,False,False,風神:negative_top3/drop_ratio/0.5×flat / 雷神:+rise×1×soft×soft
20261007,202610071005,F2R0,2,0,11080,1-5-3,46,False,False,False,False,False,風神:rank1/drop_ratio/1.25×linear
20261007,202610071006,F0R2,0,2,11290,2-5-1,33,False,False,False,False,False,雷神:+rise×1.75×flat×flat
20261007,202610071007,F0R2,0,2,22650,3-2-4,72,False,False,False,False,False,雷神:+rise×1.75×flat×flat
20261007,202610071008,F1R2,1,2,990,1-2-3,5,True,True,True,True,True,風神:rank1/fixed/8×flat / 雷神:+rise×0.25×flat×flat
20261007,202610071009,F0R2,0,2,2590,1-4-3,15,False,False,False,True,True,雷神:+rise×1.75×flat×flat
20261007,202610071010,F0R2,0,2,3170,2-1-5,49,False,False,False,False,False,雷神:+rise×1.75×flat×flat
20261007,202610071012,F2R1,2,1,4580,3-1-6,14,False,False,False,True,True,風神:rank1/fixed/8×linear / 雷神:+rise×0.25×flat×flat
20261007,202610071101,F0R3,0,3,1060,1-3-5,32,False,False,False,False,False,雷神:+rise×1.75×linear×soft
20261007,202610071103,F0R2,0,2,2550,1-4-5,4,True,True,True,True,True,雷神:+rise×1.75×flat×flat
20261007,202610071104,F0R3,0,3,880,1-5-2,10,False,False,True,True,True,雷神:+rise×1.75×linear×soft
20261007,202610071106,F2R2,2,2,167940,5-2-3,97,False,False,False,False,False,風神:rank1/fixed/8×linear / 雷神:+rise×0.5×flat×flat
20261007,202610071107,F0R2,0,2,1130,1-6-2,4,True,True,True,True,True,雷神:+rise×1.75×flat×flat
20261007,202610071108,F0R3,0,3,670,1-3-4,8,False,True,True,True,True,雷神:+rise×1.75×linear×soft
20261007,202610071109,F0R2,0,2,260,1-2-5,11,False,False,True,True,True,雷神:+rise×1.75×flat×flat
20261007,202610071110,F1R2,1,2,1340,1-2-6,17,False,False,False,True,True,風神:rank1/fixed/8×flat / 雷神:+rise×0.25×flat×flat
20261007,202610071111,F0R2,0,2,980,1-2-4,43,False,False,False,False,False,雷神:+rise×1.75×flat×flat
20261007,202610071112,F1R0,1,0,53940,2-4-1,70,False,False,False,False,False,風神:rank1/fixed/2×flat
20261007,202610071401,F1R2,1,2,1050,1-4-3,2,True,True,True,True,True,風神:rank1/fixed/8×flat / 雷神:+rise×0.25×flat×flat
20261007,202610071402,F0R1,0,1,3720,4-5-1,28,False,False,False,False,False,雷神:+rise×0.25×flat×soft
20261007,202610071403,F0R2,0,2,1790,2-1-4,5,True,True,True,True,True,雷神:+rise×1.75×flat×flat
20261007,202610071405,F0R3,0,3,3790,3-2-6,20,False,False,False,False,True,雷神:+rise×1.75×linear×soft
20261007,202610071406,F0R2,0,2,3850,5-4-6,16,False,False,False,True,True,雷神:+rise×1.75×flat×flat
20261007,202610071407,F0R2,0,2,2220,1-2-4,23,False,False,False,False,True,雷神:+rise×1.75×flat×flat
20261007,202610071408,F2R2,2,2,10950,5-2-1,79,False,False,False,False,False,風神:rank1/fixed/8×linear / 雷神:+rise×0.5×flat×flat
20261007,202610071409,F0R2,0,2,2520,4-5-1,1,True,True,True,True,True,雷神:+rise×1.75×flat×flat
20261007,202610071410,F0R2,0,2,3160,1-2-6,39,False,False,False,False,False,雷神:+rise×1.75×flat×flat
20261007,202610071412,F0R1,0,1,67570,4-6-1,93,False,False,False,False,False,雷神:+rise×0.25×flat×soft
20261007,202610071601,F0R2,0,2,5410,4-2-1,62,False,False,False,False,False,雷神:+rise×1.75×flat×flat
20261007,202610071603,F1R2,1,2,960,1-3-6,15,False,False,False,True,True,風神:rank1/fixed/8×flat / 雷神:+rise×0.25×flat×flat
20261007,202610071604,F0R2,0,2,25520,2-3-4,71,False,False,False,False,False,雷神:+rise×1.75×flat×flat
20261007,202610071605,F0R2,0,2,5640,1-5-2,4,True,True,True,True,True,雷神:+rise×1.75×flat×flat
20261007,202610071606,F0R2,0,2,6760,1-5-3,63,False,False,False,False,False,雷神:+rise×1.75×flat×flat
20261007,202610071607,F0R2,0,2,16960,1-6-2,71,False,False,False,False,False,雷神:+rise×1.75×flat×flat
20261007,202610071608,F0R2,0,2,21380,5-1-2,59,False,False,False,False,False,雷神:+rise×1.75×flat×flat
20261007,202610071609,F2R0,2,0,440,1-3-4,8,False,True,True,True,True,風神:rank1/drop_ratio/1.25×linear
20261007,202610071610,F0R2,0,2,2680,2-1-4,13,False,False,False,True,True,雷神:+rise×1.75×flat×flat
20261007,202610071611,F0R2,0,2,2620,2-1-3,2,True,True,True,True,True,雷神:+rise×1.75×flat×flat
20261007,202610071612,F2R3,2,3,1500,1-2-5,10,False,False,True,True,True,風神:negative_top3/drop_ratio/0.5×flat / 雷神:+rise×1×soft×soft
20261007,202610071801,F2R2,2,2,1360,1-2-5,5,True,True,True,True,True,風神:rank1/fixed/8×linear / 雷神:+rise×0.5×flat×flat
20261007,202610071804,F0R3,0,3,10220,1-4-2,24,False,False,False,False,True,雷神:+rise×1.75×linear×soft
20261007,202610071806,F0R2,0,2,450,1-3-6,2,True,True,True,True,True,雷神:+rise×1.75×flat×flat
20261007,202610071807,F2R0,2,0,1400,1-2-4,5,True,True,True,True,True,風神:rank1/drop_ratio/1.25×linear
20261007,202610071809,F0R1,0,1,820,1-2-4,5,True,True,True,True,True,雷神:+rise×0.25×flat×soft
20261007,202610071810,F2R0,2,0,1120,1-2-3,10,False,False,True,True,True,風神:rank1/drop_ratio/1.25×linear
20261007,202610071811,F2R3,2,3,2790,1-3-5,23,False,False,False,False,True,風神:negative_top3/drop_ratio/0.5×flat / 雷神:+rise×1×soft×soft
20261007,202610071812,F2R0,2,0,1050,1-3-4,8,False,True,True,True,True,風神:rank1/drop_ratio/1.25×linear
20261007,202610072001,F0R2,0,2,63750,2-1-5,71,False,False,False,False,False,雷神:+rise×1.75×flat×flat
20261007,202610072002,F0R2,0,2,900,1-5-2,24,False,False,False,False,True,雷神:+rise×1.75×flat×flat
20261007,202610072003,F0R2,0,2,350,1-2-6,2,True,True,True,True,True,雷神:+rise×1.75×flat×flat
20261007,202610072004,F0R2,0,2,1540,1-3-4,19,False,False,False,False,True,雷神:+rise×1.75×flat×flat
20261007,202610072005,F0R2,0,2,4430,2-1-4,7,False,True,True,True,True,雷神:+rise×1.75×flat×flat
20261007,202610072006,F2R2,2,2,7780,2-4-3,42,False,False,False,False,False,風神:rank1/fixed/8×linear / 雷神:+rise×0.5×flat×flat
20261007,202610072007,F0R3,0,3,2340,1-4-6,10,False,False,True,True,True,雷神:+rise×1.75×linear×soft
20261007,202610072008,F0R2,0,2,6540,2-3-1,11,False,False,True,True,True,雷神:+rise×1.75×flat×flat
20261007,202610072009,F0R2,0,2,24970,1-5-6,23,False,False,False,False,True,雷神:+rise×1.75×flat×flat
20261007,202610072010,F2R1,2,1,2580,1-5-3,24,False,False,False,False,True,風神:rank1/fixed/8×linear / 雷神:+rise×0.25×flat×flat
20261007,202610072011,F1R0,1,0,1010,1-3-5,6,True,True,True,True,True,風神:rank1/fixed/2×flat
20261007,202610072012,F0R2,0,2,710,1-3-5,11,False,False,True,True,True,雷神:+rise×1.75×flat×flat
20261007,202610072401,F0R2,0,2,1440,1-2-3,15,False,False,False,True,True,雷神:+rise×1.75×flat×flat
20261007,202610072402,F1R2,1,2,1510,3-4-1,12,False,False,True,True,True,風神:rank1/fixed/8×flat / 雷神:+rise×0.25×flat×flat
20261007,202610072403,F0R2,0,2,1050,3-6-1,1,True,True,True,True,True,雷神:+rise×1.75×flat×flat
20261007,202610072404,F1R2,1,2,4670,1-3-6,38,False,False,False,False,False,風神:rank1/fixed/8×flat / 雷神:+rise×0.25×flat×flat
20261007,202610072405,F0R1,0,1,9590,4-6-5,96,False,False,False,False,False,雷神:+rise×0.25×flat×soft
20261007,202610072406,F0R3,0,3,4690,3-4-1,33,False,False,False,False,False,雷神:+rise×1.75×linear×soft
20261007,202610072407,F0R2,0,2,780,1-4-2,1,True,True,True,True,True,雷神:+rise×1.75×flat×flat
20261007,202610072408,F2R2,2,2,1850,2-4-1,22,False,False,False,False,True,風神:rank1/fixed/8×linear / 雷神:+rise×0.5×flat×flat
20261007,202610072409,F2R1,2,1,6090,3-2-1,8,False,True,True,True,True,風神:rank1/fixed/8×linear / 雷神:+rise×0.25×flat×flat
20261007,202610072410,F1R0,1,0,360,1-2-3,2,True,True,True,True,True,風神:rank1/fixed/2×flat
20261007,202610072412,F1R3,1,3,2250,1-6-3,5,True,True,True,True,True,風神:rank1/fixed/8×flat / 雷神:+rise×0.25×flat×flat
20261008,202610080101,F2R0,2,0,27820,3-6-5,84,False,False,False,False,False,風神:rank1/drop_ratio/1.25×linear
20261008,202610080102,F0R3,0,3,6660,4-1-6,22,False,False,False,False,True,雷神:+rise×1.75×linear×soft
20261008,202610080103,F0R2,0,2,3630,1-2-3,56,False,False,False,False,False,雷神:+rise×1.75×flat×flat
20261008,202610080104,F2R0,2,0,3740,5-6-4,16,False,False,False,True,True,風神:rank1/drop_ratio/1.25×linear
20261008,202610080105,F0R3,0,3,4140,3-4-2,6,True,True,True,True,True,雷神:+rise×1.75×linear×soft
20261008,202610080106,F1R1,1,1,24750,6-1-2,55,False,False,False,False,False,風神:negative_top3/fixed/2×flat / 雷神:+rise×2×flat×soft
20261008,202610080107,F0R2,0,2,660,1-3-2,9,False,False,True,True,True,雷神:+rise×1.75×flat×flat
20261008,202610080108,F2R2,2,2,2300,1-2-4,11,False,False,True,True,True,風神:rank1/fixed/8×linear / 雷神:+rise×0.5×flat×flat
20261008,202610080109,F1R2,1,2,5620,2-1-6,54,False,False,False,False,False,風神:rank1/fixed/8×flat / 雷神:+rise×0.25×flat×flat
20261008,202610080111,F0R2,0,2,580,1-3-4,1,True,True,True,True,True,雷神:+rise×1.75×flat×flat
20261008,202610080112,F2R2,2,2,1640,1-2-6,5,True,True,True,True,True,風神:rank1/fixed/8×linear / 雷神:+rise×0.5×flat×flat
20261008,202610080301,F0R2,0,2,46230,3-4-2,96,False,False,False,False,False,雷神:+rise×1.75×flat×flat
20261008,202610080303,F0R2,0,2,3210,4-5-1,30,False,False,False,False,False,雷神:+rise×1.75×flat×flat
20261008,202610080304,F0R2,0,2,920,2-5-1,3,True,True,True,True,True,雷神:+rise×1.75×flat×flat
20261008,202610080306,F0R2,0,2,1750,2-5-4,28,False,False,False,False,False,雷神:+rise×1.75×flat×flat
20261008,202610080307,F0R2,0,2,2990,1-3-4,33,False,False,False,False,False,雷神:+rise×1.75×flat×flat
20261008,202610080310,F0R2,0,2,1190,1-6-4,5,True,True,True,True,True,雷神:+rise×1.75×flat×flat
20261008,202610080312,F0R2,0,2,2170,1-5-2,2,True,True,True,True,True,雷神:+rise×1.75×flat×flat
20261008,202610080501,F1R2,1,2,690,1-2-6,6,True,True,True,True,True,風神:rank1/fixed/8×flat / 雷神:+rise×0.25×flat×flat
20261008,202610080503,F0R2,0,2,13930,1-5-3,38,False,False,False,False,False,雷神:+rise×1.75×flat×flat
20261008,202610080504,F3R3,3,3,1710,1-3-2,63,False,False,False,False,False,風神:rank1/fixed/4×linear / 雷神:+rise×1.75×linear×soft
20261008,202610080507,F0R1,0,1,1100,1-4-6,13,False,False,False,True,True,雷神:+rise×0.25×flat×soft
20261008,202610080509,F0R2,0,2,1020,1-4-2,26,False,False,False,False,False,雷神:+rise×1.75×flat×flat
20261008,202610080510,F0R2,0,2,400,1-3-2,3,True,True,True,True,True,雷神:+rise×1.75×flat×flat
20261008,202610080511,F2R0,2,0,40630,4-5-2,41,False,False,False,False,False,風神:rank1/drop_ratio/1.25×linear
20261008,202610080512,F1R2,1,2,8150,1-5-3,58,False,False,False,False,False,風神:rank1/fixed/8×flat / 雷神:+rise×0.25×flat×flat
20261008,202610080701,F0R1,0,1,2620,1-3-2,16,False,False,False,True,True,雷神:+rise×0.25×flat×soft
20261008,202610080702,F0R2,0,2,7310,2-3-4,109,False,False,False,False,False,雷神:+rise×1.75×flat×flat
20261008,202610080703,F0R1,0,1,870,1-3-5,10,False,False,True,True,True,雷神:+rise×0.25×flat×soft
20261008,202610080704,F0R2,0,2,6310,1-5-3,43,False,False,False,False,False,雷神:+rise×1.75×flat×flat
20261008,202610080705,F0R2,0,2,2530,1-3-6,1,True,True,True,True,True,雷神:+rise×1.75×flat×flat
20261008,202610080706,F0R2,0,2,2030,1-5-3,10,False,False,True,True,True,雷神:+rise×1.75×flat×flat
20261008,202610080707,F0R1,0,1,790,1-3-5,13,False,False,False,True,True,雷神:+rise×0.25×flat×soft
20261008,202610080708,F0R3,0,3,710,1-2-3,34,False,False,False,False,False,雷神:+rise×1.75×linear×soft
20261008,202610080710,F0R1,0,1,2450,1-2-5,21,False,False,False,False,True,雷神:+rise×0.25×flat×soft
20261008,202610080711,F0R2,0,2,600,1-2-4,1,True,True,True,True,True,雷神:+rise×1.75×flat×flat
20261008,202610080712,F0R3,0,3,2430,1-4-5,24,False,False,False,False,True,雷神:+rise×1.75×linear×soft
20261008,202610080801,F1R2,1,2,530,1-3-2,5,True,True,True,True,True,風神:rank1/fixed/8×flat / 雷神:+rise×0.25×flat×flat
20261008,202610080802,F0R2,0,2,2170,1-3-6,54,False,False,False,False,False,雷神:+rise×1.75×flat×flat
20261008,202610080804,F1R2,1,2,4530,2-1-4,10,False,False,True,True,True,風神:rank1/fixed/8×flat / 雷神:+rise×0.25×flat×flat
20261008,202610080805,F0R2,0,2,1020,1-2-3,11,False,False,True,True,True,雷神:+rise×1.75×flat×flat
20261008,202610080806,F0R2,0,2,8780,1-6-4,50,False,False,False,False,False,雷神:+rise×1.75×flat×flat
20261008,202610080807,F0R1,0,1,5390,1-3-2,21,False,False,False,False,True,雷神:+rise×0.25×flat×soft
20261008,202610080808,F0R3,0,3,2370,1-3-4,9,False,False,True,True,True,雷神:+rise×1.75×linear×soft
20261008,202610080809,F0R2,0,2,990,1-5-2,62,False,False,False,False,False,雷神:+rise×1.75×flat×flat
20261008,202610080810,F0R2,0,2,8770,3-4-1,30,False,False,False,False,False,雷神:+rise×1.75×flat×flat
20261008,202610080811,F0R2,0,2,2870,3-1-4,2,True,True,True,True,True,雷神:+rise×1.75×flat×flat
20261008,202610080812,F0R2,0,2,580,1-3-4,14,False,False,False,True,True,雷神:+rise×1.75×flat×flat
20261008,202610081001,F1R2,1,2,1530,1-2-5,7,False,True,True,True,True,風神:rank1/fixed/8×flat / 雷神:+rise×0.25×flat×flat
20261008,202610081003,F0R2,0,2,3790,1-4-6,63,False,False,False,False,False,雷神:+rise×1.75×flat×flat
20261008,202610081004,F2R1,2,1,20890,4-5-3,71,False,False,False,False,False,風神:rank1/fixed/8×linear / 雷神:+rise×0.25×flat×flat
20261008,202610081005,F3R0,3,0,1110,1-2-5,4,True,True,True,True,True,風神:rank1/fixed/4×linear
20261008,202610081006,F0R2,0,2,23200,3-2-5,62,False,False,False,False,False,雷神:+rise×1.75×flat×flat
20261008,202610081008,F2R0,2,0,2470,1-4-3,40,False,False,False,False,False,風神:rank1/drop_ratio/1.25×linear
20261008,202610081009,F0R3,0,3,8100,3-2-1,16,False,False,False,True,True,雷神:+rise×1.75×linear×soft
20261008,202610081010,F0R2,0,2,9580,3-1-6,12,False,False,True,True,True,雷神:+rise×1.75×flat×flat
20261008,202610081012,F0R1,0,1,710,1-2-3,1,True,True,True,True,True,雷神:+rise×0.25×flat×soft
20261008,202610081101,F0R2,0,2,880,1-3-4,4,True,True,True,True,True,雷神:+rise×1.75×flat×flat
20261008,202610081102,F0R2,0,2,740,1-4-2,8,False,True,True,True,True,雷神:+rise×1.75×flat×flat
20261008,202610081103,F0R2,0,2,510,1-2-5,1,True,True,True,True,True,雷神:+rise×1.75×flat×flat
20261008,202610081104,F1R2,1,2,3520,1-5-4,11,False,False,True,True,True,風神:rank1/fixed/8×flat / 雷神:+rise×0.25×flat×flat
20261008,202610081105,F0R2,0,2,780,1-2-4,2,True,True,True,True,True,雷神:+rise×1.75×flat×flat
20261008,202610081106,F1R0,1,0,4250,3-1-4,13,False,False,False,True,True,風神:rank1/fixed/2×flat
20261008,202610081107,F0R1,0,1,1310,1-2-4,6,True,True,True,True,True,雷神:+rise×0.25×flat×soft
20261008,202610081108,F0R3,0,3,63440,3-6-5,15,False,False,False,True,True,雷神:+rise×1.75×linear×soft
20261008,202610081109,F0R1,0,1,1130,1-4-5,8,False,True,True,True,True,雷神:+rise×0.25×flat×soft
20261008,202610081110,F0R2,0,2,2090,1-4-2,22,False,False,False,False,True,雷神:+rise×1.75×flat×flat
20261008,202610081111,F0R2,0,2,2290,1-5-2,26,False,False,False,False,False,雷神:+rise×1.75×flat×flat
20261008,202610081112,F0R2,0,2,800,1-2-5,4,True,True,True,True,True,雷神:+rise×1.75×flat×flat
20261008,202610081403,F0R2,0,2,3100,1-3-4,23,False,False,False,False,True,雷神:+rise×1.75×flat×flat
20261008,202610081404,F0R2,0,2,16190,1-3-6,68,False,False,False,False,False,雷神:+rise×1.75×flat×flat
20261008,202610081406,F0R3,0,3,16260,2-5-4,1,True,True,True,True,True,雷神:+rise×1.75×linear×soft
20261008,202610081407,F0R3,0,3,1760,4-1-6,48,False,False,False,False,False,雷神:+rise×1.75×linear×soft
20261008,202610081408,F1R2,1,2,126720,6-4-2,101,False,False,False,False,False,風神:rank1/fixed/8×flat / 雷神:+rise×0.25×flat×flat
20261008,202610081409,F0R2,0,2,11660,3-4-2,48,False,False,False,False,False,雷神:+rise×1.75×flat×flat
20261008,202610081411,F0R2,0,2,670,1-3-2,2,True,True,True,True,True,雷神:+rise×1.75×flat×flat
20261008,202610081412,F1R2,1,2,1200,1-2-4,11,False,False,True,True,True,風神:rank1/fixed/8×flat / 雷神:+rise×0.25×flat×flat
20261008,202610081601,F1R1,1,1,8960,4-1-6,29,False,False,False,False,False,風神:negative_top3/fixed/2×flat / 雷神:+rise×2×flat×soft
20261008,202610081602,F2R0,2,0,3800,1-2-4,26,False,False,False,False,False,風神:rank1/drop_ratio/1.25×linear
20261008,202610081603,F0R2,0,2,11410,4-5-6,56,False,False,False,False,False,雷神:+rise×1.75×flat×flat
20261008,202610081604,F1R0,1,0,2540,1-5-4,6,True,True,True,True,True,風神:rank1/fixed/2×flat
20261008,202610081605,F0R2,0,2,5480,1-2-6,8,False,True,True,True,True,雷神:+rise×1.75×flat×flat
20261008,202610081606,F1R1,1,1,3170,1-2-5,21,False,False,False,False,True,風神:negative_top3/fixed/2×flat / 雷神:+rise×2×flat×soft
20261008,202610081607,F3R1,3,1,970,1-3-6,3,True,True,True,True,True,風神:rank1/fixed/2×flat / 雷神:+rise×0.25×flat×flat
20261008,202610081608,F2R2,2,2,20090,6-3-4,69,False,False,False,False,False,風神:rank1/fixed/8×linear / 雷神:+rise×0.5×flat×flat
20261008,202610081609,F0R1,0,1,82110,5-3-6,72,False,False,False,False,False,雷神:+rise×0.25×flat×soft
20261008,202610081610,F0R2,0,2,5890,4-2-5,53,False,False,False,False,False,雷神:+rise×1.75×flat×flat
20261008,202610081611,F0R2,0,2,6980,1-5-2,26,False,False,False,False,False,雷神:+rise×1.75×flat×flat
20261008,202610081612,F1R2,1,2,1600,1-3-2,9,False,False,True,True,True,風神:rank1/fixed/8×flat / 雷神:+rise×0.25×flat×flat
20261008,202610082001,F0R2,0,2,3420,2-4-5,94,False,False,False,False,False,雷神:+rise×1.75×flat×flat
20261008,202610082002,F1R2,1,2,2900,4-6-5,16,False,False,False,True,True,風神:rank1/fixed/8×flat / 雷神:+rise×0.25×flat×flat
20261008,202610082003,F0R3,0,3,13290,3-1-2,24,False,False,False,False,True,雷神:+rise×1.75×linear×soft
20261008,202610082004,F0R2,0,2,42500,4-3-2,65,False,False,False,False,False,雷神:+rise×1.75×flat×flat
20261008,202610082005,F1R2,1,2,6210,4-1-2,35,False,False,False,False,False,風神:rank1/fixed/8×flat / 雷神:+rise×0.25×flat×flat
20261008,202610082006,F2R0,2,0,2720,1-5-3,33,False,False,False,False,False,風神:rank1/drop_ratio/1.25×linear
20261008,202610082007,F0R2,0,2,1300,1-5-3,24,False,False,False,False,True,雷神:+rise×1.75×flat×flat
20261008,202610082008,F2R3,2,3,2380,1-2-6,32,False,False,False,False,False,風神:negative_top3/drop_ratio/0.5×flat / 雷神:+rise×1×soft×soft
20261008,202610082009,F0R2,0,2,13920,4-3-5,51,False,False,False,False,False,雷神:+rise×1.75×flat×flat
20261008,202610082010,F2R2,2,2,2520,1-4-3,13,False,False,False,True,True,風神:rank1/fixed/8×linear / 雷神:+rise×0.5×flat×flat
20261008,202610082011,F0R2,0,2,1880,1-4-3,6,True,True,True,True,True,雷神:+rise×1.75×flat×flat
20261008,202610082302,F0R3,0,3,540,1-2-3,28,False,False,False,False,False,雷神:+rise×1.75×linear×soft
20261008,202610082303,F0R2,0,2,1450,1-5-2,4,True,True,True,True,True,雷神:+rise×1.75×flat×flat
20261008,202610082304,F1R3,1,3,8320,1-4-5,47,False,False,False,False,False,風神:rank1/fixed/8×flat / 雷神:+rise×0.25×flat×flat
20261008,202610082305,F3R2,3,2,1260,1-3-4,9,False,False,True,True,True,風神:rank1/fixed/2×flat / 雷神:+rise×0.25×flat×flat
20261008,202610082306,F0R2,0,2,5020,1-4-3,26,False,False,False,False,False,雷神:+rise×1.75×flat×flat
20261008,202610082307,F2R0,2,0,51260,6-2-3,85,False,False,False,False,False,風神:rank1/drop_ratio/1.25×linear
20261008,202610082308,F0R2,0,2,27010,5-6-1,4,True,True,True,True,True,雷神:+rise×1.75×flat×flat
20261008,202610082310,F0R1,0,1,4050,1-4-3,38,False,False,False,False,False,雷神:+rise×0.25×flat×soft
20261008,202610082311,F0R1,0,1,640,1-2-3,1,True,True,True,True,True,雷神:+rise×0.25×flat×soft
20261008,202610082401,F1R2,1,2,880,1-2-4,9,False,False,True,True,True,風神:rank1/fixed/8×flat / 雷神:+rise×0.25×flat×flat
20261008,202610082402,F1R1,1,1,1290,1-3-6,28,False,False,False,False,False,風神:negative_top3/fixed/2×flat / 雷神:+rise×2×flat×soft
20261008,202610082403,F0R1,0,1,9800,6-3-5,38,False,False,False,False,False,雷神:+rise×0.25×flat×soft
20261008,202610082404,F2R2,2,2,142760,2-3-6,106,False,False,False,False,False,風神:rank1/fixed/8×linear / 雷神:+rise×0.5×flat×flat
20261008,202610082405,F0R3,0,3,6630,2-5-1,64,False,False,False,False,False,雷神:+rise×1.75×linear×soft
20261008,202610082406,F0R2,0,2,400,1-5-3,3,True,True,True,True,True,雷神:+rise×1.75×flat×flat
20261008,202610082407,F0R2,0,2,1490,1-4-5,2,True,True,True,True,True,雷神:+rise×1.75×flat×flat
20261008,202610082408,F0R3,0,3,21060,6-1-3,106,False,False,False,False,False,雷神:+rise×1.75×linear×soft
20261008,202610082411,F2R2,2,2,950,1-2-4,14,False,False,False,True,True,風神:rank1/fixed/8×linear / 雷神:+rise×0.5×flat×flat
20261008,202610082412,F2R2,2,2,940,1-5-2,7,False,True,True,True,True,風神:rank1/fixed/8×linear / 雷神:+rise×0.5×flat×flat
20261009,202610090101,F0R3,0,3,1510,1-6-3,66,False,False,False,False,False,雷神:+rise×1.75×linear×soft
20261009,202610090102,F0R3,0,3,2830,4-2-5,86,False,False,False,False,False,雷神:+rise×1.75×linear×soft
20261009,202610090103,F0R2,0,2,940,1-2-4,24,False,False,False,False,True,雷神:+rise×1.75×flat×flat
20261009,202610090104,F0R2,0,2,1760,2-4-6,91,False,False,False,False,False,雷神:+rise×1.75×flat×flat
20261009,202610090105,F0R1,0,1,124950,6-4-2,108,False,False,False,False,False,雷神:+rise×0.25×flat×soft
20261009,202610090106,F2R3,2,3,790,1-2-5,6,True,True,True,True,True,風神:negative_top3/drop_ratio/0.5×flat / 雷神:+rise×1×soft×soft
20261009,202610090107,F0R2,0,2,1870,1-4-3,6,True,True,True,True,True,雷神:+rise×1.75×flat×flat
20261009,202610090108,F1R1,1,1,1200,5-1-4,5,True,True,True,True,True,風神:negative_top3/fixed/2×flat / 雷神:+rise×2×flat×soft
20261009,202610090109,F0R1,0,1,6940,4-5-1,55,False,False,False,False,False,雷神:+rise×0.25×flat×soft
20261009,202610090110,F0R3,0,3,860,1-5-6,15,False,False,False,True,True,雷神:+rise×1.75×linear×soft
20261009,202610090111,F1R2,1,2,6270,4-1-6,17,False,False,False,True,True,風神:rank1/fixed/8×flat / 雷神:+rise×0.25×flat×flat
20261009,202610090112,F1R0,1,0,1040,1-3-2,2,True,True,True,True,True,風神:rank1/fixed/2×flat
20261009,202610090201,F0R2,0,2,2990,1-2-6,11,False,False,True,True,True,雷神:+rise×1.75×flat×flat
20261009,202610090202,F0R2,0,2,6740,1-5-3,12,False,False,True,True,True,雷神:+rise×1.75×flat×flat
20261009,202610090203,F0R1,0,1,18360,5-1-4,45,False,False,False,False,False,雷神:+rise×0.25×flat×soft
20261009,202610090204,F0R1,0,1,3020,4-1-2,37,False,False,False,False,False,雷神:+rise×0.25×flat×soft
20261009,202610090205,F0R3,0,3,2530,4-1-3,22,False,False,False,False,True,雷神:+rise×1.75×linear×soft
20261009,202610090206,F0R2,0,2,58900,5-6-4,103,False,False,False,False,False,雷神:+rise×1.75×flat×flat
20261009,202610090208,F0R1,0,1,1350,1-3-5,6,True,True,True,True,True,雷神:+rise×0.25×flat×soft
20261009,202610090209,F0R2,0,2,3520,2-1-6,16,False,False,False,True,True,雷神:+rise×1.75×flat×flat
20261009,202610090210,F0R2,0,2,1590,1-2-6,5,True,True,True,True,True,雷神:+rise×1.75×flat×flat
20261009,202610090211,F0R2,0,2,2250,2-1-3,14,False,False,False,True,True,雷神:+rise×1.75×flat×flat
20261009,202610090212,F1R1,1,1,4370,2-1-5,67,False,False,False,False,False,風神:negative_top3/fixed/2×flat / 雷神:+rise×2×flat×soft
20261009,202610090301,F1R0,1,0,1400,1-2-6,45,False,False,False,False,False,風神:rank1/fixed/2×flat
20261009,202610090302,F3R0,3,0,3200,1-5-2,4,True,True,True,True,True,風神:rank1/fixed/4×linear
20261009,202610090303,F2R0,2,0,10640,1-5-6,24,False,False,False,False,True,風神:rank1/drop_ratio/1.25×linear
20261009,202610090304,F0R2,0,2,830,2-1-3,4,True,True,True,True,True,雷神:+rise×1.75×flat×flat
20261009,202610090305,F2R0,2,0,3090,3-4-2,51,False,False,False,False,False,風神:rank1/drop_ratio/1.25×linear
20261009,202610090306,F1R2,1,2,2270,1-2-5,26,False,False,False,False,False,風神:rank1/fixed/8×flat / 雷神:+rise×0.25×flat×flat
20261009,202610090307,F1R3,1,3,3600,2-3-1,18,False,False,False,True,True,風神:rank1/fixed/8×flat / 雷神:+rise×0.25×flat×flat
20261009,202610090308,F0R1,0,1,5450,4-3-2,23,False,False,False,False,True,雷神:+rise×0.25×flat×soft
20261009,202610090309,F1R0,1,0,1140,1-5-3,4,True,True,True,True,True,風神:rank1/fixed/2×flat
20261009,202610090310,F1R2,1,2,14570,1-6-4,66,False,False,False,False,False,風神:rank1/fixed/8×flat / 雷神:+rise×0.25×flat×flat
20261009,202610090311,F2R0,2,0,730,1-5-2,4,True,True,True,True,True,風神:rank1/drop_ratio/1.25×linear
20261009,202610090312,F1R0,1,0,12640,1-3-6,46,False,False,False,False,False,風神:rank1/fixed/2×flat
20261009,202610090501,F0R2,0,2,1620,2-1-4,5,True,True,True,True,True,雷神:+rise×1.75×flat×flat
20261009,202610090502,F0R2,0,2,4150,1-4-6,3,True,True,True,True,True,雷神:+rise×1.75×flat×flat
20261009,202610090503,F2R0,2,0,3610,3-1-2,17,False,False,False,True,True,風神:rank1/drop_ratio/1.25×linear
20261009,202610090504,F3R1,3,1,9300,2-3-4,76,False,False,False,False,False,風神:rank1/fixed/2×flat / 雷神:+rise×0.25×flat×flat
20261009,202610090505,F0R1,0,1,40350,2-3-1,79,False,False,False,False,False,雷神:+rise×0.25×flat×soft
20261009,202610090506,F0R1,0,1,15160,4-2-5,97,False,False,False,False,False,雷神:+rise×0.25×flat×soft
20261009,202610090508,F0R2,0,2,5320,1-5-4,29,False,False,False,False,False,雷神:+rise×1.75×flat×flat
20261009,202610090509,F0R2,0,2,1260,1-3-2,26,False,False,False,False,False,雷神:+rise×1.75×flat×flat
20261009,202610090511,F0R3,0,3,800,1-3-2,17,False,False,False,True,True,雷神:+rise×1.75×linear×soft
20261009,202610090702,F0R2,0,2,2700,1-2-3,9,False,False,True,True,True,雷神:+rise×1.75×flat×flat
20261009,202610090703,F0R3,0,3,4130,4-5-1,75,False,False,False,False,False,雷神:+rise×1.75×linear×soft
20261009,202610090704,F0R3,0,3,12190,4-3-6,61,False,False,False,False,False,雷神:+rise×1.75×linear×soft
20261009,202610090705,F0R3,0,3,6510,3-4-1,1,True,True,True,True,True,雷神:+rise×1.75×linear×soft
20261009,202610090706,F0R2,0,2,24380,3-1-4,34,False,False,False,False,False,雷神:+rise×1.75×flat×flat
20261009,202610090707,F0R3,0,3,940,1-3-4,2,True,True,True,True,True,雷神:+rise×1.75×linear×soft
20261009,202610090708,F0R1,0,1,670,1-2-4,2,True,True,True,True,True,雷神:+rise×0.25×flat×soft
20261009,202610090709,F0R3,0,3,800,1-3-2,114,False,False,False,False,False,雷神:+rise×1.75×linear×soft
20261009,202610090710,F1R2,1,2,4190,1-3-6,14,False,False,False,True,True,風神:rank1/fixed/8×flat / 雷神:+rise×0.25×flat×flat
20261009,202610090711,F1R2,1,2,840,1-3-6,9,False,False,True,True,True,風神:rank1/fixed/8×flat / 雷神:+rise×0.25×flat×flat
20261009,202610090712,F0R1,0,1,1030,1-2-5,17,False,False,False,True,True,雷神:+rise×0.25×flat×soft
20261009,202610090801,F0R2,0,2,8840,1-3-5,12,False,False,True,True,True,雷神:+rise×1.75×flat×flat
20261009,202610090802,F2R2,2,2,6480,5-3-4,7,False,True,True,True,True,風神:rank1/fixed/8×linear / 雷神:+rise×0.5×flat×flat
20261009,202610090803,F2R2,2,2,6150,3-1-4,19,False,False,False,False,True,風神:rank1/fixed/8×linear / 雷神:+rise×0.5×flat×flat
20261009,202610090804,F0R1,0,1,17730,5-6-3,88,False,False,False,False,False,雷神:+rise×0.25×flat×soft
20261009,202610090805,F0R2,0,2,2860,1-5-6,9,False,False,True,True,True,雷神:+rise×1.75×flat×flat
20261009,202610090807,F2R0,2,0,2740,2-1-3,33,False,False,False,False,False,風神:rank1/drop_ratio/1.25×linear
20261009,202610090808,F0R2,0,2,1450,1-5-4,4,True,True,True,True,True,雷神:+rise×1.75×flat×flat
20261009,202610090809,F2R0,2,0,5710,2-3-6,13,False,False,False,True,True,風神:rank1/drop_ratio/1.25×linear
20261009,202610090810,F0R2,0,2,2440,1-3-6,30,False,False,False,False,False,雷神:+rise×1.75×flat×flat
20261009,202610090811,F2R1,2,1,48570,5-3-2,68,False,False,False,False,False,風神:rank1/fixed/8×linear / 雷神:+rise×0.25×flat×flat
20261009,202610090812,F0R2,0,2,6930,1-6-4,35,False,False,False,False,False,雷神:+rise×1.75×flat×flat
20261009,202610091002,F1R0,1,0,5350,2-4-1,56,False,False,False,False,False,風神:rank1/fixed/2×flat
20261009,202610091003,F1R1,1,1,1420,1-2-4,7,False,True,True,True,True,風神:negative_top3/fixed/2×flat / 雷神:+rise×2×flat×soft
20261009,202610091004,F0R3,0,3,4010,3-4-1,18,False,False,False,True,True,雷神:+rise×1.75×linear×soft
20261009,202610091005,F0R2,0,2,650,1-3-2,1,True,True,True,True,True,雷神:+rise×1.75×flat×flat
20261009,202610091006,F1R2,1,2,2630,3-1-4,4,True,True,True,True,True,風神:rank1/fixed/8×flat / 雷神:+rise×0.25×flat×flat
20261009,202610091007,F0R2,0,2,6070,3-2-1,31,False,False,False,False,False,雷神:+rise×1.75×flat×flat
20261009,202610091009,F0R2,0,2,3800,3-1-4,51,False,False,False,False,False,雷神:+rise×1.75×flat×flat
20261009,202610091010,F0R3,0,3,3880,1-5-2,4,True,True,True,True,True,雷神:+rise×1.75×linear×soft
20261009,202610091011,F0R3,0,3,2170,2-1-3,51,False,False,False,False,False,雷神:+rise×1.75×linear×soft
20261009,202610091012,F2R0,2,0,3400,1-2-6,32,False,False,False,False,False,風神:rank1/drop_ratio/1.25×linear
20261009,202610091401,F2R2,2,2,3270,1-5-4,9,False,False,True,True,True,風神:rank1/fixed/8×linear / 雷神:+rise×0.5×flat×flat
20261009,202610091402,F0R1,0,1,1130,1-3-4,4,True,True,True,True,True,雷神:+rise×0.25×flat×soft
20261009,202610091403,F0R2,0,2,480,1-2-3,1,True,True,True,True,True,雷神:+rise×1.75×flat×flat
20261009,202610091404,F0R2,0,2,2150,2-1-5,17,False,False,False,True,True,雷神:+rise×1.75×flat×flat
20261009,202610091406,F0R2,0,2,6070,1-2-5,77,False,False,False,False,False,雷神:+rise×1.75×flat×flat
20261009,202610091407,F0R1,0,1,930,1-2-4,10,False,False,True,True,True,雷神:+rise×0.25×flat×soft
20261009,202610091408,F0R1,0,1,2870,1-6-4,9,False,False,True,True,True,雷神:+rise×0.25×flat×soft
20261009,202610091409,F1R2,1,2,5920,4-1-2,13,False,False,False,True,True,風神:rank1/fixed/8×flat / 雷神:+rise×0.25×flat×flat
20261009,202610091410,F0R3,0,3,2710,2-1-4,6,True,True,True,True,True,雷神:+rise×1.75×linear×soft
20261009,202610091411,F2R2,2,2,12630,3-2-4,16,False,False,False,True,True,風神:rank1/fixed/8×linear / 雷神:+rise×0.5×flat×flat
20261009,202610091412,F0R2,0,2,1520,1-4-3,5,True,True,True,True,True,雷神:+rise×1.75×flat×flat
20261009,202610091602,F1R3,1,3,28310,2-6-5,101,False,False,False,False,False,風神:rank1/fixed/8×flat / 雷神:+rise×0.25×flat×flat
20261009,202610091604,F0R3,0,3,15990,4-3-2,114,False,False,False,False,False,雷神:+rise×1.75×linear×soft
20261009,202610091605,F1R1,1,1,12660,3-4-5,48,False,False,False,False,False,風神:negative_top3/fixed/2×flat / 雷神:+rise×2×flat×soft
20261009,202610091607,F2R2,2,2,21760,4-6-1,105,False,False,False,False,False,風神:rank1/fixed/8×linear / 雷神:+rise×0.5×flat×flat
20261009,202610091608,F0R2,0,2,24450,1-6-5,40,False,False,False,False,False,雷神:+rise×1.75×flat×flat
20261009,202610091609,F0R2,0,2,4190,1-5-3,17,False,False,False,True,True,雷神:+rise×1.75×flat×flat
20261009,202610091610,F0R2,0,2,44520,2-6-4,23,False,False,False,False,True,雷神:+rise×1.75×flat×flat
20261009,202610091611,F0R1,0,1,22080,6-1-4,105,False,False,False,False,False,雷神:+rise×0.25×flat×soft
20261009,202610091612,F2R2,2,2,6970,3-5-4,73,False,False,False,False,False,風神:rank1/fixed/8×linear / 雷神:+rise×0.5×flat×flat
20261009,202610092001,F2R2,2,2,1820,2-3-4,7,False,True,True,True,True,風神:rank1/fixed/8×linear / 雷神:+rise×0.5×flat×flat
20261009,202610092002,F0R1,0,1,28990,5-1-6,102,False,False,False,False,False,雷神:+rise×0.25×flat×soft
20261009,202610092003,F0R1,0,1,2360,1-3-6,14,False,False,False,True,True,雷神:+rise×0.25×flat×soft
20261009,202610092005,F0R3,0,3,580,1-2-3,11,False,False,True,True,True,雷神:+rise×1.75×linear×soft
20261009,202610092007,F2R2,2,2,550,1-3-5,5,True,True,True,True,True,風神:rank1/fixed/8×linear / 雷神:+rise×0.5×flat×flat
20261009,202610092009,F2R0,2,0,2060,2-1-5,14,False,False,False,True,True,風神:rank1/drop_ratio/1.25×linear
20261009,202610092011,F2R2,2,2,390,1-2-5,8,False,True,True,True,True,風神:rank1/fixed/8×linear / 雷神:+rise×0.5×flat×flat
20261009,202610092012,F1R1,1,1,6860,2-1-6,43,False,False,False,False,False,風神:negative_top3/fixed/2×flat / 雷神:+rise×2×flat×soft
20261009,202610092301,F2R2,2,2,1970,1-3-2,13,False,False,False,True,True,風神:rank1/fixed/8×linear / 雷神:+rise×0.5×flat×flat
20261009,202610092302,F0R2,0,2,13710,1-2-6,9,False,False,True,True,True,雷神:+rise×1.75×flat×flat
20261009,202610092304,F2R2,2,2,1140,1-2-5,22,False,False,False,False,True,風神:rank1/fixed/8×linear / 雷神:+rise×0.5×flat×flat
20261009,202610092305,F1R2,1,2,840,1-3-4,3,True,True,True,True,True,風神:rank1/fixed/8×flat / 雷神:+rise×0.25×flat×flat
20261009,202610092306,F1R2,1,2,2130,4-1-3,5,True,True,True,True,True,風神:rank1/fixed/8×flat / 雷神:+rise×0.25×flat×flat
20261009,202610092308,F0R3,0,3,4850,2-4-1,5,True,True,True,True,True,雷神:+rise×1.75×linear×soft
20261009,202610092309,F0R2,0,2,690,1-3-2,6,True,True,True,True,True,雷神:+rise×1.75×flat×flat
20261009,202610092310,F0R1,0,1,15730,2-6-3,37,False,False,False,False,False,雷神:+rise×0.25×flat×soft
20261009,202610092311,F1R2,1,2,770,1-2-3,10,False,False,True,True,True,風神:rank1/fixed/8×flat / 雷神:+rise×0.25×flat×flat
20261009,202610092312,F0R2,0,2,900,1-3-2,21,False,False,False,False,True,雷神:+rise×1.75×flat×flat
20261009,202610092401,F1R2,1,2,2530,1-3-4,14,False,False,False,True,True,風神:rank1/fixed/8×flat / 雷神:+rise×0.25×flat×flat
20261009,202610092402,F2R2,2,2,840,1-3-4,1,True,True,True,True,True,風神:rank1/fixed/8×linear / 雷神:+rise×0.5×flat×flat
20261009,202610092403,F0R2,0,2,4140,4-3-6,99,False,False,False,False,False,雷神:+rise×1.75×flat×flat
20261009,202610092404,F0R2,0,2,1680,1-2-4,37,False,False,False,False,False,雷神:+rise×1.75×flat×flat
20261009,202610092405,F0R2,0,2,1810,1-2-3,35,False,False,False,False,False,雷神:+rise×1.75×flat×flat
20261009,202610092407,F0R2,0,2,49920,2-1-6,43,False,False,False,False,False,雷神:+rise×1.75×flat×flat
20261009,202610092408,F0R3,0,3,540,1-3-5,49,False,False,False,False,False,雷神:+rise×1.75×linear×soft
20261009,202610092409,F1R2,1,2,1920,1-4-6,6,True,True,True,True,True,風神:rank1/fixed/8×flat / 雷神:+rise×0.25×flat×flat
20261009,202610092410,F0R3,0,3,1680,1-3-2,73,False,False,False,False,False,雷神:+rise×1.75×linear×soft
20261009,202610092411,F2R1,2,1,15740,2-4-1,33,False,False,False,False,False,風神:rank1/fixed/8×linear / 雷神:+rise×0.25×flat×flat
20261009,202610092412,F1R3,1,3,1680,1-3-6,52,False,False,False,False,False,風神:rank1/fixed/8×flat / 雷神:+rise×0.25×flat×flat
