race_id,venue_code,venue_name,race,prediction_type,formation_type,points,investment,actual_trifecta,trifecta_payout_100yen,hit,return,profit,combinations
20261005-02-01,02,戸田,1,直前,1・2着固定＋3着流し,4,400,2-1-3,2950,1,2950,2550,2-1-3 / 2-1-6 / 2-1-4 / 2-1-5
20261005-02-02,02,戸田,2,朝,準軸,8,800,1-5-4,2780,1,2780,1980,1-5-2 / 5-1-2 / 1-5-4 / 1-2-5 / 5-1-4 / 5-2-1 / 1-2-4 / 5-2-4
20261005-02-03,02,戸田,3,直前,混戦,12,1200,1-5-4,6630,0,0,-1200,3-1-4 / 1-3-4 / 3-4-1 / 3-1-2 / 1-4-3 / 1-3-2 / 3-2-1 / 1-2-3 / 3-1-6 / 3-4-2 / 1-3-6 / 3-2-4
20261005-02-04,02,戸田,4,朝,1着固定＋相手流し,12,1200,1-2-5,3550,0,0,-1200,2-4-5 / 2-4-3 / 2-4-1 / 2-5-4 / 2-3-4 / 2-1-4 / 2-4-6 / 2-5-3 / 2-3-5 / 2-5-1 / 2-1-5 / 2-3-1
20261005-02-05,02,戸田,5,直前,1・2着固定＋3着流し,4,400,4-1-2,3000,0,0,-400,1-4-3 / 1-4-2 / 1-4-6 / 1-4-5
20261005-02-06,02,戸田,6,直前,混戦,12,1200,2-5-6,6470,0,0,-1200,2-3-5 / 3-2-5 / 2-5-3 / 3-5-2 / 2-3-1 / 3-2-1 / 2-1-3 / 3-1-2 / 2-5-1 / 3-5-1 / 2-3-6 / 3-2-6
20261005-02-07,02,戸田,7,直前,1・2着固定＋3着流し,4,400,4-1-6,1640,0,0,-400,1-6-2 / 1-6-3 / 1-6-4 / 1-6-5
20261005-02-08,02,戸田,8,直前,混戦,12,1200,3-5-2,8070,1,8070,6870,3-1-2 / 3-2-1 / 1-3-2 / 1-2-3 / 3-1-5 / 3-1-6 / 1-3-5 / 3-2-5 / 1-3-6 / 3-2-6 / 3-5-1 / 3-5-2
20261005-02-09,02,戸田,9,直前,1・2着折返し＋3着流し,8,800,3-1-2,2750,0,0,-800,1-2-3 / 1-2-5 / 1-2-4 / 1-2-6 / 2-1-3 / 2-1-5 / 2-1-4 / 2-1-6
20261005-02-10,02,戸田,10,朝,準軸,8,800,1-3-4,1860,0,0,-800,1-2-3 / 1-2-5 / 2-1-3 / 1-3-2 / 2-1-5 / 2-3-1 / 1-3-5 / 2-3-5
20261005-02-11,02,戸田,11,直前,1・2着固定＋3着流し,4,400,1-6-3,5750,0,0,-400,1-4-6 / 1-4-5 / 1-4-2 / 1-4-3
20261005-02-12,02,戸田,12,直前,準軸,8,800,1-3-4,450,0,0,-800,1-3-6 / 1-6-3 / 1-3-5 / 3-1-6 / 3-1-5 / 3-6-1 / 1-6-5 / 3-6-5
20261005-05-01,05,多摩川,1,直前,準軸,8,800,1-2-6,1790,0,0,-800,3-2-1 / 3-1-2 / 2-3-1 / 2-1-3 / 3-2-4 / 3-1-4 / 2-3-4 / 2-1-4
20261005-05-02,05,多摩川,2,直前,混戦,12,1200,2-4-6,6890,0,0,-1200,6-4-1 / 6-1-4 / 4-6-1 / 4-1-6 / 6-4-3 / 4-6-3 / 6-1-3 / 6-3-4 / 6-4-2 / 6-3-1 / 4-6-2 / 4-3-6
20261005-05-03,05,多摩川,3,直前,混戦,12,1200,1-6-3,4860,1,4860,3660,6-1-4 / 6-4-1 / 1-6-4 / 1-4-6 / 6-1-2 / 1-6-2 / 6-4-2 / 6-1-3 / 6-2-1 / 1-6-3 / 6-4-3 / 1-4-2
20261005-05-04,05,多摩川,4,直前,1着固定＋相手流し,12,1200,2-5-3,2120,0,0,-1200,2-4-6 / 2-6-4 / 2-4-5 / 2-4-1 / 2-4-3 / 2-6-5 / 2-6-1 / 2-5-4 / 2-6-3 / 2-1-4 / 2-5-6 / 2-1-6
20261005-05-05,05,多摩川,5,直前,準軸,8,800,1-3-4,990,1,990,190,3-1-2 / 1-3-2 / 3-2-1 / 3-1-4 / 1-3-4 / 1-2-3 / 3-2-4 / 1-2-4
20261005-05-06,05,多摩川,6,直前,1・2着固定＋3着流し,4,400,3-4-2,660,0,0,-400,3-1-2 / 3-1-4 / 3-1-6 / 3-1-5
20261005-05-07,05,多摩川,7,朝,1・2着折返し＋3着流し,8,800,1-2-3,500,1,500,-300,2-1-3 / 2-1-5 / 2-1-6 / 2-1-4 / 1-2-3 / 1-2-5 / 1-2-6 / 1-2-4
20261005-05-08,05,多摩川,8,直前,準軸,8,800,4-6-1,2890,0,0,-800,1-4-2 / 1-4-3 / 1-2-4 / 4-1-2 / 4-1-3 / 1-2-3 / 4-2-1 / 4-2-3
20261005-05-09,05,多摩川,9,朝,1・2着固定＋3着流し,4,400,6-2-4,4320,0,0,-400,2-1-3 / 2-1-6 / 2-1-5 / 2-1-4
20261005-05-10,05,多摩川,10,朝,1着固定＋相手流し,12,1200,1-5-2,620,1,620,-580,1-5-3 / 1-3-5 / 1-5-2 / 1-2-5 / 1-3-2 / 1-2-3 / 1-5-4 / 1-3-4 / 1-4-5 / 1-2-4 / 1-4-3 / 1-4-2
20261005-05-11,05,多摩川,11,朝,1・2着固定＋3着流し,4,400,1-5-2,1830,0,0,-400,1-2-5 / 1-2-3 / 1-2-4 / 1-2-6
20261005-05-12,05,多摩川,12,直前,1着固定＋相手流し,12,1200,3-1-4,6730,0,0,-1200,1-2-3 / 1-3-2 / 1-2-4 / 1-2-6 / 1-2-5 / 1-3-4 / 1-4-2 / 1-3-6 / 1-3-5 / 1-6-2 / 1-5-2 / 1-4-3
20261005-09-01,09,津,1,直前,1着固定＋相手流し,12,1200,1-2-5,570,1,570,-630,1-5-2 / 1-2-5 / 1-5-4 / 1-5-3 / 1-2-4 / 1-2-3 / 1-4-5 / 1-5-6 / 1-4-2 / 1-3-5 / 1-2-6 / 1-3-2
20261005-09-02,09,津,2,直前,1着固定＋相手流し,12,1200,1-2-3,940,1,940,-260,1-2-4 / 1-4-2 / 1-2-3 / 1-4-3 / 1-3-2 / 1-3-4 / 1-2-5 / 1-4-5 / 1-2-6 / 1-4-6 / 1-5-2 / 1-5-4
20261005-09-03,09,津,3,直前,1・2着折返し＋3着流し,8,800,1-3-5,990,0,0,-800,3-6-5 / 3-6-1 / 3-6-2 / 3-6-4 / 6-3-5 / 6-3-1 / 6-3-2 / 6-3-4
20261005-09-04,09,津,4,直前,1着固定＋相手流し,12,1200,4-1-3,2790,0,0,-1200,3-5-1 / 3-1-5 / 3-5-4 / 3-4-5 / 3-1-4 / 3-4-1 / 3-5-2 / 3-1-2 / 3-4-2 / 3-2-5 / 3-2-1 / 3-2-4
20261005-09-05,09,津,5,直前,1着固定＋相手流し,12,1200,1-2-3,880,1,880,-320,1-2-4 / 1-4-2 / 1-2-3 / 1-3-2 / 1-4-3 / 1-2-5 / 1-3-4 / 1-4-5 / 1-5-2 / 1-2-6 / 1-5-4 / 1-3-5
20261005-09-06,09,津,6,直前,1・2着固定＋3着流し,4,400,1-4-2,930,0,0,-400,4-1-6 / 4-1-3 / 4-1-5 / 4-1-2
20261005-09-07,09,津,7,直前,1着固定＋相手流し,12,1200,2-1-3,1500,1,1500,300,2-1-3 / 2-3-1 / 2-1-6 / 2-3-6 / 2-6-1 / 2-6-3 / 2-1-4 / 2-3-4 / 2-1-5 / 2-4-1 / 2-3-5 / 2-4-3
20261005-09-08,09,津,8,直前,混戦,12,1200,1-4-3,6000,0,0,-1200,6-1-2 / 6-2-1 / 1-6-2 / 6-1-3 / 1-2-6 / 6-3-1 / 6-2-3 / 1-6-3 / 6-3-2 / 6-1-4 / 1-3-6 / 6-2-4
20261005-09-09,09,津,9,直前,準軸,8,800,1-4-2,1340,1,1340,540,2-1-4 / 2-4-1 / 1-2-4 / 1-4-2 / 2-1-3 / 1-2-3 / 2-4-3 / 1-4-3
20261005-09-10,09,津,10,直前,混戦,12,1200,1-4-6,1090,1,1090,-110,1-4-6 / 1-6-4 / 4-1-6 / 1-4-2 / 4-6-1 / 4-1-2 / 1-2-4 / 1-4-3 / 1-6-2 / 4-1-3 / 4-2-1 / 1-2-6
20261005-09-11,09,津,11,直前,混戦,12,1200,1-2-6,3800,0,0,-1200,3-2-1 / 2-3-1 / 3-1-2 / 2-1-3 / 3-2-5 / 2-3-5 / 3-5-2 / 3-1-5 / 2-5-3 / 2-1-5 / 3-5-1 / 2-5-1
20261005-09-12,09,津,12,直前,1・2着固定＋3着流し,4,400,1-3-4,1010,0,0,-400,1-2-3 / 1-2-4 / 1-2-5 / 1-2-6
20261005-10-01,10,三国,1,直前,準軸,8,800,1-3-5,1880,0,0,-800,2-1-3 / 1-2-3 / 2-3-1 / 2-1-6 / 1-2-6 / 1-3-2 / 2-3-6 / 1-3-6
20261005-10-02,10,三国,2,直前,混戦,12,1200,5-3-1,24160,0,0,-1200,1-2-3 / 1-3-2 / 2-1-3 / 2-3-1 / 1-2-4 / 2-1-4 / 1-3-4 / 1-2-5 / 1-4-2 / 2-3-4 / 2-1-5 / 1-4-3
20261005-10-03,10,三国,3,直前,準軸,8,800,4-2-1,16290,0,0,-800,1-2-4 / 1-4-2 / 2-1-4 / 1-2-5 / 2-4-1 / 2-1-5 / 1-4-5 / 2-4-5
20261005-10-04,10,三国,4,直前,1・2着固定＋3着流し,4,400,1-2-4,1230,1,1230,830,1-2-5 / 1-2-3 / 1-2-6 / 1-2-4
20261005-10-05,10,三国,5,直前,準軸,8,800,4-2-5,20690,0,0,-800,1-4-3 / 1-3-4 / 4-1-3 / 1-4-5 / 4-3-1 / 1-3-5 / 4-1-5 / 4-3-5
20261005-10-06,10,三国,6,直前,準軸,8,800,1-3-5,1770,0,0,-800,1-4-2 / 1-2-4 / 1-4-3 / 4-1-2 / 1-2-3 / 4-1-3 / 4-2-1 / 4-2-3
20261005-10-07,10,三国,7,直前,1着固定＋相手流し,12,1200,5-4-2,9060,0,0,-1200,1-4-2 / 1-2-4 / 1-4-5 / 1-2-5 / 1-5-4 / 1-5-2 / 1-4-3 / 1-2-3 / 1-4-6 / 1-2-6 / 1-3-4 / 1-3-2
20261005-10-08,10,三国,8,直前,混戦,12,1200,1-3-5,1730,1,1730,530,1-2-3 / 1-3-2 / 2-1-3 / 2-3-1 / 1-2-4 / 1-2-5 / 1-3-4 / 2-1-4 / 1-3-5 / 2-1-5 / 2-3-4 / 1-4-2
20261005-10-09,10,三国,9,朝,混戦,12,1200,1-6-4,8550,0,0,-1200,2-1-3 / 2-3-1 / 1-2-3 / 1-3-2 / 2-1-4 / 2-1-5 / 1-2-4 / 1-2-5 / 2-3-4 / 2-3-5 / 1-3-4 / 1-3-5
20261005-10-10,10,三国,10,直前,1・2着折返し＋3着流し,8,800,2-3-5,6310,0,0,-800,2-1-3 / 2-1-5 / 2-1-6 / 2-1-4 / 1-2-3 / 1-2-5 / 1-2-6 / 1-2-4
20261005-10-11,10,三国,11,直前,1着固定＋相手流し,12,1200,4-2-6,32850,0,0,-1200,1-5-2 / 1-2-5 / 1-5-6 / 1-5-3 / 1-6-5 / 1-5-4 / 1-2-6 / 1-6-2 / 1-3-5 / 1-2-3 / 1-2-4 / 1-4-5
20261005-10-12,10,三国,12,朝,1・2着折返し＋3着流し,8,800,1-3-6,1830,0,0,-800,1-2-4 / 1-2-5 / 1-2-6 / 1-2-3 / 2-1-4 / 2-1-5 / 2-1-6 / 2-1-3
20261005-11-01,11,びわこ,1,直前,1・2着固定＋3着流し,4,400,3-1-5,8170,0,0,-400,1-4-5 / 1-4-3 / 1-4-2 / 1-4-6
20261005-11-02,11,びわこ,2,直前,1着固定＋相手流し,12,1200,1-3-5,2180,0,0,-1200,1-2-6 / 1-6-2 / 1-2-3 / 1-6-3 / 1-3-2 / 1-3-6 / 1-2-4 / 1-6-4 / 1-4-2 / 1-3-4 / 1-4-6 / 1-2-5
20261005-11-03,11,びわこ,3,直前,1・2着折返し＋3着流し,8,800,4-6-1,10040,0,0,-800,2-1-4 / 2-1-3 / 2-1-5 / 2-1-6 / 1-2-4 / 1-2-3 / 1-2-5 / 1-2-6
20261005-11-04,11,びわこ,4,直前,1着固定＋相手流し,12,1200,1-2-4,2320,0,0,-1200,2-5-3 / 2-3-5 / 2-5-4 / 2-3-4 / 2-5-1 / 2-3-1 / 2-4-5 / 2-4-3 / 2-1-5 / 2-1-3 / 2-5-6 / 2-4-1
20261005-11-05,11,びわこ,5,朝,1着固定＋相手流し,12,1200,1-3-5,430,1,430,-770,1-3-5 / 1-5-3 / 1-3-2 / 1-5-2 / 1-2-3 / 1-2-5 / 1-3-4 / 1-5-4 / 1-4-3 / 1-4-5 / 1-2-4 / 1-3-6
20261005-11-06,11,びわこ,6,直前,準軸,8,800,4-5-3,3450,0,0,-800,3-1-4 / 3-1-2 / 3-4-1 / 1-3-4 / 1-3-2 / 3-4-2 / 1-4-3 / 1-4-2
20261005-11-07,11,びわこ,7,直前,1着固定＋相手流し,12,1200,1-4-5,4660,0,0,-1200,5-2-3 / 5-2-1 / 5-3-2 / 5-1-2 / 5-3-1 / 5-1-3 / 5-2-4 / 5-3-4 / 5-4-2 / 5-1-4 / 5-2-6 / 5-4-3
20261005-11-08,11,びわこ,8,朝,準軸,8,800,3-5-4,4900,1,4900,4100,1-3-5 / 3-1-5 / 1-5-3 / 3-5-1 / 1-3-4 / 3-1-4 / 1-5-4 / 3-5-4
20261005-11-09,11,びわこ,9,直前,1・2着折返し＋3着流し,8,800,3-1-4,3610,0,0,-800,4-1-3 / 4-1-6 / 4-1-2 / 4-1-5 / 1-4-3 / 1-4-6 / 1-4-2 / 1-4-5
20261005-11-10,11,びわこ,10,直前,1・2着折返し＋3着流し,8,800,1-4-2,510,1,510,-290,4-1-2 / 4-1-5 / 4-1-6 / 4-1-3 / 1-4-2 / 1-4-5 / 1-4-6 / 1-4-3
20261005-11-11,11,びわこ,11,直前,混戦,12,1200,1-2-4,1370,1,1370,170,3-1-2 / 3-1-4 / 1-3-2 / 1-3-4 / 3-2-1 / 3-4-1 / 1-2-3 / 1-4-3 / 3-2-4 / 3-4-2 / 1-2-4 / 1-4-2
20261005-11-12,11,びわこ,12,直前,1・2着固定＋3着流し,4,400,1-5-3,2950,0,0,-400,1-3-2 / 1-3-4 / 1-3-5 / 1-3-6
20261005-12-01,12,住之江,1,朝,準軸,8,800,1-2-3,890,1,890,90,1-2-3 / 1-3-2 / 2-1-3 / 1-2-5 / 2-1-5 / 2-3-1 / 1-3-5 / 2-3-5
20261005-12-02,12,住之江,2,朝,1・2着固定＋3着流し,4,400,1-2-4,410,0,0,-400,2-1-4 / 2-1-3 / 2-1-6 / 2-1-5
20261005-12-03,12,住之江,3,直前,準軸,8,800,3-4-5,65540,0,0,-800,2-4-1 / 2-1-4 / 4-2-1 / 4-1-2 / 2-4-3 / 4-2-3 / 2-1-3 / 4-1-3
20261005-12-04,12,住之江,4,直前,1・2着折返し＋3着流し,8,800,4-1-6,20530,0,0,-800,2-1-4 / 2-1-6 / 2-1-3 / 2-1-5 / 1-2-4 / 1-2-6 / 1-2-3 / 1-2-5
20261005-12-05,12,住之江,5,直前,1・2着折返し＋3着流し,8,800,1-4-2,640,1,640,-160,4-1-3 / 4-1-6 / 4-1-2 / 4-1-5 / 1-4-3 / 1-4-6 / 1-4-2 / 1-4-5
20261005-12-06,12,住之江,6,直前,1着固定＋相手流し,12,1200,1-2-4,1650,1,1650,450,1-2-6 / 1-6-2 / 1-2-4 / 1-2-3 / 1-4-2 / 1-3-2 / 1-6-4 / 1-6-3 / 1-4-6 / 1-3-6 / 1-4-3 / 1-3-4
20261005-12-07,12,住之江,7,朝,1・2着折返し＋3着流し,8,800,1-3-2,2310,0,0,-800,1-4-3 / 1-4-2 / 1-4-5 / 1-4-6 / 4-1-3 / 4-1-2 / 4-1-5 / 4-1-6
20261005-12-08,12,住之江,8,直前,1・2着折返し＋3着流し,8,800,1-3-6,2750,0,0,-800,1-2-6 / 1-2-4 / 1-2-3 / 1-2-5 / 2-1-6 / 2-1-4 / 2-1-3 / 2-1-5
20261005-12-09,12,住之江,9,直前,1着固定＋相手流し,12,1200,2-3-6,2030,0,0,-1200,1-2-3 / 1-3-2 / 1-2-6 / 1-2-4 / 1-2-5 / 1-3-6 / 1-3-4 / 1-3-5 / 1-6-2 / 1-4-2 / 1-6-3 / 1-4-3
20261005-12-10,12,住之江,10,直前,1着固定＋相手流し,12,1200,1-2-3,870,1,870,-330,1-2-4 / 1-4-2 / 1-2-5 / 1-5-2 / 1-4-5 / 1-5-4 / 1-2-3 / 1-4-3 / 1-3-2 / 1-5-3 / 1-3-4 / 1-3-5
20261005-12-11,12,住之江,11,直前,1着固定＋相手流し,12,1200,1-5-3,2540,1,2540,1340,1-2-5 / 1-5-2 / 1-2-3 / 1-3-2 / 1-5-3 / 1-3-5 / 1-2-4 / 1-2-6 / 1-5-4 / 1-5-6 / 1-4-2 / 1-3-4
20261005-12-12,12,住之江,12,直前,1・2着固定＋3着流し,4,400,1-3-2,820,1,820,420,1-3-4 / 1-3-5 / 1-3-2 / 1-3-6
20261005-13-01,13,尼崎,1,直前,1着固定＋相手流し,12,1200,1-2-5,1790,1,1790,590,1-3-2 / 1-2-3 / 1-3-4 / 1-2-4 / 1-4-3 / 1-3-5 / 1-4-2 / 1-2-5 / 1-3-6 / 1-5-3 / 1-2-6 / 1-5-2
20261005-13-02,13,尼崎,2,直前,1着固定＋相手流し,12,1200,1-3-4,3730,0,0,-1200,2-4-3 / 2-3-4 / 2-4-5 / 2-4-6 / 2-3-5 / 2-4-1 / 2-3-6 / 2-3-1 / 2-5-4 / 2-5-3 / 2-6-4 / 2-6-3
20261005-13-03,13,尼崎,3,直前,準軸,8,800,1-2-4,700,1,700,-100,2-1-4 / 2-4-1 / 1-2-4 / 1-4-2 / 2-1-6 / 1-2-6 / 2-4-6 / 1-4-6
20261005-13-04,13,尼崎,4,直前,1着固定＋相手流し,12,1200,1-4-2,510,1,510,-690,1-2-4 / 1-4-2 / 1-2-3 / 1-4-3 / 1-2-6 / 1-3-2 / 1-3-4 / 1-4-6 / 1-2-5 / 1-4-5 / 1-6-2 / 1-6-4
20261005-13-05,13,尼崎,5,直前,1・2着折返し＋3着流し,8,800,1-4-3,860,1,860,60,4-1-6 / 4-1-3 / 4-1-2 / 4-1-5 / 1-4-6 / 1-4-3 / 1-4-2 / 1-4-5
20261005-13-06,13,尼崎,6,直前,1・2着折返し＋3着流し,8,800,1-4-2,500,1,500,-300,4-1-2 / 4-1-3 / 4-1-5 / 4-1-6 / 1-4-2 / 1-4-3 / 1-4-5 / 1-4-6
20261005-13-07,13,尼崎,7,直前,1・2着折返し＋3着流し,8,800,3-1-2,5430,1,5430,4630,3-1-6 / 3-1-2 / 3-1-4 / 3-1-5 / 1-3-6 / 1-3-2 / 1-3-4 / 1-3-5
20261005-13-08,13,尼崎,8,直前,1着固定＋相手流し,12,1200,1-6-2,1200,1,1200,0,1-6-3 / 1-3-6 / 1-6-2 / 1-3-2 / 1-6-5 / 1-3-5 / 1-2-6 / 1-2-3 / 1-5-6 / 1-5-3 / 1-2-5 / 1-5-2
20261005-13-09,13,尼崎,9,直前,1着固定＋相手流し,12,1200,1-2-6,680,1,680,-520,1-4-2 / 1-2-4 / 1-4-5 / 1-5-4 / 1-2-5 / 1-4-6 / 1-5-2 / 1-2-6 / 1-4-3 / 1-6-4 / 1-6-2 / 1-2-3
20261005-13-10,13,尼崎,10,朝,1着固定＋相手流し,12,1200,1-4-3,2810,1,2810,1610,1-5-4 / 1-4-5 / 1-5-2 / 1-2-5 / 1-4-2 / 1-2-4 / 1-5-3 / 1-4-3 / 1-2-3 / 1-3-5 / 1-3-4 / 1-3-2
20261005-13-11,13,尼崎,11,直前,1着固定＋相手流し,12,1200,1-2-6,930,0,0,-1200,1-2-3 / 1-3-2 / 1-2-4 / 1-4-2 / 1-3-4 / 1-4-3 / 1-2-5 / 1-3-5 / 1-5-2 / 1-4-5 / 1-5-3 / 1-5-4
20261005-13-12,13,尼崎,12,直前,混戦,12,1200,3-1-2,2420,1,2420,1220,3-1-2 / 1-3-2 / 3-2-1 / 1-2-3 / 3-1-4 / 1-3-4 / 3-4-1 / 3-2-4 / 3-1-5 / 1-4-3 / 1-3-5 / 1-2-4
20261005-18-01,18,徳山,1,直前,1着固定＋相手流し,12,1200,1-2-4,990,1,990,-210,1-3-2 / 1-2-3 / 1-3-5 / 1-2-5 / 1-3-4 / 1-5-3 / 1-2-4 / 1-5-2 / 1-3-6 / 1-2-6 / 1-4-3 / 1-4-2
20261005-18-02,18,徳山,2,朝,1・2着固定＋3着流し,4,400,2-1-6,6570,0,0,-400,1-5-2 / 1-5-3 / 1-5-4 / 1-5-6
20261005-18-03,18,徳山,3,朝,1着固定＋相手流し,12,1200,4-3-1,11330,0,0,-1200,1-3-5 / 1-5-3 / 1-3-2 / 1-3-4 / 1-2-3 / 1-4-3 / 1-5-2 / 1-5-4 / 1-2-5 / 1-4-5 / 1-2-4 / 1-4-2
20261005-18-04,18,徳山,4,直前,1・2着折返し＋3着流し,8,800,4-1-2,11530,0,0,-800,1-2-4 / 1-2-5 / 1-2-6 / 1-2-3 / 2-1-4 / 2-1-5 / 2-1-6 / 2-1-3
20261005-18-05,18,徳山,5,朝,1着固定＋相手流し,12,1200,1-2-5,1460,1,1460,260,1-5-3 / 1-3-5 / 1-5-2 / 1-5-4 / 1-3-2 / 1-2-5 / 1-3-4 / 1-4-5 / 1-2-3 / 1-4-3 / 1-5-6 / 1-2-4
20261005-18-06,18,徳山,6,直前,1・2着折返し＋3着流し,8,800,1-3-4,7420,0,0,-800,3-2-1 / 3-2-4 / 3-2-6 / 3-2-5 / 2-3-1 / 2-3-4 / 2-3-6 / 2-3-5
20261005-18-07,18,徳山,7,直前,1着固定＋相手流し,12,1200,1-4-3,910,1,910,-290,1-3-4 / 1-4-3 / 1-3-2 / 1-3-5 / 1-4-2 / 1-2-3 / 1-4-5 / 1-2-4 / 1-5-3 / 1-5-4 / 1-3-6 / 1-2-5
20261005-18-08,18,徳山,8,直前,混戦,12,1200,2-3-4,10400,0,0,-1200,3-1-2 / 3-1-5 / 1-3-2 / 3-2-1 / 1-3-5 / 3-1-4 / 3-5-1 / 1-2-3 / 1-3-4 / 1-5-3 / 3-2-5 / 3-5-2
20261005-18-09,18,徳山,9,直前,1・2着固定＋3着流し,4,400,4-3-1,5690,0,0,-400,1-4-3 / 1-4-2 / 1-4-6 / 1-4-5
20261005-18-10,18,徳山,10,直前,1・2着固定＋3着流し,4,400,3-4-2,7140,0,0,-400,2-1-3 / 2-1-4 / 2-1-5 / 2-1-6
20261005-18-11,18,徳山,11,朝,1・2着固定＋3着流し,4,400,2-5-3,3060,0,0,-400,2-4-1 / 2-4-5 / 2-4-3 / 2-4-6
20261005-18-12,18,徳山,12,直前,1着固定＋相手流し,12,1200,2-1-3,3770,0,0,-1200,1-2-3 / 1-3-2 / 1-2-4 / 1-3-4 / 1-2-5 / 1-4-2 / 1-3-5 / 1-4-3 / 1-5-2 / 1-5-3 / 1-2-6 / 1-4-5
20261005-19-01,19,下関,1,朝,混戦,12,1200,3-1-5,3920,0,0,-1200,2-1-5 / 2-1-3 / 1-2-5 / 2-5-1 / 1-2-3 / 2-3-1 / 1-5-2 / 1-3-2 / 2-5-3 / 2-3-5 / 2-1-4 / 1-2-4
20261005-19-02,19,下関,2,朝,1着固定＋相手流し,12,1200,2-3-1,4780,1,4780,3580,2-1-5 / 2-5-1 / 2-1-3 / 2-3-1 / 2-5-3 / 2-3-5 / 2-1-6 / 2-1-4 / 2-5-6 / 2-5-4 / 2-3-6 / 2-3-4
20261005-19-03,19,下関,3,朝,1着固定＋相手流し,12,1200,3-2-6,9330,0,0,-1200,3-1-5 / 3-5-1 / 3-1-6 / 3-6-1 / 3-5-6 / 3-6-5 / 3-1-2 / 3-1-4 / 3-5-2 / 3-5-4 / 3-6-2 / 3-6-4
20261005-19-04,19,下関,4,直前,混戦,12,1200,4-5-6,10550,0,0,-1200,5-4-1 / 4-5-1 / 5-1-4 / 4-1-5 / 5-4-2 / 4-5-2 / 5-4-3 / 4-5-3 / 5-2-4 / 4-2-5 / 5-1-2 / 5-1-3
20261005-19-05,19,下関,5,直前,1着固定＋相手流し,12,1200,4-2-1,4000,0,0,-1200,1-4-3 / 1-3-4 / 1-4-2 / 1-2-4 / 1-3-2 / 1-2-3 / 1-4-6 / 1-3-6 / 1-2-6 / 1-6-4 / 1-4-5 / 1-6-3
20261005-19-06,19,下関,6,直前,1・2着折返し＋3着流し,8,800,2-1-4,2550,1,2550,1750,2-1-4 / 2-1-3 / 2-1-6 / 2-1-5 / 1-2-4 / 1-2-3 / 1-2-6 / 1-2-5
20261005-19-07,19,下関,7,朝,1・2着固定＋3着流し,4,400,1-4-5,1000,0,0,-400,1-5-3 / 1-5-4 / 1-5-2 / 1-5-6
20261005-19-08,19,下関,8,直前,1着固定＋相手流し,12,1200,2-1-3,2440,0,0,-1200,3-2-1 / 3-1-2 / 3-2-4 / 3-1-4 / 3-4-2 / 3-4-1 / 3-2-5 / 3-2-6 / 3-1-5 / 3-1-6 / 3-5-2 / 3-5-1
20261005-19-09,19,下関,9,直前,1着固定＋相手流し,12,1200,6-2-1,82200,0,0,-1200,2-1-3 / 2-3-1 / 2-1-4 / 2-3-4 / 2-4-1 / 2-4-3 / 2-1-5 / 2-3-5 / 2-5-1 / 2-1-6 / 2-5-3 / 2-4-5
20261005-19-10,19,下関,10,直前,1・2着折返し＋3着流し,8,800,1-5-3,5150,0,0,-800,1-2-3 / 1-2-4 / 1-2-5 / 1-2-6 / 2-1-3 / 2-1-4 / 2-1-5 / 2-1-6
20261005-19-11,19,下関,11,直前,準軸,8,800,1-2-5,2000,0,0,-800,2-1-3 / 2-3-1 / 1-2-3 / 2-1-4 / 1-3-2 / 1-2-4 / 2-3-4 / 1-3-4
20261005-19-12,19,下関,12,直前,1着固定＋相手流し,12,1200,1-3-2,870,1,870,-330,1-2-5 / 1-5-2 / 1-2-3 / 1-2-4 / 1-3-2 / 1-4-2 / 1-5-3 / 1-5-4 / 1-3-5 / 1-4-5 / 1-3-4 / 1-4-3
20261005-20-01,20,若松,1,直前,混戦,12,1200,2-4-3,3840,1,3840,2640,2-1-4 / 2-4-1 / 1-2-4 / 1-4-2 / 2-1-3 / 2-4-3 / 1-2-3 / 2-1-5 / 2-4-5 / 1-2-5 / 1-4-3 / 2-3-1
20261005-20-02,20,若松,2,直前,混戦,12,1200,6-1-5,29340,0,0,-1200,4-1-3 / 4-3-1 / 1-4-3 / 1-3-4 / 4-1-2 / 4-3-2 / 1-4-2 / 4-2-1 / 4-2-3 / 1-3-2 / 1-2-4 / 1-2-3
20261005-20-03,20,若松,3,直前,1着固定＋相手流し,12,1200,4-5-3,9980,0,0,-1200,1-2-5 / 1-5-2 / 1-2-4 / 1-4-2 / 1-5-4 / 1-4-5 / 1-2-3 / 1-5-3 / 1-4-3 / 1-3-2 / 1-3-5 / 1-3-4
20261005-20-04,20,若松,4,直前,1・2着固定＋3着流し,4,400,4-2-6,9460,0,0,-400,2-1-5 / 2-1-4 / 2-1-3 / 2-1-6
20261005-20-05,20,若松,5,直前,1着固定＋相手流し,12,1200,1-3-2,3790,1,3790,2590,1-4-2 / 1-2-4 / 1-4-5 / 1-4-3 / 1-5-4 / 1-2-5 / 1-5-2 / 1-2-3 / 1-3-4 / 1-3-2 / 1-4-6 / 1-5-3
20261005-20-06,20,若松,6,直前,1・2着折返し＋3着流し,8,800,1-5-4,8650,1,8650,7850,5-1-3 / 5-1-2 / 5-1-6 / 5-1-4 / 1-5-3 / 1-5-2 / 1-5-6 / 1-5-4
20261005-20-07,20,若松,7,直前,1着固定＋相手流し,12,1200,1-3-6,690,1,690,-510,1-2-6 / 1-6-2 / 1-2-3 / 1-6-3 / 1-2-4 / 1-6-4 / 1-3-2 / 1-3-6 / 1-4-2 / 1-4-6 / 1-3-4 / 1-4-3
20261005-20-08,20,若松,8,直前,準軸,8,800,2-3-4,5150,1,5150,4350,2-1-3 / 2-3-1 / 1-2-3 / 2-1-4 / 1-3-2 / 1-2-4 / 2-3-4 / 1-3-4
20261005-20-09,20,若松,9,朝,準軸,8,800,3-2-5,4500,0,0,-800,1-3-6 / 1-3-2 / 3-1-6 / 1-6-3 / 3-1-2 / 3-6-1 / 1-6-2 / 3-6-2
20261005-20-10,20,若松,10,直前,1着固定＋相手流し,12,1200,1-2-4,1470,1,1470,270,1-3-4 / 1-4-3 / 1-3-2 / 1-2-3 / 1-4-2 / 1-2-4 / 1-3-5 / 1-4-5 / 1-5-3 / 1-2-5 / 1-5-4 / 1-5-2
20261005-20-11,20,若松,11,直前,1着固定＋相手流し,12,1200,1-3-4,700,1,700,-500,1-5-3 / 1-3-5 / 1-5-4 / 1-3-4 / 1-4-5 / 1-4-3 / 1-5-6 / 1-5-2 / 1-3-6 / 1-3-2 / 1-4-6 / 1-4-2
20261005-20-12,20,若松,12,直前,1・2着固定＋3着流し,4,400,1-2-5,990,1,990,590,1-2-3 / 1-2-4 / 1-2-5 / 1-2-6
20261005-22-01,22,福岡,1,直前,1着固定＋相手流し,12,1200,1-2-3,450,1,450,-750,1-2-3 / 1-3-2 / 1-2-4 / 1-2-5 / 1-3-4 / 1-4-2 / 1-3-5 / 1-5-2 / 1-4-3 / 1-2-6 / 1-5-3 / 1-3-6
20261005-22-02,22,福岡,2,直前,1着固定＋相手流し,12,1200,1-2-4,1080,1,1080,-120,1-3-4 / 1-4-3 / 1-3-2 / 1-2-3 / 1-3-5 / 1-4-2 / 1-3-6 / 1-2-4 / 1-4-5 / 1-5-3 / 1-4-6 / 1-6-3
20261005-22-03,22,福岡,3,直前,1・2着固定＋3着流し,4,400,3-2-4,1390,0,0,-400,3-1-4 / 3-1-2 / 3-1-6 / 3-1-5
20261005-22-04,22,福岡,4,直前,1着固定＋相手流し,12,1200,4-2-1,2460,1,2460,1260,4-1-5 / 4-5-1 / 4-1-2 / 4-5-2 / 4-2-1 / 4-2-5 / 4-1-6 / 4-5-6 / 4-1-3 / 4-5-3 / 4-6-1 / 4-6-5
20261005-22-05,22,福岡,5,直前,準軸,8,800,1-4-3,1560,0,0,-800,3-4-2 / 3-4-1 / 4-3-2 / 4-3-1 / 3-2-4 / 4-2-3 / 3-2-1 / 4-2-1
20261005-22-06,22,福岡,6,直前,準軸,8,800,1-4-5,520,1,520,-280,5-1-4 / 1-5-4 / 5-4-1 / 1-4-5 / 5-1-3 / 1-5-3 / 5-4-3 / 1-4-3
20261005-22-07,22,福岡,7,直前,1・2着折返し＋3着流し,8,800,1-4-3,860,1,860,60,1-4-6 / 1-4-5 / 1-4-2 / 1-4-3 / 4-1-6 / 4-1-5 / 4-1-2 / 4-1-3
20261005-22-08,22,福岡,8,直前,1着固定＋相手流し,12,1200,1-4-2,1680,1,1680,480,1-4-2 / 1-2-4 / 1-4-3 / 1-4-5 / 1-4-6 / 1-3-4 / 1-2-3 / 1-2-5 / 1-5-4 / 1-3-2 / 1-2-6 / 1-5-2
20261005-22-09,22,福岡,9,直前,準軸,8,800,4-1-3,9340,0,0,-800,5-1-4 / 5-4-1 / 1-5-4 / 5-1-2 / 1-4-5 / 5-4-2 / 1-5-2 / 1-4-2
20261005-22-10,22,福岡,10,直前,準軸,8,800,1-3-5,6060,0,0,-800,2-1-3 / 2-3-1 / 1-2-3 / 2-1-4 / 1-3-2 / 1-2-4 / 2-3-4 / 1-3-4
20261005-22-11,22,福岡,11,直前,混戦,12,1200,1-2-3,320,1,320,-880,2-1-3 / 2-3-1 / 1-2-3 / 1-3-2 / 2-1-6 / 2-1-5 / 1-2-6 / 1-2-5 / 2-3-6 / 2-3-5 / 2-6-1 / 1-3-6
20261005-22-12,22,福岡,12,直前,準軸,8,800,4-3-6,7080,0,0,-800,1-2-5 / 1-2-3 / 2-1-5 / 2-1-3 / 1-5-2 / 2-5-1 / 1-5-3 / 2-5-3
20261005-23-01,23,唐津,1,直前,1着固定＋相手流し,12,1200,1-3-4,1610,1,1610,410,1-3-4 / 1-4-3 / 1-3-2 / 1-2-3 / 1-4-2 / 1-3-5 / 1-2-4 / 1-4-5 / 1-5-3 / 1-3-6 / 1-5-4 / 1-2-5
20261005-23-02,23,唐津,2,直前,1着固定＋相手流し,12,1200,1-4-2,1060,1,1060,-140,1-4-5 / 1-5-4 / 1-4-2 / 1-2-4 / 1-5-2 / 1-2-5 / 1-4-6 / 1-5-6 / 1-2-6 / 1-6-4 / 1-4-3 / 1-6-5
20261005-23-03,23,唐津,3,直前,1着固定＋相手流し,12,1200,3-1-6,76960,0,0,-1200,1-2-3 / 1-3-2 / 1-2-5 / 1-5-2 / 1-2-4 / 1-3-5 / 1-5-3 / 1-2-6 / 1-4-2 / 1-3-4 / 1-3-6 / 1-4-3
20261005-23-04,23,唐津,4,朝,準軸,8,800,1-2-4,1140,0,0,-800,5-1-4 / 5-4-1 / 1-5-4 / 1-4-5 / 5-1-2 / 5-4-2 / 1-5-2 / 1-4-2
20261005-23-05,23,唐津,5,直前,1着固定＋相手流し,12,1200,1-3-4,1580,1,1580,380,1-2-3 / 1-3-2 / 1-2-6 / 1-3-6 / 1-6-2 / 1-6-3 / 1-2-4 / 1-3-4 / 1-4-2 / 1-4-3 / 1-6-4 / 1-2-5
20261005-23-06,23,唐津,6,直前,1・2着固定＋3着流し,4,400,5-1-2,28560,0,0,-400,1-2-6 / 1-2-3 / 1-2-4 / 1-2-5
20261005-23-07,23,唐津,7,直前,1着固定＋相手流し,12,1200,1-3-2,1130,1,1130,-70,1-2-5 / 1-5-2 / 1-2-3 / 1-5-3 / 1-3-2 / 1-3-5 / 1-2-4 / 1-2-6 / 1-5-4 / 1-5-6 / 1-4-2 / 1-6-2
20261005-23-08,23,唐津,8,直前,混戦,12,1200,1-3-4,930,0,0,-1200,1-2-3 / 2-1-3 / 1-3-2 / 2-3-1 / 1-2-6 / 2-1-6 / 1-3-6 / 2-3-6 / 1-2-4 / 1-6-2 / 2-1-4 / 2-6-1
20261005-23-09,23,唐津,9,直前,準軸,8,800,2-5-1,10670,0,0,-800,2-1-4 / 2-1-3 / 1-2-4 / 1-2-3 / 2-4-1 / 1-4-2 / 2-4-3 / 1-4-3
20261005-23-10,23,唐津,10,直前,混戦,12,1200,4-5-1,27870,0,0,-1200,1-2-5 / 2-1-5 / 1-5-2 / 2-5-1 / 1-2-3 / 2-1-3 / 1-5-3 / 2-5-3 / 1-3-2 / 2-3-1 / 1-2-4 / 1-3-5
20261005-23-11,23,唐津,11,直前,1・2着折返し＋3着流し,8,800,1-2-5,1450,1,1450,650,2-1-4 / 2-1-3 / 2-1-5 / 2-1-6 / 1-2-4 / 1-2-3 / 1-2-5 / 1-2-6
20261005-23-12,23,唐津,12,直前,準軸,8,800,1-3-2,720,0,0,-800,1-2-4 / 1-4-2 / 1-2-3 / 2-1-4 / 2-1-3 / 2-4-1 / 1-4-3 / 2-4-3
