date,venue_code,venue_name,race,race_id,boat,registration_no,racer_name,weight_kg,exhibition_time,tilt,exhibition_course,exhibition_st_raw,exhibition_st_seconds,exhibition_st_flag,change_parts,is_miss,source_url,requested_at,collected_at
20261010,02,戸田,1,20261010-02-01,1,5122,相馬翔,55.4,6.69,-0.5,1,.09,0.09,,,False,https://www.boatrace.jp/owpc/pc/race/beforeinfo?hd=20261010&jcd=02&rno=1,2026-10-10T13:12:01.260956+09:00,2026-10-10T13:12:11.520022+09:00
20261010,02,戸田,1,20261010-02-01,2,5292,佐藤右京,54.3,6.87,0.0,2,.08,0.08,,,False,https://www.boatrace.jp/owpc/pc/race/beforeinfo?hd=20261010&jcd=02&rno=1,2026-10-10T13:12:01.260956+09:00,2026-10-10T13:12:11.520022+09:00
20261010,02,戸田,1,20261010-02-01,3,5083,柳瀬幹太,53.8,6.78,0.0,3,.06,0.06,,ギヤ,False,https://www.boatrace.jp/owpc/pc/race/beforeinfo?hd=20261010&jcd=02&rno=1,2026-10-10T13:12:01.260956+09:00,2026-10-10T13:12:11.520022+09:00
20261010,02,戸田,1,20261010-02-01,4,5345,牧村俊輝,52.0,6.79,0.0,4,.19,0.19,,,False,https://www.boatrace.jp/owpc/pc/race/beforeinfo?hd=20261010&jcd=02&rno=1,2026-10-10T13:12:01.260956+09:00,2026-10-10T13:12:11.520022+09:00
20261010,02,戸田,1,20261010-02-01,5,5404,内田壮,53.8,6.74,-0.5,5,.11,0.11,,,False,https://www.boatrace.jp/owpc/pc/race/beforeinfo?hd=20261010&jcd=02&rno=1,2026-10-10T13:12:01.260956+09:00,2026-10-10T13:12:11.520022+09:00
20261010,02,戸田,1,20261010-02-01,6,4880,澤崎雄哉,53.5,6.77,-0.5,6,F.02,-0.02,F,,False,https://www.boatrace.jp/owpc/pc/race/beforeinfo?hd=20261010&jcd=02&rno=1,2026-10-10T13:12:01.260956+09:00,2026-10-10T13:12:11.520022+09:00
20261010,02,戸田,2,20261010-02-02,1,4728,山口亮,53.0,6.78,-0.5,1,.04,0.04,,,False,https://www.boatrace.jp/owpc/pc/race/beforeinfo?hd=20261010&jcd=02&rno=2,2026-10-10T13:12:04.154010+09:00,2026-10-10T13:12:12.415847+09:00
20261010,02,戸田,2,20261010-02-02,2,5005,石田貴洋,52.0,6.62,0.0,2,.06,0.06,,,False,https://www.boatrace.jp/owpc/pc/race/beforeinfo?hd=20261010&jcd=02&rno=2,2026-10-10T13:12:04.154010+09:00,2026-10-10T13:12:12.415847+09:00
20261010,02,戸田,2,20261010-02-02,3,4790,柳内敬太,52.0,6.73,0.0,3,F.03,-0.03,F,,False,https://www.boatrace.jp/owpc/pc/race/beforeinfo?hd=20261010&jcd=02&rno=2,2026-10-10T13:12:04.154010+09:00,2026-10-10T13:12:12.415847+09:00
20261010,02,戸田,2,20261010-02-02,4,4753,森照夫,53.5,6.66,-0.5,4,.29,0.29,,,False,https://www.boatrace.jp/owpc/pc/race/beforeinfo?hd=20261010&jcd=02&rno=2,2026-10-10T13:12:04.154010+09:00,2026-10-10T13:12:12.415847+09:00
20261010,02,戸田,2,20261010-02-02,5,5402,塚越陸斗,53.0,6.78,-0.5,5,.11,0.11,,ギヤ,False,https://www.boatrace.jp/owpc/pc/race/beforeinfo?hd=20261010&jcd=02&rno=2,2026-10-10T13:12:04.154010+09:00,2026-10-10T13:12:12.415847+09:00
20261010,02,戸田,2,20261010-02-02,6,4944,田代達也,52.7,6.75,0.5,6,F.04,-0.04,F,,False,https://www.boatrace.jp/owpc/pc/race/beforeinfo?hd=20261010&jcd=02&rno=2,2026-10-10T13:12:04.154010+09:00,2026-10-10T13:12:12.415847+09:00
20261010,02,戸田,3,20261010-02-03,1,5352,西岡蒼志,53.1,6.75,0.0,1,.04,0.04,,,False,https://www.boatrace.jp/owpc/pc/race/beforeinfo?hd=20261010&jcd=02&rno=3,2026-10-10T13:12:04.445412+09:00,2026-10-10T13:12:13.705669+09:00
20261010,02,戸田,3,20261010-02-03,2,5026,安河内健,54.3,6.68,0.0,2,.02,0.02,,,False,https://www.boatrace.jp/owpc/pc/race/beforeinfo?hd=20261010&jcd=02&rno=3,2026-10-10T13:12:04.445412+09:00,2026-10-10T13:12:13.705669+09:00
20261010,02,戸田,3,20261010-02-03,3,4902,山川雄大,52.0,6.73,0.0,3,.08,0.08,,,False,https://www.boatrace.jp/owpc/pc/race/beforeinfo?hd=20261010&jcd=02&rno=3,2026-10-10T13:12:04.445412+09:00,2026-10-10T13:12:13.705669+09:00
20261010,02,戸田,3,20261010-02-03,4,5074,大澤誠也,55.4,6.65,0.0,4,.01,0.01,,,False,https://www.boatrace.jp/owpc/pc/race/beforeinfo?hd=20261010&jcd=02&rno=3,2026-10-10T13:12:04.445412+09:00,2026-10-10T13:12:13.705669+09:00
20261010,02,戸田,3,20261010-02-03,5,4925,森悠稀,52.0,6.71,0.0,5,.13,0.13,,,False,https://www.boatrace.jp/owpc/pc/race/beforeinfo?hd=20261010&jcd=02&rno=3,2026-10-10T13:12:04.445412+09:00,2026-10-10T13:12:13.705669+09:00
20261010,02,戸田,3,20261010-02-03,6,5356,長谷川暖,50.5,6.69,0.0,6,.11,0.11,,,False,https://www.boatrace.jp/owpc/pc/race/beforeinfo?hd=20261010&jcd=02&rno=3,2026-10-10T13:12:04.445412+09:00,2026-10-10T13:12:13.705669+09:00
20261010,02,戸田,4,20261010-02-04,1,4731,間野兼礼,52.0,6.67,0.0,1,.11,0.11,,,False,https://www.boatrace.jp/owpc/pc/race/beforeinfo?hd=20261010&jcd=02&rno=4,2026-10-10T13:12:06.323545+09:00,2026-10-10T13:12:14.583673+09:00
20261010,02,戸田,4,20261010-02-04,2,4873,蒲原健太,52.3,6.82,-0.5,2,.02,0.02,,,False,https://www.boatrace.jp/owpc/pc/race/beforeinfo?hd=20261010&jcd=02&rno=4,2026-10-10T13:12:06.323545+09:00,2026-10-10T13:12:14.583673+09:00
20261010,02,戸田,4,20261010-02-04,3,4713,白神優,52.0,6.74,0.0,3,.05,0.05,,,False,https://www.boatrace.jp/owpc/pc/race/beforeinfo?hd=20261010&jcd=02&rno=4,2026-10-10T13:12:06.323545+09:00,2026-10-10T13:12:14.583673+09:00
20261010,02,戸田,4,20261010-02-04,4,5106,山崎祥,52.0,6.74,-0.5,4,.09,0.09,,,False,https://www.boatrace.jp/owpc/pc/race/beforeinfo?hd=20261010&jcd=02&rno=4,2026-10-10T13:12:06.323545+09:00,2026-10-10T13:12:14.583673+09:00
20261010,02,戸田,4,20261010-02-04,5,5339,石井伸長,50.5,6.66,-0.5,5,.16,0.16,,,False,https://www.boatrace.jp/owpc/pc/race/beforeinfo?hd=20261010&jcd=02&rno=4,2026-10-10T13:12:06.323545+09:00,2026-10-10T13:12:14.583673+09:00
20261010,02,戸田,4,20261010-02-04,6,5047,國分将太郎,53.0,6.77,-0.5,6,.16,0.16,,ギヤ,False,https://www.boatrace.jp/owpc/pc/race/beforeinfo?hd=20261010&jcd=02&rno=4,2026-10-10T13:12:06.323545+09:00,2026-10-10T13:12:14.583673+09:00
20261010,02,戸田,6,20261010-02-06,1,5090,生方靖亜,52.8,6.76,0.0,1,.15,0.15,,ギヤ,False,https://www.boatrace.jp/owpc/pc/race/beforeinfo?hd=20261010&jcd=02&rno=6,2026-10-10T14:11:04.073470+09:00,2026-10-10T14:11:12.342906+09:00
20261010,02,戸田,6,20261010-02-06,2,4903,吉田凌太朗,52.0,6.78,-0.5,2,F.13,-0.13,F,,False,https://www.boatrace.jp/owpc/pc/race/beforeinfo?hd=20261010&jcd=02&rno=6,2026-10-10T14:11:04.073470+09:00,2026-10-10T14:11:12.342906+09:00
20261010,02,戸田,6,20261010-02-06,3,5054,佐々木大河,52.6,6.76,-0.5,3,.11,0.11,,,False,https://www.boatrace.jp/owpc/pc/race/beforeinfo?hd=20261010&jcd=02&rno=6,2026-10-10T14:11:04.073470+09:00,2026-10-10T14:11:12.342906+09:00
20261010,02,戸田,6,20261010-02-06,4,5402,塚越陸斗,53.0,6.69,-0.5,4,.11,0.11,,,False,https://www.boatrace.jp/owpc/pc/race/beforeinfo?hd=20261010&jcd=02&rno=6,2026-10-10T14:11:04.073470+09:00,2026-10-10T14:11:12.342906+09:00
20261010,02,戸田,6,20261010-02-06,5,4890,石川諒,52.0,6.82,0.0,5,.06,0.06,,,False,https://www.boatrace.jp/owpc/pc/race/beforeinfo?hd=20261010&jcd=02&rno=6,2026-10-10T14:11:04.073470+09:00,2026-10-10T14:11:12.342906+09:00
20261010,02,戸田,6,20261010-02-06,6,5012,加倉侑征,52.0,6.72,0.0,6,.05,0.05,,ピストン×１;リング×４;キャブ,False,https://www.boatrace.jp/owpc/pc/race/beforeinfo?hd=20261010&jcd=02&rno=6,2026-10-10T14:11:04.073470+09:00,2026-10-10T14:11:12.342906+09:00
20261010,02,戸田,7,20261010-02-07,1,4715,村上遼,51.5,6.71,-0.5,1,.05,0.05,,,False,https://www.boatrace.jp/owpc/pc/race/beforeinfo?hd=20261010&jcd=02&rno=7,2026-10-10T14:11:05.986209+09:00,2026-10-10T14:11:14.216146+09:00
20261010,02,戸田,7,20261010-02-07,2,5007,近藤雄一郎,52.3,6.81,-0.5,2,F.03,-0.03,F,,False,https://www.boatrace.jp/owpc/pc/race/beforeinfo?hd=20261010&jcd=02&rno=7,2026-10-10T14:11:05.986209+09:00,2026-10-10T14:11:14.216146+09:00
20261010,02,戸田,7,20261010-02-07,3,5122,相馬翔,55.4,6.76,0.0,3,.02,0.02,,,False,https://www.boatrace.jp/owpc/pc/race/beforeinfo?hd=20261010&jcd=02&rno=7,2026-10-10T14:11:05.986209+09:00,2026-10-10T14:11:14.216146+09:00
20261010,02,戸田,7,20261010-02-07,4,5186,遠藤圭吾,52.3,6.82,0.0,4,.25,0.25,,,False,https://www.boatrace.jp/owpc/pc/race/beforeinfo?hd=20261010&jcd=02&rno=7,2026-10-10T14:11:05.986209+09:00,2026-10-10T14:11:14.216146+09:00
20261010,02,戸田,7,20261010-02-07,5,5352,西岡蒼志,53.1,6.71,0.0,5,.03,0.03,,,False,https://www.boatrace.jp/owpc/pc/race/beforeinfo?hd=20261010&jcd=02&rno=7,2026-10-10T14:11:05.986209+09:00,2026-10-10T14:11:14.216146+09:00
20261010,02,戸田,7,20261010-02-07,6,4753,森照夫,53.5,6.77,-0.5,6,.09,0.09,,,False,https://www.boatrace.jp/owpc/pc/race/beforeinfo?hd=20261010&jcd=02&rno=7,2026-10-10T14:11:05.986209+09:00,2026-10-10T14:11:14.216146+09:00
20261010,02,戸田,9,20261010-02-09,1,5065,伊久間陽優,52.8,6.6,0.0,1,.13,0.13,,,False,https://www.boatrace.jp/owpc/pc/race/beforeinfo?hd=20261010&jcd=02&rno=9,2026-10-10T15:00:29.042692+09:00,2026-10-10T15:00:38.126691+09:00
20261010,02,戸田,9,20261010-02-09,2,4772,石丸海渡,55.2,6.7,-0.5,2,.02,0.02,,,False,https://www.boatrace.jp/owpc/pc/race/beforeinfo?hd=20261010&jcd=02&rno=9,2026-10-10T15:00:29.042692+09:00,2026-10-10T15:00:38.126691+09:00
20261010,02,戸田,9,20261010-02-09,3,4709,岡村将也,53.6,6.75,-0.5,3,.11,0.11,,,False,https://www.boatrace.jp/owpc/pc/race/beforeinfo?hd=20261010&jcd=02&rno=9,2026-10-10T15:00:29.042692+09:00,2026-10-10T15:00:38.126691+09:00
20261010,02,戸田,9,20261010-02-09,4,5404,内田壮,53.8,6.68,-0.5,4,.38,0.38,,,False,https://www.boatrace.jp/owpc/pc/race/beforeinfo?hd=20261010&jcd=02&rno=9,2026-10-10T15:00:29.042692+09:00,2026-10-10T15:00:38.126691+09:00
20261010,02,戸田,9,20261010-02-09,5,4873,蒲原健太,52.3,6.76,-0.5,5,.33,0.33,,,False,https://www.boatrace.jp/owpc/pc/race/beforeinfo?hd=20261010&jcd=02&rno=9,2026-10-10T15:00:29.042692+09:00,2026-10-10T15:00:38.126691+09:00
20261010,02,戸田,9,20261010-02-09,6,4925,森悠稀,52.0,6.7,0.0,6,.19,0.19,,,False,https://www.boatrace.jp/owpc/pc/race/beforeinfo?hd=20261010&jcd=02&rno=9,2026-10-10T15:00:29.042692+09:00,2026-10-10T15:00:38.126691+09:00
20261010,03,江戸川,1,20261010-03-01,1,3355,橋谷田佳織,40.0,6.47,0.5,1,.25,0.25,,,False,https://www.boatrace.jp/owpc/pc/race/beforeinfo?hd=20261010&jcd=03&rno=1,2026-10-10T13:11:45.830873+09:00,2026-10-10T13:11:56.056167+09:00
20261010,03,江戸川,1,20261010-03-01,2,4275,菅野はやか,50.6,6.49,0.5,2,.35,0.35,,,False,https://www.boatrace.jp/owpc/pc/race/beforeinfo?hd=20261010&jcd=03&rno=1,2026-10-10T13:11:45.830873+09:00,2026-10-10T13:11:56.056167+09:00
20261010,03,江戸川,1,20261010-03-01,3,5327,西田和加,47.5,6.46,0.0,3,.19,0.19,,,False,https://www.boatrace.jp/owpc/pc/race/beforeinfo?hd=20261010&jcd=03&rno=1,2026-10-10T13:11:45.830873+09:00,2026-10-10T13:11:56.056167+09:00
20261010,03,江戸川,1,20261010-03-01,4,4940,白石有美,51.9,6.51,0.0,4,.15,0.15,,,False,https://www.boatrace.jp/owpc/pc/race/beforeinfo?hd=20261010&jcd=03&rno=1,2026-10-10T13:11:45.830873+09:00,2026-10-10T13:11:56.056167+09:00
20261010,03,江戸川,1,20261010-03-01,5,5390,高橋涼夏,47.5,6.51,0.0,5,.20,0.2,,,False,https://www.boatrace.jp/owpc/pc/race/beforeinfo?hd=20261010&jcd=03&rno=1,2026-10-10T13:11:45.830873+09:00,2026-10-10T13:11:56.056167+09:00
20261010,03,江戸川,1,20261010-03-01,6,5447,岡本亜子,50.1,6.43,0.0,6,.23,0.23,,,False,https://www.boatrace.jp/owpc/pc/race/beforeinfo?hd=20261010&jcd=03&rno=1,2026-10-10T13:11:45.830873+09:00,2026-10-10T13:11:56.056167+09:00
20261010,03,江戸川,2,20261010-03-02,1,3528,笠野友紀恵,47.7,6.65,0.0,1,.24,0.24,,,False,https://www.boatrace.jp/owpc/pc/race/beforeinfo?hd=20261010&jcd=03&rno=2,2026-10-10T13:11:52.012315+09:00,2026-10-10T13:12:01.256098+09:00
20261010,03,江戸川,2,20261010-03-02,2,4246,喜多那由夏,47.5,6.71,0.0,2,.13,0.13,,,False,https://www.boatrace.jp/owpc/pc/race/beforeinfo?hd=20261010&jcd=03&rno=2,2026-10-10T13:11:52.012315+09:00,2026-10-10T13:12:01.256098+09:00
20261010,03,江戸川,2,20261010-03-02,3,4286,平田さやか,48.1,6.63,0.0,3,.04,0.04,,,False,https://www.boatrace.jp/owpc/pc/race/beforeinfo?hd=20261010&jcd=03&rno=2,2026-10-10T13:11:52.012315+09:00,2026-10-10T13:12:01.256098+09:00
20261010,03,江戸川,2,20261010-03-02,4,4690,高石梨菜,48.7,6.63,0.0,4,.13,0.13,,,False,https://www.boatrace.jp/owpc/pc/race/beforeinfo?hd=20261010&jcd=03&rno=2,2026-10-10T13:11:52.012315+09:00,2026-10-10T13:12:01.256098+09:00
20261010,03,江戸川,2,20261010-03-02,5,5320,岩崎麗子,47.7,6.67,0.5,5,F.01,-0.01,F,,False,https://www.boatrace.jp/owpc/pc/race/beforeinfo?hd=20261010&jcd=03&rno=2,2026-10-10T13:11:52.012315+09:00,2026-10-10T13:12:01.256098+09:00
20261010,03,江戸川,2,20261010-03-02,6,3357,福島陽子,48.4,6.55,0.5,6,.08,0.08,,,False,https://www.boatrace.jp/owpc/pc/race/beforeinfo?hd=20261010&jcd=03&rno=2,2026-10-10T13:11:52.012315+09:00,2026-10-10T13:12:01.256098+09:00
20261010,03,江戸川,3,20261010-03-03,1,5314,中曽瑠華,51.6,6.8,0.0,1,.13,0.13,,リング×２,False,https://www.boatrace.jp/owpc/pc/race/beforeinfo?hd=20261010&jcd=03&rno=3,2026-10-10T13:11:53.888674+09:00,2026-10-10T13:12:04.149146+09:00
20261010,03,江戸川,3,20261010-03-03,2,5129,山口真喜子,47.0,6.7,0.0,2,.15,0.15,,,False,https://www.boatrace.jp/owpc/pc/race/beforeinfo?hd=20261010&jcd=03&rno=3,2026-10-10T13:11:53.888674+09:00,2026-10-10T13:12:04.149146+09:00
20261010,03,江戸川,3,20261010-03-03,3,4680,後藤美翼,47.0,6.62,0.0,3,.04,0.04,,,False,https://www.boatrace.jp/owpc/pc/race/beforeinfo?hd=20261010&jcd=03&rno=3,2026-10-10T13:11:53.888674+09:00,2026-10-10T13:12:04.149146+09:00
20261010,03,江戸川,3,20261010-03-03,4,4965,福岡泉水,51.5,6.69,0.0,4,.17,0.17,,,False,https://www.boatrace.jp/owpc/pc/race/beforeinfo?hd=20261010&jcd=03&rno=3,2026-10-10T13:11:53.888674+09:00,2026-10-10T13:12:04.149146+09:00
20261010,03,江戸川,3,20261010-03-03,5,4843,深尾巴恵,47.0,6.64,0.0,5,.17,0.17,,,False,https://www.boatrace.jp/owpc/pc/race/beforeinfo?hd=20261010&jcd=03&rno=3,2026-10-10T13:11:53.888674+09:00,2026-10-10T13:12:04.149146+09:00
20261010,03,江戸川,3,20261010-03-03,6,3604,武藤綾子,47.6,6.76,0.5,6,.01,0.01,,,False,https://www.boatrace.jp/owpc/pc/race/beforeinfo?hd=20261010&jcd=03&rno=3,2026-10-10T13:11:53.888674+09:00,2026-10-10T13:12:04.149146+09:00
20261010,03,江戸川,4,20261010-03-04,1,5153,佐藤ほのか,47.4,6.75,0.5,1,.34,0.34,,,False,https://www.boatrace.jp/owpc/pc/race/beforeinfo?hd=20261010&jcd=03&rno=4,2026-10-10T13:11:54.150730+09:00,2026-10-10T13:12:04.440502+09:00
20261010,03,江戸川,4,20261010-03-04,2,4924,中北涼,48.5,6.75,0.0,2,.24,0.24,,,False,https://www.boatrace.jp/owpc/pc/race/beforeinfo?hd=20261010&jcd=03&rno=4,2026-10-10T13:11:54.150730+09:00,2026-10-10T13:12:04.440502+09:00
20261010,03,江戸川,4,20261010-03-04,3,3618,海野ゆかり,45.5,6.8,0.5,3,.09,0.09,,,False,https://www.boatrace.jp/owpc/pc/race/beforeinfo?hd=20261010&jcd=03&rno=4,2026-10-10T13:11:54.150730+09:00,2026-10-10T13:12:04.440502+09:00
20261010,03,江戸川,4,20261010-03-04,4,5117,冨名腰桃奈,45.5,6.78,0.0,4,.17,0.17,,,False,https://www.boatrace.jp/owpc/pc/race/beforeinfo?hd=20261010&jcd=03&rno=4,2026-10-10T13:11:54.150730+09:00,2026-10-10T13:12:04.440502+09:00
20261010,03,江戸川,4,20261010-03-04,5,4891,寺島美里,47.0,6.81,1.0,5,.27,0.27,,,False,https://www.boatrace.jp/owpc/pc/race/beforeinfo?hd=20261010&jcd=03&rno=4,2026-10-10T13:11:54.150730+09:00,2026-10-10T13:12:04.440502+09:00
20261010,03,江戸川,4,20261010-03-04,6,5454,谷島咲希,48.2,6.86,0.0,6,.43,0.43,,,False,https://www.boatrace.jp/owpc/pc/race/beforeinfo?hd=20261010&jcd=03&rno=4,2026-10-10T13:11:54.150730+09:00,2026-10-10T13:12:04.440502+09:00
20261010,03,江戸川,5,20261010-03-05,1,4897,深見亜由美,45.5,6.76,0.0,1,.03,0.03,,,False,https://www.boatrace.jp/owpc/pc/race/beforeinfo?hd=20261010&jcd=03&rno=5,2026-10-10T13:11:56.061006+09:00,2026-10-10T13:12:06.318644+09:00
20261010,03,江戸川,5,20261010-03-05,2,4283,石井裕美,50.3,6.68,1.0,2,F.02,-0.02,F,,False,https://www.boatrace.jp/owpc/pc/race/beforeinfo?hd=20261010&jcd=03&rno=5,2026-10-10T13:11:56.061006+09:00,2026-10-10T13:12:06.318644+09:00
20261010,03,江戸川,5,20261010-03-05,3,4050,田口節子,47.0,6.68,0.5,3,.07,0.07,,,False,https://www.boatrace.jp/owpc/pc/race/beforeinfo?hd=20261010&jcd=03&rno=5,2026-10-10T13:11:56.061006+09:00,2026-10-10T13:12:06.318644+09:00
20261010,03,江戸川,5,20261010-03-05,4,4941,孫崎百世,47.0,6.75,0.5,4,.31,0.31,,,False,https://www.boatrace.jp/owpc/pc/race/beforeinfo?hd=20261010&jcd=03&rno=5,2026-10-10T13:11:56.061006+09:00,2026-10-10T13:12:06.318644+09:00
20261010,03,江戸川,5,20261010-03-05,5,4414,大澤真菜,46.0,6.78,0.0,5,.29,0.29,,,False,https://www.boatrace.jp/owpc/pc/race/beforeinfo?hd=20261010&jcd=03&rno=5,2026-10-10T13:11:56.061006+09:00,2026-10-10T13:12:06.318644+09:00
20261010,03,江戸川,5,20261010-03-05,6,5390,高橋涼夏,47.5,6.84,0.5,6,.43,0.43,,,False,https://www.boatrace.jp/owpc/pc/race/beforeinfo?hd=20261010&jcd=03&rno=5,2026-10-10T13:11:56.061006+09:00,2026-10-10T13:12:06.318644+09:00
20261010,03,江戸川,6,20261010-03-06,1,5365,石村日奈那,46.5,6.74,0.5,1,.24,0.24,,,False,https://www.boatrace.jp/owpc/pc/race/beforeinfo?hd=20261010&jcd=03&rno=6,2026-10-10T14:11:03.019241+09:00,2026-10-10T14:11:12.262170+09:00
20261010,03,江戸川,6,20261010-03-06,2,4208,三浦永理,47.0,6.74,0.0,2,.17,0.17,,,False,https://www.boatrace.jp/owpc/pc/race/beforeinfo?hd=20261010&jcd=03&rno=6,2026-10-10T14:11:03.019241+09:00,2026-10-10T14:11:12.262170+09:00
20261010,03,江戸川,6,20261010-03-06,3,3611,岩崎芳美,47.5,6.73,0.0,3,.21,0.21,,,False,https://www.boatrace.jp/owpc/pc/race/beforeinfo?hd=20261010&jcd=03&rno=6,2026-10-10T14:11:03.019241+09:00,2026-10-10T14:11:12.262170+09:00
20261010,03,江戸川,6,20261010-03-06,4,3355,橋谷田佳織,40.0,6.83,0.5,4,.16,0.16,,,False,https://www.boatrace.jp/owpc/pc/race/beforeinfo?hd=20261010&jcd=03&rno=6,2026-10-10T14:11:03.019241+09:00,2026-10-10T14:11:12.262170+09:00
20261010,03,江戸川,6,20261010-03-06,5,5418,堀内亜海,55.5,6.84,0.0,5,.08,0.08,,,False,https://www.boatrace.jp/owpc/pc/race/beforeinfo?hd=20261010&jcd=03&rno=6,2026-10-10T14:11:03.019241+09:00,2026-10-10T14:11:12.262170+09:00
20261010,03,江戸川,6,20261010-03-06,6,4246,喜多那由夏,47.5,6.94,0.5,6,.24,0.24,,,False,https://www.boatrace.jp/owpc/pc/race/beforeinfo?hd=20261010&jcd=03&rno=6,2026-10-10T14:11:03.019241+09:00,2026-10-10T14:11:12.262170+09:00
20261010,03,江戸川,7,20261010-03-07,1,4627,藤原菜希,47.0,6.86,0.0,1,.21,0.21,,,False,https://www.boatrace.jp/owpc/pc/race/beforeinfo?hd=20261010&jcd=03&rno=7,2026-10-10T14:11:04.054220+09:00,2026-10-10T14:11:12.316168+09:00
20261010,03,江戸川,7,20261010-03-07,2,5320,岩崎麗子,47.7,6.88,0.5,2,.24,0.24,,,False,https://www.boatrace.jp/owpc/pc/race/beforeinfo?hd=20261010&jcd=03&rno=7,2026-10-10T14:11:04.054220+09:00,2026-10-10T14:11:12.316168+09:00
20261010,03,江戸川,7,20261010-03-07,3,4974,安井瑞紀,47.0,6.93,1.0,3,.16,0.16,,,False,https://www.boatrace.jp/owpc/pc/race/beforeinfo?hd=20261010&jcd=03&rno=7,2026-10-10T14:11:04.054220+09:00,2026-10-10T14:11:12.316168+09:00
20261010,03,江戸川,7,20261010-03-07,4,3932,池田浩美,51.2,6.98,1.0,4,.12,0.12,,,False,https://www.boatrace.jp/owpc/pc/race/beforeinfo?hd=20261010&jcd=03&rno=7,2026-10-10T14:11:04.054220+09:00,2026-10-10T14:11:12.316168+09:00
20261010,03,江戸川,7,20261010-03-07,5,4275,菅野はやか,50.6,6.96,0.5,5,.04,0.04,,,False,https://www.boatrace.jp/owpc/pc/race/beforeinfo?hd=20261010&jcd=03&rno=7,2026-10-10T14:11:04.054220+09:00,2026-10-10T14:11:12.316168+09:00
20261010,03,江戸川,7,20261010-03-07,6,5361,植竹玲奈,48.4,7.01,0.5,6,.12,0.12,,,False,https://www.boatrace.jp/owpc/pc/race/beforeinfo?hd=20261010&jcd=03&rno=7,2026-10-10T14:11:04.054220+09:00,2026-10-10T14:11:12.316168+09:00
20261010,06,浜名湖,1,20261010-06-01,1,4918,川島拓郎,52.3,6.65,-0.5,1,.01,0.01,,,False,https://www.boatrace.jp/owpc/pc/race/beforeinfo?hd=20261010&jcd=06&rno=1,2026-10-10T13:11:35.637413+09:00,2026-10-10T13:11:43.866322+09:00
20261010,06,浜名湖,1,20261010-06-01,2,3663,木山和幸,51.0,6.73,0.0,2,.03,0.03,,,False,https://www.boatrace.jp/owpc/pc/race/beforeinfo?hd=20261010&jcd=06&rno=1,2026-10-10T13:11:35.637413+09:00,2026-10-10T13:11:43.866322+09:00
20261010,06,浜名湖,1,20261010-06-01,3,4248,岡本大,54.1,6.68,0.0,3,F.08,-0.08,F,,False,https://www.boatrace.jp/owpc/pc/race/beforeinfo?hd=20261010&jcd=06&rno=1,2026-10-10T13:11:35.637413+09:00,2026-10-10T13:11:43.866322+09:00
20261010,06,浜名湖,1,20261010-06-01,4,4177,萬正嗣,56.1,6.74,-0.5,4,.25,0.25,,,False,https://www.boatrace.jp/owpc/pc/race/beforeinfo?hd=20261010&jcd=06&rno=1,2026-10-10T13:11:35.637413+09:00,2026-10-10T13:11:43.866322+09:00
20261010,06,浜名湖,1,20261010-06-01,5,5319,近藤颯斗,52.0,6.7,-0.5,5,.28,0.28,,,False,https://www.boatrace.jp/owpc/pc/race/beforeinfo?hd=20261010&jcd=06&rno=1,2026-10-10T13:11:35.637413+09:00,2026-10-10T13:11:43.866322+09:00
20261010,06,浜名湖,1,20261010-06-01,6,5349,宮崎奏磨,52.4,6.68,0.0,6,.15,0.15,,,False,https://www.boatrace.jp/owpc/pc/race/beforeinfo?hd=20261010&jcd=06&rno=1,2026-10-10T13:11:35.637413+09:00,2026-10-10T13:11:43.866322+09:00
20261010,06,浜名湖,2,20261010-06-02,1,3850,小川知行,53.3,6.61,0.0,1,.00,0.0,,,False,https://www.boatrace.jp/owpc/pc/race/beforeinfo?hd=20261010&jcd=06&rno=2,2026-10-10T13:11:41.767673+09:00,2026-10-10T13:11:52.007530+09:00
20261010,06,浜名湖,2,20261010-06-02,2,3381,滝沢芳行,53.1,6.61,0.0,2,F.03,-0.03,F,,False,https://www.boatrace.jp/owpc/pc/race/beforeinfo?hd=20261010&jcd=06&rno=2,2026-10-10T13:11:41.767673+09:00,2026-10-10T13:11:52.007530+09:00
20261010,06,浜名湖,2,20261010-06-02,3,4467,渡邉俊介,51.0,6.63,0.0,3,F.01,-0.01,F,,False,https://www.boatrace.jp/owpc/pc/race/beforeinfo?hd=20261010&jcd=06&rno=2,2026-10-10T13:11:41.767673+09:00,2026-10-10T13:11:52.007530+09:00
20261010,06,浜名湖,2,20261010-06-02,4,3161,古場輝義,53.8,6.66,0.0,4,.22,0.22,,,False,https://www.boatrace.jp/owpc/pc/race/beforeinfo?hd=20261010&jcd=06&rno=2,2026-10-10T13:11:41.767673+09:00,2026-10-10T13:11:52.007530+09:00
20261010,06,浜名湖,2,20261010-06-02,5,3508,久富政弘,54.7,6.64,0.0,5,.23,0.23,,,False,https://www.boatrace.jp/owpc/pc/race/beforeinfo?hd=20261010&jcd=06&rno=2,2026-10-10T13:11:41.767673+09:00,2026-10-10T13:11:52.007530+09:00
20261010,06,浜名湖,2,20261010-06-02,6,3305,小野信樹,53.3,6.64,0.0,6,.13,0.13,,,False,https://www.boatrace.jp/owpc/pc/race/beforeinfo?hd=20261010&jcd=06&rno=2,2026-10-10T13:11:41.767673+09:00,2026-10-10T13:11:52.007530+09:00
20261010,06,浜名湖,3,20261010-06-03,1,4562,阪本勇介,53.8,6.65,0.0,1,F.02,-0.02,F,,False,https://www.boatrace.jp/owpc/pc/race/beforeinfo?hd=20261010&jcd=06&rno=3,2026-10-10T13:11:43.636779+09:00,2026-10-10T13:11:53.883861+09:00
20261010,06,浜名湖,3,20261010-06-03,2,4615,板倉敦史,53.6,6.71,-0.5,2,.15,0.15,,,False,https://www.boatrace.jp/owpc/pc/race/beforeinfo?hd=20261010&jcd=06&rno=3,2026-10-10T13:11:43.636779+09:00,2026-10-10T13:11:53.883861+09:00
20261010,06,浜名湖,3,20261010-06-03,3,4171,榎幸司,51.5,6.64,0.0,3,F.03,-0.03,F,,False,https://www.boatrace.jp/owpc/pc/race/beforeinfo?hd=20261010&jcd=06&rno=3,2026-10-10T13:11:43.636779+09:00,2026-10-10T13:11:53.883861+09:00
20261010,06,浜名湖,3,20261010-06-03,4,4471,新田泰章,52.1,6.61,-0.5,4,.06,0.06,,,False,https://www.boatrace.jp/owpc/pc/race/beforeinfo?hd=20261010&jcd=06&rno=3,2026-10-10T13:11:43.636779+09:00,2026-10-10T13:11:53.883861+09:00
20261010,06,浜名湖,3,20261010-06-03,5,4034,西原明生,53.1,6.67,0.0,5,.05,0.05,,,False,https://www.boatrace.jp/owpc/pc/race/beforeinfo?hd=20261010&jcd=06&rno=3,2026-10-10T13:11:43.636779+09:00,2026-10-10T13:11:53.883861+09:00
20261010,06,浜名湖,3,20261010-06-03,6,4896,花本剛,56.7,6.69,0.0,6,.03,0.03,,,False,https://www.boatrace.jp/owpc/pc/race/beforeinfo?hd=20261010&jcd=06&rno=3,2026-10-10T13:11:43.636779+09:00,2026-10-10T13:11:53.883861+09:00
20261010,06,浜名湖,4,20261010-06-04,1,4511,中岡健人,55.4,6.72,-0.5,1,.09,0.09,,,False,https://www.boatrace.jp/owpc/pc/race/beforeinfo?hd=20261010&jcd=06&rno=4,2026-10-10T13:11:43.871145+09:00,2026-10-10T13:11:54.145879+09:00
20261010,06,浜名湖,4,20261010-06-04,2,3885,久田武,52.7,6.7,-0.5,2,.03,0.03,,,False,https://www.boatrace.jp/owpc/pc/race/beforeinfo?hd=20261010&jcd=06&rno=4,2026-10-10T13:11:43.871145+09:00,2026-10-10T13:11:54.145879+09:00
20261010,06,浜名湖,4,20261010-06-04,3,4957,竹之内極,55.2,6.61,0.0,3,.18,0.18,,,False,https://www.boatrace.jp/owpc/pc/race/beforeinfo?hd=20261010&jcd=06&rno=4,2026-10-10T13:11:43.871145+09:00,2026-10-10T13:11:54.145879+09:00
20261010,06,浜名湖,4,20261010-06-04,4,4557,松尾光広,53.6,6.71,-0.5,4,F.02,-0.02,F,,False,https://www.boatrace.jp/owpc/pc/race/beforeinfo?hd=20261010&jcd=06&rno=4,2026-10-10T13:11:43.871145+09:00,2026-10-10T13:11:54.145879+09:00
20261010,06,浜名湖,4,20261010-06-04,5,4201,佐竹友樹,52.6,6.73,0.0,5,F.05,-0.05,F,,False,https://www.boatrace.jp/owpc/pc/race/beforeinfo?hd=20261010&jcd=06&rno=4,2026-10-10T13:11:43.871145+09:00,2026-10-10T13:11:54.145879+09:00
20261010,06,浜名湖,4,20261010-06-04,6,3997,北村征嗣,52.9,6.68,-0.5,6,F.01,-0.01,F,,False,https://www.boatrace.jp/owpc/pc/race/beforeinfo?hd=20261010&jcd=06&rno=4,2026-10-10T13:11:43.871145+09:00,2026-10-10T13:11:54.145879+09:00
20261010,06,浜名湖,5,20261010-06-05,1,4108,吉村正明,50.5,6.63,0.0,1,.10,0.1,,,False,https://www.boatrace.jp/owpc/pc/race/beforeinfo?hd=20261010&jcd=06&rno=5,2026-10-10T14:10:55.812204+09:00,2026-10-10T14:11:04.045387+09:00
20261010,06,浜名湖,5,20261010-06-05,2,4231,鈴木裕隆,54.6,6.56,0.0,2,.09,0.09,,,False,https://www.boatrace.jp/owpc/pc/race/beforeinfo?hd=20261010&jcd=06&rno=5,2026-10-10T14:10:55.812204+09:00,2026-10-10T14:11:04.045387+09:00
20261010,06,浜名湖,5,20261010-06-05,3,3497,後藤浩,52.0,6.71,0.0,3,.24,0.24,,,False,https://www.boatrace.jp/owpc/pc/race/beforeinfo?hd=20261010&jcd=06&rno=5,2026-10-10T14:10:55.812204+09:00,2026-10-10T14:11:04.045387+09:00
20261010,06,浜名湖,5,20261010-06-05,4,3718,伊達正利,55.0,6.71,-0.5,4,.12,0.12,,,False,https://www.boatrace.jp/owpc/pc/race/beforeinfo?hd=20261010&jcd=06&rno=5,2026-10-10T14:10:55.812204+09:00,2026-10-10T14:11:04.045387+09:00
20261010,06,浜名湖,5,20261010-06-05,5,3775,泉啓文,58.2,6.65,0.0,5,.09,0.09,,,False,https://www.boatrace.jp/owpc/pc/race/beforeinfo?hd=20261010&jcd=06&rno=5,2026-10-10T14:10:55.812204+09:00,2026-10-10T14:11:04.045387+09:00
20261010,06,浜名湖,5,20261010-06-05,6,5100,栗原一馬,56.4,6.68,0.0,6,.15,0.15,,,False,https://www.boatrace.jp/owpc/pc/race/beforeinfo?hd=20261010&jcd=06&rno=5,2026-10-10T14:10:55.812204+09:00,2026-10-10T14:11:04.045387+09:00
20261010,06,浜名湖,6,20261010-06-06,1,4270,岸本雄貴,55.7,6.63,0.0,1,.12,0.12,,,False,https://www.boatrace.jp/owpc/pc/race/beforeinfo?hd=20261010&jcd=06&rno=6,2026-10-10T14:10:56.749152+09:00,2026-10-10T14:11:05.982576+09:00
20261010,06,浜名湖,6,20261010-06-06,2,4177,萬正嗣,56.1,6.69,-0.5,2,.11,0.11,,,False,https://www.boatrace.jp/owpc/pc/race/beforeinfo?hd=20261010&jcd=06&rno=6,2026-10-10T14:10:56.749152+09:00,2026-10-10T14:11:05.982576+09:00
20261010,06,浜名湖,6,20261010-06-06,3,5303,土井歩夢,52.0,6.63,-0.5,3,F.01,-0.01,F,,False,https://www.boatrace.jp/owpc/pc/race/beforeinfo?hd=20261010&jcd=06&rno=6,2026-10-10T14:10:56.749152+09:00,2026-10-10T14:11:05.982576+09:00
20261010,06,浜名湖,6,20261010-06-06,4,3681,山谷央,52.0,6.65,0.0,4,.05,0.05,,,False,https://www.boatrace.jp/owpc/pc/race/beforeinfo?hd=20261010&jcd=06&rno=6,2026-10-10T14:10:56.749152+09:00,2026-10-10T14:11:05.982576+09:00
20261010,06,浜名湖,6,20261010-06-06,5,4907,小池修平,52.1,6.58,0.0,5,F.03,-0.03,F,,False,https://www.boatrace.jp/owpc/pc/race/beforeinfo?hd=20261010&jcd=06&rno=6,2026-10-10T14:10:56.749152+09:00,2026-10-10T14:11:05.982576+09:00
20261010,06,浜名湖,6,20261010-06-06,6,5378,鈴木結平太,52.0,6.61,0.0,6,.07,0.07,,,False,https://www.boatrace.jp/owpc/pc/race/beforeinfo?hd=20261010&jcd=06&rno=6,2026-10-10T14:10:56.749152+09:00,2026-10-10T14:11:05.982576+09:00
20261010,06,浜名湖,8,20261010-06-08,1,3284,渡邊伸太郎,53.2,6.63,0.0,1,.05,0.05,,,False,https://www.boatrace.jp/owpc/pc/race/beforeinfo?hd=20261010&jcd=06&rno=8,2026-10-10T15:00:29.032692+09:00,2026-10-10T15:00:39.909449+09:00
20261010,06,浜名湖,8,20261010-06-08,2,5319,近藤颯斗,52.0,6.59,-0.5,2,.08,0.08,,,False,https://www.boatrace.jp/owpc/pc/race/beforeinfo?hd=20261010&jcd=06&rno=8,2026-10-10T15:00:29.032692+09:00,2026-10-10T15:00:39.909449+09:00
20261010,06,浜名湖,8,20261010-06-08,3,4545,岡村慶太,55.4,6.65,0.0,3,.07,0.07,,,False,https://www.boatrace.jp/owpc/pc/race/beforeinfo?hd=20261010&jcd=06&rno=8,2026-10-10T15:00:29.032692+09:00,2026-10-10T15:00:39.909449+09:00
20261010,06,浜名湖,8,20261010-06-08,4,4466,南佑典,51.0,6.74,0.0,4,.21,0.21,,,False,https://www.boatrace.jp/owpc/pc/race/beforeinfo?hd=20261010&jcd=06&rno=8,2026-10-10T15:00:29.032692+09:00,2026-10-10T15:00:39.909449+09:00
20261010,06,浜名湖,8,20261010-06-08,5,4171,榎幸司,51.5,6.63,0.0,5,.03,0.03,,,False,https://www.boatrace.jp/owpc/pc/race/beforeinfo?hd=20261010&jcd=06&rno=8,2026-10-10T15:00:29.032692+09:00,2026-10-10T15:00:39.909449+09:00
20261010,06,浜名湖,8,20261010-06-08,6,3381,滝沢芳行,53.1,6.58,0.0,6,.03,0.03,,,False,https://www.boatrace.jp/owpc/pc/race/beforeinfo?hd=20261010&jcd=06&rno=8,2026-10-10T15:00:29.032692+09:00,2026-10-10T15:00:39.909449+09:00
20261010,08,常滑,1,20261010-08-01,1,4460,後藤翔之,54.4,6.64,0.0,1,.10,0.1,,,False,https://www.boatrace.jp/owpc/pc/race/beforeinfo?hd=20261010&jcd=08&rno=1,2026-10-10T13:11:26.331677+09:00,2026-10-10T13:11:35.595051+09:00
20261010,08,常滑,1,20261010-08-01,2,3814,金子貴志,50.5,6.65,-0.5,2,.20,0.2,,,False,https://www.boatrace.jp/owpc/pc/race/beforeinfo?hd=20261010&jcd=08&rno=1,2026-10-10T13:11:26.331677+09:00,2026-10-10T13:11:35.595051+09:00
20261010,08,常滑,1,20261010-08-01,3,3929,杢野誓良,52.0,6.63,0.0,3,.06,0.06,,,False,https://www.boatrace.jp/owpc/pc/race/beforeinfo?hd=20261010&jcd=08&rno=1,2026-10-10T13:11:26.331677+09:00,2026-10-10T13:11:35.595051+09:00
20261010,08,常滑,1,20261010-08-01,4,4439,近藤友宝,55.0,6.71,0.0,4,.09,0.09,,キャブ,False,https://www.boatrace.jp/owpc/pc/race/beforeinfo?hd=20261010&jcd=08&rno=1,2026-10-10T13:11:26.331677+09:00,2026-10-10T13:11:35.595051+09:00
20261010,08,常滑,1,20261010-08-01,5,4792,杉村賢也,52.0,6.67,0.0,5,.02,0.02,,,False,https://www.boatrace.jp/owpc/pc/race/beforeinfo?hd=20261010&jcd=08&rno=1,2026-10-10T13:11:26.331677+09:00,2026-10-10T13:11:35.595051+09:00
20261010,08,常滑,1,20261010-08-01,6,5341,山道諄也,52.8,6.73,0.0,6,.08,0.08,,,False,https://www.boatrace.jp/owpc/pc/race/beforeinfo?hd=20261010&jcd=08&rno=1,2026-10-10T13:11:26.331677+09:00,2026-10-10T13:11:35.595051+09:00
20261010,08,常滑,2,20261010-08-02,1,5013,山下夏鈴,47.0,6.51,0.0,1,.07,0.07,,リング×２,False,https://www.boatrace.jp/owpc/pc/race/beforeinfo?hd=20261010&jcd=08&rno=2,2026-10-10T13:11:26.369403+09:00,2026-10-10T13:11:35.632620+09:00
20261010,08,常滑,2,20261010-08-02,2,4447,深川麻奈美,48.2,6.58,0.0,2,.14,0.14,,,False,https://www.boatrace.jp/owpc/pc/race/beforeinfo?hd=20261010&jcd=08&rno=2,2026-10-10T13:11:26.369403+09:00,2026-10-10T13:11:35.632620+09:00
20261010,08,常滑,2,20261010-08-02,3,3474,松瀬弘美,46.0,6.67,0.0,3,.07,0.07,,,False,https://www.boatrace.jp/owpc/pc/race/beforeinfo?hd=20261010&jcd=08&rno=2,2026-10-10T13:11:26.369403+09:00,2026-10-10T13:11:35.632620+09:00
20261010,08,常滑,2,20261010-08-02,4,5415,阿部未侑,49.6,6.63,0.0,4,F.12,-0.12,F,,False,https://www.boatrace.jp/owpc/pc/race/beforeinfo?hd=20261010&jcd=08&rno=2,2026-10-10T13:11:26.369403+09:00,2026-10-10T13:11:35.632620+09:00
20261010,08,常滑,2,20261010-08-02,5,4589,塩崎桐加,48.7,6.57,0.0,5,F.06,-0.06,F,,False,https://www.boatrace.jp/owpc/pc/race/beforeinfo?hd=20261010&jcd=08&rno=2,2026-10-10T13:11:26.369403+09:00,2026-10-10T13:11:35.632620+09:00
20261010,08,常滑,2,20261010-08-02,6,4117,廣中智紗衣,46.0,6.65,0.0,6,F.11,-0.11,F,,False,https://www.boatrace.jp/owpc/pc/race/beforeinfo?hd=20261010&jcd=08&rno=2,2026-10-10T13:11:26.369403+09:00,2026-10-10T13:11:35.632620+09:00
20261010,08,常滑,3,20261010-08-03,1,3502,渡邉英児,52.4,6.65,0.0,1,.10,0.1,,,False,https://www.boatrace.jp/owpc/pc/race/beforeinfo?hd=20261010&jcd=08&rno=3,2026-10-10T13:11:32.516403+09:00,2026-10-10T13:11:41.762889+09:00
20261010,08,常滑,3,20261010-08-03,2,4552,杉山勝匡,51.5,6.66,0.0,2,.11,0.11,,,False,https://www.boatrace.jp/owpc/pc/race/beforeinfo?hd=20261010&jcd=08&rno=3,2026-10-10T13:11:32.516403+09:00,2026-10-10T13:11:41.762889+09:00
20261010,08,常滑,3,20261010-08-03,3,5321,一色颯輝,53.3,6.62,-0.5,3,.00,0.0,,,False,https://www.boatrace.jp/owpc/pc/race/beforeinfo?hd=20261010&jcd=08&rno=3,2026-10-10T13:11:32.516403+09:00,2026-10-10T13:11:41.762889+09:00
20261010,08,常滑,3,20261010-08-03,4,3761,山本光雄,52.6,6.62,0.0,4,.01,0.01,,,False,https://www.boatrace.jp/owpc/pc/race/beforeinfo?hd=20261010&jcd=08&rno=3,2026-10-10T13:11:32.516403+09:00,2026-10-10T13:11:41.762889+09:00
20261010,08,常滑,3,20261010-08-03,5,4063,市橋卓士,52.4,6.72,-0.5,5,.03,0.03,,,False,https://www.boatrace.jp/owpc/pc/race/beforeinfo?hd=20261010&jcd=08&rno=3,2026-10-10T13:11:32.516403+09:00,2026-10-10T13:11:41.762889+09:00
20261010,08,常滑,3,20261010-08-03,6,5465,直江健成,53.9,6.67,-0.5,6,.09,0.09,,,False,https://www.boatrace.jp/owpc/pc/race/beforeinfo?hd=20261010&jcd=08&rno=3,2026-10-10T13:11:32.516403+09:00,2026-10-10T13:11:41.762889+09:00
20261010,08,常滑,4,20261010-08-04,1,5239,上野俊樹,52.0,6.58,0.5,1,.14,0.14,,,False,https://www.boatrace.jp/owpc/pc/race/beforeinfo?hd=20261010&jcd=08&rno=4,2026-10-10T13:11:33.396675+09:00,2026-10-10T13:11:43.631936+09:00
20261010,08,常滑,4,20261010-08-04,2,4624,高田明,52.0,6.66,0.0,2,.11,0.11,,,False,https://www.boatrace.jp/owpc/pc/race/beforeinfo?hd=20261010&jcd=08&rno=4,2026-10-10T13:11:33.396675+09:00,2026-10-10T13:11:43.631936+09:00
20261010,08,常滑,4,20261010-08-04,3,3933,山地正樹,52.0,6.7,-0.5,3,.14,0.14,,リング×２,False,https://www.boatrace.jp/owpc/pc/race/beforeinfo?hd=20261010&jcd=08&rno=4,2026-10-10T13:11:33.396675+09:00,2026-10-10T13:11:43.631936+09:00
20261010,08,常滑,4,20261010-08-04,4,4202,浮田圭浩,54.2,6.69,0.0,4,.17,0.17,,,False,https://www.boatrace.jp/owpc/pc/race/beforeinfo?hd=20261010&jcd=08&rno=4,2026-10-10T13:11:33.396675+09:00,2026-10-10T13:11:43.631936+09:00
20261010,08,常滑,4,20261010-08-04,5,4430,永田秀二,55.8,6.65,0.0,5,.09,0.09,,,False,https://www.boatrace.jp/owpc/pc/race/beforeinfo?hd=20261010&jcd=08&rno=4,2026-10-10T13:11:33.396675+09:00,2026-10-10T13:11:43.631936+09:00
20261010,08,常滑,4,20261010-08-04,6,4706,三浦洋次朗,51.0,6.71,0.0,6,.31,0.31,,,False,https://www.boatrace.jp/owpc/pc/race/beforeinfo?hd=20261010&jcd=08&rno=4,2026-10-10T13:11:33.396675+09:00,2026-10-10T13:11:43.631936+09:00
20261010,08,常滑,5,20261010-08-05,1,4369,丹下将,55.6,6.68,0.0,1,.12,0.12,,,False,https://www.boatrace.jp/owpc/pc/race/beforeinfo?hd=20261010&jcd=08&rno=5,2026-10-10T13:11:35.600123+09:00,2026-10-10T13:11:45.826008+09:00
20261010,08,常滑,5,20261010-08-05,2,4288,永田啓二,52.4,6.67,0.5,2,.17,0.17,,,False,https://www.boatrace.jp/owpc/pc/race/beforeinfo?hd=20261010&jcd=08&rno=5,2026-10-10T13:11:35.600123+09:00,2026-10-10T13:11:45.826008+09:00
20261010,08,常滑,5,20261010-08-05,3,3544,豊田訓靖,52.0,6.71,0.0,3,.17,0.17,,,False,https://www.boatrace.jp/owpc/pc/race/beforeinfo?hd=20261010&jcd=08&rno=5,2026-10-10T13:11:35.600123+09:00,2026-10-10T13:11:45.826008+09:00
20261010,08,常滑,5,20261010-08-05,4,5436,市川瑚幸,46.5,6.62,-0.5,4,.03,0.03,,,False,https://www.boatrace.jp/owpc/pc/race/beforeinfo?hd=20261010&jcd=08&rno=5,2026-10-10T13:11:35.600123+09:00,2026-10-10T13:11:45.826008+09:00
20261010,08,常滑,5,20261010-08-05,5,5331,佐藤永梧,54.3,6.63,-0.5,5,.06,0.06,,,False,https://www.boatrace.jp/owpc/pc/race/beforeinfo?hd=20261010&jcd=08&rno=5,2026-10-10T13:11:35.600123+09:00,2026-10-10T13:11:45.826008+09:00
20261010,08,常滑,5,20261010-08-05,6,3841,佐々木和伸,54.2,6.62,0.0,6,.09,0.09,,,False,https://www.boatrace.jp/owpc/pc/race/beforeinfo?hd=20261010&jcd=08&rno=5,2026-10-10T13:11:35.600123+09:00,2026-10-10T13:11:45.826008+09:00
20261010,08,常滑,7,20261010-08-07,1,3436,柏野幸二,51.0,6.67,0.0,1,F.16,-0.16,F,,False,https://www.boatrace.jp/owpc/pc/race/beforeinfo?hd=20261010&jcd=08&rno=7,2026-10-10T14:10:53.799374+09:00,2026-10-10T14:11:04.069283+09:00
20261010,08,常滑,7,20261010-08-07,2,5321,一色颯輝,53.3,6.65,-0.5,3,.06,0.06,,,False,https://www.boatrace.jp/owpc/pc/race/beforeinfo?hd=20261010&jcd=08&rno=7,2026-10-10T14:10:53.799374+09:00,2026-10-10T14:11:04.069283+09:00
20261010,08,常滑,7,20261010-08-07,3,4103,山崎善庸,53.6,6.76,-0.5,4,.05,0.05,,,False,https://www.boatrace.jp/owpc/pc/race/beforeinfo?hd=20261010&jcd=08&rno=7,2026-10-10T14:10:53.799374+09:00,2026-10-10T14:11:04.069283+09:00
20261010,08,常滑,7,20261010-08-07,4,4105,松下直也,53.1,6.71,-0.5,2,F.02,-0.02,F,,False,https://www.boatrace.jp/owpc/pc/race/beforeinfo?hd=20261010&jcd=08&rno=7,2026-10-10T14:10:53.799374+09:00,2026-10-10T14:11:04.069283+09:00
20261010,08,常滑,7,20261010-08-07,5,3814,金子貴志,50.5,6.72,-0.5,5,.04,0.04,,,False,https://www.boatrace.jp/owpc/pc/race/beforeinfo?hd=20261010&jcd=08&rno=7,2026-10-10T14:10:53.799374+09:00,2026-10-10T14:11:04.069283+09:00
20261010,08,常滑,7,20261010-08-07,6,4295,小坂尚哉,52.0,6.68,-0.5,6,.12,0.12,,,False,https://www.boatrace.jp/owpc/pc/race/beforeinfo?hd=20261010&jcd=08&rno=7,2026-10-10T14:10:53.799374+09:00,2026-10-10T14:11:04.069283+09:00
20261010,08,常滑,8,20261010-08-08,1,3458,東健介,53.8,6.68,-0.5,1,.32,0.32,,,False,https://www.boatrace.jp/owpc/pc/race/beforeinfo?hd=20261010&jcd=08&rno=8,2026-10-10T14:10:54.788516+09:00,2026-10-10T14:11:03.015810+09:00
20261010,08,常滑,8,20261010-08-08,2,4792,杉村賢也,52.0,6.66,0.0,2,.34,0.34,,,False,https://www.boatrace.jp/owpc/pc/race/beforeinfo?hd=20261010&jcd=08&rno=8,2026-10-10T14:10:54.788516+09:00,2026-10-10T14:11:03.015810+09:00
20261010,08,常滑,8,20261010-08-08,3,4117,廣中智紗衣,46.0,6.65,0.0,3,.27,0.27,,,False,https://www.boatrace.jp/owpc/pc/race/beforeinfo?hd=20261010&jcd=08&rno=8,2026-10-10T14:10:54.788516+09:00,2026-10-10T14:11:03.015810+09:00
20261010,08,常滑,8,20261010-08-08,4,4785,木幡純也,52.3,6.7,0.0,4,.17,0.17,,,False,https://www.boatrace.jp/owpc/pc/race/beforeinfo?hd=20261010&jcd=08&rno=8,2026-10-10T14:10:54.788516+09:00,2026-10-10T14:11:03.015810+09:00
20261010,08,常滑,8,20261010-08-08,5,3642,大塚浩二,52.1,6.7,-0.5,5,.08,0.08,,,False,https://www.boatrace.jp/owpc/pc/race/beforeinfo?hd=20261010&jcd=08&rno=8,2026-10-10T14:10:54.788516+09:00,2026-10-10T14:11:03.015810+09:00
20261010,08,常滑,8,20261010-08-08,6,4236,松村敏,53.7,6.66,0.0,6,.06,0.06,,,False,https://www.boatrace.jp/owpc/pc/race/beforeinfo?hd=20261010&jcd=08&rno=8,2026-10-10T14:10:54.788516+09:00,2026-10-10T14:11:03.015810+09:00
20261010,09,津,1,20261010-09-01,1,4804,高田ひかる,48.1,6.67,0.0,1,F.01,-0.01,F,,False,https://www.boatrace.jp/owpc/pc/race/beforeinfo?hd=20261010&jcd=09&rno=1,2026-10-10T13:11:14.015344+09:00,2026-10-10T13:11:22.244317+09:00
20261010,09,津,1,20261010-09-01,2,4819,蜂須瑞生,47.0,6.77,-0.5,2,.05,0.05,,,False,https://www.boatrace.jp/owpc/pc/race/beforeinfo?hd=20261010&jcd=09&rno=1,2026-10-10T13:11:14.015344+09:00,2026-10-10T13:11:22.244317+09:00
20261010,09,津,1,20261010-09-01,3,5218,山田理央,46.0,6.75,-0.5,3,.15,0.15,,,False,https://www.boatrace.jp/owpc/pc/race/beforeinfo?hd=20261010&jcd=09&rno=1,2026-10-10T13:11:14.015344+09:00,2026-10-10T13:11:22.244317+09:00
20261010,09,津,1,20261010-09-01,4,5195,北村寧々,48.3,6.81,0.0,4,.29,0.29,,,False,https://www.boatrace.jp/owpc/pc/race/beforeinfo?hd=20261010&jcd=09&rno=1,2026-10-10T13:11:14.015344+09:00,2026-10-10T13:11:22.244317+09:00
20261010,09,津,1,20261010-09-01,5,4823,中村桃佳,45.0,6.82,-0.5,5,F.02,-0.02,F,,False,https://www.boatrace.jp/owpc/pc/race/beforeinfo?hd=20261010&jcd=09&rno=1,2026-10-10T13:11:14.015344+09:00,2026-10-10T13:11:22.244317+09:00
20261010,09,津,1,20261010-09-01,6,4938,小芦るり華,47.4,6.75,-0.5,6,F.09,-0.09,F,,False,https://www.boatrace.jp/owpc/pc/race/beforeinfo?hd=20261010&jcd=09&rno=1,2026-10-10T13:11:14.015344+09:00,2026-10-10T13:11:22.244317+09:00
20261010,09,津,2,20261010-09-02,1,5299,西丸敦基,52.6,6.8,-0.5,1,.03,0.03,,,False,https://www.boatrace.jp/owpc/pc/race/beforeinfo?hd=20261010&jcd=09&rno=2,2026-10-10T13:11:16.062545+09:00,2026-10-10T13:11:26.326761+09:00
20261010,09,津,2,20261010-09-02,2,4960,黒野元基,52.0,6.74,-0.5,2,.02,0.02,,,False,https://www.boatrace.jp/owpc/pc/race/beforeinfo?hd=20261010&jcd=09&rno=2,2026-10-10T13:11:16.062545+09:00,2026-10-10T13:11:26.326761+09:00
20261010,09,津,2,20261010-09-02,3,3489,大場敏,52.2,6.77,0.0,3,.02,0.02,,,False,https://www.boatrace.jp/owpc/pc/race/beforeinfo?hd=20261010&jcd=09&rno=2,2026-10-10T13:11:16.062545+09:00,2026-10-10T13:11:26.326761+09:00
20261010,09,津,2,20261010-09-02,4,3984,坂口周,53.0,6.8,0.0,4,.09,0.09,,,False,https://www.boatrace.jp/owpc/pc/race/beforeinfo?hd=20261010&jcd=09&rno=2,2026-10-10T13:11:16.062545+09:00,2026-10-10T13:11:26.326761+09:00
20261010,09,津,2,20261010-09-02,5,5121,定松勇樹,52.7,6.74,0.0,5,.10,0.1,,,False,https://www.boatrace.jp/owpc/pc/race/beforeinfo?hd=20261010&jcd=09&rno=2,2026-10-10T13:11:16.062545+09:00,2026-10-10T13:11:26.326761+09:00
20261010,09,津,2,20261010-09-02,6,3319,山崎義明,52.0,6.75,0.0,6,.01,0.01,,,False,https://www.boatrace.jp/owpc/pc/race/beforeinfo?hd=20261010&jcd=09&rno=2,2026-10-10T13:11:16.062545+09:00,2026-10-10T13:11:26.326761+09:00
20261010,09,津,3,20261010-09-03,1,4352,下條雄太郎,52.3,6.68,0.0,1,.07,0.07,,,False,https://www.boatrace.jp/owpc/pc/race/beforeinfo?hd=20261010&jcd=09&rno=3,2026-10-10T13:11:16.100857+09:00,2026-10-10T13:11:26.364630+09:00
20261010,09,津,3,20261010-09-03,2,3909,佐々木康幸,56.2,6.73,0.0,2,.05,0.05,,,False,https://www.boatrace.jp/owpc/pc/race/beforeinfo?hd=20261010&jcd=09&rno=3,2026-10-10T13:11:16.100857+09:00,2026-10-10T13:11:26.364630+09:00
20261010,09,津,3,20261010-09-03,3,4000,松本博昭,56.8,6.72,-0.5,3,F.06,-0.06,F,,False,https://www.boatrace.jp/owpc/pc/race/beforeinfo?hd=20261010&jcd=09&rno=3,2026-10-10T13:11:16.100857+09:00,2026-10-10T13:11:26.364630+09:00
20261010,09,津,3,20261010-09-03,4,4278,藤岡俊介,52.0,6.72,0.0,4,F.11,-0.11,F,,False,https://www.boatrace.jp/owpc/pc/race/beforeinfo?hd=20261010&jcd=09&rno=3,2026-10-10T13:11:16.100857+09:00,2026-10-10T13:11:26.364630+09:00
20261010,09,津,3,20261010-09-03,5,4441,末永由楽,53.2,6.74,0.0,5,.15,0.15,,,False,https://www.boatrace.jp/owpc/pc/race/beforeinfo?hd=20261010&jcd=09&rno=3,2026-10-10T13:11:16.100857+09:00,2026-10-10T13:11:26.364630+09:00
20261010,09,津,3,20261010-09-03,6,4850,野中一平,52.4,6.79,0.0,6,.02,0.02,,,False,https://www.boatrace.jp/owpc/pc/race/beforeinfo?hd=20261010&jcd=09&rno=3,2026-10-10T13:11:16.100857+09:00,2026-10-10T13:11:26.364630+09:00
20261010,09,津,4,20261010-09-04,1,4685,島村隆幸,51.5,6.76,0.0,1,.04,0.04,,,False,https://www.boatrace.jp/owpc/pc/race/beforeinfo?hd=20261010&jcd=09&rno=4,2026-10-10T13:11:22.249198+09:00,2026-10-10T13:11:32.511603+09:00
20261010,09,津,4,20261010-09-04,2,5002,上田健太,52.0,6.79,-0.5,2,F.02,-0.02,F,,False,https://www.boatrace.jp/owpc/pc/race/beforeinfo?hd=20261010&jcd=09&rno=4,2026-10-10T13:11:22.249198+09:00,2026-10-10T13:11:32.511603+09:00
20261010,09,津,4,20261010-09-04,3,4172,森定晃史,52.0,6.84,0.0,3,.01,0.01,,,False,https://www.boatrace.jp/owpc/pc/race/beforeinfo?hd=20261010&jcd=09&rno=4,2026-10-10T13:11:22.249198+09:00,2026-10-10T13:11:32.511603+09:00
20261010,09,津,4,20261010-09-04,4,4459,片岡雅裕,52.0,6.82,-0.5,4,.13,0.13,,,False,https://www.boatrace.jp/owpc/pc/race/beforeinfo?hd=20261010&jcd=09&rno=4,2026-10-10T13:11:22.249198+09:00,2026-10-10T13:11:32.511603+09:00
20261010,09,津,4,20261010-09-04,5,4371,西山貴浩,53.3,6.84,-0.5,5,.15,0.15,,,False,https://www.boatrace.jp/owpc/pc/race/beforeinfo?hd=20261010&jcd=09&rno=4,2026-10-10T13:11:22.249198+09:00,2026-10-10T13:11:32.511603+09:00
20261010,09,津,4,20261010-09-04,6,4787,椎名豊,52.1,6.75,0.0,6,.04,0.04,,,False,https://www.boatrace.jp/owpc/pc/race/beforeinfo?hd=20261010&jcd=09&rno=4,2026-10-10T13:11:22.249198+09:00,2026-10-10T13:11:32.511603+09:00
20261010,09,津,5,20261010-09-05,1,4373,若狭奈美子,46.5,6.78,-0.5,1,F.04,-0.04,F,,False,https://www.boatrace.jp/owpc/pc/race/beforeinfo?hd=20261010&jcd=09&rno=5,2026-10-10T13:11:24.157384+09:00,2026-10-10T13:11:33.391860+09:00
20261010,09,津,5,20261010-09-05,2,4389,伊藤喜智,52.0,6.81,0.0,2,.01,0.01,,,False,https://www.boatrace.jp/owpc/pc/race/beforeinfo?hd=20261010&jcd=09&rno=5,2026-10-10T13:11:24.157384+09:00,2026-10-10T13:11:33.391860+09:00
20261010,09,津,5,20261010-09-05,3,4428,有賀達也,52.0,6.83,0.0,3,F.06,-0.06,F,,False,https://www.boatrace.jp/owpc/pc/race/beforeinfo?hd=20261010&jcd=09&rno=5,2026-10-10T13:11:24.157384+09:00,2026-10-10T13:11:33.391860+09:00
20261010,09,津,5,20261010-09-05,4,4659,木下翔太,52.8,6.84,-0.5,4,.07,0.07,,,False,https://www.boatrace.jp/owpc/pc/race/beforeinfo?hd=20261010&jcd=09&rno=5,2026-10-10T13:11:24.157384+09:00,2026-10-10T13:11:33.391860+09:00
20261010,09,津,5,20261010-09-05,5,5256,中山翔太,52.7,6.71,0.0,5,F.06,-0.06,F,,False,https://www.boatrace.jp/owpc/pc/race/beforeinfo?hd=20261010&jcd=09&rno=5,2026-10-10T13:11:24.157384+09:00,2026-10-10T13:11:33.391860+09:00
20261010,09,津,5,20261010-09-05,6,4118,宇佐見淳,52.0,6.8,0.0,6,F.04,-0.04,F,,False,https://www.boatrace.jp/owpc/pc/race/beforeinfo?hd=20261010&jcd=09&rno=5,2026-10-10T13:11:24.157384+09:00,2026-10-10T13:11:33.391860+09:00
20261010,09,津,7,20261010-09-07,1,5010,宇留田翔平,53.2,6.84,0.0,1,.12,0.12,,,False,https://www.boatrace.jp/owpc/pc/race/beforeinfo?hd=20261010&jcd=09&rno=7,2026-10-10T14:10:46.518555+09:00,2026-10-10T14:10:56.745731+09:00
20261010,09,津,7,20261010-09-07,2,5121,定松勇樹,52.7,6.82,0.0,2,.06,0.06,,,False,https://www.boatrace.jp/owpc/pc/race/beforeinfo?hd=20261010&jcd=09&rno=7,2026-10-10T14:10:46.518555+09:00,2026-10-10T14:10:56.745731+09:00
20261010,09,津,7,20261010-09-07,3,4086,寺本重宣,50.0,6.75,-0.5,3,.02,0.02,,,False,https://www.boatrace.jp/owpc/pc/race/beforeinfo?hd=20261010&jcd=09&rno=7,2026-10-10T14:10:46.518555+09:00,2026-10-10T14:10:56.745731+09:00
20261010,09,津,7,20261010-09-07,4,3822,平尾崇典,49.5,6.73,0.0,4,.05,0.05,,,False,https://www.boatrace.jp/owpc/pc/race/beforeinfo?hd=20261010&jcd=09&rno=7,2026-10-10T14:10:46.518555+09:00,2026-10-10T14:10:56.745731+09:00
20261010,09,津,7,20261010-09-07,5,4497,桑原悠,52.1,6.82,0.0,5,.04,0.04,,,False,https://www.boatrace.jp/owpc/pc/race/beforeinfo?hd=20261010&jcd=09&rno=7,2026-10-10T14:10:46.518555+09:00,2026-10-10T14:10:56.745731+09:00
20261010,09,津,7,20261010-09-07,6,4579,中嶋健一郎,52.1,6.78,0.0,6,.08,0.08,,リング×２,False,https://www.boatrace.jp/owpc/pc/race/beforeinfo?hd=20261010&jcd=09&rno=7,2026-10-10T14:10:46.518555+09:00,2026-10-10T14:10:56.745731+09:00
20261010,09,津,8,20261010-09-08,1,3319,山崎義明,52.0,6.77,-0.5,1,.26,0.26,,,False,https://www.boatrace.jp/owpc/pc/race/beforeinfo?hd=20261010&jcd=09&rno=8,2026-10-10T14:10:46.547852+09:00,2026-10-10T14:10:54.785117+09:00
20261010,09,津,8,20261010-09-08,2,4441,末永由楽,53.2,6.78,0.0,2,.10,0.1,,,False,https://www.boatrace.jp/owpc/pc/race/beforeinfo?hd=20261010&jcd=09&rno=8,2026-10-10T14:10:46.547852+09:00,2026-10-10T14:10:54.785117+09:00
20261010,09,津,8,20261010-09-08,3,4278,藤岡俊介,52.0,6.79,-0.5,3,.30,0.3,,,False,https://www.boatrace.jp/owpc/pc/race/beforeinfo?hd=20261010&jcd=09&rno=8,2026-10-10T14:10:46.547852+09:00,2026-10-10T14:10:54.785117+09:00
20261010,09,津,8,20261010-09-08,4,4645,上村純一,52.0,6.72,0.0,4,.10,0.1,,,False,https://www.boatrace.jp/owpc/pc/race/beforeinfo?hd=20261010&jcd=09&rno=8,2026-10-10T14:10:46.547852+09:00,2026-10-10T14:10:54.785117+09:00
20261010,09,津,8,20261010-09-08,5,4960,黒野元基,52.0,6.78,-0.5,5,.07,0.07,,,False,https://www.boatrace.jp/owpc/pc/race/beforeinfo?hd=20261010&jcd=09&rno=8,2026-10-10T14:10:46.547852+09:00,2026-10-10T14:10:54.785117+09:00
20261010,09,津,8,20261010-09-08,6,4330,奈須啓太,52.0,6.77,0.0,6,.16,0.16,,,False,https://www.boatrace.jp/owpc/pc/race/beforeinfo?hd=20261010&jcd=09&rno=8,2026-10-10T14:10:46.547852+09:00,2026-10-10T14:10:54.785117+09:00
20261010,16,児島,1,20261010-16-01,1,4553,坪口竜也,52.3,6.78,-0.5,1,.19,0.19,,,False,https://www.boatrace.jp/owpc/pc/race/beforeinfo?hd=20261010&jcd=16&rno=1,2026-10-10T13:11:05.735777+09:00,2026-10-10T13:11:14.010559+09:00
20261010,16,児島,1,20261010-16-01,2,4580,長谷川雅和,52.5,6.84,0.0,2,.25,0.25,,,False,https://www.boatrace.jp/owpc/pc/race/beforeinfo?hd=20261010&jcd=16&rno=1,2026-10-10T13:11:05.735777+09:00,2026-10-10T13:11:14.010559+09:00
20261010,16,児島,1,20261010-16-01,3,3893,汐崎正則,52.1,6.85,0.0,3,.18,0.18,,リング×２,False,https://www.boatrace.jp/owpc/pc/race/beforeinfo?hd=20261010&jcd=16&rno=1,2026-10-10T13:11:05.735777+09:00,2026-10-10T13:11:14.010559+09:00
20261010,16,児島,1,20261010-16-01,4,3953,志道吉和,52.0,6.81,-0.5,4,.04,0.04,,,False,https://www.boatrace.jp/owpc/pc/race/beforeinfo?hd=20261010&jcd=16&rno=1,2026-10-10T13:11:05.735777+09:00,2026-10-10T13:11:14.010559+09:00
20261010,16,児島,1,20261010-16-01,5,5070,中島航,53.3,6.89,-0.5,5,.10,0.1,,,False,https://www.boatrace.jp/owpc/pc/race/beforeinfo?hd=20261010&jcd=16&rno=1,2026-10-10T13:11:05.735777+09:00,2026-10-10T13:11:14.010559+09:00
20261010,16,児島,1,20261010-16-01,6,4485,楠原正剛,54.8,6.9,-0.5,6,.10,0.1,,,False,https://www.boatrace.jp/owpc/pc/race/beforeinfo?hd=20261010&jcd=16&rno=1,2026-10-10T13:11:05.735777+09:00,2026-10-10T13:11:14.010559+09:00
20261010,16,児島,2,20261010-16-02,1,3839,川合理司,64.0,6.9,-0.5,1,.12,0.12,,,False,https://www.boatrace.jp/owpc/pc/race/beforeinfo?hd=20261010&jcd=16&rno=2,2026-10-10T13:11:05.825125+09:00,2026-10-10T13:11:16.096020+09:00
20261010,16,児島,2,20261010-16-02,2,4277,金田大輔,50.5,6.69,0.0,2,.11,0.11,,,False,https://www.boatrace.jp/owpc/pc/race/beforeinfo?hd=20261010&jcd=16&rno=2,2026-10-10T13:11:05.825125+09:00,2026-10-10T13:11:16.096020+09:00
20261010,16,児島,2,20261010-16-02,3,4259,真庭明志,52.0,6.76,-0.5,3,.12,0.12,,,False,https://www.boatrace.jp/owpc/pc/race/beforeinfo?hd=20261010&jcd=16&rno=2,2026-10-10T13:11:05.825125+09:00,2026-10-10T13:11:16.096020+09:00
20261010,16,児島,2,20261010-16-02,4,4128,川口貴久,54.3,6.86,-0.5,4,.03,0.03,,,False,https://www.boatrace.jp/owpc/pc/race/beforeinfo?hd=20261010&jcd=16&rno=2,2026-10-10T13:11:05.825125+09:00,2026-10-10T13:11:16.096020+09:00
20261010,16,児島,2,20261010-16-02,5,3906,飯山晃三,61.1,6.81,-0.5,5,.15,0.15,,,False,https://www.boatrace.jp/owpc/pc/race/beforeinfo?hd=20261010&jcd=16&rno=2,2026-10-10T13:11:05.825125+09:00,2026-10-10T13:11:16.096020+09:00
20261010,16,児島,2,20261010-16-02,6,5426,甲斐貴大,52.5,6.81,0.0,6,.17,0.17,,,False,https://www.boatrace.jp/owpc/pc/race/beforeinfo?hd=20261010&jcd=16&rno=2,2026-10-10T13:11:05.825125+09:00,2026-10-10T13:11:16.096020+09:00
20261010,16,児島,3,20261010-16-03,1,3812,山崎聖司,52.0,6.77,-0.5,1,F.01,-0.01,F,,False,https://www.boatrace.jp/owpc/pc/race/beforeinfo?hd=20261010&jcd=16&rno=3,2026-10-10T13:11:07.797303+09:00,2026-10-10T13:11:16.057616+09:00
20261010,16,児島,3,20261010-16-03,2,3746,岡瀬正人,52.0,6.83,0.0,2,.03,0.03,,,False,https://www.boatrace.jp/owpc/pc/race/beforeinfo?hd=20261010&jcd=16&rno=3,2026-10-10T13:11:07.797303+09:00,2026-10-10T13:11:16.057616+09:00
20261010,16,児島,3,20261010-16-03,3,4348,宮崎奨,53.8,6.77,-0.5,3,.20,0.2,,,False,https://www.boatrace.jp/owpc/pc/race/beforeinfo?hd=20261010&jcd=16&rno=3,2026-10-10T13:11:07.797303+09:00,2026-10-10T13:11:16.057616+09:00
20261010,16,児島,3,20261010-16-03,4,3873,別府昌樹,54.6,6.89,-0.5,4,.06,0.06,,,False,https://www.boatrace.jp/owpc/pc/race/beforeinfo?hd=20261010&jcd=16&rno=3,2026-10-10T13:11:07.797303+09:00,2026-10-10T13:11:16.057616+09:00
20261010,16,児島,3,20261010-16-03,5,4006,小野勇作,51.5,6.81,-0.5,5,.05,0.05,,,False,https://www.boatrace.jp/owpc/pc/race/beforeinfo?hd=20261010&jcd=16&rno=3,2026-10-10T13:11:07.797303+09:00,2026-10-10T13:11:16.057616+09:00
20261010,16,児島,3,20261010-16-03,6,3075,中村裕将,55.7,6.88,-0.5,6,.00,0.0,,,False,https://www.boatrace.jp/owpc/pc/race/beforeinfo?hd=20261010&jcd=16&rno=3,2026-10-10T13:11:07.797303+09:00,2026-10-10T13:11:16.057616+09:00
20261010,16,児島,4,20261010-16-04,1,3748,小黒竜吾,55.8,6.77,0.0,3,.21,0.21,,,False,https://www.boatrace.jp/owpc/pc/race/beforeinfo?hd=20261010&jcd=16&rno=4,2026-10-10T13:11:13.925315+09:00,2026-10-10T13:11:24.152478+09:00
20261010,16,児島,4,20261010-16-04,2,4583,古田祐貴,52.0,6.76,-0.5,1,.18,0.18,,,False,https://www.boatrace.jp/owpc/pc/race/beforeinfo?hd=20261010&jcd=16&rno=4,2026-10-10T13:11:13.925315+09:00,2026-10-10T13:11:24.152478+09:00
20261010,16,児島,4,20261010-16-04,3,4872,山下流心,53.7,6.9,-0.5,4,.11,0.11,,,False,https://www.boatrace.jp/owpc/pc/race/beforeinfo?hd=20261010&jcd=16&rno=4,2026-10-10T13:11:13.925315+09:00,2026-10-10T13:11:24.152478+09:00
20261010,16,児島,4,20261010-16-04,4,4958,溝口海義也,54.1,6.83,0.0,5,.10,0.1,,,False,https://www.boatrace.jp/owpc/pc/race/beforeinfo?hd=20261010&jcd=16&rno=4,2026-10-10T13:11:13.925315+09:00,2026-10-10T13:11:24.152478+09:00
20261010,16,児島,4,20261010-16-04,5,3542,清水紀克,55.3,6.86,-0.5,2,.18,0.18,,,False,https://www.boatrace.jp/owpc/pc/race/beforeinfo?hd=20261010&jcd=16&rno=4,2026-10-10T13:11:13.925315+09:00,2026-10-10T13:11:24.152478+09:00
20261010,16,児島,4,20261010-16-04,6,5096,上原崚,52.0,6.91,-0.5,6,.13,0.13,,リング×２,False,https://www.boatrace.jp/owpc/pc/race/beforeinfo?hd=20261010&jcd=16&rno=4,2026-10-10T13:11:13.925315+09:00,2026-10-10T13:11:24.152478+09:00
20261010,16,児島,6,20261010-16-06,1,4095,福来剛,52.0,6.79,0.0,1,.14,0.14,,,False,https://www.boatrace.jp/owpc/pc/race/beforeinfo?hd=20261010&jcd=16&rno=6,2026-10-10T14:10:45.549296+09:00,2026-10-10T14:10:55.808705+09:00
20261010,16,児島,6,20261010-16-06,2,3893,汐崎正則,52.1,6.79,0.0,2,.11,0.11,,,False,https://www.boatrace.jp/owpc/pc/race/beforeinfo?hd=20261010&jcd=16&rno=6,2026-10-10T14:10:45.549296+09:00,2026-10-10T14:10:55.808705+09:00
20261010,16,児島,6,20261010-16-06,3,5095,小原聡将,52.0,6.78,-0.5,3,.19,0.19,,,False,https://www.boatrace.jp/owpc/pc/race/beforeinfo?hd=20261010&jcd=16&rno=6,2026-10-10T14:10:45.549296+09:00,2026-10-10T14:10:55.808705+09:00
20261010,16,児島,6,20261010-16-06,4,4003,表憲一,52.6,6.91,0.0,4,.14,0.14,,,False,https://www.boatrace.jp/owpc/pc/race/beforeinfo?hd=20261010&jcd=16&rno=6,2026-10-10T14:10:45.549296+09:00,2026-10-10T14:10:55.808705+09:00
20261010,16,児島,6,20261010-16-06,5,5426,甲斐貴大,52.5,6.88,0.0,5,.21,0.21,,,False,https://www.boatrace.jp/owpc/pc/race/beforeinfo?hd=20261010&jcd=16&rno=6,2026-10-10T14:10:45.549296+09:00,2026-10-10T14:10:55.808705+09:00
20261010,16,児島,6,20261010-16-06,6,3945,橋口真樹,51.5,6.82,-0.5,6,.22,0.22,,,False,https://www.boatrace.jp/owpc/pc/race/beforeinfo?hd=20261010&jcd=16&rno=6,2026-10-10T14:10:45.549296+09:00,2026-10-10T14:10:55.808705+09:00
20261010,16,児島,8,20261010-16-08,1,5070,中島航,53.3,6.86,-0.5,1,.09,0.09,,リング×１,False,https://www.boatrace.jp/owpc/pc/race/beforeinfo?hd=20261010&jcd=16&rno=8,2026-10-10T15:00:29.032120+09:00,2026-10-10T15:00:38.810973+09:00
20261010,16,児島,8,20261010-16-08,2,4538,笠置博之,52.4,6.64,3.0,3,.21,0.21,,,False,https://www.boatrace.jp/owpc/pc/race/beforeinfo?hd=20261010&jcd=16&rno=8,2026-10-10T15:00:29.032120+09:00,2026-10-10T15:00:38.810973+09:00
20261010,16,児島,8,20261010-16-08,3,4128,川口貴久,54.3,6.79,-0.5,4,.14,0.14,,,False,https://www.boatrace.jp/owpc/pc/race/beforeinfo?hd=20261010&jcd=16&rno=8,2026-10-10T15:00:29.032120+09:00,2026-10-10T15:00:38.810973+09:00
20261010,16,児島,8,20261010-16-08,4,3542,清水紀克,55.3,6.94,-0.5,2,F.05,-0.05,F,,False,https://www.boatrace.jp/owpc/pc/race/beforeinfo?hd=20261010&jcd=16&rno=8,2026-10-10T15:00:29.032120+09:00,2026-10-10T15:00:38.810973+09:00
20261010,16,児島,8,20261010-16-08,5,4879,山崎鉄平,52.0,6.92,-0.5,5,.19,0.19,,,False,https://www.boatrace.jp/owpc/pc/race/beforeinfo?hd=20261010&jcd=16&rno=8,2026-10-10T15:00:29.032120+09:00,2026-10-10T15:00:38.810973+09:00
20261010,16,児島,8,20261010-16-08,6,3746,岡瀬正人,52.0,6.9,-0.5,6,.28,0.28,,,False,https://www.boatrace.jp/owpc/pc/race/beforeinfo?hd=20261010&jcd=16&rno=8,2026-10-10T15:00:29.032120+09:00,2026-10-10T15:00:38.810973+09:00
20261010,18,徳山,1,20261010-18-01,1,4179,広次修,52.0,6.92,0.0,1,.01,0.01,,,False,https://www.boatrace.jp/owpc/pc/race/beforeinfo?hd=20261010&jcd=18&rno=1,2026-10-10T13:10:46.296518+09:00,2026-10-10T13:10:55.552347+09:00
20261010,18,徳山,1,20261010-18-01,2,3516,吉原聖人,51.5,6.93,0.0,2,.08,0.08,,,False,https://www.boatrace.jp/owpc/pc/race/beforeinfo?hd=20261010&jcd=18&rno=1,2026-10-10T13:10:46.296518+09:00,2026-10-10T13:10:55.552347+09:00
20261010,18,徳山,1,20261010-18-01,3,5123,福山恵里奈,48.0,6.98,-0.5,3,.14,0.14,,,False,https://www.boatrace.jp/owpc/pc/race/beforeinfo?hd=20261010&jcd=18&rno=1,2026-10-10T13:10:46.296518+09:00,2026-10-10T13:10:55.552347+09:00
20261010,18,徳山,1,20261010-18-01,4,4684,楠原翔太,54.5,7.0,0.0,4,.12,0.12,,リング×４,False,https://www.boatrace.jp/owpc/pc/race/beforeinfo?hd=20261010&jcd=18&rno=1,2026-10-10T13:10:46.296518+09:00,2026-10-10T13:10:55.552347+09:00
20261010,18,徳山,1,20261010-18-01,5,4752,西尾亮輔,52.1,6.92,0.0,5,.11,0.11,,,False,https://www.boatrace.jp/owpc/pc/race/beforeinfo?hd=20261010&jcd=18&rno=1,2026-10-10T13:10:46.296518+09:00,2026-10-10T13:10:55.552347+09:00
20261010,18,徳山,1,20261010-18-01,6,3998,冨成謙児,52.0,6.89,-0.5,6,.12,0.12,,,False,https://www.boatrace.jp/owpc/pc/race/beforeinfo?hd=20261010&jcd=18&rno=1,2026-10-10T13:10:46.296518+09:00,2026-10-10T13:10:55.552347+09:00
20261010,18,徳山,2,20261010-18-02,1,3713,伊藤誠二,53.1,6.9,0.0,1,.14,0.14,,,False,https://www.boatrace.jp/owpc/pc/race/beforeinfo?hd=20261010&jcd=18&rno=2,2026-10-10T13:10:47.224585+09:00,2026-10-10T13:10:56.490839+09:00
20261010,18,徳山,2,20261010-18-02,2,4660,宇田川信一,52.5,7.05,-0.5,2,F.03,-0.03,F,,False,https://www.boatrace.jp/owpc/pc/race/beforeinfo?hd=20261010&jcd=18&rno=2,2026-10-10T13:10:47.224585+09:00,2026-10-10T13:10:56.490839+09:00
20261010,18,徳山,2,20261010-18-02,3,4520,高倉孝太,51.5,6.98,0.0,3,F.01,-0.01,F,,False,https://www.boatrace.jp/owpc/pc/race/beforeinfo?hd=20261010&jcd=18&rno=2,2026-10-10T13:10:47.224585+09:00,2026-10-10T13:10:56.490839+09:00
20261010,18,徳山,2,20261010-18-02,4,5057,上田紗奈,45.5,6.88,-0.5,4,.01,0.01,,,False,https://www.boatrace.jp/owpc/pc/race/beforeinfo?hd=20261010&jcd=18&rno=2,2026-10-10T13:10:47.224585+09:00,2026-10-10T13:10:56.490839+09:00
20261010,18,徳山,2,20261010-18-02,5,4068,幸田智裕,53.0,7.06,0.0,5,.06,0.06,,,False,https://www.boatrace.jp/owpc/pc/race/beforeinfo?hd=20261010&jcd=18&rno=2,2026-10-10T13:10:47.224585+09:00,2026-10-10T13:10:56.490839+09:00
20261010,18,徳山,2,20261010-18-02,6,3484,芝田浩治,52.3,7.04,0.0,6,F.05,-0.05,F,,False,https://www.boatrace.jp/owpc/pc/race/beforeinfo?hd=20261010&jcd=18&rno=2,2026-10-10T13:10:47.224585+09:00,2026-10-10T13:10:56.490839+09:00
20261010,18,徳山,3,20261010-18-03,1,4073,大橋純一郎,52.0,6.96,0.0,1,.09,0.09,,,False,https://www.boatrace.jp/owpc/pc/race/beforeinfo?hd=20261010&jcd=18&rno=3,2026-10-10T13:10:49.266763+09:00,2026-10-10T13:10:58.533545+09:00
20261010,18,徳山,3,20261010-18-03,2,3070,山室展弘,52.1,6.96,0.0,2,.01,0.01,,,False,https://www.boatrace.jp/owpc/pc/race/beforeinfo?hd=20261010&jcd=18&rno=3,2026-10-10T13:10:49.266763+09:00,2026-10-10T13:10:58.533545+09:00
20261010,18,徳山,3,20261010-18-03,3,4319,三宅潤,53.4,6.97,0.0,3,F.01,-0.01,F,,False,https://www.boatrace.jp/owpc/pc/race/beforeinfo?hd=20261010&jcd=18&rno=3,2026-10-10T13:10:49.266763+09:00,2026-10-10T13:10:58.533545+09:00
20261010,18,徳山,3,20261010-18-03,4,4271,川崎公靖,52.4,6.91,0.0,4,F.13,-0.13,F,,False,https://www.boatrace.jp/owpc/pc/race/beforeinfo?hd=20261010&jcd=18&rno=3,2026-10-10T13:10:49.266763+09:00,2026-10-10T13:10:58.533545+09:00
20261010,18,徳山,3,20261010-18-03,5,4193,郷原章平,51.5,6.94,0.0,5,F.10,-0.1,F,,False,https://www.boatrace.jp/owpc/pc/race/beforeinfo?hd=20261010&jcd=18&rno=3,2026-10-10T13:10:49.266763+09:00,2026-10-10T13:10:58.533545+09:00
20261010,18,徳山,3,20261010-18-03,6,5412,久保田凪紗,44.0,6.98,-0.5,6,.16,0.16,,リング×４,False,https://www.boatrace.jp/owpc/pc/race/beforeinfo?hd=20261010&jcd=18&rno=3,2026-10-10T13:10:49.266763+09:00,2026-10-10T13:10:58.533545+09:00
20261010,18,徳山,4,20261010-18-04,1,3505,山田竜一,52.6,6.95,0.0,1,.07,0.07,,,False,https://www.boatrace.jp/owpc/pc/race/beforeinfo?hd=20261010&jcd=18&rno=4,2026-10-10T13:10:55.425759+09:00,2026-10-10T13:11:05.682593+09:00
20261010,18,徳山,4,20261010-18-04,2,4514,上條嘉嗣,52.3,6.88,-0.5,2,.05,0.05,,,False,https://www.boatrace.jp/owpc/pc/race/beforeinfo?hd=20261010&jcd=18&rno=4,2026-10-10T13:10:55.425759+09:00,2026-10-10T13:11:05.682593+09:00
20261010,18,徳山,4,20261010-18-04,3,5237,永松良教,53.8,6.95,0.0,3,.34,0.34,,電気,False,https://www.boatrace.jp/owpc/pc/race/beforeinfo?hd=20261010&jcd=18&rno=4,2026-10-10T13:10:55.425759+09:00,2026-10-10T13:11:05.682593+09:00
20261010,18,徳山,4,20261010-18-04,4,3880,浅見宗孝,54.1,7.02,-0.5,4,.04,0.04,,,False,https://www.boatrace.jp/owpc/pc/race/beforeinfo?hd=20261010&jcd=18&rno=4,2026-10-10T13:10:55.425759+09:00,2026-10-10T13:11:05.682593+09:00
20261010,18,徳山,4,20261010-18-04,5,4214,林祐介,52.0,6.96,-0.5,5,.01,0.01,,,False,https://www.boatrace.jp/owpc/pc/race/beforeinfo?hd=20261010&jcd=18&rno=4,2026-10-10T13:10:55.425759+09:00,2026-10-10T13:11:05.682593+09:00
20261010,18,徳山,4,20261010-18-04,6,5451,知念伶奈,47.0,7.0,0.0,6,F.08,-0.08,F,,False,https://www.boatrace.jp/owpc/pc/race/beforeinfo?hd=20261010&jcd=18&rno=4,2026-10-10T13:10:55.425759+09:00,2026-10-10T13:11:05.682593+09:00
20261010,18,徳山,5,20261010-18-05,1,4380,鈴木峻佑,52.9,6.89,0.0,1,.07,0.07,,,False,https://www.boatrace.jp/owpc/pc/race/beforeinfo?hd=20261010&jcd=18&rno=5,2026-10-10T13:10:55.557148+09:00,2026-10-10T13:11:05.820346+09:00
20261010,18,徳山,5,20261010-18-05,2,3054,北川幸典,54.3,6.92,0.0,2,.11,0.11,,,False,https://www.boatrace.jp/owpc/pc/race/beforeinfo?hd=20261010&jcd=18&rno=5,2026-10-10T13:10:55.557148+09:00,2026-10-10T13:11:05.820346+09:00
20261010,18,徳山,5,20261010-18-05,3,4592,小林孝弘,52.0,6.93,0.0,3,.01,0.01,,,False,https://www.boatrace.jp/owpc/pc/race/beforeinfo?hd=20261010&jcd=18&rno=5,2026-10-10T13:10:55.557148+09:00,2026-10-10T13:11:05.820346+09:00
20261010,18,徳山,5,20261010-18-05,4,4515,藤田浩人,53.6,6.91,0.0,4,.21,0.21,,,False,https://www.boatrace.jp/owpc/pc/race/beforeinfo?hd=20261010&jcd=18&rno=5,2026-10-10T13:10:55.557148+09:00,2026-10-10T13:11:05.820346+09:00
20261010,18,徳山,5,20261010-18-05,5,5419,櫻井隼,52.0,6.95,0.0,5,.04,0.04,,,False,https://www.boatrace.jp/owpc/pc/race/beforeinfo?hd=20261010&jcd=18&rno=5,2026-10-10T13:10:55.557148+09:00,2026-10-10T13:11:05.820346+09:00
20261010,18,徳山,5,20261010-18-05,6,4456,鎌倉涼,45.0,6.94,-0.5,6,.02,0.02,,,False,https://www.boatrace.jp/owpc/pc/race/beforeinfo?hd=20261010&jcd=18&rno=5,2026-10-10T13:10:55.557148+09:00,2026-10-10T13:11:05.820346+09:00
20261010,18,徳山,6,20261010-18-06,1,4317,木村紗友希,47.1,6.95,0.0,1,.13,0.13,,,False,https://www.boatrace.jp/owpc/pc/race/beforeinfo?hd=20261010&jcd=18&rno=6,2026-10-10T13:10:56.495661+09:00,2026-10-10T13:11:05.731038+09:00
20261010,18,徳山,6,20261010-18-06,2,4752,西尾亮輔,52.1,6.96,-0.5,2,.09,0.09,,,False,https://www.boatrace.jp/owpc/pc/race/beforeinfo?hd=20261010&jcd=18&rno=6,2026-10-10T13:10:56.495661+09:00,2026-10-10T13:11:05.731038+09:00
20261010,18,徳山,6,20261010-18-06,3,4472,尾嶋一広,55.0,6.91,0.0,3,F.02,-0.02,F,,False,https://www.boatrace.jp/owpc/pc/race/beforeinfo?hd=20261010&jcd=18&rno=6,2026-10-10T13:10:56.495661+09:00,2026-10-10T13:11:05.731038+09:00
20261010,18,徳山,6,20261010-18-06,4,4039,村上功祐,56.7,7.02,0.0,4,.11,0.11,,,False,https://www.boatrace.jp/owpc/pc/race/beforeinfo?hd=20261010&jcd=18&rno=6,2026-10-10T13:10:56.495661+09:00,2026-10-10T13:11:05.731038+09:00
20261010,18,徳山,6,20261010-18-06,5,3703,鳥飼眞,50.5,6.95,0.0,5,.28,0.28,,,False,https://www.boatrace.jp/owpc/pc/race/beforeinfo?hd=20261010&jcd=18&rno=6,2026-10-10T13:10:56.495661+09:00,2026-10-10T13:11:05.731038+09:00
20261010,18,徳山,6,20261010-18-06,6,4660,宇田川信一,52.5,7.02,-0.5,6,.19,0.19,,,False,https://www.boatrace.jp/owpc/pc/race/beforeinfo?hd=20261010&jcd=18&rno=6,2026-10-10T13:10:56.495661+09:00,2026-10-10T13:11:05.731038+09:00
20261010,18,徳山,7,20261010-18-07,1,4047,吉永浩則,52.6,6.96,0.0,1,.09,0.09,,,False,https://www.boatrace.jp/owpc/pc/race/beforeinfo?hd=20261010&jcd=18&rno=7,2026-10-10T13:10:58.538382+09:00,2026-10-10T13:11:07.792364+09:00
20261010,18,徳山,7,20261010-18-07,2,4684,楠原翔太,54.5,6.96,0.0,2,.10,0.1,,リング×４,False,https://www.boatrace.jp/owpc/pc/race/beforeinfo?hd=20261010&jcd=18&rno=7,2026-10-10T13:10:58.538382+09:00,2026-10-10T13:11:07.792364+09:00
20261010,18,徳山,7,20261010-18-07,3,4771,下寺秀和,53.6,6.93,0.0,3,F.08,-0.08,F,,False,https://www.boatrace.jp/owpc/pc/race/beforeinfo?hd=20261010&jcd=18&rno=7,2026-10-10T13:10:58.538382+09:00,2026-10-10T13:11:07.792364+09:00
20261010,18,徳山,7,20261010-18-07,4,4984,森下愛梨,50.3,6.91,0.0,4,.05,0.05,,,False,https://www.boatrace.jp/owpc/pc/race/beforeinfo?hd=20261010&jcd=18&rno=7,2026-10-10T13:10:58.538382+09:00,2026-10-10T13:11:07.792364+09:00
20261010,18,徳山,7,20261010-18-07,5,4139,丹下健,53.6,6.94,0.0,5,.08,0.08,,,False,https://www.boatrace.jp/owpc/pc/race/beforeinfo?hd=20261010&jcd=18&rno=7,2026-10-10T13:10:58.538382+09:00,2026-10-10T13:11:07.792364+09:00
20261010,18,徳山,7,20261010-18-07,6,4520,高倉孝太,51.5,6.86,2.0,6,.03,0.03,,リング×２,False,https://www.boatrace.jp/owpc/pc/race/beforeinfo?hd=20261010&jcd=18&rno=7,2026-10-10T13:10:58.538382+09:00,2026-10-10T13:11:07.792364+09:00
20261010,18,徳山,8,20261010-18-08,1,4425,大井清貴,54.0,6.93,0.0,1,.11,0.11,,,False,https://www.boatrace.jp/owpc/pc/race/beforeinfo?hd=20261010&jcd=18&rno=8,2026-10-10T13:11:05.687370+09:00,2026-10-10T13:11:13.920509+09:00
20261010,18,徳山,8,20261010-18-08,2,5057,上田紗奈,45.5,6.86,-0.5,2,.19,0.19,,,False,https://www.boatrace.jp/owpc/pc/race/beforeinfo?hd=20261010&jcd=18&rno=8,2026-10-10T13:11:05.687370+09:00,2026-10-10T13:11:13.920509+09:00
20261010,18,徳山,8,20261010-18-08,3,4193,郷原章平,51.5,6.93,0.0,3,.19,0.19,,,False,https://www.boatrace.jp/owpc/pc/race/beforeinfo?hd=20261010&jcd=18&rno=8,2026-10-10T13:11:05.687370+09:00,2026-10-10T13:11:13.920509+09:00
20261010,18,徳山,8,20261010-18-08,4,3620,信濃由行,53.7,6.96,0.0,4,.06,0.06,,,False,https://www.boatrace.jp/owpc/pc/race/beforeinfo?hd=20261010&jcd=18&rno=8,2026-10-10T13:11:05.687370+09:00,2026-10-10T13:11:13.920509+09:00
20261010,18,徳山,8,20261010-18-08,5,4166,吉田拡郎,52.8,6.92,0.0,5,.20,0.2,,リング×２,False,https://www.boatrace.jp/owpc/pc/race/beforeinfo?hd=20261010&jcd=18&rno=8,2026-10-10T13:11:05.687370+09:00,2026-10-10T13:11:13.920509+09:00
20261010,18,徳山,8,20261010-18-08,6,3516,吉原聖人,51.5,6.92,0.0,6,.10,0.1,,,False,https://www.boatrace.jp/owpc/pc/race/beforeinfo?hd=20261010&jcd=18&rno=8,2026-10-10T13:11:05.687370+09:00,2026-10-10T13:11:13.920509+09:00
20261010,18,徳山,10,20261010-18-10,1,4068,幸田智裕,53.0,6.93,0.0,1,.11,0.11,,ピストン×２;リング×２,False,https://www.boatrace.jp/owpc/pc/race/beforeinfo?hd=20261010&jcd=18&rno=10,2026-10-10T14:10:36.124744+09:00,2026-10-10T14:10:46.515114+09:00
20261010,18,徳山,10,20261010-18-10,2,4515,藤田浩人,53.6,6.86,0.0,2,.21,0.21,,,False,https://www.boatrace.jp/owpc/pc/race/beforeinfo?hd=20261010&jcd=18&rno=10,2026-10-10T14:10:36.124744+09:00,2026-10-10T14:10:46.515114+09:00
20261010,18,徳山,10,20261010-18-10,3,4982,中村将隆,54.7,6.94,0.0,3,.17,0.17,,,False,https://www.boatrace.jp/owpc/pc/race/beforeinfo?hd=20261010&jcd=18&rno=10,2026-10-10T14:10:36.124744+09:00,2026-10-10T14:10:46.515114+09:00
20261010,18,徳山,10,20261010-18-10,4,5237,永松良教,53.8,6.92,0.0,5,.09,0.09,,電気,False,https://www.boatrace.jp/owpc/pc/race/beforeinfo?hd=20261010&jcd=18&rno=10,2026-10-10T14:10:36.124744+09:00,2026-10-10T14:10:46.515114+09:00
20261010,18,徳山,10,20261010-18-10,5,5123,福山恵里奈,48.0,6.96,-0.5,4,.06,0.06,,,False,https://www.boatrace.jp/owpc/pc/race/beforeinfo?hd=20261010&jcd=18&rno=10,2026-10-10T14:10:36.124744+09:00,2026-10-10T14:10:46.515114+09:00
20261010,18,徳山,10,20261010-18-10,6,4319,三宅潤,53.4,6.93,0.0,6,.15,0.15,,,False,https://www.boatrace.jp/owpc/pc/race/beforeinfo?hd=20261010&jcd=18&rno=10,2026-10-10T14:10:36.124744+09:00,2026-10-10T14:10:46.515114+09:00
20261010,18,徳山,11,20261010-18-11,1,4139,丹下健,53.6,6.87,-0.5,1,.13,0.13,,,False,https://www.boatrace.jp/owpc/pc/race/beforeinfo?hd=20261010&jcd=18&rno=11,2026-10-10T14:10:44.524262+09:00,2026-10-10T14:10:53.795937+09:00
20261010,18,徳山,11,20261010-18-11,2,3484,芝田浩治,52.3,6.92,0.0,2,.10,0.1,,キャブ,False,https://www.boatrace.jp/owpc/pc/race/beforeinfo?hd=20261010&jcd=18&rno=11,2026-10-10T14:10:44.524262+09:00,2026-10-10T14:10:53.795937+09:00
20261010,18,徳山,11,20261010-18-11,3,3998,冨成謙児,52.0,6.84,-0.5,3,.04,0.04,,,False,https://www.boatrace.jp/owpc/pc/race/beforeinfo?hd=20261010&jcd=18&rno=11,2026-10-10T14:10:44.524262+09:00,2026-10-10T14:10:53.795937+09:00
20261010,18,徳山,11,20261010-18-11,4,3505,山田竜一,52.6,6.86,0.0,4,F.04,-0.04,F,,False,https://www.boatrace.jp/owpc/pc/race/beforeinfo?hd=20261010&jcd=18&rno=11,2026-10-10T14:10:44.524262+09:00,2026-10-10T14:10:53.795937+09:00
20261010,18,徳山,11,20261010-18-11,5,4317,木村紗友希,47.1,6.88,0.0,6,F.10,-0.1,F,,False,https://www.boatrace.jp/owpc/pc/race/beforeinfo?hd=20261010&jcd=18&rno=11,2026-10-10T14:10:44.524262+09:00,2026-10-10T14:10:53.795937+09:00
20261010,18,徳山,11,20261010-18-11,6,3054,北川幸典,54.3,6.9,-0.5,5,F.11,-0.11,F,,False,https://www.boatrace.jp/owpc/pc/race/beforeinfo?hd=20261010&jcd=18&rno=11,2026-10-10T14:10:44.524262+09:00,2026-10-10T14:10:53.795937+09:00
20261010,22,福岡,1,20261010-22-01,1,4083,福島勇樹,52.6,6.91,0.0,1,.13,0.13,,,False,https://www.boatrace.jp/owpc/pc/race/beforeinfo?hd=20261010&jcd=22&rno=1,2026-10-10T13:10:37.956593+09:00,2026-10-10T13:10:47.219808+09:00
20261010,22,福岡,1,20261010-22-01,2,3834,細川明人,55.5,6.92,0.0,2,.21,0.21,,,False,https://www.boatrace.jp/owpc/pc/race/beforeinfo?hd=20261010&jcd=22&rno=1,2026-10-10T13:10:37.956593+09:00,2026-10-10T13:10:47.219808+09:00
20261010,22,福岡,1,20261010-22-01,3,4729,佐藤謙史朗,54.5,6.8,0.0,3,.21,0.21,,ギヤ,False,https://www.boatrace.jp/owpc/pc/race/beforeinfo?hd=20261010&jcd=22&rno=1,2026-10-10T13:10:37.956593+09:00,2026-10-10T13:10:47.219808+09:00
20261010,22,福岡,1,20261010-22-01,4,4666,日笠勝弘,52.0,6.91,0.0,4,.12,0.12,,,False,https://www.boatrace.jp/owpc/pc/race/beforeinfo?hd=20261010&jcd=22&rno=1,2026-10-10T13:10:37.956593+09:00,2026-10-10T13:10:47.219808+09:00
20261010,22,福岡,1,20261010-22-01,5,5203,神里琴音,44.0,6.92,-0.5,5,F.02,-0.02,F,,False,https://www.boatrace.jp/owpc/pc/race/beforeinfo?hd=20261010&jcd=22&rno=1,2026-10-10T13:10:37.956593+09:00,2026-10-10T13:10:47.219808+09:00
20261010,22,福岡,1,20261010-22-01,6,3581,加木郁,52.6,6.99,-0.5,6,F.01,-0.01,F,ギヤ,False,https://www.boatrace.jp/owpc/pc/race/beforeinfo?hd=20261010&jcd=22&rno=1,2026-10-10T13:10:37.956593+09:00,2026-10-10T13:10:47.219808+09:00
20261010,22,福岡,2,20261010-22-02,1,4432,黄金井力良,54.8,6.89,-0.5,1,.12,0.12,,,False,https://www.boatrace.jp/owpc/pc/race/beforeinfo?hd=20261010&jcd=22&rno=2,2026-10-10T13:10:38.057131+09:00,2026-10-10T13:10:46.291644+09:00
20261010,22,福岡,2,20261010-22-02,2,4521,小池公生,51.0,6.86,0.0,2,.38,0.38,,,False,https://www.boatrace.jp/owpc/pc/race/beforeinfo?hd=20261010&jcd=22&rno=2,2026-10-10T13:10:38.057131+09:00,2026-10-10T13:10:46.291644+09:00
20261010,22,福岡,2,20261010-22-02,3,4567,上村慎太郎,51.5,6.92,-0.5,3,.19,0.19,,,False,https://www.boatrace.jp/owpc/pc/race/beforeinfo?hd=20261010&jcd=22&rno=2,2026-10-10T13:10:38.057131+09:00,2026-10-10T13:10:46.291644+09:00
20261010,22,福岡,2,20261010-22-02,4,5139,大場恒季,52.0,6.74,0.5,4,.13,0.13,,ギヤ,False,https://www.boatrace.jp/owpc/pc/race/beforeinfo?hd=20261010&jcd=22&rno=2,2026-10-10T13:10:38.057131+09:00,2026-10-10T13:10:46.291644+09:00
20261010,22,福岡,2,20261010-22-02,5,3377,塚田修二,51.5,6.82,-0.5,5,.15,0.15,,,False,https://www.boatrace.jp/owpc/pc/race/beforeinfo?hd=20261010&jcd=22&rno=2,2026-10-10T13:10:38.057131+09:00,2026-10-10T13:10:46.291644+09:00
20261010,22,福岡,2,20261010-22-02,6,5464,宮田栞,50.0,6.87,-0.5,6,.17,0.17,,ギヤ,False,https://www.boatrace.jp/owpc/pc/race/beforeinfo?hd=20261010&jcd=22&rno=2,2026-10-10T13:10:38.057131+09:00,2026-10-10T13:10:46.291644+09:00
20261010,22,福岡,3,20261010-22-03,1,4332,村上彰一,55.8,6.83,0.0,1,.02,0.02,,,False,https://www.boatrace.jp/owpc/pc/race/beforeinfo?hd=20261010&jcd=22&rno=3,2026-10-10T13:10:39.002083+09:00,2026-10-10T13:10:49.261912+09:00
20261010,22,福岡,3,20261010-22-03,2,4846,佐藤駿介,51.5,6.84,0.0,2,.04,0.04,,,False,https://www.boatrace.jp/owpc/pc/race/beforeinfo?hd=20261010&jcd=22&rno=3,2026-10-10T13:10:39.002083+09:00,2026-10-10T13:10:49.261912+09:00
20261010,22,福岡,3,20261010-22-03,3,4494,河合佑樹,52.0,6.84,0.0,3,.01,0.01,,,False,https://www.boatrace.jp/owpc/pc/race/beforeinfo?hd=20261010&jcd=22&rno=3,2026-10-10T13:10:39.002083+09:00,2026-10-10T13:10:49.261912+09:00
20261010,22,福岡,3,20261010-22-03,4,4568,廣瀬真也,51.0,6.8,0.0,4,.32,0.32,,,False,https://www.boatrace.jp/owpc/pc/race/beforeinfo?hd=20261010&jcd=22&rno=3,2026-10-10T13:10:39.002083+09:00,2026-10-10T13:10:49.261912+09:00
20261010,22,福岡,3,20261010-22-03,5,4431,石塚裕介,52.0,6.86,0.0,5,.34,0.34,,,False,https://www.boatrace.jp/owpc/pc/race/beforeinfo?hd=20261010&jcd=22&rno=3,2026-10-10T13:10:39.002083+09:00,2026-10-10T13:10:49.261912+09:00
20261010,22,福岡,3,20261010-22-03,6,4243,西村歩,47.4,6.87,0.0,6,.24,0.24,,,False,https://www.boatrace.jp/owpc/pc/race/beforeinfo?hd=20261010&jcd=22&rno=3,2026-10-10T13:10:39.002083+09:00,2026-10-10T13:10:49.261912+09:00
20261010,22,福岡,4,20261010-22-04,1,3563,堤昇,52.8,6.89,0.0,1,.01,0.01,,,False,https://www.boatrace.jp/owpc/pc/race/beforeinfo?hd=20261010&jcd=22&rno=4,2026-10-10T13:10:46.190903+09:00,2026-10-10T13:10:55.420952+09:00
20261010,22,福岡,4,20261010-22-04,2,4195,前川守嗣,57.3,6.88,0.0,2,.22,0.22,,,False,https://www.boatrace.jp/owpc/pc/race/beforeinfo?hd=20261010&jcd=22&rno=4,2026-10-10T13:10:46.190903+09:00,2026-10-10T13:10:55.420952+09:00
20261010,22,福岡,4,20261010-22-04,3,5204,宇恵有香,47.0,6.92,0.0,3,.43,0.43,,,False,https://www.boatrace.jp/owpc/pc/race/beforeinfo?hd=20261010&jcd=22&rno=4,2026-10-10T13:10:46.190903+09:00,2026-10-10T13:10:55.420952+09:00
20261010,22,福岡,4,20261010-22-04,4,3978,齊藤仁,51.5,6.91,0.0,4,.24,0.24,,,False,https://www.boatrace.jp/owpc/pc/race/beforeinfo?hd=20261010&jcd=22&rno=4,2026-10-10T13:10:46.190903+09:00,2026-10-10T13:10:55.420952+09:00
20261010,22,福岡,4,20261010-22-04,5,4054,福嶋智之,53.4,6.86,0.0,5,.25,0.25,,,False,https://www.boatrace.jp/owpc/pc/race/beforeinfo?hd=20261010&jcd=22&rno=4,2026-10-10T13:10:46.190903+09:00,2026-10-10T13:10:55.420952+09:00
20261010,22,福岡,4,20261010-22-04,6,3907,村越篤,53.8,6.88,-0.5,6,.22,0.22,,,False,https://www.boatrace.jp/owpc/pc/race/beforeinfo?hd=20261010&jcd=22&rno=4,2026-10-10T13:10:46.190903+09:00,2026-10-10T13:10:55.420952+09:00
20261010,22,福岡,6,20261010-22-06,1,4234,野相弘司,57.6,6.88,0.0,1,.01,0.01,,,False,https://www.boatrace.jp/owpc/pc/race/beforeinfo?hd=20261010&jcd=22&rno=6,2026-10-10T14:10:36.122757+09:00,2026-10-10T14:10:45.545801+09:00
20261010,22,福岡,6,20261010-22-06,2,4169,多田有佑,53.1,6.92,-0.5,2,.01,0.01,,,False,https://www.boatrace.jp/owpc/pc/race/beforeinfo?hd=20261010&jcd=22&rno=6,2026-10-10T14:10:36.122757+09:00,2026-10-10T14:10:45.545801+09:00
20261010,22,福岡,6,20261010-22-06,3,4666,日笠勝弘,52.0,6.86,0.0,6,.06,0.06,,,False,https://www.boatrace.jp/owpc/pc/race/beforeinfo?hd=20261010&jcd=22&rno=6,2026-10-10T14:10:36.122757+09:00,2026-10-10T14:10:45.545801+09:00
20261010,22,福岡,6,20261010-22-06,4,4567,上村慎太郎,51.5,6.86,-0.5,3,.09,0.09,,,False,https://www.boatrace.jp/owpc/pc/race/beforeinfo?hd=20261010&jcd=22&rno=6,2026-10-10T14:10:36.122757+09:00,2026-10-10T14:10:45.545801+09:00
20261010,22,福岡,6,20261010-22-06,5,4049,荒川健太,55.0,6.96,0.0,4,.11,0.11,,,False,https://www.boatrace.jp/owpc/pc/race/beforeinfo?hd=20261010&jcd=22&rno=6,2026-10-10T14:10:36.122757+09:00,2026-10-10T14:10:45.545801+09:00
20261010,22,福岡,6,20261010-22-06,6,4364,池永太,52.6,6.87,0.0,5,.01,0.01,,,False,https://www.boatrace.jp/owpc/pc/race/beforeinfo?hd=20261010&jcd=22&rno=6,2026-10-10T14:10:36.122757+09:00,2026-10-10T14:10:45.545801+09:00
20261010,22,福岡,7,20261010-22-07,1,4465,大西賢,52.0,6.83,-0.5,1,.21,0.21,,,False,https://www.boatrace.jp/owpc/pc/race/beforeinfo?hd=20261010&jcd=22&rno=7,2026-10-10T14:10:36.123185+09:00,2026-10-10T14:10:44.520167+09:00
20261010,22,福岡,7,20261010-22-07,2,4601,森野正弘,54.4,6.8,0.0,2,.10,0.1,,,False,https://www.boatrace.jp/owpc/pc/race/beforeinfo?hd=20261010&jcd=22&rno=7,2026-10-10T14:10:36.123185+09:00,2026-10-10T14:10:44.520167+09:00
20261010,22,福岡,7,20261010-22-07,3,3872,岡田憲行,53.5,6.93,0.0,3,.08,0.08,,ピストン×２,False,https://www.boatrace.jp/owpc/pc/race/beforeinfo?hd=20261010&jcd=22&rno=7,2026-10-10T14:10:36.123185+09:00,2026-10-10T14:10:44.520167+09:00
20261010,22,福岡,7,20261010-22-07,4,4332,村上彰一,55.8,6.85,0.0,4,.15,0.15,,,False,https://www.boatrace.jp/owpc/pc/race/beforeinfo?hd=20261010&jcd=22&rno=7,2026-10-10T14:10:36.123185+09:00,2026-10-10T14:10:44.520167+09:00
20261010,22,福岡,7,20261010-22-07,5,4432,黄金井力良,54.8,6.89,0.0,5,.16,0.16,,,False,https://www.boatrace.jp/owpc/pc/race/beforeinfo?hd=20261010&jcd=22&rno=7,2026-10-10T14:10:36.123185+09:00,2026-10-10T14:10:44.520167+09:00
20261010,22,福岡,7,20261010-22-07,6,3834,細川明人,55.5,6.92,0.0,6,.39,0.39,,,False,https://www.boatrace.jp/owpc/pc/race/beforeinfo?hd=20261010&jcd=22&rno=7,2026-10-10T14:10:36.123185+09:00,2026-10-10T14:10:44.520167+09:00
20261010,23,唐津,1,20261010-23-01,1,3944,山口裕二,52.0,6.64,0.0,1,.02,0.02,,,False,https://www.boatrace.jp/owpc/pc/race/beforeinfo?hd=20261010&jcd=23&rno=1,2026-10-10T13:10:18.360004+09:00,2026-10-10T13:10:28.771001+09:00
20261010,23,唐津,1,20261010-23-01,2,3617,竹田広樹,52.8,6.66,0.0,2,.12,0.12,,,False,https://www.boatrace.jp/owpc/pc/race/beforeinfo?hd=20261010&jcd=23&rno=1,2026-10-10T13:10:18.360004+09:00,2026-10-10T13:10:28.771001+09:00
20261010,23,唐津,1,20261010-23-01,3,4449,中嶋達也,52.7,6.76,0.0,3,F.02,-0.02,F,,False,https://www.boatrace.jp/owpc/pc/race/beforeinfo?hd=20261010&jcd=23&rno=1,2026-10-10T13:10:18.360004+09:00,2026-10-10T13:10:28.771001+09:00
20261010,23,唐津,1,20261010-23-01,4,4035,杉江浩明,51.5,6.78,0.0,4,.14,0.14,,,False,https://www.boatrace.jp/owpc/pc/race/beforeinfo?hd=20261010&jcd=23&rno=1,2026-10-10T13:10:18.360004+09:00,2026-10-10T13:10:28.771001+09:00
20261010,23,唐津,1,20261010-23-01,5,5347,井澤聖奈,46.5,6.81,-0.5,5,.26,0.26,,,False,https://www.boatrace.jp/owpc/pc/race/beforeinfo?hd=20261010&jcd=23&rno=1,2026-10-10T13:10:18.360004+09:00,2026-10-10T13:10:28.771001+09:00
20261010,23,唐津,1,20261010-23-01,6,4943,八木治樹,52.3,6.67,0.0,6,.23,0.23,,,False,https://www.boatrace.jp/owpc/pc/race/beforeinfo?hd=20261010&jcd=23&rno=1,2026-10-10T13:10:18.360004+09:00,2026-10-10T13:10:28.771001+09:00
20261010,23,唐津,2,20261010-23-02,1,4676,後藤隼之,55.1,6.78,0.0,1,.03,0.03,,,False,https://www.boatrace.jp/owpc/pc/race/beforeinfo?hd=20261010&jcd=23&rno=2,2026-10-10T13:10:18.360515+09:00,2026-10-10T13:10:28.705181+09:00
20261010,23,唐津,2,20261010-23-02,2,5230,石原凪紗,46.0,6.63,-0.5,2,.14,0.14,,,False,https://www.boatrace.jp/owpc/pc/race/beforeinfo?hd=20261010&jcd=23&rno=2,2026-10-10T13:10:18.360515+09:00,2026-10-10T13:10:28.705181+09:00
20261010,23,唐津,2,20261010-23-02,3,4949,横田貴満,50.0,6.69,-0.5,3,.04,0.04,,,False,https://www.boatrace.jp/owpc/pc/race/beforeinfo?hd=20261010&jcd=23&rno=2,2026-10-10T13:10:18.360515+09:00,2026-10-10T13:10:28.705181+09:00
20261010,23,唐津,2,20261010-23-02,4,4045,佐々木裕美,47.6,6.72,0.0,4,.09,0.09,,,False,https://www.boatrace.jp/owpc/pc/race/beforeinfo?hd=20261010&jcd=23&rno=2,2026-10-10T13:10:18.360515+09:00,2026-10-10T13:10:28.705181+09:00
20261010,23,唐津,2,20261010-23-02,5,5124,上瀧絢也,53.0,6.66,-0.5,5,.17,0.17,,,False,https://www.boatrace.jp/owpc/pc/race/beforeinfo?hd=20261010&jcd=23&rno=2,2026-10-10T13:10:18.360515+09:00,2026-10-10T13:10:28.705181+09:00
20261010,23,唐津,2,20261010-23-02,6,5071,野見山拓己,52.3,6.76,0.0,6,.06,0.06,,,False,https://www.boatrace.jp/owpc/pc/race/beforeinfo?hd=20261010&jcd=23&rno=2,2026-10-10T13:10:18.360515+09:00,2026-10-10T13:10:28.705181+09:00
20261010,23,唐津,3,20261010-23-03,1,4015,前野竜一,58.3,6.73,-0.5,1,.04,0.04,,,False,https://www.boatrace.jp/owpc/pc/race/beforeinfo?hd=20261010&jcd=23&rno=3,2026-10-10T13:10:18.360868+09:00,2026-10-10T13:10:28.730374+09:00
20261010,23,唐津,3,20261010-23-03,2,3539,金子順一,52.0,6.76,-0.5,2,.06,0.06,,,False,https://www.boatrace.jp/owpc/pc/race/beforeinfo?hd=20261010&jcd=23&rno=3,2026-10-10T13:10:18.360868+09:00,2026-10-10T13:10:28.730374+09:00
20261010,23,唐津,3,20261010-23-03,3,3554,仲口博崇,52.1,6.72,-0.5,3,.09,0.09,,キャブ,False,https://www.boatrace.jp/owpc/pc/race/beforeinfo?hd=20261010&jcd=23&rno=3,2026-10-10T13:10:18.360868+09:00,2026-10-10T13:10:28.730374+09:00
20261010,23,唐津,3,20261010-23-03,4,3614,谷勝幸,53.7,6.67,-0.5,4,.00,0.0,,,False,https://www.boatrace.jp/owpc/pc/race/beforeinfo?hd=20261010&jcd=23&rno=3,2026-10-10T13:10:18.360868+09:00,2026-10-10T13:10:28.730374+09:00
20261010,23,唐津,3,20261010-23-03,5,4565,西村豪洋,53.4,6.72,0.0,6,F.02,-0.02,F,,False,https://www.boatrace.jp/owpc/pc/race/beforeinfo?hd=20261010&jcd=23&rno=3,2026-10-10T13:10:18.360868+09:00,2026-10-10T13:10:28.730374+09:00
20261010,23,唐津,3,20261010-23-03,6,3809,吉田光,52.0,6.76,-0.5,5,.02,0.02,,,False,https://www.boatrace.jp/owpc/pc/race/beforeinfo?hd=20261010&jcd=23&rno=3,2026-10-10T13:10:18.360868+09:00,2026-10-10T13:10:28.730374+09:00
20261010,23,唐津,4,20261010-23-04,1,4527,高野心吾,52.0,6.69,-0.5,1,.14,0.14,,,False,https://www.boatrace.jp/owpc/pc/race/beforeinfo?hd=20261010&jcd=23&rno=4,2026-10-10T13:10:18.363933+09:00,2026-10-10T13:10:26.690895+09:00
20261010,23,唐津,4,20261010-23-04,2,3747,國崎良春,52.0,6.73,-0.5,2,.21,0.21,,,False,https://www.boatrace.jp/owpc/pc/race/beforeinfo?hd=20261010&jcd=23&rno=4,2026-10-10T13:10:18.363933+09:00,2026-10-10T13:10:26.690895+09:00
20261010,23,唐津,4,20261010-23-04,3,4669,井上茂,52.7,6.71,0.5,3,.28,0.28,,,False,https://www.boatrace.jp/owpc/pc/race/beforeinfo?hd=20261010&jcd=23&rno=4,2026-10-10T13:10:18.363933+09:00,2026-10-10T13:10:26.690895+09:00
20261010,23,唐津,4,20261010-23-04,4,4053,芦澤望,55.3,6.67,-0.5,4,.21,0.21,,,False,https://www.boatrace.jp/owpc/pc/race/beforeinfo?hd=20261010&jcd=23&rno=4,2026-10-10T13:10:18.363933+09:00,2026-10-10T13:10:26.690895+09:00
20261010,23,唐津,4,20261010-23-04,5,4342,谷野錬志,53.8,6.72,-0.5,5,.07,0.07,,,False,https://www.boatrace.jp/owpc/pc/race/beforeinfo?hd=20261010&jcd=23&rno=4,2026-10-10T13:10:18.363933+09:00,2026-10-10T13:10:26.690895+09:00
20261010,23,唐津,4,20261010-23-04,6,5389,恵良琴美,43.5,6.59,-0.5,6,.31,0.31,,,False,https://www.boatrace.jp/owpc/pc/race/beforeinfo?hd=20261010&jcd=23&rno=4,2026-10-10T13:10:18.363933+09:00,2026-10-10T13:10:26.690895+09:00
20261010,23,唐津,5,20261010-23-05,1,4434,田中辰彦,52.7,6.59,-0.5,1,.11,0.11,,,False,https://www.boatrace.jp/owpc/pc/race/beforeinfo?hd=20261010&jcd=23&rno=5,2026-10-10T13:10:26.696515+09:00,2026-10-10T13:10:36.929617+09:00
20261010,23,唐津,5,20261010-23-05,2,4440,萩原知哉,53.0,6.76,0.0,2,.16,0.16,,,False,https://www.boatrace.jp/owpc/pc/race/beforeinfo?hd=20261010&jcd=23&rno=5,2026-10-10T13:10:26.696515+09:00,2026-10-10T13:10:36.929617+09:00
20261010,23,唐津,5,20261010-23-05,3,3463,乙津康志,52.0,6.72,-0.5,3,.25,0.25,,,False,https://www.boatrace.jp/owpc/pc/race/beforeinfo?hd=20261010&jcd=23&rno=5,2026-10-10T13:10:26.696515+09:00,2026-10-10T13:10:36.929617+09:00
20261010,23,唐津,5,20261010-23-05,4,4464,山下友貴,44.0,6.7,-0.5,4,.17,0.17,,,False,https://www.boatrace.jp/owpc/pc/race/beforeinfo?hd=20261010&jcd=23&rno=5,2026-10-10T13:10:26.696515+09:00,2026-10-10T13:10:36.929617+09:00
20261010,23,唐津,5,20261010-23-05,5,3967,鈴木茂高,56.4,6.84,0.0,5,.11,0.11,,,False,https://www.boatrace.jp/owpc/pc/race/beforeinfo?hd=20261010&jcd=23&rno=5,2026-10-10T13:10:26.696515+09:00,2026-10-10T13:10:36.929617+09:00
20261010,23,唐津,5,20261010-23-05,6,3617,竹田広樹,52.8,6.68,-0.5,6,.08,0.08,,,False,https://www.boatrace.jp/owpc/pc/race/beforeinfo?hd=20261010&jcd=23&rno=5,2026-10-10T13:10:26.696515+09:00,2026-10-10T13:10:36.929617+09:00
20261010,23,唐津,6,20261010-23-06,1,4035,杉江浩明,51.5,6.74,0.0,1,.15,0.15,,,False,https://www.boatrace.jp/owpc/pc/race/beforeinfo?hd=20261010&jcd=23&rno=6,2026-10-10T13:10:28.715383+09:00,2026-10-10T13:10:37.951854+09:00
20261010,23,唐津,6,20261010-23-06,2,4584,村岡賢人,52.0,6.69,-0.5,2,.05,0.05,,,False,https://www.boatrace.jp/owpc/pc/race/beforeinfo?hd=20261010&jcd=23&rno=6,2026-10-10T13:10:28.715383+09:00,2026-10-10T13:10:37.951854+09:00
20261010,23,唐津,6,20261010-23-06,3,4257,古川健,52.0,6.78,0.0,3,.15,0.15,,,False,https://www.boatrace.jp/owpc/pc/race/beforeinfo?hd=20261010&jcd=23&rno=6,2026-10-10T13:10:28.715383+09:00,2026-10-10T13:10:37.951854+09:00
20261010,23,唐津,6,20261010-23-06,4,5048,眞鳥康太,52.7,6.59,3.0,5,.23,0.23,,,False,https://www.boatrace.jp/owpc/pc/race/beforeinfo?hd=20261010&jcd=23&rno=6,2026-10-10T13:10:28.715383+09:00,2026-10-10T13:10:37.951854+09:00
20261010,23,唐津,6,20261010-23-06,5,5462,山浦槙,47.9,6.72,0.0,6,.07,0.07,,,False,https://www.boatrace.jp/owpc/pc/race/beforeinfo?hd=20261010&jcd=23&rno=6,2026-10-10T13:10:28.715383+09:00,2026-10-10T13:10:37.951854+09:00
20261010,23,唐津,6,20261010-23-06,6,3717,立間充宏,55.1,6.73,-0.5,4,F.08,-0.08,F,,False,https://www.boatrace.jp/owpc/pc/race/beforeinfo?hd=20261010&jcd=23&rno=6,2026-10-10T13:10:28.715383+09:00,2026-10-10T13:10:37.951854+09:00
20261010,23,唐津,7,20261010-23-07,1,5107,松本真広,50.0,6.89,-0.5,1,.07,0.07,,,False,https://www.boatrace.jp/owpc/pc/race/beforeinfo?hd=20261010&jcd=23&rno=7,2026-10-10T13:10:28.735365+09:00,2026-10-10T13:10:38.997280+09:00
20261010,23,唐津,7,20261010-23-07,2,4565,西村豪洋,53.4,6.77,0.0,2,.05,0.05,,,False,https://www.boatrace.jp/owpc/pc/race/beforeinfo?hd=20261010&jcd=23&rno=7,2026-10-10T13:10:28.735365+09:00,2026-10-10T13:10:38.997280+09:00
20261010,23,唐津,7,20261010-23-07,3,4943,八木治樹,52.3,6.75,0.0,3,.03,0.03,,,False,https://www.boatrace.jp/owpc/pc/race/beforeinfo?hd=20261010&jcd=23&rno=7,2026-10-10T13:10:28.735365+09:00,2026-10-10T13:10:38.997280+09:00
20261010,23,唐津,7,20261010-23-07,4,4949,横田貴満,50.0,6.75,0.0,4,.08,0.08,,リング×２,False,https://www.boatrace.jp/owpc/pc/race/beforeinfo?hd=20261010&jcd=23&rno=7,2026-10-10T13:10:28.735365+09:00,2026-10-10T13:10:38.997280+09:00
20261010,23,唐津,7,20261010-23-07,5,3900,香川素子,47.0,6.79,0.0,5,F.03,-0.03,F,,False,https://www.boatrace.jp/owpc/pc/race/beforeinfo?hd=20261010&jcd=23&rno=7,2026-10-10T13:10:28.735365+09:00,2026-10-10T13:10:38.997280+09:00
20261010,23,唐津,7,20261010-23-07,6,5428,古園井綾南,49.0,6.67,-0.5,6,.08,0.08,,,False,https://www.boatrace.jp/owpc/pc/race/beforeinfo?hd=20261010&jcd=23&rno=7,2026-10-10T13:10:28.735365+09:00,2026-10-10T13:10:38.997280+09:00
20261010,23,唐津,8,20261010-23-08,1,4669,井上茂,52.7,6.71,0.5,1,.03,0.03,,,False,https://www.boatrace.jp/owpc/pc/race/beforeinfo?hd=20261010&jcd=23&rno=8,2026-10-10T13:10:28.775835+09:00,2026-10-10T13:10:38.052197+09:00
20261010,23,唐津,8,20261010-23-08,2,5053,山口広樹,53.8,6.75,0.0,2,.06,0.06,,,False,https://www.boatrace.jp/owpc/pc/race/beforeinfo?hd=20261010&jcd=23&rno=8,2026-10-10T13:10:28.775835+09:00,2026-10-10T13:10:38.052197+09:00
20261010,23,唐津,8,20261010-23-08,3,5124,上瀧絢也,53.0,6.71,-0.5,3,F.01,-0.01,F,,False,https://www.boatrace.jp/owpc/pc/race/beforeinfo?hd=20261010&jcd=23&rno=8,2026-10-10T13:10:28.775835+09:00,2026-10-10T13:10:38.052197+09:00
20261010,23,唐津,8,20261010-23-08,4,4264,長尾章平,53.1,6.86,-0.5,4,F.01,-0.01,F,,False,https://www.boatrace.jp/owpc/pc/race/beforeinfo?hd=20261010&jcd=23&rno=8,2026-10-10T13:10:28.775835+09:00,2026-10-10T13:10:38.052197+09:00
20261010,23,唐津,8,20261010-23-08,5,3539,金子順一,52.0,6.78,0.0,5,.20,0.2,,,False,https://www.boatrace.jp/owpc/pc/race/beforeinfo?hd=20261010&jcd=23&rno=8,2026-10-10T13:10:28.775835+09:00,2026-10-10T13:10:38.052197+09:00
20261010,23,唐津,8,20261010-23-08,6,5347,井澤聖奈,46.5,6.79,0.0,6,F.01,-0.01,F,,False,https://www.boatrace.jp/owpc/pc/race/beforeinfo?hd=20261010&jcd=23&rno=8,2026-10-10T13:10:28.775835+09:00,2026-10-10T13:10:38.052197+09:00
20261010,23,唐津,9,20261010-23-09,1,4438,森作雄大,53.6,6.76,-0.5,1,.00,0.0,,,False,https://www.boatrace.jp/owpc/pc/race/beforeinfo?hd=20261010&jcd=23&rno=9,2026-10-10T13:10:36.934463+09:00,2026-10-10T13:10:46.186134+09:00
20261010,23,唐津,9,20261010-23-09,2,3809,吉田光,52.0,6.77,0.0,2,.11,0.11,,,False,https://www.boatrace.jp/owpc/pc/race/beforeinfo?hd=20261010&jcd=23&rno=9,2026-10-10T13:10:36.934463+09:00,2026-10-10T13:10:46.186134+09:00
20261010,23,唐津,9,20261010-23-09,3,4434,田中辰彦,52.7,6.71,-0.5,3,.06,0.06,,,False,https://www.boatrace.jp/owpc/pc/race/beforeinfo?hd=20261010&jcd=23&rno=9,2026-10-10T13:10:36.934463+09:00,2026-10-10T13:10:46.186134+09:00
20261010,23,唐津,9,20261010-23-09,4,4527,高野心吾,52.0,6.75,-0.5,4,.17,0.17,,,False,https://www.boatrace.jp/owpc/pc/race/beforeinfo?hd=20261010&jcd=23&rno=9,2026-10-10T13:10:36.934463+09:00,2026-10-10T13:10:46.186134+09:00
20261010,23,唐津,9,20261010-23-09,5,3499,市川哲也,52.0,6.79,-0.5,5,.13,0.13,,,False,https://www.boatrace.jp/owpc/pc/race/beforeinfo?hd=20261010&jcd=23&rno=9,2026-10-10T13:10:36.934463+09:00,2026-10-10T13:10:46.186134+09:00
20261010,23,唐津,9,20261010-23-09,6,5230,石原凪紗,46.0,6.63,-0.5,6,.04,0.04,,,False,https://www.boatrace.jp/owpc/pc/race/beforeinfo?hd=20261010&jcd=23&rno=9,2026-10-10T13:10:36.934463+09:00,2026-10-10T13:10:46.186134+09:00
20261010,23,唐津,11,20261010-23-11,1,4045,佐々木裕美,47.6,6.75,0.0,1,.11,0.11,,,False,https://www.boatrace.jp/owpc/pc/race/beforeinfo?hd=20261010&jcd=23&rno=11,2026-10-10T14:10:36.122418+09:00,2026-10-10T14:10:46.544453+09:00
20261010,23,唐津,11,20261010-23-11,2,3554,仲口博崇,52.1,6.82,-0.5,2,.11,0.11,,,False,https://www.boatrace.jp/owpc/pc/race/beforeinfo?hd=20261010&jcd=23&rno=11,2026-10-10T14:10:36.122418+09:00,2026-10-10T14:10:46.544453+09:00
20261010,23,唐津,11,20261010-23-11,3,3717,立間充宏,55.1,6.77,-0.5,3,.19,0.19,,,False,https://www.boatrace.jp/owpc/pc/race/beforeinfo?hd=20261010&jcd=23&rno=11,2026-10-10T14:10:36.122418+09:00,2026-10-10T14:10:46.544453+09:00
20261010,23,唐津,11,20261010-23-11,4,3944,山口裕二,52.0,6.74,0.0,4,.02,0.02,,,False,https://www.boatrace.jp/owpc/pc/race/beforeinfo?hd=20261010&jcd=23&rno=11,2026-10-10T14:10:36.122418+09:00,2026-10-10T14:10:46.544453+09:00
20261010,23,唐津,11,20261010-23-11,5,5107,松本真広,50.0,6.87,-0.5,5,.10,0.1,,,False,https://www.boatrace.jp/owpc/pc/race/beforeinfo?hd=20261010&jcd=23&rno=11,2026-10-10T14:10:36.122418+09:00,2026-10-10T14:10:46.544453+09:00
20261010,23,唐津,11,20261010-23-11,6,4440,萩原知哉,53.0,6.79,0.0,6,.24,0.24,,,False,https://www.boatrace.jp/owpc/pc/race/beforeinfo?hd=20261010&jcd=23&rno=11,2026-10-10T14:10:36.122418+09:00,2026-10-10T14:10:46.544453+09:00
