date,race_id,venue,race,fujin_level,fujin_active,fujin_reasons,rank1_delta,top3_delta_sum,gap_1_2,pred1_boat,pred1_score,pred1_win,pred1_top3,actual_winner,actual_second,actual_third,actual_winner_pred_rank,raijin_level,raijin_max_rise,raijin_has_score50,raijin_candidates,payout,payout_5000plus,manshu,payout_30000plus,payout_50000plus
20261007,202610070101,桐生,1,0,False,,7.2,20.04,5.68,1,71.2,True,True,1,5,2,1,1,9.04,False,"[{""boat"":4,""rank"":5,""rise"":9.04,""score"":45.84}]",2520,False,False,False,False
20261007,202610070102,桐生,2,0,False,,4.32,8.46,14.56,2,82.72,False,True,3,2,5,3,2,13.48,False,"[{""boat"":4,""rank"":5,""rise"":11.86,""score"":46.56},{""boat"":6,""rank"":6,""rise"":13.48,""score"":28.08}]",3580,False,False,False,False
20261007,202610070103,桐生,3,1,True,top3_total_drop_10,6.52,-20.82,2.32,1,68.32,False,False,6,4,3,5,2,25.8,False,"[{""boat"":6,""rank"":5,""rise"":25.8,""score"":44.4}]",3790,False,False,False,False
20261007,202610070104,桐生,4,0,False,,5.58,-0.98,5.28,4,77.68,True,True,4,3,2,1,2,12.44,False,"[{""boat"":3,""rank"":4,""rise"":12.44,""score"":44.24},{""boat"":5,""rank"":5,""rise"":10.1,""score"":41.6}]",8160,True,False,False,False
20261007,202610070105,桐生,5,0,False,,3.96,-6.46,10.8,2,84.16,False,True,5,3,2,5,2,10.08,False,"[{""boat"":5,""rank"":5,""rise"":10.08,""score"":41.68}]",80060,True,True,True,True
20261007,202610070106,桐生,6,0,False,,3.88,14.04,12.48,1,84.48,True,True,1,2,4,1,0,,False,[],980,False,False,False,False
20261007,202610070107,桐生,7,0,False,,3.76,-1.99,1.11,1,84.96,False,True,4,5,1,4,1,8.94,False,"[{""boat"":4,""rank"":4,""rise"":7.68,""score"":45.28},{""boat"":6,""rank"":6,""rise"":8.94,""score"":16.24}]",19020,True,True,False,False
20261007,202610070108,桐生,8,0,False,,6.54,-8.58,2.08,2,67.84,True,True,2,5,1,1,2,10.48,False,"[{""boat"":3,""rank"":4,""rise"":10.48,""score"":46.08},{""boat"":4,""rank"":5,""rise"":7.56,""score"":45.76}]",4890,False,False,False,False
20261007,202610070109,桐生,9,1,True,rank1_drop_5,-6.18,-8.12,6.8,1,76.72,True,True,1,2,5,1,2,14.6,False,"[{""boat"":3,""rank"":4,""rise"":9.82,""score"":42.72},{""boat"":4,""rank"":5,""rise"":14.6,""score"":41.6},{""boat"":6,""rank"":6,""rise"":8.9,""score"":34.4}]",640,False,False,False,False
20261007,202610070110,桐生,10,1,True,rank1_drop_close_gap,-4.21,1.39,3.87,2,77.39,False,True,3,1,2,3,1,8.04,False,"[{""boat"":5,""rank"":6,""rise"":8.04,""score"":19.84}]",2420,False,False,False,False
20261007,202610070111,桐生,11,0,False,,0.28,-7.44,21.6,3,80.88,False,True,1,3,2,3,2,10.6,False,"[{""boat"":6,""rank"":6,""rise"":10.6,""score"":27.6}]",1890,False,False,False,False
20261007,202610070112,桐生,12,0,False,,0.36,4.3,30.64,1,86.56,True,True,1,3,6,1,0,,False,[],2910,False,False,False,False
20261007,202610070301,江戸川,1,2,True,rank1_drop_5|rank1_drop_close_gap,-5.12,6.54,2.8,1,72.48,False,False,5,4,3,3,2,13.18,False,"[{""boat"":6,""rank"":6,""rise"":13.18,""score"":23.28}]",13300,True,True,False,False
20261007,202610070302,江戸川,2,0,False,,1.96,1.62,2.4,1,80.16,True,True,1,3,5,1,0,,False,[],2310,False,False,False,False
20261007,202610070303,江戸川,3,2,True,rank1_drop_5|top3_total_drop_10,-17.04,-28.62,13.04,4,68.16,True,True,4,2,1,1,0,,False,[],2060,False,False,False,False
20261007,202610070304,江戸川,4,0,False,,0.72,9.44,3.12,1,73.12,True,True,1,3,4,1,3,10.44,True,"[{""boat"":2,""rank"":4,""rise"":10.44,""score"":58.24},{""boat"":5,""rank"":5,""rise"":9.28,""score"":32.88}]",1900,False,False,False,False
20261007,202610070305,江戸川,5,0,False,,-4.14,-1.08,21.75,4,86.56,True,True,4,5,3,1,1,7.93,False,"[{""boat"":6,""rank"":6,""rise"":7.93,""score"":21.73}]",5660,True,False,False,False
20261007,202610070306,江戸川,6,2,True,top3_total_drop_10|rank1_drop_close_gap,-3.73,-18.52,1.48,2,67.17,False,False,3,4,5,3,0,,False,[],13110,True,True,False,False
20261007,202610070307,江戸川,7,2,True,rank1_drop_5|rank1_drop_close_gap,-5.51,-7.48,3.23,3,71.59,True,True,3,5,2,1,0,,False,[],1470,False,False,False,False
20261007,202610070308,江戸川,8,0,False,,5.24,-3.51,17.61,4,79.04,True,True,4,5,1,1,0,,False,[],2080,False,False,False,False
20261007,202610070309,江戸川,9,2,True,rank1_drop_5|top3_total_drop_10,-5.98,-16.56,23.52,1,81.92,False,True,3,1,2,2,2,13.6,False,"[{""boat"":5,""rank"":5,""rise"":9.05,""score"":39.05},{""boat"":6,""rank"":6,""rise"":13.6,""score"":33.6}]",2960,False,False,False,False
20261007,202610070310,江戸川,10,2,True,rank1_drop_5|top3_total_drop_10,-8.91,-22.06,16.05,1,79.09,True,True,1,2,3,1,1,8.73,False,"[{""boat"":6,""rank"":4,""rise"":8.73,""score"":45.33}]",950,False,False,False,False
20261007,202610070311,江戸川,11,3,True,rank1_drop_5|top3_total_drop_10|rank1_drop_close_gap,-6.22,-22.16,3.76,1,70.88,True,True,1,3,4,1,0,,False,[],720,False,False,False,False
20261007,202610070312,江戸川,12,1,True,rank1_drop_5,-6.46,-3.82,29.76,1,83.84,False,True,4,1,2,4,2,12.74,False,"[{""boat"":5,""rank"":5,""rise"":12.74,""score"":43.04}]",7330,True,False,False,False
20261007,202610070501,多摩川,1,0,False,,13.34,15.72,2.08,3,79.04,False,True,2,3,4,3,0,,False,[],2110,False,False,False,False
20261007,202610070502,多摩川,2,0,False,,2.24,-1.24,18.12,1,85.04,False,False,3,4,2,3,2,15.4,False,"[{""boat"":6,""rank"":6,""rise"":15.4,""score"":20.4}]",2180,False,False,False,False
20261007,202610070503,多摩川,3,0,False,,3.52,12.54,12.56,2,85.92,True,True,2,3,6,1,1,7.77,False,"[{""boat"":5,""rank"":5,""rise"":7.77,""score"":35.57}]",2800,False,False,False,False
20261007,202610070504,多摩川,4,0,False,,5.44,2.52,15.28,4,78.24,False,True,1,4,3,2,2,12.32,False,"[{""boat"":2,""rank"":5,""rise"":9.08,""score"":39.68},{""boat"":6,""rank"":6,""rise"":12.32,""score"":32.72}]",1090,False,False,False,False
20261007,202610070505,多摩川,5,0,False,,1.74,5.76,1.61,3,69.04,False,True,2,3,4,2,1,8.64,False,"[{""boat"":6,""rank"":5,""rise"":8.64,""score"":37.44}]",1290,False,False,False,False
20261007,202610070506,多摩川,6,0,False,,0.56,11.52,2.88,1,85.76,True,True,1,5,3,1,2,15.44,False,"[{""boat"":3,""rank"":5,""rise"":9.1,""score"":39.3},{""boat"":6,""rank"":6,""rise"":15.44,""score"":32.24}]",1080,False,False,False,False
20261007,202610070507,多摩川,7,2,True,rank1_drop_5|top3_total_drop_10,-5.56,-13.07,10.8,2,80.24,True,True,2,1,4,1,2,11.98,False,"[{""boat"":4,""rank"":4,""rise"":9.56,""score"":49.76},{""boat"":6,""rank"":5,""rise"":11.98,""score"":34.08},{""boat"":5,""rank"":6,""rise"":10.66,""score"":33.36}]",620,False,False,False,False
20261007,202610070508,多摩川,8,0,False,,1.6,6.8,33.6,1,93.6,True,True,1,2,3,1,2,11.18,False,"[{""boat"":5,""rank"":5,""rise"":7.53,""score"":38.03},{""boat"":6,""rank"":6,""rise"":11.18,""score"":31.28}]",230,False,False,False,False
20261007,202610070509,多摩川,9,0,False,,4.76,13.68,6.24,1,80.96,True,True,1,3,6,1,2,12.18,False,"[{""boat"":5,""rank"":6,""rise"":12.18,""score"":27.28}]",1940,False,False,False,False
20261007,202610070510,多摩川,10,2,True,rank1_drop_5|rank1_drop_close_gap,-6.28,-6.32,3.36,2,71.12,False,True,1,5,2,2,0,,False,[],2650,False,False,False,False
20261007,202610070511,多摩川,11,1,True,rank1_drop_5,-6.08,1.06,14.76,1,90.12,True,True,1,3,2,1,3,8.98,True,"[{""boat"":2,""rank"":4,""rise"":7.76,""score"":50.96},{""boat"":6,""rank"":6,""rise"":8.98,""score"":16.08}]",690,False,False,False,False
20261007,202610070512,多摩川,12,0,False,,1.7,7.48,19.36,1,87.2,True,True,1,2,5,1,2,10.84,False,"[{""boat"":3,""rank"":6,""rise"":10.84,""score"":26.64}]",1280,False,False,False,False
20261007,202610070701,蒲郡,1,0,False,,3.62,5.72,7.02,4,85.42,False,True,2,3,4,3,2,10.46,False,"[{""boat"":3,""rank"":4,""rise"":10.46,""score"":46.16}]",21970,True,True,False,False
20261007,202610070702,蒲郡,2,1,True,rank1_drop_5,-5.27,17.87,5.91,3,75.03,False,True,1,6,3,2,0,,False,[],3780,False,False,False,False
20261007,202610070703,蒲郡,3,0,False,,0.06,36.74,3.2,2,71.76,False,False,1,4,6,4,2,12.16,False,"[{""boat"":5,""rank"":6,""rise"":12.16,""score"":30.56}]",4130,False,False,False,False
20261007,202610070704,蒲郡,4,0,False,,2.56,4.49,5.33,1,77.76,False,True,3,4,1,2,3,11.82,True,"[{""boat"":4,""rank"":4,""rise"":9.18,""score"":57.28},{""boat"":6,""rank"":6,""rise"":11.82,""score"":28.72}]",2160,False,False,False,False
20261007,202610070705,蒲郡,5,0,False,,4.98,2.85,1.52,2,68.08,True,True,2,5,6,1,0,,False,[],11060,True,True,False,False
20261007,202610070706,蒲郡,6,0,False,,-0.58,-1.98,7.26,3,78.22,True,True,3,1,6,1,3,12.8,True,"[{""boat"":2,""rank"":4,""rise"":11.52,""score"":53.92},{""boat"":5,""rank"":6,""rise"":12.8,""score"":24.8}]",3170,False,False,False,False
20261007,202610070708,蒲郡,8,0,False,,3.58,5.74,23.9,1,83.98,False,True,4,1,3,2,1,9.46,False,"[{""boat"":2,""rank"":4,""rise"":8.18,""score"":47.08},{""boat"":3,""rank"":5,""rise"":9.46,""score"":44.16},{""boat"":6,""rank"":6,""rise"":8.24,""score"":37.04}]",1530,False,False,False,False
20261007,202610070709,蒲郡,9,0,False,,3.74,12.34,19.28,1,85.04,True,True,1,3,6,1,0,,False,[],940,False,False,False,False
20261007,202610070710,蒲郡,10,0,False,,-4.38,-2.99,16.91,1,74.62,True,True,1,3,6,1,3,11.96,True,"[{""boat"":5,""rank"":4,""rise"":11.96,""score"":52.16},{""boat"":4,""rank"":5,""rise"":7.8,""score"":50.8}]",5270,True,False,False,False
20261007,202610070711,蒲郡,11,1,True,rank1_drop_5,-11.32,1.02,9.36,1,75.28,True,True,1,6,4,1,0,,False,[],8670,True,False,False,False
20261007,202610070712,蒲郡,12,0,False,,3.27,-4.49,18.01,1,77.77,False,True,5,1,4,5,2,12.82,False,"[{""boat"":4,""rank"":4,""rise"":12.82,""score"":48.72}]",30640,True,True,True,False
20261007,202610070801,常滑,1,2,True,rank1_drop_5|top3_total_drop_10,-8.07,-23.65,21.09,1,85.33,True,True,1,3,6,1,2,13.15,False,"[{""boat"":6,""rank"":5,""rise"":13.15,""score"":36.25},{""boat"":5,""rank"":6,""rise"":10.05,""score"":21.45}]",4350,False,False,False,False
20261007,202610070802,常滑,2,0,False,,-2.11,11.03,0.61,1,73.29,True,True,1,4,2,1,1,8.0,False,"[{""boat"":5,""rank"":5,""rise"":8.0,""score"":38.0}]",630,False,False,False,False
20261007,202610070803,常滑,3,1,True,top3_total_drop_10,6.48,-10.46,24.0,2,76.88,False,True,3,2,4,3,0,,False,[],3780,False,False,False,False
20261007,202610070804,常滑,4,0,False,,-2.3,3.9,6.56,4,85.2,False,True,1,2,4,2,2,11.12,False,"[{""boat"":6,""rank"":4,""rise"":11.12,""score"":49.52},{""boat"":3,""rank"":5,""rise"":10.54,""score"":39.84}]",830,False,False,False,False
20261007,202610070805,常滑,5,0,False,,3.64,6.66,0.48,6,73.44,False,True,1,6,2,2,2,12.32,False,"[{""boat"":5,""rank"":5,""rise"":9.84,""score"":30.64},{""boat"":3,""rank"":6,""rise"":12.32,""score"":26.72}]",1320,False,False,False,False
20261007,202610070806,常滑,6,0,False,,0.76,9.23,19.57,1,84.96,False,True,4,1,5,4,2,11.74,False,"[{""boat"":4,""rank"":4,""rise"":11.74,""score"":47.04},{""boat"":6,""rank"":6,""rise"":11.7,""score"":35.2}]",5500,True,False,False,False
20261007,202610070807,常滑,7,0,False,,-0.13,-7.68,0.15,3,79.67,True,True,3,4,6,1,2,13.58,False,"[{""boat"":5,""rank"":5,""rise"":13.2,""score"":35.2},{""boat"":6,""rank"":6,""rise"":13.58,""score"":27.68}]",1270,False,False,False,False
20261007,202610070808,常滑,8,2,True,rank1_drop_5|rank1_drop_close_gap,-8.16,0.64,1.96,1,62.84,False,False,2,4,5,4,2,13.02,False,"[{""boat"":6,""rank"":6,""rise"":13.02,""score"":29.92}]",700,False,False,False,False
20261007,202610070809,常滑,9,3,True,rank1_drop_5|top3_total_drop_10|rank1_drop_close_gap,-13.38,-21.28,4.53,3,65.52,True,True,3,5,4,1,2,10.34,False,"[{""boat"":6,""rank"":6,""rise"":10.34,""score"":16.64}]",4270,False,False,False,False
20261007,202610070810,常滑,10,0,False,,1.06,8.1,7.76,1,74.16,False,True,3,1,2,2,0,,False,[],1830,False,False,False,False
20261007,202610070811,常滑,11,1,True,top3_total_drop_10,1.88,-16.82,23.28,1,83.28,True,True,1,4,5,1,0,,False,[],1860,False,False,False,False
20261007,202610070812,常滑,12,0,False,,1.8,-5.36,19.06,1,77.7,True,True,1,3,6,1,2,18.28,False,"[{""boat"":6,""rank"":6,""rise"":18.28,""score"":26.88}]",2120,False,False,False,False
20261007,202610071001,三国,1,1,True,top3_total_drop_10,-3.9,-10.16,5.12,2,61.6,False,False,6,1,5,5,0,,False,[],25200,True,True,False,False
20261007,202610071002,三国,2,0,False,,-4.56,9.86,8.96,1,70.24,False,True,3,1,2,4,0,,False,[],5680,True,False,False,False
20261007,202610071003,三国,3,0,False,,6.82,11.04,8.8,2,72.72,True,True,2,3,4,1,0,,False,[],3000,False,False,False,False
20261007,202610071004,三国,4,2,True,rank1_drop_5|top3_total_drop_10,-6.53,-10.75,24.83,1,81.07,True,True,1,4,5,1,3,13.72,True,"[{""boat"":5,""rank"":4,""rise"":10.82,""score"":50.72},{""boat"":6,""rank"":5,""rise"":13.72,""score"":45.12}]",1540,False,False,False,False
20261007,202610071005,三国,5,2,True,rank1_drop_5|top3_total_drop_10,-5.04,-13.04,10.16,1,78.16,True,True,1,5,3,1,0,,False,[],11080,True,True,False,False
20261007,202610071006,三国,6,0,False,,4.52,-0.79,5.29,2,75.92,True,True,2,5,1,1,2,12.52,False,"[{""boat"":4,""rank"":5,""rise"":12.52,""score"":37.92}]",11290,True,True,False,False
20261007,202610071007,三国,7,0,False,,-1.52,12.92,17.7,1,82.08,False,False,3,2,4,2,2,10.92,False,"[{""boat"":6,""rank"":6,""rise"":10.92,""score"":38.32}]",22650,True,True,False,False
20261007,202610071008,三国,8,1,True,rank1_drop_5,-9.42,-9.34,7.68,1,71.68,True,True,1,2,3,1,2,15.7,False,"[{""boat"":4,""rank"":4,""rise"":8.72,""score"":47.12},{""boat"":6,""rank"":6,""rise"":15.7,""score"":25.2}]",990,False,False,False,False
20261007,202610071009,三国,9,0,False,,-0.2,15.05,17.12,1,82.8,True,True,1,4,3,1,2,15.78,False,"[{""boat"":6,""rank"":6,""rise"":15.78,""score"":30.88}]",2590,False,False,False,False
20261007,202610071010,三国,10,0,False,,2.98,12.96,0.72,3,76.08,False,False,2,1,5,3,2,16.34,False,"[{""boat"":6,""rank"":6,""rise"":16.34,""score"":34.64}]",3170,False,False,False,False
20261007,202610071011,三国,11,0,False,,3.24,13.92,5.92,1,69.04,True,True,1,3,2,1,0,,False,[],890,False,False,False,False
20261007,202610071012,三国,12,2,True,rank1_drop_5|top3_total_drop_10,-10.44,-20.64,12.0,1,69.76,False,True,3,1,6,2,1,9.48,False,"[{""boat"":5,""rank"":5,""rise"":9.48,""score"":44.08}]",4580,False,False,False,False
20261007,202610071101,びわこ,1,0,False,,1.45,-1.23,1.81,3,66.65,False,True,1,3,5,3,3,11.53,True,"[{""boat"":5,""rank"":4,""rise"":10.52,""score"":57.92},{""boat"":6,""rank"":6,""rise"":11.53,""score"":17.13}]",1060,False,False,False,False
20261007,202610071102,びわこ,2,0,False,,4.2,7.3,7.44,3,77.2,True,True,3,2,1,1,0,,False,[],2110,False,False,False,False
20261007,202610071103,びわこ,3,0,False,,1.64,0.43,17.52,4,87.44,False,True,1,4,5,2,2,15.5,False,"[{""boat"":5,""rank"":5,""rise"":15.5,""score"":38.0}]",2550,False,False,False,False
20261007,202610071104,びわこ,4,0,False,,3.16,6.67,22.75,1,87.36,True,True,1,5,2,1,3,12.44,True,"[{""boat"":2,""rank"":4,""rise"":7.78,""score"":56.88},{""boat"":4,""rank"":5,""rise"":10.92,""score"":32.32},{""boat"":3,""rank"":6,""rise"":12.44,""score"":32.24}]",880,False,False,False,False
20261007,202610071105,びわこ,5,0,False,,2.72,10.35,2.07,2,71.12,False,False,1,4,5,2,2,10.93,False,"[{""boat"":4,""rank"":4,""rise"":10.93,""score"":45.83},{""boat"":6,""rank"":6,""rise"":8.54,""score"":41.84}]",2460,False,False,False,False
20261007,202610071106,びわこ,6,2,True,rank1_drop_5|top3_total_drop_10,-12.32,-12.04,9.28,4,73.28,False,False,5,2,3,3,2,14.06,False,"[{""boat"":3,""rank"":4,""rise"":14.06,""score"":43.76}]",167940,True,True,True,True
20261007,202610071107,びわこ,7,0,False,,3.26,-2.02,22.46,1,86.96,True,True,1,6,2,1,2,12.9,False,"[{""boat"":5,""rank"":6,""rise"":12.9,""score"":18.4}]",1130,False,False,False,False
20261007,202610071108,びわこ,8,0,False,,1.24,9.9,29.44,1,95.04,True,True,1,3,4,1,3,13.6,True,"[{""boat"":4,""rank"":4,""rise"":9.04,""score"":57.84},{""boat"":5,""rank"":5,""rise"":9.46,""score"":44.16},{""boat"":6,""rank"":6,""rise"":13.6,""score"":15.6}]",670,False,False,False,False
20261007,202610071109,びわこ,9,0,False,,-4.52,-3.76,6.56,1,70.08,True,True,1,2,5,1,2,11.14,False,"[{""boat"":6,""rank"":6,""rise"":11.14,""score"":25.44}]",260,False,False,False,False
20261007,202610071110,びわこ,10,1,True,rank1_drop_5,-5.89,-0.31,15.41,1,78.61,True,True,1,2,6,1,2,13.8,False,"[{""boat"":6,""rank"":5,""rise"":11.44,""score"":42.24},{""boat"":3,""rank"":6,""rise"":13.8,""score"":38.8}]",1340,False,False,False,False
20261007,202610071111,びわこ,11,0,False,,3.36,9.8,4.48,3,86.56,False,False,1,2,4,2,2,15.64,False,"[{""boat"":6,""rank"":6,""rise"":15.64,""score"":30.84}]",980,False,False,False,False
20261007,202610071112,びわこ,12,1,True,rank1_drop_close_gap,-4.02,-3.42,1.44,3,74.08,False,False,2,4,1,3,0,,False,[],53940,True,True,True,True
20261007,202610071401,鳴門,1,1,True,top3_total_drop_10,-4.9,-11.64,25.84,1,77.6,True,True,1,4,3,1,2,14.92,False,"[{""boat"":6,""rank"":6,""rise"":14.92,""score"":34.32}]",1050,False,False,False,False
20261007,202610071402,鳴門,2,0,False,,3.4,15.38,6.96,4,80.4,True,True,4,5,1,1,1,9.2,False,"[{""boat"":5,""rank"":5,""rise"":9.2,""score"":39.2}]",3720,False,False,False,False
20261007,202610071403,鳴門,3,0,False,,4.44,12.34,4.32,1,82.24,False,True,2,1,4,3,2,10.96,False,"[{""boat"":5,""rank"":5,""rise"":10.96,""score"":38.16}]",1790,False,False,False,False
20261007,202610071404,鳴門,4,0,False,,3.18,10.2,4.72,1,81.28,False,False,3,4,6,4,0,,False,[],12160,True,True,False,False
20261007,202610071405,鳴門,5,0,False,,2.0,14.68,11.84,3,74.0,True,True,3,2,6,1,3,17.16,True,"[{""boat"":6,""rank"":5,""rise"":17.16,""score"":52.56}]",3790,False,False,False,False
20261007,202610071406,鳴門,6,0,False,,3.84,14.08,12.42,5,78.64,True,True,5,4,6,1,2,10.18,False,"[{""boat"":6,""rank"":6,""rise"":10.18,""score"":29.28}]",3850,False,False,False,False
20261007,202610071407,鳴門,7,0,False,,4.16,3.21,11.6,1,83.36,True,True,1,2,4,1,2,12.32,False,"[{""boat"":6,""rank"":5,""rise"":12.32,""score"":32.72},{""boat"":4,""rank"":6,""rise"":7.77,""score"":24.57}]",2220,False,False,False,False
20261007,202610071408,鳴門,8,2,True,top3_total_drop_10|rank1_drop_close_gap,-4.18,-15.2,0.24,2,74.72,False,True,5,2,1,5,2,13.32,False,"[{""boat"":6,""rank"":6,""rise"":13.32,""score"":28.72}]",10950,True,True,False,False
20261007,202610071409,鳴門,9,0,False,,5.8,-8.06,7.96,4,76.8,True,True,4,5,1,1,2,14.98,False,"[{""boat"":6,""rank"":5,""rise"":14.98,""score"":28.08}]",2520,False,False,False,False
20261007,202610071410,鳴門,10,0,False,,-1.0,11.98,2.56,5,74.0,False,False,1,2,6,2,2,13.32,False,"[{""boat"":6,""rank"":5,""rise"":7.86,""score"":44.56},{""boat"":3,""rank"":6,""rise"":13.32,""score"":28.72}]",3160,False,False,False,False
20261007,202610071411,鳴門,11,0,False,,-2.1,10.46,2.58,1,74.9,False,True,2,1,6,2,0,,False,[],7250,True,False,False,False
20261007,202610071412,鳴門,12,0,False,,3.24,9.33,22.96,1,87.04,False,True,4,6,1,5,1,8.56,False,"[{""boat"":6,""rank"":6,""rise"":8.56,""score"":33.56}]",67570,True,True,True,True
20261007,202610071601,児島,1,0,False,,-1.46,-5.87,11.28,1,87.84,False,True,4,2,1,5,2,14.42,False,"[{""boat"":5,""rank"":4,""rise"":11.04,""score"":43.84},{""boat"":6,""rank"":6,""rise"":14.42,""score"":27.92}]",5410,True,False,False,False
20261007,202610071602,児島,2,2,True,rank1_drop_5|rank1_drop_close_gap,-7.1,-2.81,4.24,1,68.4,False,False,5,4,2,2,2,13.04,False,"[{""boat"":3,""rank"":5,""rise"":13.04,""score"":47.84}]",16130,True,True,False,False
20261007,202610071603,児島,3,1,True,top3_total_drop_10,6.32,-12.96,5.92,3,74.72,False,True,1,3,6,3,2,13.68,False,"[{""boat"":4,""rank"":4,""rise"":13.68,""score"":39.28},{""boat"":5,""rank"":5,""rise"":12.5,""score"":38.0}]",960,False,False,False,False
20261007,202610071604,児島,4,0,False,,-0.2,20.54,6.34,4,79.2,False,True,2,3,4,5,2,12.1,False,"[{""boat"":5,""rank"":6,""rise"":12.1,""score"":18.4}]",25520,True,True,False,False
20261007,202610071605,児島,5,0,False,,0.04,8.34,8.56,1,81.84,True,True,1,5,2,1,2,12.5,False,"[{""boat"":5,""rank"":5,""rise"":12.5,""score"":38.0},{""boat"":4,""rank"":6,""rise"":11.26,""score"":30.96}]",5640,True,False,False,False
20261007,202610071606,児島,6,0,False,,2.64,-3.03,3.47,3,71.44,False,True,1,5,3,3,2,12.6,False,"[{""boat"":4,""rank"":4,""rise"":9.64,""score"":49.44},{""boat"":5,""rank"":5,""rise"":12.6,""score"":43.6},{""boat"":6,""rank"":6,""rise"":10.12,""score"":35.52}]",6760,True,False,False,False
20261007,202610071607,児島,7,0,False,,1.44,-2.25,7.04,3,76.24,False,False,1,6,2,3,2,11.5,False,"[{""boat"":2,""rank"":5,""rise"":11.5,""score"":42.0},{""boat"":6,""rank"":6,""rise"":9.23,""score"":28.23}]",16960,True,True,False,False
20261007,202610071608,児島,8,0,False,,0.96,10.48,25.12,1,96.16,False,True,5,1,2,6,2,15.64,False,"[{""boat"":6,""rank"":5,""rise"":15.64,""score"":31.44}]",21380,True,True,False,False
20261007,202610071609,児島,9,2,True,rank1_drop_5|rank1_drop_close_gap,-7.3,-8.4,0.4,1,75.2,True,True,1,3,4,1,0,,False,[],440,False,False,False,False
20261007,202610071610,児島,10,0,False,,0.9,14.08,13.44,2,78.4,True,True,2,1,4,1,2,11.14,False,"[{""boat"":6,""rank"":5,""rise"":11.14,""score"":43.44}]",2680,False,False,False,False
20261007,202610071611,児島,11,0,False,,-0.08,-0.25,4.66,1,76.42,False,True,2,1,3,2,2,10.3,False,"[{""boat"":5,""rank"":5,""rise"":10.3,""score"":34.8}]",2620,False,False,False,False
20261007,202610071612,児島,12,2,True,rank1_drop_5|top3_total_drop_10,-11.22,-13.02,16.88,1,78.88,True,True,1,2,5,1,3,12.11,True,"[{""boat"":5,""rank"":4,""rise"":9.52,""score"":55.92},{""boat"":4,""rank"":5,""rise"":8.12,""score"":37.52},{""boat"":6,""rank"":6,""rise"":12.11,""score"":25.21}]",1500,False,False,False,False
20261007,202610071801,徳山,1,2,True,rank1_drop_5|top3_total_drop_10,-7.89,-13.54,19.54,1,87.11,True,True,1,2,5,1,2,11.52,False,"[{""boat"":6,""rank"":6,""rise"":11.52,""score"":23.92}]",1360,False,False,False,False
20261007,202610071802,徳山,2,1,True,rank1_drop_5,-10.5,-6.2,13.36,1,76.0,True,True,1,3,2,1,1,8.18,False,"[{""boat"":4,""rank"":5,""rise"":8.18,""score"":37.28}]",920,False,False,False,False
20261007,202610071803,徳山,3,0,False,,-4.36,2.88,13.68,1,75.44,True,True,1,2,6,1,0,,False,[],940,False,False,False,False
20261007,202610071804,徳山,4,0,False,,3.78,11.04,6.56,1,84.88,True,True,1,4,2,1,3,10.96,True,"[{""boat"":5,""rank"":4,""rise"":10.96,""score"":50.16},{""boat"":4,""rank"":5,""rise"":9.86,""score"":36.56}]",10220,True,True,False,False
20261007,202610071805,徳山,5,0,False,,5.46,4.12,4.24,6,78.16,False,True,1,2,6,2,0,,False,[],490,False,False,False,False
20261007,202610071806,徳山,6,0,False,,3.54,10.14,3.4,1,78.44,True,True,1,3,6,1,2,14.8,False,"[{""boat"":5,""rank"":6,""rise"":14.8,""score"":28.8}]",450,False,False,False,False
20261007,202610071807,徳山,7,2,True,rank1_drop_5|rank1_drop_close_gap,-7.72,4.0,4.86,2,77.58,False,True,1,2,4,2,0,,False,[],1400,False,False,False,False
20261007,202610071808,徳山,8,0,False,,-4.9,7.15,6.51,1,77.6,True,True,1,2,3,1,0,,False,[],700,False,False,False,False
20261007,202610071809,徳山,9,0,False,,6.02,1.12,22.72,1,75.92,True,True,1,2,4,1,1,8.94,False,"[{""boat"":6,""rank"":6,""rise"":8.94,""score"":38.14}]",820,False,False,False,False
20261007,202610071810,徳山,10,2,True,rank1_drop_5|top3_total_drop_10,-9.52,-14.28,9.68,2,72.08,False,True,1,2,3,2,0,,False,[],1120,False,False,False,False
20261007,202610071811,徳山,11,2,True,top3_total_drop_10|rank1_drop_close_gap,-3.36,-10.82,1.68,1,65.44,True,True,1,3,5,1,3,9.48,True,"[{""boat"":3,""rank"":4,""rise"":9.48,""score"":50.08}]",2790,False,False,False,False
20261007,202610071812,徳山,12,2,True,rank1_drop_5|top3_total_drop_10,-6.34,-12.85,25.2,1,77.36,True,True,1,3,4,1,0,,False,[],1050,False,False,False,False
20261007,202610072001,若松,1,0,False,,2.9,13.59,17.12,3,88.4,False,False,2,1,5,6,2,10.4,False,"[{""boat"":6,""rank"":5,""rise"":8.39,""score"":35.19},{""boat"":2,""rank"":6,""rise"":10.4,""score"":32.6}]",63750,True,True,True,True
20261007,202610072002,若松,2,0,False,,-4.62,-1.44,10.24,5,78.08,False,True,1,5,2,2,2,15.68,False,"[{""boat"":4,""rank"":5,""rise"":15.68,""score"":48.88}]",900,False,False,False,False
20261007,202610072003,若松,3,0,False,,1.44,10.94,5.2,2,88.24,False,True,1,2,6,2,2,11.36,False,"[{""boat"":5,""rank"":6,""rise"":11.36,""score"":20.96}]",350,False,False,False,False
20261007,202610072004,若松,4,0,False,,1.98,0.26,8.8,4,77.68,False,True,1,3,4,2,2,16.64,False,"[{""boat"":5,""rank"":5,""rise"":16.64,""score"":37.44}]",1540,False,False,False,False
20261007,202610072005,若松,5,0,False,,2.24,-2.07,16.15,1,85.04,False,True,2,1,4,2,2,11.6,False,"[{""boat"":5,""rank"":5,""rise"":10.08,""score"":35.68},{""boat"":6,""rank"":6,""rise"":11.6,""score"":23.6}]",4430,False,False,False,False
20261007,202610072006,若松,6,2,True,rank1_drop_5|rank1_drop_close_gap,-7.26,-1.36,2.96,1,69.04,False,False,2,4,3,2,2,12.7,False,"[{""boat"":5,""rank"":5,""rise"":9.22,""score"":39.12},{""boat"":4,""rank"":6,""rise"":12.7,""score"":37.2}]",7780,True,False,False,False
20261007,202610072007,若松,7,0,False,,-0.08,8.1,11.68,1,71.92,True,True,1,4,6,1,3,7.88,True,"[{""boat"":6,""rank"":5,""rise"":7.88,""score"":50.48}]",2340,False,False,False,False
20261007,202610072008,若松,8,0,False,,0.14,-8.02,4.72,2,81.44,True,True,2,3,1,1,2,13.98,False,"[{""boat"":6,""rank"":5,""rise"":13.98,""score"":38.88},{""boat"":5,""rank"":6,""rise"":9.62,""score"":20.72}]",6540,True,False,False,False
20261007,202610072009,若松,9,0,False,,2.62,15.52,23.72,1,89.52,True,True,1,5,6,1,2,12.72,False,"[{""boat"":5,""rank"":5,""rise"":7.51,""score"":32.31},{""boat"":6,""rank"":6,""rise"":12.72,""score"":31.12}]",24970,True,True,False,False
20261007,202610072010,若松,10,2,True,rank1_drop_5|top3_total_drop_10,-16.53,-19.48,14.15,1,80.07,True,True,1,5,3,1,1,8.95,False,"[{""boat"":2,""rank"":4,""rise"":8.95,""score"":45.15}]",2580,False,False,False,False
20261007,202610072011,若松,11,1,True,rank1_drop_5,-5.12,9.94,37.12,1,90.48,True,True,1,3,5,1,0,,False,[],1010,False,False,False,False
20261007,202610072012,若松,12,0,False,,0.93,8.33,19.73,1,84.13,True,True,1,3,5,1,2,14.8,False,"[{""boat"":6,""rank"":6,""rise"":14.8,""score"":20.2}]",710,False,False,False,False
20261007,202610072401,大村,1,0,False,,-1.48,11.54,7.84,2,75.92,False,True,1,2,3,2,2,14.82,False,"[{""boat"":6,""rank"":5,""rise"":14.82,""score"":34.72}]",1440,False,False,False,False
20261007,202610072402,大村,2,1,True,rank1_drop_5,-11.76,-2.23,5.76,4,76.64,False,True,3,4,1,3,2,14.42,False,"[{""boat"":2,""rank"":4,""rise"":14.42,""score"":49.92}]",1510,False,False,False,False
20261007,202610072403,大村,3,0,False,,-0.48,-4.1,16.34,3,82.72,True,True,3,6,1,1,2,12.64,False,"[{""boat"":2,""rank"":4,""rise"":8.4,""score"":41.6},{""boat"":5,""rank"":6,""rise"":12.64,""score"":30.64}]",1050,False,False,False,False
20261007,202610072404,大村,4,1,True,top3_total_drop_10,0.91,-12.66,1.28,4,69.81,False,False,1,3,6,3,2,18.54,False,"[{""boat"":3,""rank"":5,""rise"":8.94,""score"":47.24},{""boat"":5,""rank"":6,""rise"":18.54,""score"":25.84}]",4670,False,False,False,False
20261007,202610072405,大村,5,0,False,,-4.52,-9.75,10.7,3,62.78,False,False,4,6,5,3,1,8.34,False,"[{""boat"":5,""rank"":4,""rise"":8.34,""score"":44.44}]",9590,True,False,False,False
20261007,202610072406,大村,6,0,False,,1.46,-6.42,2.96,5,76.16,False,False,3,4,1,2,3,16.7,True,"[{""boat"":4,""rank"":4,""rise"":10.92,""score"":50.32},{""boat"":6,""rank"":5,""rise"":16.7,""score"":33.2}]",4690,False,False,False,False
20261007,202610072407,大村,7,0,False,,3.46,-4.38,11.04,1,80.16,True,True,1,4,2,1,2,17.76,False,"[{""boat"":5,""rank"":5,""rise"":13.66,""score"":33.36},{""boat"":6,""rank"":6,""rise"":17.76,""score"":28.96}]",780,False,False,False,False
20261007,202610072408,大村,8,2,True,rank1_drop_5|rank1_drop_close_gap,-5.86,-6.32,4.48,1,75.44,False,True,2,4,1,2,2,14.26,False,"[{""boat"":6,""rank"":6,""rise"":14.26,""score"":30.96}]",1850,False,False,False,False
20261007,202610072409,大村,9,2,True,rank1_drop_5|rank1_drop_close_gap,-7.7,-3.66,3.68,3,82.8,True,True,3,2,1,1,1,7.56,False,"[{""boat"":4,""rank"":4,""rise"":7.56,""score"":45.76}]",6090,True,False,False,False
20261007,202610072410,大村,10,1,True,top3_total_drop_10,2.36,-21.98,26.24,1,84.56,True,True,1,2,3,1,0,,False,[],360,False,False,False,False
20261007,202610072411,大村,11,0,False,,4.7,7.0,11.36,1,81.2,True,True,1,3,6,1,0,,False,[],490,False,False,False,False
20261007,202610072412,大村,12,1,True,rank1_drop_5,-10.38,-1.02,8.72,1,75.52,True,True,1,6,3,1,3,13.04,True,"[{""boat"":4,""rank"":4,""rise"":11.46,""score"":54.16},{""boat"":2,""rank"":5,""rise"":13.04,""score"":35.84}]",2250,False,False,False,False
