date,venue_code,race,boat,finish,exhibition_time,exhibition_course,exhibition_st,exhibition_f,wind_speed,wind_direction,wind_direction_code,wave_height,course_changed,total_score
20261007,01,1,1,1,6.79,1.0,0.08,0,1.0,西南西,12,1.0,0.0,64.0
20261007,01,1,2,3,6.79,2.0,0.05,0,1.0,西南西,12,1.0,0.0,58.4
20261007,01,1,3,4,6.82,3.0,0.07,0,1.0,西南西,12,1.0,0.0,59.4
20261007,01,1,4,6,6.82,4.0,0.06,0,1.0,西南西,12,1.0,0.0,36.8
20261007,01,1,5,2,6.88,5.0,-0.01,1,1.0,西南西,12,1.0,0.0,64.0
20261007,01,1,6,5,6.89,6.0,-0.03,1,1.0,西南西,12,1.0,0.0,17.4
20261007,01,2,1,4,6.88,1.0,0.08,0,4.0,東北東,4,3.0,0.0,66.2
20261007,01,2,2,2,6.77,2.0,0.05,0,4.0,東北東,4,3.0,0.0,78.4
20261007,01,2,3,1,6.87,3.0,0.13,0,4.0,東北東,4,3.0,0.0,60.3
20261007,01,2,4,5,6.79,4.0,0.01,0,4.0,東北東,4,3.0,0.0,34.7
20261007,01,2,5,3,6.96,5.0,0.03,0,4.0,東北東,4,3.0,0.0,45.8
20261007,01,2,6,6,6.87,6.0,0.07,0,4.0,東北東,4,3.0,0.0,14.6
20261007,01,3,1,4,6.84,1.0,0.02,0,5.0,東北東,4,4.0,0.0,61.8
20261007,01,3,2,5,6.8,2.0,-0.03,1,5.0,東北東,4,4.0,0.0,58.8
20261007,01,3,3,3,6.98,4.0,-0.05,1,5.0,東北東,4,4.0,1.0,90.7
20261007,01,3,4,2,6.97,5.0,0.01,0,5.0,東北東,4,4.0,1.0,50.7
20261007,01,3,5,6,6.92,6.0,-0.06,1,5.0,東北東,4,4.0,1.0,19.4
20261007,01,3,6,1,6.77,3.0,-0.04,1,5.0,東北東,4,4.0,1.0,18.6
20261007,01,4,1,4,6.86,1.0,0.05,0,5.0,東北東,4,4.0,0.0,71.5
20261007,01,4,2,3,6.79,2.0,0.28,0,5.0,東北東,4,4.0,0.0,55.3
20261007,01,4,3,2,6.73,3.0,0.12,0,5.0,東北東,4,4.0,0.0,31.8
20261007,01,4,4,1,6.71,4.0,0.05,0,5.0,東北東,4,4.0,0.0,72.1
20261007,01,4,5,5,6.82,5.0,0.07,0,5.0,東北東,4,4.0,0.0,31.5
20261007,01,4,6,6,6.86,6.0,0.15,0,5.0,東北東,4,4.0,0.0,37.8
20261007,01,5,1,4,6.96,1.0,-0.2,1,5.0,東北東,4,4.0,0.0,53.4
20261007,01,5,2,3,6.72,2.0,0.01,0,5.0,東北東,4,4.0,0.0,80.2
20261007,01,5,3,2,6.78,3.0,-0.03,1,5.0,東北東,4,4.0,0.0,47.4
20261007,01,5,4,6,6.77,4.0,-0.08,1,5.0,東北東,4,4.0,0.0,78.7
20261007,01,5,5,1,6.84,5.0,0.09,0,5.0,東北東,4,4.0,0.0,31.6
20261007,01,5,6,5,6.91,6.0,0.14,0,5.0,東北東,4,4.0,0.0,8.7
20261007,01,6,1,1,6.81,1.0,0.01,0,5.0,東北東,4,4.0,0.0,80.6
20261007,01,6,2,2,6.88,2.0,0.07,0,5.0,東北東,4,4.0,0.0,66.5
20261007,01,6,3,6,6.89,3.0,0.07,0,5.0,東北東,4,4.0,0.0,64.7
20261007,01,6,4,3,6.99,4.0,-0.05,1,5.0,東北東,4,4.0,0.0,26.9
20261007,01,6,5,4,6.99,5.0,-0.01,1,5.0,東北東,4,4.0,0.0,41.5
20261007,01,6,6,5,6.98,6.0,-0.02,1,5.0,東北東,4,4.0,0.0,19.8
20261007,01,7,1,3,6.61,1.0,0.03,0,5.0,東北東,4,4.0,0.0,81.2
20261007,01,7,2,5,6.81,2.0,0.01,0,5.0,東北東,4,4.0,0.0,54.0
20261007,01,7,3,4,6.7,3.0,0.15,0,5.0,東北東,4,4.0,0.0,92.8
20261007,01,7,4,1,6.78,4.0,0.02,0,5.0,東北東,4,4.0,0.0,37.6
20261007,01,7,5,2,6.73,5.0,-0.06,1,5.0,東北東,4,4.0,0.0,27.1
20261007,01,7,6,6,6.66,6.0,-0.15,1,5.0,東北東,4,4.0,0.0,7.3
20261007,01,8,1,3,6.89,1.0,-0.04,1,3.0,東北東,4,2.0,0.0,71.4
20261007,01,8,2,1,6.73,2.0,0.05,0,3.0,東北東,4,2.0,0.0,61.3
20261007,01,8,3,5,6.77,3.0,0.0,0,3.0,東北東,4,2.0,0.0,35.6
20261007,01,8,4,6,6.82,4.0,0.03,0,3.0,東北東,4,2.0,0.0,38.2
20261007,01,8,5,2,6.77,5.0,-0.17,1,3.0,東北東,4,2.0,0.0,72.2
20261007,01,8,6,4,6.72,6.0,-0.11,1,3.0,東北東,4,2.0,0.0,21.3
20261007,01,9,1,1,6.69,1.0,-0.04,1,2.0,東北東,4,1.0,0.0,82.9
20261007,01,9,2,2,6.83,2.0,-0.01,1,2.0,東北東,4,1.0,0.0,66.3
20261007,01,9,3,4,6.76,3.0,0.06,0,2.0,東北東,4,1.0,0.0,32.9
20261007,01,9,4,5,6.64,4.0,0.03,0,2.0,東北東,4,1.0,0.0,27.0
20261007,01,9,5,3,6.75,5.0,0.0,0,2.0,東北東,4,1.0,0.0,65.4
20261007,01,9,6,6,6.83,6.0,0.05,0,2.0,東北東,4,1.0,0.0,25.5
20261007,01,10,1,2,6.81,1.0,-0.01,1,3.0,東北東,4,2.0,0.0,80.4
20261007,01,10,2,3,6.89,2.0,0.09,0,3.0,東北東,4,2.0,0.0,81.6
20261007,01,10,3,1,6.74,3.0,0.03,0,3.0,東北東,4,2.0,0.0,37.6
20261007,01,10,4,5,6.83,4.0,-0.03,1,3.0,東北東,4,2.0,0.0,52.4
20261007,01,10,5,4,6.78,5.0,-0.08,1,3.0,東北東,4,2.0,0.0,11.8
20261007,01,10,6,6,6.81,6.0,-0.12,1,3.0,東北東,4,2.0,0.0,36.2
20261007,01,11,1,1,6.74,1.0,0.22,0,2.0,南南東,8,1.0,0.0,54.0
20261007,01,11,2,3,6.68,2.0,0.15,0,2.0,南南東,8,1.0,0.0,59.8
20261007,01,11,3,2,6.74,3.0,0.07,0,2.0,南南東,8,1.0,0.0,80.6
20261007,01,11,4,4,6.8,4.0,-0.01,1,2.0,南南東,8,1.0,0.0,47.8
20261007,01,11,5,5,6.7,5.0,-0.04,1,2.0,南南東,8,1.0,0.0,40.8
20261007,01,11,6,6,6.8,6.0,0.04,0,2.0,南南東,8,1.0,0.0,17.0
20261007,01,12,1,1,6.6,1.0,0.06,0,2.0,南南西,10,1.0,0.0,86.2
20261007,01,12,2,5,6.61,2.0,0.13,0,2.0,南南西,10,1.0,0.0,51.5
20261007,01,12,3,2,6.7,3.0,0.07,0,2.0,南南西,10,1.0,0.0,52.4
20261007,01,12,4,4,6.66,4.0,-0.03,1,2.0,南南西,10,1.0,0.0,44.9
20261007,01,12,5,6,6.51,5.0,-0.01,1,2.0,南南西,10,1.0,0.0,49.2
20261007,01,12,6,3,6.54,6.0,-0.01,1,2.0,南南西,10,1.0,0.0,15.8
20261007,03,1,1,5,6.57,1.0,-0.04,1,3.0,東北東,4,5.0,0.0,77.6
20261007,03,1,2,4,6.71,2.0,-0.11,1,3.0,東北東,4,5.0,0.0,51.4
20261007,03,1,3,3,6.55,3.0,-0.01,1,3.0,東北東,4,5.0,0.0,49.2
20261007,03,1,4,2,6.63,4.0,0.01,0,3.0,東北東,4,5.0,0.0,66.6
20261007,03,1,5,1,6.6,5.0,0.04,0,3.0,東北東,4,5.0,0.0,45.1
20261007,03,1,6,6,6.63,6.0,0.12,0,3.0,東北東,4,5.0,0.0,10.1
20261007,03,2,1,1,6.78,1.0,0.06,0,4.0,西南西,12,5.0,0.0,78.2
20261007,03,2,2,5,6.77,2.0,0.12,0,4.0,西南西,12,5.0,0.0,37.5
20261007,03,2,3,2,6.73,3.0,0.19,0,4.0,西南西,12,5.0,0.0,87.8
20261007,03,2,4,6,6.85,4.0,0.22,0,4.0,西南西,12,5.0,0.0,23.7
20261007,03,2,5,3,6.84,5.0,0.23,0,4.0,西南西,12,5.0,0.0,32.5
20261007,03,2,6,4,6.82,6.0,0.22,0,4.0,西南西,12,5.0,0.0,40.3
20261007,03,3,1,3,6.85,1.0,0.29,0,6.0,南南西,10,10.0,0.0,64.4
20261007,03,3,2,2,6.72,2.0,0.22,0,6.0,南南西,10,10.0,0.0,46.3
20261007,03,3,3,5,7.36,3.0,0.87,0,6.0,南南西,10,10.0,0.0,44.1
20261007,03,3,4,1,7.36,4.0,0.25,0,6.0,南南西,10,10.0,0.0,85.2
20261007,03,3,5,4,6.89,5.0,0.33,0,6.0,南南西,10,10.0,0.0,51.4
20261007,03,3,6,6,6.76,6.0,0.46,0,6.0,南南西,10,10.0,0.0,8.6
20261007,03,4,1,1,6.97,1.0,0.08,0,5.0,南南西,10,10.0,0.0,72.4
20261007,03,4,2,4,6.74,2.0,0.03,0,5.0,南南西,10,10.0,0.0,47.8
20261007,03,4,3,2,6.94,3.0,0.03,0,5.0,南南西,10,10.0,0.0,67.0
20261007,03,4,4,3,6.92,4.0,0.06,0,5.0,南南西,10,10.0,0.0,59.4
20261007,03,4,5,6,6.99,5.0,0.17,0,5.0,南南西,10,10.0,0.0,23.6
20261007,03,4,6,5,6.75,6.0,0.22,0,5.0,南南西,10,10.0,0.0,29.8
20261007,03,5,1,4,6.79,1.0,0.21,0,4.0,西南西,12,10.0,0.0,64.6
20261007,03,5,2,5,6.75,2.0,0.17,0,4.0,西南西,12,10.0,0.0,61.1
20261007,03,5,3,3,6.79,3.0,0.27,0,4.0,西南西,12,10.0,0.0,36.7
20261007,03,5,4,1,6.97,4.0,0.11,0,4.0,西南西,12,10.0,0.0,90.7
20261007,03,5,5,2,6.87,5.0,0.24,0,4.0,西南西,12,10.0,0.0,33.1
20261007,03,5,6,6,6.93,6.0,0.18,0,4.0,西南西,12,10.0,0.0,13.8
20261007,03,6,1,4,6.82,1.0,0.2,0,4.0,西南西,12,10.0,0.0,69.8
20261007,03,6,2,5,6.82,2.0,0.19,0,4.0,西南西,12,10.0,0.0,70.9
20261007,03,6,3,1,6.85,3.0,0.21,0,4.0,西南西,12,10.0,0.0,71.4
20261007,03,6,4,2,6.93,4.0,0.39,0,4.0,西南西,12,10.0,0.0,51.3
20261007,03,6,5,3,6.87,5.0,0.35,0,4.0,西南西,12,10.0,0.0,19.9
20261007,03,6,6,6,6.86,6.0,0.35,0,4.0,西南西,12,10.0,0.0,16.7
20261007,03,7,1,5,6.97,1.0,0.12,0,5.0,西南西,12,10.0,0.0,63.2
20261007,03,7,2,3,6.92,2.0,0.21,0,5.0,西南西,12,10.0,0.0,43.0
20261007,03,7,3,1,6.84,3.0,0.16,0,5.0,西南西,12,10.0,0.0,77.1
20261007,03,7,4,4,6.88,4.0,0.14,0,5.0,西南西,12,10.0,0.0,33.1
20261007,03,7,5,2,6.86,5.0,0.16,0,5.0,西南西,12,10.0,0.0,70.9
20261007,03,7,6,6,6.75,6.0,0.31,0,5.0,西南西,12,10.0,0.0,12.7
20261007,03,8,1,3,6.99,1.0,0.15,0,2.0,南南西,10,10.0,0.0,57.4
20261007,03,8,2,6,6.8,2.0,0.21,0,2.0,南南西,10,10.0,0.0,67.6
20261007,03,8,3,4,6.8,3.0,0.38,0,2.0,南南西,10,10.0,0.0,46.6
20261007,03,8,4,1,6.75,4.0,0.06,0,2.0,南南西,10,10.0,0.0,73.8
20261007,03,8,5,2,6.84,5.0,0.18,0,2.0,南南西,10,10.0,0.0,44.0
20261007,03,8,6,5,6.75,6.0,0.21,0,2.0,南南西,10,10.0,0.0,10.6
20261007,03,9,1,2,6.76,1.0,-0.09,1,5.0,西南西,12,10.0,0.0,87.9
20261007,03,9,2,3,6.87,2.0,0.05,0,5.0,西南西,12,10.0,0.0,41.9
20261007,03,9,3,1,6.83,3.0,0.29,0,5.0,西南西,12,10.0,0.0,70.0
20261007,03,9,4,5,6.86,4.0,0.13,0,5.0,西南西,12,10.0,0.0,50.2
20261007,03,9,5,4,6.78,5.0,0.12,0,5.0,西南西,12,10.0,0.0,30.0
20261007,03,9,6,6,6.78,6.0,0.05,0,5.0,西南西,12,10.0,0.0,20.0
20261007,03,10,1,1,6.73,1.0,0.18,0,2.0,西南西,12,5.0,0.0,88.0
20261007,03,10,2,2,6.78,2.0,0.19,0,2.0,西南西,12,5.0,0.0,46.3
20261007,03,10,3,3,6.86,3.0,0.28,0,2.0,西南西,12,5.0,0.0,77.3
20261007,03,10,4,4,6.82,4.0,0.21,0,2.0,西南西,12,5.0,0.0,36.7
20261007,03,10,5,6,6.88,5.0,0.23,0,2.0,西南西,12,5.0,0.0,15.1
20261007,03,10,6,5,6.76,6.0,0.12,0,2.0,西南西,12,5.0,0.0,36.6
20261007,03,11,1,1,6.77,1.0,-0.02,1,2.0,西南西,12,5.0,0.0,77.1
20261007,03,11,2,6,6.73,2.0,0.27,0,2.0,西南西,12,5.0,0.0,40.8
20261007,03,11,3,2,6.8,3.0,-0.05,1,2.0,西南西,12,5.0,0.0,30.7
20261007,03,11,4,3,6.78,4.0,0.21,0,2.0,西南西,12,5.0,0.0,80.9
20261007,03,11,5,4,6.83,5.0,0.27,0,2.0,西南西,12,5.0,0.0,35.6
20261007,03,11,6,5,6.76,6.0,0.3,0,2.0,西南西,12,5.0,0.0,34.9
20261007,03,12,1,2,6.73,1.0,-0.01,1,2.0,東北東,4,5.0,0.0,90.3
20261007,03,12,2,3,6.89,2.0,0.09,0,2.0,東北東,4,5.0,0.0,50.1
20261007,03,12,3,4,6.79,3.0,-0.02,1,2.0,東北東,4,5.0,0.0,52.7
20261007,03,12,4,1,6.83,4.0,0.2,0,2.0,東北東,4,5.0,0.0,55.7
20261007,03,12,5,6,6.75,5.0,0.06,0,2.0,東北東,4,5.0,0.0,30.3
20261007,03,12,6,5,6.84,6.0,0.12,0,2.0,東北東,4,5.0,0.0,20.9
20261007,05,1,1,4,6.65,1.0,0.04,0,2.0,北東,3,2.0,0.0,79.0
20261007,05,1,2,1,6.56,5.0,-0.05,1,2.0,北東,3,2.0,1.0,51.9
20261007,05,1,3,2,6.61,2.0,0.01,0,2.0,北東,3,2.0,1.0,65.7
20261007,05,1,4,3,6.65,3.0,-0.01,1,2.0,北東,3,2.0,1.0,28.7
20261007,05,1,5,5,6.72,4.0,-0.04,1,2.0,北東,3,2.0,1.0,52.2
20261007,05,1,6,6,6.7,6.0,-0.07,1,2.0,北東,3,2.0,0.0,22.5
20261007,05,2,1,5,6.65,1.0,0.05,0,0.0,,17,2.0,0.0,82.8
20261007,05,2,2,3,6.69,2.0,0.19,0,0.0,,17,2.0,0.0,70.4
20261007,05,2,3,1,6.62,3.0,-0.01,1,0.0,,17,2.0,0.0,58.0
20261007,05,2,4,2,6.75,4.0,0.01,0,0.0,,17,2.0,0.0,43.8
20261007,05,2,5,6,6.77,5.0,-0.01,1,0.0,,17,2.0,0.0,40.0
20261007,05,2,6,4,6.7,6.0,0.06,0,0.0,,17,2.0,0.0,5.0
20261007,05,3,1,6,6.65,1.0,0.09,0,2.0,北東,3,2.0,0.0,69.7
20261007,05,3,2,1,6.62,2.0,0.03,0,2.0,北東,3,2.0,0.0,82.4
20261007,05,3,3,2,6.63,3.0,0.13,0,2.0,北東,3,2.0,0.0,61.9
20261007,05,3,4,4,6.65,4.0,0.22,0,2.0,北東,3,2.0,0.0,43.0
20261007,05,3,5,5,6.73,5.0,0.09,0,2.0,北東,3,2.0,0.0,27.8
20261007,05,3,6,3,6.67,6.0,0.27,0,2.0,北東,3,2.0,0.0,15.2
20261007,05,4,1,1,6.67,1.0,0.26,0,1.0,北西,15,2.0,0.0,72.7
20261007,05,4,2,5,6.74,2.0,0.13,0,1.0,北西,15,2.0,0.0,30.6
20261007,05,4,3,3,6.76,3.0,0.18,0,1.0,北西,15,2.0,0.0,49.6
20261007,05,4,4,2,6.64,4.0,0.03,0,1.0,北西,15,2.0,0.0,72.8
20261007,05,4,5,6,6.67,5.0,0.03,0,1.0,北西,15,2.0,0.0,53.9
20261007,05,4,6,4,6.7,6.0,0.04,0,1.0,北西,15,2.0,0.0,20.4
20261007,05,5,1,5,6.63,1.0,0.18,0,1.0,北西,15,2.0,0.0,69.9
20261007,05,5,2,1,6.55,2.0,0.08,0,1.0,北西,15,2.0,0.0,59.8
20261007,05,5,3,2,6.67,3.0,0.09,0,1.0,北西,15,2.0,0.0,67.3
20261007,05,5,4,3,6.72,4.0,-0.11,1,1.0,北西,15,2.0,0.0,36.8
20261007,05,5,5,4,6.55,6.0,0.05,0,1.0,北西,15,2.0,1.0,37.4
20261007,05,5,6,6,6.66,5.0,-0.01,1,1.0,北西,15,2.0,1.0,28.8
20261007,05,6,1,1,6.65,1.0,0.01,0,1.0,西,13,2.0,0.0,85.2
20261007,05,6,2,4,6.67,2.0,0.07,0,1.0,西,13,2.0,0.0,48.6
20261007,05,6,3,3,6.7,3.0,0.06,0,1.0,西,13,2.0,0.0,30.2
20261007,05,6,4,5,6.71,4.0,0.03,0,1.0,西,13,2.0,0.0,40.6
20261007,05,6,5,2,6.6,5.0,0.02,0,1.0,西,13,2.0,0.0,78.6
20261007,05,6,6,6,6.64,6.0,0.05,0,1.0,西,13,2.0,0.0,16.8
20261007,05,7,1,2,6.71,1.0,-0.08,1,2.0,東,5,2.0,0.0,73.8
20261007,05,7,2,1,6.69,2.0,-0.01,1,2.0,東,5,2.0,0.0,85.8
20261007,05,7,3,4,6.78,3.0,0.14,0,2.0,東,5,2.0,0.0,55.4
20261007,05,7,4,3,6.71,4.0,0.01,0,2.0,東,5,2.0,0.0,40.2
20261007,05,7,5,5,6.76,5.0,0.04,0,2.0,東,5,2.0,0.0,22.7
20261007,05,7,6,6,6.71,6.0,0.02,0,2.0,東,5,2.0,0.0,22.1
20261007,05,8,1,1,6.69,1.0,0.04,0,1.0,北東,3,2.0,0.0,92.0
20261007,05,8,2,2,6.74,2.0,-0.04,1,1.0,北東,3,2.0,0.0,62.0
20261007,05,8,3,3,6.74,3.0,0.04,0,1.0,北東,3,2.0,0.0,52.0
20261007,05,8,4,4,6.79,4.0,0.17,0,1.0,北東,3,2.0,0.0,43.4
20261007,05,8,5,5,6.82,5.0,0.12,0,1.0,北東,3,2.0,0.0,30.5
20261007,05,8,6,6,6.79,6.0,0.06,0,1.0,北東,3,2.0,0.0,20.1
20261007,05,9,1,1,6.61,1.0,0.06,0,2.0,北東,3,2.0,0.0,76.2
20261007,05,9,2,4,6.84,2.0,0.09,0,2.0,北東,3,2.0,0.0,45.5
20261007,05,9,3,2,6.71,3.0,0.05,0,2.0,北東,3,2.0,0.0,69.9
20261007,05,9,4,5,6.78,4.0,0.04,0,2.0,北東,3,2.0,0.0,61.5
20261007,05,9,5,6,6.78,5.0,0.11,0,2.0,北東,3,2.0,0.0,15.1
20261007,05,9,6,3,6.72,6.0,0.28,0,2.0,北東,3,2.0,0.0,31.8
20261007,05,10,1,1,6.64,1.0,-0.06,1,2.0,北西,15,2.0,0.0,70.2
20261007,05,10,2,3,6.68,2.0,-0.05,1,2.0,北西,15,2.0,0.0,77.4
20261007,05,10,3,6,6.71,3.0,-0.01,1,2.0,北西,15,2.0,0.0,33.6
20261007,05,10,4,4,6.76,4.0,0.29,0,2.0,北西,15,2.0,0.0,37.6
20261007,05,10,5,2,6.65,5.0,0.15,0,2.0,北西,15,2.0,0.0,47.0
20261007,05,10,6,5,6.78,6.0,0.13,0,2.0,北西,15,2.0,0.0,34.2
20261007,05,11,1,1,6.62,1.0,0.13,0,1.0,北東,3,2.0,0.0,96.2
20261007,05,11,2,3,6.68,2.0,0.09,0,1.0,北東,3,2.0,0.0,43.2
20261007,05,11,3,2,6.67,3.0,0.02,0,1.0,北東,3,2.0,0.0,72.2
20261007,05,11,4,5,6.7,4.0,0.24,0,1.0,北東,3,2.0,0.0,31.2
20261007,05,11,5,6,6.75,5.0,0.02,0,1.0,北東,3,2.0,0.0,50.1
20261007,05,11,6,4,6.66,6.0,-0.02,1,1.0,北東,3,2.0,0.0,7.1
20261007,05,12,1,1,6.63,1.0,0.02,0,2.0,北東,3,2.0,0.0,85.5
20261007,05,12,2,2,6.73,2.0,0.16,0,2.0,北東,3,2.0,0.0,47.9
20261007,05,12,3,6,6.75,3.0,0.07,0,2.0,北東,3,2.0,0.0,15.8
20261007,05,12,4,4,6.61,4.0,0.03,0,2.0,北東,3,2.0,0.0,59.8
20261007,05,12,5,3,6.63,5.0,0.12,0,2.0,北東,3,2.0,0.0,66.1
20261007,05,12,6,5,6.71,6.0,0.19,0,2.0,北東,3,2.0,0.0,24.9
20261007,07,1,1,6,6.65,1.0,0.04,0,2.0,北西,15,1.0,0.0,77.5
20261007,07,1,2,1,6.62,2.0,-0.04,1,2.0,北西,15,1.0,0.0,46.0
20261007,07,1,3,2,6.62,3.0,0.03,0,2.0,北西,15,1.0,0.0,35.7
20261007,07,1,4,3,6.56,4.0,0.11,0,2.0,北西,15,1.0,0.0,81.8
20261007,07,1,5,4,6.67,5.0,0.15,0,2.0,北西,15,1.0,0.0,35.6
20261007,07,1,6,5,6.67,6.0,0.15,0,2.0,北西,15,1.0,0.0,23.4
20261007,07,2,1,1,6.58,1.0,0.25,0,2.0,北西,15,1.0,0.0,78.1
20261007,07,2,2,5,6.67,2.0,0.02,0,2.0,北西,15,1.0,0.0,47.3
20261007,07,2,3,3,6.61,3.0,0.11,0,2.0,北西,15,1.0,0.0,80.3
20261007,07,2,4,4,6.69,4.0,0.08,0,2.0,北西,15,1.0,0.0,44.3
20261007,07,2,5,6,6.7,6.0,0.08,0,2.0,北西,15,1.0,1.0,26.8
20261007,07,2,6,2,6.67,5.0,0.08,0,2.0,北西,15,1.0,1.0,23.2
20261007,07,3,1,1,6.59,2.0,0.01,0,2.0,北,1,1.0,1.0,66.4
20261007,07,3,2,4,6.61,3.0,0.02,0,2.0,北,1,1.0,1.0,71.7
20261007,07,3,3,6,6.64,4.0,0.33,0,2.0,北,1,1.0,1.0,46.5
20261007,07,3,4,2,6.57,5.0,0.11,0,2.0,北,1,1.0,1.0,56.7
20261007,07,3,5,5,6.64,6.0,0.08,0,2.0,北,1,1.0,1.0,18.4
20261007,07,3,6,3,6.65,1.0,-0.07,1,2.0,北,1,1.0,1.0,40.3
20261007,07,4,1,3,6.64,1.0,0.03,0,2.0,北西,15,1.0,0.0,75.2
20261007,07,4,2,5,6.64,2.0,-0.01,1,2.0,北西,15,1.0,0.0,63.0
20261007,07,4,3,1,6.61,3.0,0.06,0,2.0,北西,15,1.0,0.0,65.9
20261007,07,4,4,2,6.62,4.0,0.11,0,2.0,北西,15,1.0,0.0,48.1
20261007,07,4,5,4,6.66,5.0,0.19,0,2.0,北西,15,1.0,0.0,30.9
20261007,07,4,6,6,6.64,6.0,0.11,0,2.0,北西,15,1.0,0.0,16.9
20261007,07,5,1,4,6.66,1.0,-0.04,1,2.0,北,1,1.0,0.0,70.2
20261007,07,5,2,1,6.66,2.0,0.02,0,2.0,北,1,1.0,0.0,63.1
20261007,07,5,3,5,6.7,3.0,0.12,0,2.0,北,1,1.0,0.0,54.7
20261007,07,5,4,6,6.66,4.0,0.18,0,2.0,北,1,1.0,0.0,35.8
20261007,07,5,5,2,6.68,5.0,0.27,0,2.0,北,1,1.0,0.0,28.4
20261007,07,5,6,3,6.64,6.0,0.22,0,2.0,北,1,1.0,0.0,47.8
20261007,07,6,1,2,6.64,1.0,0.17,0,3.0,北西,15,1.0,0.0,79.0
20261007,07,6,2,5,6.62,2.0,0.06,0,3.0,北西,15,1.0,0.0,42.4
20261007,07,6,3,1,6.64,3.0,0.13,0,3.0,北西,15,1.0,0.0,78.8
20261007,07,6,4,4,6.67,4.0,-0.04,1,3.0,北西,15,1.0,0.0,39.0
20261007,07,6,5,6,6.66,5.0,0.02,0,3.0,北西,15,1.0,0.0,12.0
20261007,07,6,6,3,6.65,6.0,0.08,0,3.0,北西,15,1.0,0.0,48.8
20261007,07,7,1,1,6.64,1.0,0.01,0,2.0,北西,15,1.0,0.0,90.1
20261007,07,7,2,4,6.74,2.0,0.11,0,2.0,北西,15,1.0,0.0,59.3
20261007,07,7,3,3,6.71,3.0,0.08,0,2.0,北西,15,1.0,0.0,70.6
20261007,07,7,4,6,,,,0,2.0,北西,15,1.0,,36.1
20261007,07,7,5,2,6.63,4.0,0.25,0,2.0,北西,15,1.0,1.0,29.8
20261007,07,7,6,5,6.71,5.0,0.02,0,2.0,北西,15,1.0,1.0,14.1
20261007,07,8,1,2,6.61,1.0,0.1,0,2.0,北西,15,1.0,0.0,80.4
20261007,07,8,2,5,6.71,2.0,0.17,0,2.0,北西,15,1.0,0.0,38.9
20261007,07,8,3,3,6.71,3.0,0.08,0,2.0,北西,15,1.0,0.0,34.7
20261007,07,8,4,1,6.72,4.0,-0.01,1,2.0,北西,15,1.0,0.0,66.6
20261007,07,8,5,6,6.7,5.0,0.05,0,2.0,北西,15,1.0,0.0,50.6
20261007,07,8,6,4,6.72,6.0,0.12,0,2.0,北西,15,1.0,0.0,28.8
20261007,07,9,1,1,6.63,1.0,0.01,0,2.0,北西,15,1.0,0.0,81.3
20261007,07,9,2,5,6.73,2.0,0.01,0,2.0,北西,15,1.0,0.0,51.8
20261007,07,9,3,2,6.76,3.0,0.06,0,2.0,北西,15,1.0,0.0,63.2
20261007,07,9,4,6,6.78,4.0,-0.01,1,2.0,北西,15,1.0,0.0,34.5
20261007,07,9,5,4,6.69,5.0,-0.01,1,2.0,北西,15,1.0,0.0,26.0
20261007,07,9,6,3,6.71,6.0,-0.01,1,2.0,北西,15,1.0,0.0,43.2
20261007,07,10,1,1,6.73,1.0,0.12,0,3.0,北西,15,1.0,0.0,79.0
20261007,07,10,2,4,6.74,2.0,0.06,0,3.0,北西,15,1.0,0.0,49.6
20261007,07,10,3,2,6.72,3.0,0.18,0,3.0,北西,15,1.0,0.0,60.4
20261007,07,10,4,6,6.72,4.0,0.1,0,3.0,北西,15,1.0,0.0,43.0
20261007,07,10,5,5,6.69,5.0,0.05,0,3.0,北西,15,1.0,0.0,40.2
20261007,07,10,6,3,6.69,6.0,0.17,0,3.0,北西,15,1.0,0.0,27.8
20261007,07,11,1,1,6.67,1.0,0.29,0,2.0,北西,15,1.0,0.0,86.6
20261007,07,11,2,4,6.74,2.0,-0.01,1,2.0,北西,15,1.0,0.0,34.6
20261007,07,11,3,6,6.7,3.0,0.07,0,2.0,北西,15,1.0,0.0,58.9
20261007,07,11,4,3,6.76,4.0,0.09,0,2.0,北西,15,1.0,0.0,43.4
20261007,07,11,5,5,6.74,5.0,0.16,0,2.0,北西,15,1.0,0.0,33.2
20261007,07,11,6,2,6.72,6.0,0.16,0,2.0,北西,15,1.0,0.0,43.3
20261007,07,12,1,2,6.68,1.0,0.07,0,3.0,北西,15,1.0,0.0,74.5
20261007,07,12,2,6,6.73,2.0,-0.12,1,3.0,北西,15,1.0,0.0,66.2
20261007,07,12,3,4,6.68,3.0,-0.09,1,3.0,北西,15,1.0,0.0,52.6
20261007,07,12,4,3,6.67,4.0,0.03,0,3.0,北西,15,1.0,0.0,35.9
20261007,07,12,5,1,6.74,5.0,0.07,0,3.0,北西,15,1.0,0.0,39.3
20261007,07,12,6,5,6.68,6.0,-0.01,1,3.0,北西,15,1.0,0.0,31.5
20261007,08,1,1,1,6.71,1.0,0.15,0,6.0,南西,11,3.0,0.0,93.4
20261007,08,1,2,4,6.64,2.0,0.18,0,6.0,南西,11,3.0,0.0,67.4
20261007,08,1,3,2,6.77,3.0,0.26,0,6.0,南西,11,3.0,0.0,65.3
20261007,08,1,4,5,6.7,4.0,0.17,0,6.0,南西,11,3.0,0.0,39.4
20261007,08,1,5,6,6.69,5.0,0.19,0,6.0,南西,11,3.0,0.0,11.4
20261007,08,1,6,3,6.68,6.0,0.14,0,6.0,南西,11,3.0,0.0,23.1
20261007,08,2,1,1,6.69,1.0,0.14,0,4.0,南西,11,2.0,0.0,75.4
20261007,08,2,2,3,6.64,2.0,0.11,0,4.0,南西,11,2.0,0.0,68.3
20261007,08,2,3,4,6.68,3.0,0.09,0,4.0,南西,11,2.0,0.0,44.2
20261007,08,2,4,2,6.66,4.0,0.31,0,4.0,南西,11,2.0,0.0,57.6
20261007,08,2,5,6,6.77,5.0,0.07,0,4.0,南西,11,2.0,0.0,30.0
20261007,08,2,6,5,6.74,6.0,0.15,0,4.0,南西,11,2.0,0.0,24.5
20261007,08,3,1,5,6.72,2.0,-0.12,1,4.0,南西,11,2.0,1.0,68.2
20261007,08,3,2,2,6.68,3.0,-0.07,1,4.0,南西,11,2.0,1.0,70.4
20261007,08,3,3,1,6.76,1.0,-0.1,1,4.0,南西,11,2.0,1.0,51.7
20261007,08,3,4,3,6.73,4.0,-0.06,1,4.0,南西,11,2.0,0.0,44.7
20261007,08,3,5,6,6.76,6.0,-0.05,1,4.0,南西,11,2.0,1.0,27.6
20261007,08,3,6,4,6.68,5.0,-0.06,1,4.0,南西,11,2.0,1.0,37.4
20261007,08,4,1,1,6.67,1.0,0.01,0,4.0,南西,11,2.0,0.0,76.3
20261007,08,4,2,2,6.61,2.0,0.15,0,4.0,南西,11,2.0,0.0,47.0
20261007,08,4,3,6,6.69,3.0,0.07,0,4.0,南西,11,2.0,0.0,29.3
20261007,08,4,4,3,6.7,4.0,0.07,0,4.0,南西,11,2.0,0.0,87.5
20261007,08,4,5,4,6.71,5.0,0.27,0,4.0,南西,11,2.0,0.0,21.5
20261007,08,4,6,5,6.65,6.0,0.11,0,4.0,南西,11,2.0,0.0,38.4
20261007,08,5,1,1,6.64,1.0,-0.01,1,4.0,南西,11,2.0,0.0,76.7
20261007,08,5,2,3,6.7,2.0,0.05,0,4.0,南西,11,2.0,0.0,60.2
20261007,08,5,3,5,6.74,3.0,0.07,0,4.0,南西,11,2.0,0.0,14.4
20261007,08,5,4,4,6.72,4.0,0.27,0,4.0,南西,11,2.0,0.0,58.1
20261007,08,5,5,6,6.75,5.0,0.05,0,4.0,南西,11,2.0,0.0,20.8
20261007,08,5,6,2,6.71,6.0,0.04,0,4.0,南西,11,2.0,0.0,69.8
20261007,08,6,1,2,6.68,1.0,0.02,0,4.0,南西,11,2.0,0.0,84.2
20261007,08,6,2,5,6.72,2.0,0.33,0,4.0,南西,11,2.0,0.0,50.8
20261007,08,6,3,6,6.63,3.0,0.13,0,4.0,南西,11,2.0,0.0,62.1
20261007,08,6,4,1,6.66,4.0,0.03,0,4.0,南西,11,2.0,0.0,35.3
20261007,08,6,5,3,6.78,5.0,0.05,0,4.0,南西,11,2.0,0.0,44.1
20261007,08,6,6,4,6.71,6.0,0.05,0,4.0,南西,11,2.0,0.0,23.5
20261007,08,7,1,6,6.72,1.0,-0.01,1,4.0,南西,11,2.0,0.0,50.1
20261007,08,7,2,4,6.66,2.0,0.24,0,4.0,南西,11,2.0,0.0,52.1
20261007,08,7,3,1,6.58,3.0,0.1,0,4.0,南西,11,2.0,0.0,79.8
20261007,08,7,4,2,6.77,4.0,0.08,0,4.0,南西,11,2.0,0.0,81.9
20261007,08,7,5,5,6.69,5.0,0.08,0,4.0,南西,11,2.0,0.0,22.0
20261007,08,7,6,3,6.7,6.0,0.03,0,4.0,南西,11,2.0,0.0,14.1
20261007,08,8,1,5,6.74,1.0,0.18,0,5.0,南西,11,3.0,0.0,71.0
20261007,08,8,2,1,6.71,2.0,0.17,0,5.0,南西,11,3.0,0.0,59.5
20261007,08,8,3,4,6.73,3.0,0.13,0,5.0,南西,11,3.0,0.0,44.6
20261007,08,8,4,2,6.66,4.0,-0.01,1,5.0,南西,11,3.0,0.0,61.6
20261007,08,8,5,3,6.69,5.0,0.04,0,5.0,南西,11,3.0,0.0,46.4
20261007,08,8,6,6,6.71,6.0,0.13,0,5.0,南西,11,3.0,0.0,16.9
20261007,08,9,1,5,6.68,1.0,0.23,0,5.0,南西,11,3.0,0.0,71.5
20261007,08,9,2,4,6.74,2.0,0.36,0,5.0,南西,11,3.0,0.0,31.4
20261007,08,9,3,1,6.73,3.0,0.26,0,5.0,南西,11,3.0,0.0,78.9
20261007,08,9,4,3,6.75,4.0,0.23,0,5.0,南西,11,3.0,0.0,55.4
20261007,08,9,5,2,6.67,5.0,0.1,0,5.0,南西,11,3.0,0.0,56.5
20261007,08,9,6,6,6.66,6.0,-0.02,1,5.0,南西,11,3.0,0.0,6.3
20261007,08,10,1,2,6.68,1.0,0.04,0,5.0,南西,11,3.0,0.0,73.1
20261007,08,10,2,3,6.67,2.0,0.16,0,5.0,南西,11,3.0,0.0,56.6
20261007,08,10,3,1,6.64,3.0,0.1,0,5.0,南西,11,3.0,0.0,60.6
20261007,08,10,4,5,6.68,5.0,0.17,0,5.0,南西,11,3.0,1.0,25.4
20261007,08,10,5,4,6.7,4.0,-0.04,1,5.0,南西,11,3.0,1.0,60.2
20261007,08,10,6,6,6.69,6.0,-0.01,1,5.0,南西,11,3.0,0.0,24.1
20261007,08,11,1,1,6.61,1.0,0.08,0,5.0,南西,11,3.0,0.0,81.4
20261007,08,11,2,5,6.65,2.0,0.2,0,5.0,南西,11,3.0,0.0,38.1
20261007,08,11,3,6,6.72,3.0,0.16,0,5.0,南西,11,3.0,0.0,59.9
20261007,08,11,4,2,6.74,4.0,0.37,0,5.0,南西,11,3.0,0.0,75.0
20261007,08,11,5,3,6.67,5.0,0.17,0,5.0,南西,11,3.0,0.0,25.3
20261007,08,11,6,4,6.69,6.0,0.21,0,5.0,南西,11,3.0,0.0,20.3
20261007,08,12,1,1,6.64,1.0,0.09,0,6.0,南西,11,3.0,0.0,75.9
20261007,08,12,2,4,6.68,2.0,0.14,0,6.0,南西,11,3.0,0.0,36.7
20261007,08,12,3,2,6.65,3.0,-0.04,1,6.0,南西,11,3.0,0.0,60.0
20261007,08,12,4,6,6.64,4.0,-0.04,1,6.0,南西,11,3.0,0.0,61.8
20261007,08,12,5,5,6.71,5.0,-0.01,1,6.0,南西,11,3.0,0.0,57.0
20261007,08,12,6,3,6.63,6.0,0.01,0,6.0,南西,11,3.0,0.0,8.6
20261007,10,1,1,2,6.76,1.0,-0.02,1,4.0,東北東,4,4.0,0.0,57.6
20261007,10,1,2,6,6.77,2.0,-0.05,1,4.0,東北東,4,4.0,0.0,65.5
20261007,10,1,3,4,6.8,3.0,-0.09,1,4.0,東北東,4,4.0,0.0,59.7
20261007,10,1,4,5,6.79,4.0,-0.12,1,4.0,東北東,4,4.0,0.0,30.3
20261007,10,1,5,3,6.8,5.0,-0.16,1,4.0,東北東,4,4.0,0.0,55.4
20261007,10,1,6,1,6.68,6.0,-0.09,1,4.0,東北東,4,4.0,0.0,31.5
20261007,10,2,1,2,6.71,1.0,-0.05,1,3.0,東南東,6,3.0,0.0,74.8
20261007,10,2,2,3,6.76,2.0,-0.06,1,3.0,東南東,6,3.0,0.0,39.1
20261007,10,2,3,1,6.72,3.0,-0.04,1,3.0,東南東,6,3.0,0.0,56.2
20261007,10,2,4,5,6.7,4.0,0.03,0,3.0,東南東,6,3.0,0.0,51.6
20261007,10,2,5,6,6.74,5.0,0.01,0,3.0,東南東,6,3.0,0.0,52.3
20261007,10,2,6,4,6.71,6.0,0.12,0,3.0,東南東,6,3.0,0.0,26.0
20261007,10,3,1,5,6.86,1.0,-0.01,1,6.0,東北東,4,6.0,0.0,56.5
20261007,10,3,2,1,6.63,2.0,0.05,0,6.0,東北東,4,6.0,0.0,65.9
20261007,10,3,3,2,6.81,3.0,0.02,0,6.0,東北東,4,6.0,0.0,56.4
20261007,10,3,4,3,6.86,4.0,-0.01,1,6.0,東北東,4,6.0,0.0,51.0
20261007,10,3,5,6,6.82,5.0,-0.04,1,6.0,東北東,4,6.0,0.0,45.8
20261007,10,3,6,4,6.93,6.0,-0.05,1,6.0,東北東,4,6.0,0.0,24.4
20261007,10,4,1,1,6.73,1.0,0.13,0,4.0,東北東,4,4.0,0.0,87.6
20261007,10,4,2,4,6.75,2.0,0.12,0,4.0,東北東,4,4.0,0.0,56.9
20261007,10,4,3,6,6.72,3.0,0.15,0,4.0,東北東,4,4.0,0.0,58.0
20261007,10,4,4,2,6.76,4.0,-0.04,1,4.0,東北東,4,4.0,0.0,26.2
20261007,10,4,5,3,6.7,5.0,0.01,0,4.0,東北東,4,4.0,0.0,39.9
20261007,10,4,6,5,6.68,6.0,0.04,0,4.0,東北東,4,4.0,0.0,31.4
20261007,10,5,1,1,6.67,1.0,-0.18,1,6.0,東北東,4,6.0,0.0,83.2
20261007,10,5,2,4,6.72,2.0,-0.02,1,6.0,東北東,4,6.0,0.0,72.0
20261007,10,5,3,3,6.82,3.0,0.1,0,6.0,東北東,4,6.0,0.0,36.9
20261007,10,5,4,5,6.79,4.0,-0.03,1,6.0,東北東,4,6.0,0.0,60.0
20261007,10,5,5,2,6.75,5.0,-0.06,1,6.0,東北東,4,6.0,0.0,25.2
20261007,10,5,6,6,6.86,6.0,-0.08,1,6.0,東北東,4,6.0,0.0,22.7
20261007,10,6,1,3,6.82,1.0,0.01,0,7.0,東南東,6,7.0,0.0,67.2
20261007,10,6,2,1,6.73,2.0,0.07,0,7.0,東南東,6,7.0,0.0,71.4
20261007,10,6,3,4,6.7,3.0,0.16,0,7.0,東南東,6,7.0,0.0,78.9
20261007,10,6,4,6,6.79,4.0,0.02,0,7.0,東南東,6,7.0,0.0,25.4
20261007,10,6,5,2,6.84,5.0,-0.04,1,7.0,東南東,6,7.0,0.0,39.4
20261007,10,6,6,5,6.87,6.0,0.21,0,7.0,東南東,6,7.0,0.0,17.7
20261007,10,7,1,6,6.8,1.0,0.05,0,3.0,東南東,6,3.0,0.0,83.6
20261007,10,7,2,2,6.81,2.0,0.12,0,3.0,東南東,6,3.0,0.0,40.1
20261007,10,7,3,1,6.71,3.0,0.09,0,3.0,東南東,6,3.0,0.0,57.6
20261007,10,7,4,3,6.72,4.0,0.02,0,3.0,東南東,6,3.0,0.0,49.7
20261007,10,7,5,4,6.7,5.0,0.13,0,3.0,東南東,6,3.0,0.0,41.6
20261007,10,7,6,5,6.77,6.0,0.02,0,3.0,東南東,6,3.0,0.0,27.4
20261007,10,8,1,1,6.89,1.0,-0.07,1,6.0,東北東,4,6.0,0.0,81.1
20261007,10,8,2,2,6.8,2.0,-0.01,1,6.0,東北東,4,6.0,0.0,65.1
20261007,10,8,3,3,6.9,3.0,0.07,0,6.0,東北東,4,6.0,0.0,62.5
20261007,10,8,4,5,6.87,4.0,0.01,0,6.0,東北東,4,6.0,0.0,38.4
20261007,10,8,5,6,6.86,5.0,-0.02,1,6.0,東北東,4,6.0,0.0,43.4
20261007,10,8,6,4,6.86,6.0,0.02,0,6.0,東北東,4,6.0,0.0,9.5
20261007,10,9,1,1,6.77,1.0,0.02,0,4.0,東南東,6,4.0,0.0,83.0
20261007,10,9,2,6,6.76,2.0,0.08,0,4.0,東南東,6,4.0,0.0,48.2
20261007,10,9,3,3,6.7,3.0,0.01,0,4.0,東南東,6,4.0,0.0,57.1
20261007,10,9,4,2,6.77,4.0,-0.01,1,4.0,東南東,6,4.0,0.0,48.5
20261007,10,9,5,5,6.78,5.0,0.07,0,4.0,東南東,6,4.0,0.0,48.1
20261007,10,9,6,4,6.71,6.0,0.07,0,4.0,東南東,6,4.0,0.0,15.1
20261007,10,10,1,2,6.76,1.0,0.02,0,6.0,東北東,4,6.0,0.0,73.7
20261007,10,10,2,1,6.74,2.0,0.02,0,6.0,東北東,4,6.0,0.0,52.4
20261007,10,10,3,5,6.74,3.0,0.01,0,6.0,東北東,4,6.0,0.0,73.1
20261007,10,10,4,6,6.82,4.0,-0.03,1,6.0,東北東,4,6.0,0.0,37.7
20261007,10,10,5,3,6.77,5.0,-0.05,1,6.0,東北東,4,6.0,0.0,44.8
20261007,10,10,6,4,6.7,6.0,0.02,0,6.0,東北東,4,6.0,0.0,18.3
20261007,10,11,1,1,6.87,1.0,0.03,0,6.0,東北東,4,6.0,0.0,65.8
20261007,10,11,2,3,6.93,2.0,0.04,0,6.0,東北東,4,6.0,0.0,61.4
20261007,10,11,3,2,6.83,3.0,0.06,0,6.0,東北東,4,6.0,0.0,49.2
20261007,10,11,4,5,6.8,4.0,-0.07,1,6.0,東北東,4,6.0,0.0,32.1
20261007,10,11,5,6,6.92,5.0,0.08,0,6.0,東北東,4,6.0,0.0,51.3
20261007,10,11,6,4,6.86,6.0,0.13,0,6.0,東北東,4,6.0,0.0,40.2
20261007,10,12,1,2,6.8,1.0,-0.09,1,5.0,東南東,6,5.0,0.0,80.2
20261007,10,12,2,6,6.71,2.0,-0.07,1,5.0,東南東,6,5.0,0.0,42.4
20261007,10,12,3,1,6.73,3.0,-0.07,1,5.0,東南東,6,5.0,0.0,59.2
20261007,10,12,4,4,6.78,4.0,0.17,0,5.0,東南東,6,5.0,0.0,55.4
20261007,10,12,5,5,6.75,5.0,0.02,0,5.0,東南東,6,5.0,0.0,34.6
20261007,10,12,6,3,6.73,6.0,-0.01,1,5.0,東南東,6,5.0,0.0,28.2
20261007,11,1,1,1,6.8,1.0,0.12,0,6.0,南東,7,5.0,0.0,53.6
20261007,11,1,2,4,6.83,2.0,0.51,0,6.0,南東,7,5.0,0.0,53.8
20261007,11,1,3,2,6.77,3.0,0.14,0,6.0,南東,7,5.0,0.0,65.2
20261007,11,1,4,5,6.81,4.0,0.16,0,6.0,南東,7,5.0,0.0,74.4
20261007,11,1,5,3,6.74,5.0,0.03,0,6.0,南東,7,5.0,0.0,47.4
20261007,11,1,6,6,6.81,6.0,0.16,0,6.0,南東,7,5.0,0.0,5.6
20261007,11,2,1,3,6.66,1.0,0.0,0,4.0,南東,7,4.0,0.0,62.2
20261007,11,2,2,2,6.75,2.0,-0.05,1,4.0,南東,7,4.0,0.0,68.3
20261007,11,2,3,1,6.73,3.0,0.03,0,4.0,南東,7,4.0,0.0,73.0
20261007,11,2,4,6,6.78,4.0,0.03,0,4.0,南東,7,4.0,0.0,42.2
20261007,11,2,5,4,6.87,5.0,0.14,0,4.0,南東,7,4.0,0.0,34.4
20261007,11,2,6,5,6.75,6.0,-0.01,1,4.0,南東,7,4.0,0.0,19.9
20261007,11,3,1,1,6.76,1.0,0.02,0,5.0,南東,7,4.0,0.0,65.4
20261007,11,3,2,5,6.84,2.0,-0.01,1,5.0,南東,7,4.0,0.0,43.0
20261007,11,3,3,4,6.83,3.0,0.18,0,5.0,南東,7,4.0,0.0,56.0
20261007,11,3,4,2,6.74,4.0,0.03,0,5.0,南東,7,4.0,0.0,85.8
20261007,11,3,5,3,6.73,5.0,0.01,0,5.0,南東,7,4.0,0.0,22.5
20261007,11,3,6,6,6.8,6.0,-0.06,1,5.0,南東,7,4.0,0.0,27.3
20261007,11,4,1,1,6.72,1.0,0.01,0,1.0,南東,7,1.0,0.0,84.2
20261007,11,4,2,3,6.77,2.0,0.05,0,1.0,南東,7,1.0,0.0,49.1
20261007,11,4,3,6,6.8,3.0,0.15,0,1.0,南東,7,1.0,0.0,19.8
20261007,11,4,4,5,6.81,4.0,0.08,0,1.0,南東,7,1.0,0.0,21.4
20261007,11,4,5,2,6.76,5.0,0.09,0,1.0,南東,7,1.0,0.0,57.0
20261007,11,4,6,4,6.85,6.0,0.11,0,1.0,南東,7,1.0,0.0,68.5
20261007,11,5,1,1,6.75,1.0,0.14,0,4.0,南東,7,3.0,0.0,68.4
20261007,11,5,2,4,6.77,2.0,0.03,0,4.0,南東,7,3.0,0.0,68.4
20261007,11,5,3,6,6.75,3.0,0.09,0,4.0,南東,7,3.0,0.0,46.4
20261007,11,5,4,2,6.74,4.0,0.11,0,4.0,南東,7,3.0,0.0,34.9
20261007,11,5,5,3,6.89,5.0,-0.02,1,4.0,南東,7,3.0,0.0,48.6
20261007,11,5,6,5,6.77,6.0,0.0,0,4.0,南東,7,3.0,0.0,33.3
20261007,11,6,1,5,6.85,1.0,-0.1,1,3.0,東,5,3.0,0.0,73.0
20261007,11,6,2,2,6.81,2.0,-0.04,1,3.0,東,5,3.0,0.0,42.0
20261007,11,6,3,3,6.68,3.0,0.09,0,3.0,東,5,3.0,0.0,29.7
20261007,11,6,4,6,6.69,4.0,0.55,0,3.0,東,5,3.0,0.0,85.6
20261007,11,6,5,1,6.72,5.0,0.01,0,3.0,東,5,3.0,0.0,35.6
20261007,11,6,6,4,6.7,6.0,-0.07,1,3.0,東,5,3.0,0.0,34.1
20261007,11,7,1,1,6.73,1.0,0.08,0,2.0,東,5,3.0,0.0,83.7
20261007,11,7,2,3,6.89,2.0,0.17,0,2.0,東,5,3.0,0.0,69.0
20261007,11,7,3,5,6.81,3.0,-0.02,1,2.0,東,5,3.0,0.0,55.9
20261007,11,7,4,6,6.83,4.0,-0.01,1,2.0,東,5,3.0,0.0,21.4
20261007,11,7,5,4,6.9,5.0,0.07,0,2.0,東,5,3.0,0.0,5.5
20261007,11,7,6,2,6.85,6.0,0.22,0,2.0,東,5,3.0,0.0,64.5
20261007,11,8,1,1,6.56,1.0,0.04,0,2.0,東,5,3.0,0.0,93.8
20261007,11,8,2,5,6.76,2.0,0.01,0,2.0,東,5,3.0,0.0,60.7
20261007,11,8,3,2,6.74,3.0,0.08,0,2.0,東,5,3.0,0.0,60.0
20261007,11,8,4,3,6.71,4.0,0.03,0,2.0,東,5,3.0,0.0,48.8
20261007,11,8,5,4,6.75,5.0,0.03,0,2.0,東,5,3.0,0.0,34.7
20261007,11,8,6,6,6.77,6.0,0.04,0,2.0,東,5,3.0,0.0,2.0
20261007,11,9,1,1,6.76,1.0,-0.11,1,4.0,東,5,4.0,0.0,74.6
20261007,11,9,2,2,6.79,2.0,-0.08,1,4.0,東,5,4.0,0.0,56.8
20261007,11,9,3,5,6.74,3.0,-0.04,1,4.0,東,5,4.0,0.0,36.1
20261007,11,9,4,6,6.8,4.0,0.05,0,4.0,東,5,4.0,0.0,60.4
20261007,11,9,5,3,6.77,5.0,-0.03,1,4.0,東,5,4.0,0.0,57.8
20261007,11,9,6,4,6.83,6.0,0.01,0,4.0,東,5,4.0,0.0,14.3
20261007,11,10,1,1,6.81,1.0,0.11,0,2.0,東,5,2.0,0.0,84.5
20261007,11,10,2,2,6.65,2.0,0.13,0,2.0,東,5,2.0,0.0,46.6
20261007,11,10,3,6,6.67,3.0,0.02,0,2.0,東,5,2.0,0.0,25.0
20261007,11,10,4,4,6.84,4.0,0.06,0,2.0,東,5,2.0,0.0,61.5
20261007,11,10,5,5,6.78,5.0,-0.01,1,2.0,東,5,2.0,0.0,51.6
20261007,11,10,6,3,6.77,6.0,0.09,0,2.0,東,5,2.0,0.0,30.8
20261007,11,11,1,1,6.84,1.0,0.06,0,4.0,東,5,3.0,0.0,83.6
20261007,11,11,2,2,6.87,2.0,0.06,0,4.0,東,5,3.0,0.0,34.0
20261007,11,11,3,6,6.75,3.0,0.06,0,4.0,東,5,3.0,0.0,83.2
20261007,11,11,4,3,6.8,4.0,0.05,0,4.0,東,5,3.0,0.0,48.2
20261007,11,11,5,4,6.81,5.0,0.15,0,4.0,東,5,3.0,0.0,35.8
20261007,11,11,6,5,6.77,6.0,0.1,0,4.0,東,5,3.0,0.0,15.2
20261007,11,12,1,3,6.79,1.0,-0.03,1,4.0,南東,7,4.0,0.0,77.8
20261007,11,12,2,1,6.88,2.0,0.0,0,4.0,南東,7,4.0,0.0,53.2
20261007,11,12,3,4,6.77,3.0,-0.01,1,4.0,南東,7,4.0,0.0,78.1
20261007,11,12,4,2,6.86,4.0,-0.08,1,4.0,南東,7,4.0,0.0,12.2
20261007,11,12,5,6,6.91,5.0,-0.03,1,4.0,南東,7,4.0,0.0,41.2
20261007,11,12,6,5,6.93,6.0,0.0,0,4.0,南東,7,4.0,0.0,37.5
20261007,14,1,1,1,6.72,1.0,-0.07,1,2.0,南東,7,2.0,0.0,82.5
20261007,14,1,2,4,6.83,2.0,-0.05,1,2.0,南東,7,2.0,0.0,48.8
20261007,14,1,3,3,6.85,3.0,-0.05,1,2.0,南東,7,2.0,0.0,57.7
20261007,14,1,4,2,6.82,4.0,-0.12,1,2.0,南東,7,2.0,0.0,50.0
20261007,14,1,5,5,6.82,5.0,-0.12,1,2.0,南東,7,2.0,0.0,41.6
20261007,14,1,6,6,6.81,6.0,0.14,0,2.0,南東,7,2.0,0.0,19.4
20261007,14,2,1,3,6.76,1.0,-0.03,1,2.0,東,5,2.0,0.0,52.9
20261007,14,2,2,6,6.8,2.0,0.06,0,2.0,東,5,2.0,0.0,71.4
20261007,14,2,3,4,6.74,3.0,0.08,0,2.0,東,5,2.0,0.0,50.3
20261007,14,2,4,1,6.74,4.0,0.02,0,2.0,東,5,2.0,0.0,77.0
20261007,14,2,5,2,6.87,5.0,0.05,0,2.0,東,5,2.0,0.0,30.0
20261007,14,2,6,5,6.97,6.0,-0.05,1,2.0,東,5,2.0,0.0,18.4
20261007,14,3,1,2,6.76,1.0,0.05,0,3.0,東,5,3.0,0.0,77.8
20261007,14,3,2,1,6.8,2.0,0.02,0,3.0,東,5,3.0,0.0,67.1
20261007,14,3,3,4,6.85,3.0,-0.06,1,3.0,東,5,3.0,0.0,42.9
20261007,14,3,4,3,6.84,4.0,0.05,0,3.0,東,5,3.0,0.0,75.4
20261007,14,3,5,5,6.84,5.0,0.01,0,3.0,東,5,3.0,0.0,27.2
20261007,14,3,6,6,6.88,6.0,-0.04,1,3.0,東,5,3.0,0.0,9.6
20261007,14,4,1,5,6.82,1.0,0.05,0,2.0,南東,7,2.0,0.0,78.1
20261007,14,4,2,4,6.88,2.0,0.06,0,2.0,南東,7,2.0,0.0,61.2
20261007,14,4,3,1,6.79,3.0,-0.11,1,2.0,南東,7,2.0,0.0,45.5
20261007,14,4,4,2,6.92,4.0,-0.09,1,2.0,南東,7,2.0,0.0,29.9
20261007,14,4,5,6,6.88,5.0,-0.09,1,2.0,南東,7,2.0,0.0,11.6
20261007,14,4,6,3,6.84,6.0,0.06,0,2.0,南東,7,2.0,0.0,73.7
20261007,14,5,1,5,6.81,1.0,0.01,0,5.0,東,5,5.0,0.0,54.2
20261007,14,5,2,2,6.79,2.0,0.08,0,5.0,東,5,5.0,0.0,57.2
20261007,14,5,3,1,6.85,3.0,0.03,0,5.0,東,5,5.0,0.0,72.0
20261007,14,5,4,4,6.82,4.0,-0.09,1,5.0,東,5,5.0,0.0,59.4
20261007,14,5,5,6,6.86,6.0,0.17,0,5.0,東,5,5.0,1.0,21.8
20261007,14,5,6,3,6.91,5.0,0.05,0,5.0,東,5,5.0,1.0,35.4
20261007,14,6,1,5,6.72,1.0,0.1,0,2.0,東,5,2.0,0.0,60.2
20261007,14,6,2,6,6.77,2.0,0.19,0,2.0,東,5,2.0,0.0,31.3
20261007,14,6,3,4,6.77,3.0,0.03,0,2.0,東,5,2.0,0.0,54.9
20261007,14,6,4,2,6.76,4.0,-0.05,1,2.0,東,5,2.0,0.0,59.7
20261007,14,6,5,1,6.73,5.0,0.01,0,2.0,東,5,2.0,0.0,74.8
20261007,14,6,6,3,6.84,6.0,0.05,0,2.0,東,5,2.0,0.0,19.1
20261007,14,7,1,1,6.76,1.0,0.04,0,2.0,東,5,2.0,0.0,79.2
20261007,14,7,2,2,6.76,2.0,0.08,0,2.0,東,5,2.0,0.0,56.0
20261007,14,7,3,5,6.84,3.0,0.09,0,2.0,東,5,2.0,0.0,49.4
20261007,14,7,4,3,6.82,4.0,0.15,0,2.0,東,5,2.0,0.0,16.8
20261007,14,7,5,4,6.78,5.0,-0.08,1,2.0,東,5,2.0,0.0,78.2
20261007,14,7,6,6,6.81,6.0,0.09,0,2.0,東,5,2.0,0.0,20.4
20261007,14,8,1,3,6.76,1.0,-0.03,1,3.0,東,5,3.0,0.0,39.7
20261007,14,8,2,2,6.73,2.0,-0.13,1,3.0,東,5,3.0,0.0,78.9
20261007,14,8,3,4,6.92,3.0,-0.06,1,3.0,東,5,3.0,0.0,47.5
20261007,14,8,4,5,6.78,4.0,-0.13,1,3.0,東,5,3.0,0.0,81.6
20261007,14,8,5,1,6.86,5.0,-0.11,1,3.0,東,5,3.0,0.0,36.9
20261007,14,8,6,6,6.81,6.0,0.04,0,3.0,東,5,3.0,0.0,15.4
20261007,14,9,1,3,6.82,1.0,0.22,0,4.0,東,5,4.0,0.0,68.5
20261007,14,9,2,6,6.84,2.0,-0.04,1,4.0,東,5,4.0,0.0,59.2
20261007,14,9,3,5,6.87,3.0,-0.01,1,4.0,東,5,4.0,0.0,16.8
20261007,14,9,4,1,6.79,4.0,0.08,0,4.0,東,5,4.0,0.0,71.0
20261007,14,9,5,2,6.8,5.0,0.12,0,4.0,東,5,4.0,0.0,71.4
20261007,14,9,6,4,6.81,6.0,0.06,0,4.0,東,5,4.0,0.0,13.1
20261007,14,10,1,1,6.85,1.0,0.01,0,3.0,東,5,3.0,0.0,65.8
20261007,14,10,2,2,6.82,2.0,-0.02,1,3.0,東,5,3.0,0.0,55.8
20261007,14,10,3,5,6.91,3.0,0.03,0,3.0,東,5,3.0,0.0,15.4
20261007,14,10,4,6,6.9,4.0,0.01,0,3.0,東,5,3.0,0.0,51.3
20261007,14,10,5,4,6.94,5.0,0.03,0,3.0,東,5,3.0,0.0,75.0
20261007,14,10,6,3,6.93,6.0,0.05,0,3.0,東,5,3.0,0.0,36.7
20261007,14,11,1,2,6.78,1.0,0.11,0,4.0,東,5,4.0,0.0,77.0
20261007,14,11,2,1,6.84,2.0,0.01,0,4.0,東,5,4.0,0.0,66.9
20261007,14,11,3,4,6.9,3.0,0.01,0,4.0,東,5,4.0,0.0,49.7
20261007,14,11,4,6,6.86,4.0,0.07,0,4.0,東,5,4.0,0.0,52.3
20261007,14,11,5,5,6.86,5.0,0.12,0,4.0,東,5,4.0,0.0,33.0
20261007,14,11,6,3,6.87,6.0,0.18,0,4.0,東,5,4.0,0.0,21.1
20261007,14,12,1,3,6.75,1.0,0.06,0,3.0,東,5,3.0,0.0,83.8
20261007,14,12,2,5,6.83,2.0,0.07,0,3.0,東,5,3.0,0.0,56.6
20261007,14,12,3,6,6.83,3.0,0.13,0,3.0,東,5,3.0,0.0,41.6
20261007,14,12,4,1,6.98,4.0,0.08,0,3.0,東,5,3.0,0.0,32.6
20261007,14,12,5,4,6.92,5.0,0.13,0,3.0,東,5,3.0,0.0,60.4
20261007,14,12,6,2,6.91,6.0,0.12,0,3.0,東,5,3.0,0.0,25.0
20261007,16,1,1,3,6.93,1.0,0.05,0,5.0,東,5,5.0,0.0,89.3
20261007,16,1,2,2,6.96,2.0,0.11,0,5.0,東,5,5.0,0.0,76.7
20261007,16,1,3,5,7.02,3.0,0.21,0,5.0,東,5,5.0,0.0,49.4
20261007,16,1,4,1,6.9,4.0,0.16,0,5.0,東,5,5.0,0.0,38.3
20261007,16,1,5,4,6.92,5.0,0.06,0,5.0,東,5,5.0,0.0,32.8
20261007,16,1,6,6,6.86,6.0,0.13,0,5.0,東,5,5.0,0.0,13.5
20261007,16,2,1,4,6.83,1.0,-0.01,1,1.0,南東,7,3.0,0.0,75.5
20261007,16,2,2,3,6.81,2.0,0.11,0,1.0,南東,7,3.0,0.0,45.2
20261007,16,2,3,6,6.79,3.0,0.08,0,1.0,南東,7,3.0,0.0,34.8
20261007,16,2,4,2,6.86,4.0,0.17,0,1.0,南東,7,3.0,0.0,54.8
20261007,16,2,5,1,6.8,5.0,-0.06,1,1.0,南東,7,3.0,0.0,67.2
20261007,16,2,6,5,6.87,6.0,-0.05,1,1.0,南東,7,3.0,0.0,22.5
20261007,16,3,1,1,6.89,1.0,0.22,0,3.0,北西,15,3.0,0.0,64.2
20261007,16,3,2,5,6.81,2.0,0.2,0,3.0,北西,15,3.0,0.0,40.3
20261007,16,3,3,2,6.78,3.0,0.07,0,3.0,北西,15,3.0,0.0,68.4
20261007,16,3,4,4,6.78,4.0,0.11,0,3.0,北西,15,3.0,0.0,25.6
20261007,16,3,5,6,6.78,5.0,0.02,0,3.0,北西,15,3.0,0.0,25.5
20261007,16,3,6,3,6.79,6.0,-0.03,1,3.0,北西,15,3.0,0.0,76.0
20261007,16,4,1,4,6.81,1.0,0.17,0,2.0,南西,11,3.0,0.0,70.2
20261007,16,4,2,1,6.95,2.0,0.34,0,2.0,南西,11,3.0,0.0,55.6
20261007,16,4,3,2,6.86,4.0,0.06,0,2.0,南西,11,3.0,1.0,38.8
20261007,16,4,4,3,6.88,3.0,0.03,0,2.0,南西,11,3.0,1.0,79.4
20261007,16,4,5,6,7.04,5.0,0.12,0,2.0,南西,11,3.0,0.0,6.3
20261007,16,4,6,5,6.89,6.0,-0.03,1,2.0,南西,11,3.0,0.0,49.7
20261007,16,5,1,1,6.74,1.0,0.04,0,4.0,北西,15,3.0,0.0,81.8
20261007,16,5,2,3,6.72,2.0,0.17,0,4.0,北西,15,3.0,0.0,74.6
20261007,16,5,3,4,6.87,3.0,0.01,0,4.0,北西,15,3.0,0.0,46.5
20261007,16,5,4,6,6.77,4.0,0.1,0,4.0,北西,15,3.0,0.0,19.7
20261007,16,5,5,2,6.73,5.0,0.08,0,4.0,北西,15,3.0,0.0,25.5
20261007,16,5,6,5,6.7,6.0,0.08,0,4.0,北西,15,3.0,0.0,51.9
20261007,16,6,1,1,6.74,1.0,-0.01,1,5.0,北西,15,3.0,0.0,62.2
20261007,16,6,2,6,6.86,2.0,0.11,0,5.0,北西,15,3.0,0.0,72.8
20261007,16,6,3,3,6.81,3.0,0.01,0,5.0,北西,15,3.0,0.0,68.8
20261007,16,6,4,4,6.8,4.0,0.04,0,5.0,北西,15,3.0,0.0,39.8
20261007,16,6,5,2,6.76,5.0,0.06,0,5.0,北西,15,3.0,0.0,31.0
20261007,16,6,6,5,6.84,6.0,0.04,0,5.0,北西,15,3.0,0.0,25.4
20261007,16,7,1,1,6.82,1.0,0.13,0,1.0,北東,3,3.0,0.0,66.3
20261007,16,7,2,3,6.78,2.0,0.14,0,1.0,北東,3,3.0,0.0,30.5
20261007,16,7,3,4,6.79,3.0,0.05,0,1.0,北東,3,3.0,0.0,74.8
20261007,16,7,4,5,6.9,4.0,0.03,0,1.0,北東,3,3.0,0.0,37.4
20261007,16,7,5,6,6.76,5.0,-0.06,1,1.0,北東,3,3.0,0.0,72.0
20261007,16,7,6,2,6.77,6.0,0.16,0,1.0,北東,3,3.0,0.0,19.0
20261007,16,8,1,2,6.81,1.0,0.02,0,2.0,北東,3,3.0,0.0,95.2
20261007,16,8,2,3,6.97,2.0,0.04,0,2.0,北東,3,3.0,0.0,66.8
20261007,16,8,3,4,6.97,3.0,0.14,0,2.0,北東,3,3.0,0.0,39.8
20261007,16,8,4,5,6.98,4.0,0.06,0,2.0,北東,3,3.0,0.0,49.6
20261007,16,8,5,1,7.0,5.0,0.18,0,2.0,北東,3,3.0,0.0,32.8
20261007,16,8,6,6,6.95,6.0,0.04,0,2.0,北東,3,3.0,0.0,15.8
20261007,16,9,1,1,6.89,1.0,-0.03,1,3.0,南東,7,3.0,0.0,82.5
20261007,16,9,2,5,7.03,2.0,0.1,0,3.0,南東,7,3.0,0.0,47.0
20261007,16,9,3,2,6.86,3.0,-0.06,1,3.0,南東,7,3.0,0.0,80.5
20261007,16,9,4,3,6.92,4.0,-0.04,1,3.0,南東,7,3.0,0.0,41.4
20261007,16,9,5,4,6.91,5.0,0.14,0,3.0,南東,7,3.0,0.0,29.1
20261007,16,9,6,6,6.84,6.0,0.21,0,3.0,南東,7,3.0,0.0,19.5
20261007,16,10,1,2,6.99,1.0,0.01,0,5.0,東,5,5.0,0.0,63.7
20261007,16,10,2,1,6.89,2.0,0.06,0,5.0,東,5,5.0,0.0,77.5
20261007,16,10,3,6,6.77,3.0,0.06,0,5.0,東,5,5.0,0.0,40.4
20261007,16,10,4,3,6.86,4.0,-0.03,1,5.0,東,5,5.0,0.0,40.1
20261007,16,10,5,5,6.97,5.0,0.07,0,5.0,東,5,5.0,0.0,46.0
20261007,16,10,6,4,6.87,6.0,0.06,0,5.0,東,5,5.0,0.0,32.3
20261007,16,11,1,2,6.95,1.0,0.13,0,6.0,東,5,5.0,0.0,76.5
20261007,16,11,2,1,6.97,2.0,0.12,0,6.0,東,5,5.0,0.0,69.2
20261007,16,11,3,3,6.87,3.0,0.18,0,6.0,東,5,5.0,0.0,62.4
20261007,16,11,4,6,7.0,4.0,-0.01,1,6.0,東,5,5.0,0.0,21.6
20261007,16,11,5,4,6.98,5.0,0.02,0,6.0,東,5,5.0,0.0,24.5
20261007,16,11,6,5,6.9,6.0,-0.06,1,6.0,東,5,5.0,0.0,45.8
20261007,16,12,1,1,6.92,1.0,-0.05,1,5.0,東,5,5.0,0.0,90.1
20261007,16,12,2,2,6.91,2.0,0.22,0,5.0,東,5,5.0,0.0,68.5
20261007,16,12,3,4,6.86,3.0,0.04,0,5.0,東,5,5.0,0.0,52.5
20261007,16,12,4,5,7.04,4.0,0.05,0,5.0,東,5,5.0,0.0,29.4
20261007,16,12,5,3,6.88,5.0,0.07,0,5.0,東,5,5.0,0.0,46.4
20261007,16,12,6,6,6.9,6.0,0.15,0,5.0,東,5,5.0,0.0,13.1
20261007,18,1,1,1,6.74,1.0,0.17,0,1.0,南東,7,1.0,0.0,95.0
20261007,18,1,2,2,6.86,2.0,0.16,0,1.0,南東,7,1.0,0.0,75.4
20261007,18,1,3,4,6.87,3.0,0.14,0,1.0,南東,7,1.0,0.0,50.3
20261007,18,1,4,6,6.88,4.0,0.22,0,1.0,南東,7,1.0,0.0,28.8
20261007,18,1,5,3,6.88,5.0,0.23,0,1.0,南東,7,1.0,0.0,38.1
20261007,18,1,6,5,6.9,6.0,0.14,0,1.0,南東,7,1.0,0.0,12.4
20261007,18,2,1,1,6.9,1.0,-0.1,1,2.0,東,5,2.0,0.0,86.5
20261007,18,2,2,3,6.81,2.0,0.15,0,2.0,東,5,2.0,0.0,47.0
20261007,18,2,3,2,6.86,3.0,-0.14,1,2.0,東,5,2.0,0.0,65.3
20261007,18,2,4,4,6.91,4.0,0.0,0,2.0,東,5,2.0,0.0,29.1
20261007,18,2,5,5,6.88,5.0,-0.12,1,2.0,東,5,2.0,0.0,24.7
20261007,18,2,6,6,6.86,6.0,-0.05,1,2.0,東,5,2.0,0.0,47.4
20261007,18,3,1,1,6.83,1.0,-0.1,1,2.0,東,5,2.0,0.0,79.8
20261007,18,3,2,2,6.85,2.0,0.02,0,2.0,東,5,2.0,0.0,38.1
20261007,18,3,3,4,6.88,3.0,-0.03,1,2.0,東,5,2.0,0.0,65.7
20261007,18,3,4,6,6.95,4.0,-0.02,1,2.0,東,5,2.0,0.0,34.8
20261007,18,3,5,5,6.94,5.0,-0.07,1,2.0,東,5,2.0,0.0,36.3
20261007,18,3,6,3,6.93,6.0,-0.04,1,2.0,東,5,2.0,0.0,45.3
20261007,18,4,1,1,6.8,1.0,0.03,0,2.0,北東,3,2.0,0.0,81.1
20261007,18,4,2,3,6.83,2.0,0.0,0,2.0,北東,3,2.0,0.0,75.9
20261007,18,4,3,6,6.85,3.0,0.03,0,2.0,北東,3,2.0,0.0,57.8
20261007,18,4,4,2,6.86,4.0,0.08,0,2.0,北東,3,2.0,0.0,26.7
20261007,18,4,5,5,6.81,5.0,0.08,0,2.0,北東,3,2.0,0.0,39.2
20261007,18,4,6,4,6.93,6.0,-0.02,1,2.0,北東,3,2.0,0.0,19.3
20261007,18,5,1,1,6.85,1.0,-0.03,1,2.0,北東,3,2.0,0.0,80.9
20261007,18,5,2,2,6.85,2.0,0.08,0,2.0,北東,3,2.0,0.0,53.8
20261007,18,5,3,4,6.84,3.0,0.18,0,2.0,北東,3,2.0,0.0,41.7
20261007,18,5,4,6,6.9,4.0,-0.01,1,2.0,北東,3,2.0,0.0,24.7
20261007,18,5,5,5,6.87,5.0,-0.04,1,2.0,北東,3,2.0,0.0,26.2
20261007,18,5,6,3,6.77,6.0,0.07,0,2.0,北東,3,2.0,0.0,72.7
20261007,18,6,1,1,6.89,1.0,0.07,0,3.0,東,5,3.0,0.0,74.9
20261007,18,6,2,6,6.95,2.0,0.15,0,3.0,東,5,3.0,0.0,43.3
20261007,18,6,3,2,6.87,3.0,0.01,0,3.0,東,5,3.0,0.0,68.8
20261007,18,6,4,5,6.94,4.0,-0.06,1,3.0,東,5,3.0,0.0,47.6
20261007,18,6,5,4,6.92,6.0,0.12,0,3.0,東,5,3.0,1.0,14.0
20261007,18,6,6,3,6.94,5.0,-0.03,1,3.0,東,5,3.0,1.0,51.4
20261007,18,7,1,1,6.82,1.0,0.12,0,1.0,東,5,1.0,0.0,67.4
20261007,18,7,2,2,6.82,2.0,0.17,0,1.0,東,5,1.0,0.0,85.3
20261007,18,7,3,5,6.91,3.0,0.34,0,1.0,東,5,1.0,0.0,47.0
20261007,18,7,4,3,6.81,4.0,0.22,0,1.0,東,5,1.0,0.0,29.3
20261007,18,7,5,4,6.85,5.0,0.06,0,1.0,東,5,1.0,0.0,44.0
20261007,18,7,6,6,6.84,6.0,0.13,0,1.0,東,5,1.0,0.0,27.0
20261007,18,8,1,1,6.79,1.0,-0.08,1,2.0,南西,11,2.0,0.0,82.5
20261007,18,8,2,2,6.86,2.0,0.09,0,2.0,南西,11,2.0,0.0,48.2
20261007,18,8,3,3,6.85,3.0,0.12,0,2.0,南西,11,2.0,0.0,67.0
20261007,18,8,4,4,6.88,4.0,0.07,0,2.0,南西,11,2.0,0.0,47.7
20261007,18,8,5,5,6.86,5.0,-0.06,1,2.0,南西,11,2.0,0.0,40.0
20261007,18,8,6,6,6.91,6.0,-0.1,1,2.0,南西,11,2.0,0.0,14.6
20261007,18,9,1,1,6.82,1.0,0.08,0,4.0,南,9,4.0,0.0,69.9
20261007,18,9,2,2,6.84,2.0,-0.07,1,4.0,南,9,4.0,0.0,52.5
20261007,18,9,3,4,6.91,3.0,-0.1,1,4.0,南,9,4.0,0.0,58.0
20261007,18,9,4,3,6.91,4.0,-0.2,1,4.0,南,9,4.0,0.0,47.7
20261007,18,9,5,6,6.87,5.0,-0.13,1,4.0,南,9,4.0,0.0,42.7
20261007,18,9,6,5,6.88,6.0,0.08,0,4.0,南,9,4.0,0.0,29.2
20261007,18,10,1,1,6.83,1.0,-0.04,1,5.0,南,9,5.0,0.0,65.0
20261007,18,10,2,2,6.89,2.0,-0.09,1,5.0,南,9,5.0,0.0,81.6
20261007,18,10,3,3,6.88,3.0,-0.06,1,5.0,南,9,5.0,0.0,28.8
20261007,18,10,4,6,6.93,4.0,0.23,0,5.0,南,9,5.0,0.0,37.6
20261007,18,10,5,4,6.81,5.0,-0.03,1,5.0,南,9,5.0,0.0,30.2
20261007,18,10,6,5,6.86,6.0,-0.02,1,5.0,南,9,5.0,0.0,56.8
20261007,18,11,1,1,6.87,1.0,-0.04,1,3.0,南東,7,3.0,0.0,68.8
20261007,18,11,2,4,6.92,2.0,0.16,0,3.0,南東,7,3.0,0.0,70.0
20261007,18,11,3,2,6.88,3.0,0.08,0,3.0,南東,7,3.0,0.0,40.6
20261007,18,11,4,5,6.94,4.0,0.05,0,3.0,南東,7,3.0,0.0,62.2
20261007,18,11,5,3,6.82,5.0,-0.03,1,3.0,南東,7,3.0,0.0,44.9
20261007,18,11,6,6,6.88,6.0,-0.09,1,3.0,南東,7,3.0,0.0,13.5
20261007,18,12,1,1,6.81,1.0,-0.02,1,3.0,南東,7,3.0,0.0,83.7
20261007,18,12,2,4,6.86,2.0,-0.03,1,3.0,南東,7,3.0,0.0,58.2
20261007,18,12,3,2,6.85,3.0,-0.06,1,3.0,南東,7,3.0,0.0,47.6
20261007,18,12,4,3,6.81,4.0,0.17,0,3.0,南東,7,3.0,0.0,45.7
20261007,18,12,5,6,6.8,5.0,-0.04,1,3.0,南東,7,3.0,0.0,23.4
20261007,18,12,6,5,6.82,6.0,-0.04,1,3.0,南東,7,3.0,0.0,41.4
20261007,20,1,1,2,6.78,1.0,0.03,0,1.0,北北東,2,1.0,0.0,65.6
20261007,20,1,2,1,6.86,2.0,0.16,0,1.0,北北東,2,1.0,0.0,22.2
20261007,20,1,3,4,6.77,3.0,0.01,0,1.0,北北東,2,1.0,0.0,85.5
20261007,20,1,4,5,6.8,4.0,-0.05,1,1.0,北北東,2,1.0,0.0,48.8
20261007,20,1,5,3,6.83,5.0,0.12,0,1.0,北北東,2,1.0,0.0,51.1
20261007,20,1,6,6,6.88,6.0,0.13,0,1.0,北北東,2,1.0,0.0,26.8
20261007,20,2,1,1,6.84,1.0,-0.01,1,2.0,北北東,2,2.0,0.0,71.1
20261007,20,2,2,3,6.84,2.0,-0.05,1,2.0,北北東,2,2.0,0.0,62.4
20261007,20,2,3,5,6.85,4.0,0.05,0,2.0,北北東,2,2.0,1.0,46.2
20261007,20,2,4,4,6.9,5.0,0.05,0,2.0,北北東,2,2.0,1.0,33.2
20261007,20,2,5,2,6.89,3.0,-0.01,1,2.0,北北東,2,2.0,1.0,82.7
20261007,20,2,6,6,6.85,6.0,-0.07,1,2.0,北北東,2,2.0,0.0,4.4
20261007,20,3,1,1,6.85,1.0,0.01,0,3.0,北北東,2,3.0,0.0,78.8
20261007,20,3,2,2,6.86,2.0,0.0,0,3.0,北北東,2,3.0,0.0,86.8
20261007,20,3,3,4,6.9,3.0,0.1,0,3.0,北北東,2,3.0,0.0,43.3
20261007,20,3,4,5,6.93,4.0,0.01,0,3.0,北北東,2,3.0,0.0,29.8
20261007,20,3,5,6,6.9,6.0,0.02,0,3.0,北北東,2,3.0,1.0,9.6
20261007,20,3,6,3,6.88,5.0,-0.03,1,3.0,北北東,2,3.0,1.0,51.7
20261007,20,4,1,1,6.79,1.0,0.06,0,3.0,北北東,2,3.0,0.0,62.6
20261007,20,4,2,5,6.87,3.0,0.3,0,3.0,北北東,2,3.0,1.0,29.5
20261007,20,4,3,2,6.77,4.0,0.29,0,3.0,北北東,2,3.0,1.0,60.4
20261007,20,4,4,3,6.87,2.0,0.05,0,3.0,北北東,2,3.0,1.0,75.7
20261007,20,4,5,6,6.81,5.0,0.06,0,3.0,北北東,2,3.0,0.0,20.8
20261007,20,4,6,4,6.87,6.0,-0.05,1,3.0,北北東,2,3.0,0.0,51.0
20261007,20,5,1,2,6.8,1.0,0.04,0,3.0,北北東,2,3.0,0.0,82.8
20261007,20,5,2,1,6.84,2.0,0.12,0,3.0,北北東,2,3.0,0.0,68.9
20261007,20,5,3,4,6.84,3.0,0.12,0,3.0,北北東,2,3.0,0.0,45.9
20261007,20,5,4,3,6.76,4.0,0.19,0,3.0,北北東,2,3.0,0.0,64.8
20261007,20,5,5,5,6.88,5.0,0.06,0,3.0,北北東,2,3.0,0.0,25.6
20261007,20,5,6,6,6.9,6.0,0.06,0,3.0,北北東,2,3.0,0.0,12.0
20261007,20,6,1,6,6.84,1.0,-0.05,1,2.0,北北東,2,2.0,0.0,76.3
20261007,20,6,2,1,6.8,2.0,-0.12,1,2.0,北北東,2,2.0,0.0,69.6
20261007,20,6,3,3,6.91,3.0,-0.13,1,2.0,北北東,2,2.0,0.0,46.8
20261007,20,6,4,2,6.8,4.0,0.02,0,2.0,北北東,2,2.0,0.0,24.5
20261007,20,6,5,5,6.89,5.0,0.05,0,2.0,北北東,2,2.0,0.0,29.9
20261007,20,6,6,4,6.79,6.0,0.06,0,2.0,北北東,2,2.0,0.0,52.9
20261007,20,7,1,1,6.88,1.0,0.09,0,2.0,北北東,2,2.0,0.0,72.0
20261007,20,7,2,5,6.82,2.0,-0.06,1,2.0,北北東,2,2.0,0.0,34.3
20261007,20,7,3,4,6.85,3.0,-0.05,1,2.0,北北東,2,2.0,0.0,63.8
20261007,20,7,4,2,6.74,4.0,0.04,0,2.0,北北東,2,2.0,0.0,41.3
20261007,20,7,5,6,6.89,5.0,0.09,0,2.0,北北東,2,2.0,0.0,46.0
20261007,20,7,6,3,6.87,6.0,0.05,0,2.0,北北東,2,2.0,0.0,42.6
20261007,20,8,1,3,6.8,1.0,0.03,0,1.0,北北東,2,1.0,0.0,72.4
20261007,20,8,2,1,6.84,2.0,0.03,0,1.0,北北東,2,1.0,0.0,81.3
20261007,20,8,3,2,6.89,3.0,0.38,0,1.0,北北東,2,1.0,0.0,62.4
20261007,20,8,4,4,6.78,5.0,0.16,0,1.0,北北東,2,1.0,1.0,47.9
20261007,20,8,5,6,6.83,6.0,0.19,0,1.0,北北東,2,1.0,1.0,11.1
20261007,20,8,6,5,6.86,4.0,-0.04,1,1.0,北北東,2,1.0,1.0,24.9
20261007,20,9,1,1,6.81,1.0,0.01,0,1.0,北北東,2,1.0,0.0,86.9
20261007,20,9,2,4,6.84,2.0,0.13,0,1.0,北北東,2,1.0,0.0,59.3
20261007,20,9,3,6,6.85,3.0,0.08,0,1.0,北北東,2,1.0,0.0,56.0
20261007,20,9,4,5,6.86,4.0,-0.02,1,1.0,北北東,2,1.0,0.0,54.6
20261007,20,9,5,2,6.9,5.0,0.17,0,1.0,北北東,2,1.0,0.0,24.8
20261007,20,9,6,3,6.85,6.0,0.07,0,1.0,北北東,2,1.0,0.0,18.4
20261007,20,10,1,1,6.83,1.0,0.18,0,0.0,,17,1.0,0.0,96.6
20261007,20,10,2,6,6.81,2.0,0.14,0,0.0,,17,1.0,0.0,36.2
20261007,20,10,3,3,6.74,3.0,-0.06,1,0.0,,17,1.0,0.0,67.9
20261007,20,10,4,4,6.86,4.0,0.13,0,0.0,,17,1.0,0.0,57.0
20261007,20,10,5,2,6.79,5.0,-0.05,1,0.0,,17,1.0,0.0,24.0
20261007,20,10,6,5,6.83,6.0,-0.02,1,0.0,,17,1.0,0.0,18.3
20261007,20,11,1,1,6.9,1.0,0.03,0,0.0,,17,1.0,0.0,95.6
20261007,20,11,2,6,6.76,2.0,0.07,0,0.0,,17,1.0,0.0,41.7
20261007,20,11,3,2,6.81,3.0,0.12,0,0.0,,17,1.0,0.0,47.4
20261007,20,11,4,4,6.78,4.0,0.16,0,0.0,,17,1.0,0.0,32.8
20261007,20,11,5,3,6.76,5.0,0.16,0,0.0,,17,1.0,0.0,48.6
20261007,20,11,6,5,6.81,6.0,0.13,0,0.0,,17,1.0,0.0,33.9
20261007,20,12,1,1,6.79,1.0,0.08,0,1.0,北北東,2,1.0,0.0,83.2
20261007,20,12,2,4,6.89,2.0,0.15,0,1.0,北北東,2,1.0,0.0,53.6
20261007,20,12,3,2,6.85,3.0,0.04,0,1.0,北北東,2,1.0,0.0,61.5
20261007,20,12,4,5,6.83,4.0,0.02,0,1.0,北北東,2,1.0,0.0,59.5
20261007,20,12,5,3,6.76,5.0,-0.01,1,1.0,北北東,2,1.0,0.0,36.8
20261007,20,12,6,6,6.79,6.0,0.15,0,1.0,北北東,2,1.0,0.0,5.4
20261007,24,1,1,1,6.87,1.0,0.12,0,2.0,南西,11,1.0,0.0,64.6
20261007,24,1,2,2,6.9,2.0,0.09,0,2.0,南西,11,1.0,0.0,77.4
20261007,24,1,3,3,6.87,3.0,-0.05,1,2.0,南西,11,1.0,0.0,50.8
20261007,24,1,4,4,6.86,4.0,0.32,0,2.0,南西,11,1.0,0.0,35.0
20261007,24,1,5,6,6.81,5.0,0.01,0,2.0,南西,11,1.0,0.0,52.3
20261007,24,1,6,5,6.83,6.0,0.08,0,2.0,南西,11,1.0,0.0,19.9
20261007,24,2,1,3,6.8,1.0,0.08,0,3.0,南,9,2.0,0.0,63.6
20261007,24,2,2,5,6.83,3.0,0.15,0,3.0,南,9,2.0,1.0,35.5
20261007,24,2,3,1,6.82,4.0,0.13,0,3.0,南,9,2.0,1.0,55.6
20261007,24,2,4,2,6.81,5.0,-0.01,1,3.0,南,9,2.0,1.0,88.4
20261007,24,2,5,6,6.86,2.0,0.04,0,3.0,南,9,2.0,1.0,18.9
20261007,24,2,6,4,6.87,6.0,0.04,0,3.0,南,9,2.0,0.0,38.0
20261007,24,3,1,3,6.84,1.0,0.23,0,3.0,南西,11,2.0,0.0,73.4
20261007,24,3,2,4,6.81,3.0,0.01,0,3.0,南西,11,2.0,1.0,33.2
20261007,24,3,3,1,6.75,4.0,0.04,0,3.0,南西,11,2.0,1.0,83.2
20261007,24,3,4,6,6.88,5.0,0.09,0,3.0,南西,11,2.0,1.0,30.0
20261007,24,3,5,5,6.76,6.0,0.08,0,3.0,南西,11,2.0,1.0,18.0
20261007,24,3,6,2,6.84,2.0,0.12,0,3.0,南西,11,2.0,1.0,62.2
20261007,24,4,1,1,6.78,1.0,0.24,0,3.0,南西,11,2.0,0.0,66.5
20261007,24,4,2,4,6.76,2.0,0.16,0,3.0,南西,11,2.0,0.0,49.0
20261007,24,4,3,2,6.77,3.0,0.12,0,3.0,南西,11,2.0,0.0,38.3
20261007,24,4,4,6,6.77,4.0,0.13,0,3.0,南西,11,2.0,0.0,68.9
20261007,24,4,5,5,6.74,5.0,0.12,0,3.0,南西,11,2.0,0.0,7.3
20261007,24,4,6,3,6.78,6.0,0.11,0,3.0,南西,11,2.0,0.0,70.0
20261007,24,5,1,4,6.81,1.0,0.21,0,3.0,南西,11,2.0,0.0,57.6
20261007,24,5,2,5,6.75,2.0,0.24,0,3.0,南西,11,2.0,0.0,45.6
20261007,24,5,3,6,6.85,3.0,0.13,0,3.0,南西,11,2.0,0.0,67.3
20261007,24,5,4,1,6.78,4.0,0.17,0,3.0,南西,11,2.0,0.0,45.9
20261007,24,5,5,3,6.8,5.0,0.11,0,3.0,南西,11,2.0,0.0,36.1
20261007,24,5,6,2,6.78,6.0,0.19,0,3.0,南西,11,2.0,0.0,47.5
20261007,24,6,1,3,6.86,1.0,0.17,0,3.0,南西,11,2.0,0.0,74.1
20261007,24,6,2,5,6.84,2.0,0.35,0,3.0,南西,11,2.0,0.0,25.8
20261007,24,6,3,1,6.76,3.0,0.07,0,3.0,南西,11,2.0,0.0,69.5
20261007,24,6,4,2,6.73,4.0,0.03,0,3.0,南西,11,2.0,0.0,39.4
20261007,24,6,5,4,6.8,5.0,0.04,0,3.0,南西,11,2.0,0.0,74.7
20261007,24,6,6,6,6.71,6.0,0.07,0,3.0,南西,11,2.0,0.0,16.5
20261007,24,7,1,1,6.77,1.0,0.01,0,3.0,南西,11,2.0,0.0,76.7
20261007,24,7,2,3,6.85,2.0,0.02,0,3.0,南西,11,2.0,0.0,65.3
20261007,24,7,3,6,6.8,3.0,0.05,0,3.0,南西,11,2.0,0.0,49.2
20261007,24,7,4,2,6.81,4.0,-0.07,1,3.0,南西,11,2.0,0.0,77.9
20261007,24,7,5,4,6.79,5.0,0.02,0,3.0,南西,11,2.0,0.0,19.7
20261007,24,7,6,5,6.76,6.0,0.02,0,3.0,南西,11,2.0,0.0,11.2
20261007,24,8,1,3,6.79,1.0,-0.06,1,2.0,南西,11,1.0,0.0,81.3
20261007,24,8,2,1,6.77,2.0,-0.11,1,2.0,南西,11,1.0,0.0,74.2
20261007,24,8,3,4,6.83,3.0,0.05,0,2.0,南西,11,1.0,0.0,56.1
20261007,24,8,4,2,6.82,4.0,-0.04,1,2.0,南西,11,1.0,0.0,30.6
20261007,24,8,5,5,6.82,5.0,-0.11,1,2.0,南西,11,1.0,0.0,41.1
20261007,24,8,6,6,6.81,6.0,0.12,0,2.0,南西,11,1.0,0.0,16.7
20261007,24,9,1,3,6.79,1.0,-0.01,1,2.0,南西,11,1.0,0.0,84.4
20261007,24,9,2,2,6.8,2.0,0.09,0,2.0,南西,11,1.0,0.0,41.4
20261007,24,9,3,1,6.79,3.0,-0.02,1,2.0,南西,11,1.0,0.0,90.5
20261007,24,9,4,4,6.82,4.0,0.01,0,2.0,南西,11,1.0,0.0,38.2
20261007,24,9,5,5,6.82,5.0,-0.18,1,2.0,南西,11,1.0,0.0,31.1
20261007,24,9,6,6,6.81,6.0,-0.05,1,2.0,南西,11,1.0,0.0,14.4
20261007,24,10,1,1,6.73,1.0,0.06,0,2.0,南西,11,1.0,0.0,82.2
20261007,24,10,2,2,6.82,2.0,0.46,0,2.0,南西,11,1.0,0.0,71.4
20261007,24,10,3,3,6.79,3.0,0.26,0,2.0,南西,11,1.0,0.0,46.4
20261007,24,10,4,4,6.82,4.0,0.25,0,2.0,南西,11,1.0,0.0,56.3
20261007,24,10,5,6,6.68,5.0,0.28,0,2.0,南西,11,1.0,0.0,16.2
20261007,24,10,6,5,6.78,6.0,0.17,0,2.0,南西,11,1.0,0.0,27.5
20261007,24,11,1,1,6.78,1.0,0.06,0,2.0,南西,11,1.0,0.0,76.5
20261007,24,11,2,5,6.86,2.0,0.15,0,2.0,南西,11,1.0,0.0,27.5
20261007,24,11,3,2,6.84,3.0,0.07,0,2.0,南西,11,1.0,0.0,66.8
20261007,24,11,4,4,6.87,4.0,-0.09,1,2.0,南西,11,1.0,0.0,24.6
20261007,24,11,5,6,6.82,5.0,-0.04,1,2.0,南西,11,1.0,0.0,48.9
20261007,24,11,6,3,6.78,6.0,-0.04,1,2.0,南西,11,1.0,0.0,55.7
20261007,24,12,1,1,6.85,1.0,-0.04,1,2.0,南西,11,1.0,0.0,85.9
20261007,24,12,2,4,6.82,2.0,0.01,0,2.0,南西,11,1.0,0.0,22.8
20261007,24,12,3,3,6.85,3.0,0.09,0,2.0,南西,11,1.0,0.0,66.0
20261007,24,12,4,6,6.81,4.0,0.03,0,2.0,南西,11,1.0,0.0,42.7
20261007,24,12,5,5,6.83,5.0,-0.04,1,2.0,南西,11,1.0,0.0,31.4
20261007,24,12,6,2,6.81,6.0,0.04,0,2.0,南西,11,1.0,0.0,51.2
