date,race_id,venue,race,down_active,down_level,down_reasons,rank1_delta,top3_delta_sum,gap_1_2,up_signal_10,up_candidate_75,raijin_level,raijin_max_rise,pred1_boat,pred1_win,pred1_top3,actual_winner,actual_winner_pred_rank,payout,manshu
20261009,202610090101,桐生,1,False,0,,2.42,30.97,10.95,True,True,3,13.84,1,True,True,1,1,1510,False
20261009,202610090102,桐生,2,False,0,,3.86,9.79,6.8,True,True,3,11.42,4,True,True,4,1,2830,False
20261009,202610090103,桐生,3,False,0,,1.68,13.02,9.74,True,True,2,12.04,4,False,True,1,2,940,False
20261009,202610090104,桐生,4,False,0,,6.32,7.64,19.04,True,True,2,12.23,1,False,False,2,4,1760,False
20261009,202610090105,桐生,5,False,0,,2.6,10.2,22.38,False,True,1,7.84,5,False,False,6,5,124950,True
20261009,202610090106,桐生,6,True,2,rank1_drop_5|top3_total_drop_10,-12.3,-18.82,25.2,True,True,3,15.22,1,True,True,1,1,790,False
20261009,202610090107,桐生,7,False,0,,-0.84,-9.78,14.94,True,True,2,17.65,1,True,True,1,1,1870,False
20261009,202610090108,桐生,8,True,1,rank1_drop_close_gap,-3.92,0.76,0.72,False,True,1,8.62,5,True,True,5,1,1200,False
20261009,202610090109,桐生,9,False,0,,4.52,8.6,5.52,False,True,1,7.58,2,False,False,4,2,6940,False
20261009,202610090110,桐生,10,False,0,,10.0,17.32,5.2,False,True,3,9.8,6,False,True,1,3,860,False
20261009,202610090111,桐生,11,True,1,rank1_drop_5,-8.82,-1.4,5.28,True,True,2,13.24,1,False,True,4,2,6270,False
20261009,202610090112,桐生,12,True,1,rank1_drop_5,-6.31,-4.52,13.05,False,False,0,,1,True,True,1,1,1040,False
20261009,202610090201,戸田,1,False,0,,-2.12,-8.5,4.11,True,True,2,14.12,1,True,True,1,1,2990,False
20261009,202610090202,戸田,2,False,0,,2.52,12.44,12.24,True,True,2,12.7,3,False,True,1,2,6740,False
20261009,202610090203,戸田,3,False,0,,1.82,4.88,26.88,False,True,1,8.17,2,False,False,5,2,18360,True
20261009,202610090204,戸田,4,False,0,,-0.17,-1.65,16.11,False,True,1,8.08,3,False,False,4,3,3020,False
20261009,202610090205,戸田,5,False,0,,0.86,12.46,2.16,True,True,3,11.3,1,False,True,4,2,2530,False
20261009,202610090206,戸田,6,False,0,,1.64,7.6,9.06,True,True,2,11.8,4,False,True,5,4,58900,True
20261009,202610090207,戸田,7,False,0,,2.36,26.98,17.78,False,False,0,,1,True,True,1,1,710,False
20261009,202610090208,戸田,8,False,0,,0.74,2.26,10.48,False,True,1,9.24,1,True,True,1,1,1350,False
20261009,202610090209,戸田,9,False,0,,3.68,17.72,13.2,True,True,2,10.32,1,False,True,2,2,3520,False
20261009,202610090210,戸田,10,False,0,,3.2,2.19,17.6,True,True,2,12.86,2,False,True,1,2,1590,False
20261009,202610090211,戸田,11,False,0,,4.0,1.28,13.84,True,True,2,12.04,1,False,True,2,2,2250,False
20261009,202610090212,戸田,12,True,1,top3_total_drop_10,-2.22,-11.32,6.24,False,True,1,8.74,1,False,True,2,5,4370,False
20261009,202610090301,江戸川,1,True,1,rank1_drop_close_gap,-3.2,-3.98,1.12,False,False,0,,1,True,True,1,1,1400,False
20261009,202610090302,江戸川,2,True,3,rank1_drop_5|top3_total_drop_10|rank1_drop_close_gap,-11.32,-30.86,1.6,False,False,0,,2,False,True,1,3,3200,False
20261009,202610090303,江戸川,3,True,2,rank1_drop_5|top3_total_drop_10,-11.22,-15.4,7.54,False,False,0,,2,False,False,1,2,10640,True
20261009,202610090304,江戸川,4,False,0,,0.24,0.41,29.84,True,True,2,15.38,2,True,True,2,1,830,False
20261009,202610090305,江戸川,5,True,2,rank1_drop_5|top3_total_drop_10,-12.6,-19.64,7.28,False,False,0,,3,True,True,3,1,3090,False
20261009,202610090306,江戸川,6,True,1,top3_total_drop_10,-2.58,-15.23,16.77,True,True,2,13.66,2,False,True,1,3,2270,False
20261009,202610090307,江戸川,7,True,1,top3_total_drop_10,-0.58,-22.68,3.2,True,True,3,11.16,2,True,True,2,1,3600,False
20261009,202610090308,江戸川,8,False,0,,-0.38,8.04,18.0,False,True,1,9.04,2,False,True,4,3,5450,False
20261009,202610090309,江戸川,9,True,1,top3_total_drop_10,-2.59,-18.75,8.61,False,False,0,,5,False,True,1,2,1140,False
20261009,202610090310,江戸川,10,True,1,top3_total_drop_10,-4.35,-12.24,14.52,True,True,2,11.34,1,True,True,1,1,14570,True
20261009,202610090311,江戸川,11,True,2,rank1_drop_5|rank1_drop_close_gap,-8.62,-8.06,3.79,False,False,0,,1,True,True,1,1,730,False
20261009,202610090312,江戸川,12,True,1,top3_total_drop_10,1.76,-18.04,23.98,False,False,0,,1,True,True,1,1,12640,True
20261009,202610090501,多摩川,1,False,0,,3.56,-0.2,2.16,True,True,2,13.48,2,True,True,2,1,1620,False
20261009,202610090502,多摩川,2,False,0,,4.4,9.56,13.42,True,True,2,13.72,1,True,True,1,1,4150,False
20261009,202610090503,多摩川,3,True,2,rank1_drop_5|top3_total_drop_10,-10.23,-21.0,6.82,False,False,0,,1,False,True,3,3,3610,False
20261009,202610090504,多摩川,4,True,3,rank1_drop_5|top3_total_drop_10|rank1_drop_close_gap,-8.46,-10.32,0.06,False,True,1,9.35,4,False,True,2,5,9300,False
20261009,202610090505,多摩川,5,False,0,,0.35,3.79,4.87,False,True,1,8.36,1,False,True,2,4,40350,True
20261009,202610090506,多摩川,6,False,0,,-1.0,1.29,34.07,False,True,1,9.02,5,False,True,4,6,15160,True
20261009,202610090507,多摩川,7,False,0,,-2.95,3.78,6.06,False,False,0,,1,False,True,2,2,5540,False
20261009,202610090508,多摩川,8,False,0,,3.12,-4.14,19.14,True,True,2,14.6,1,True,True,1,1,5320,False
20261009,202610090509,多摩川,9,False,0,,-1.03,-4.37,3.53,True,True,2,12.16,3,False,True,1,2,1260,False
20261009,202610090510,多摩川,10,False,0,,2.23,-6.77,20.31,False,False,0,,2,False,True,1,2,570,False
20261009,202610090511,多摩川,11,False,0,,0.83,10.79,8.71,False,True,3,8.24,3,False,True,1,2,800,False
20261009,202610090512,多摩川,12,False,0,,-0.96,5.11,37.01,False,False,0,,1,True,True,1,1,550,False
20261009,202610090701,蒲郡,1,False,0,,-3.38,-1.55,13.06,False,False,0,,2,False,True,1,2,840,False
20261009,202610090702,蒲郡,2,False,0,,4.34,16.22,14.64,True,True,2,12.58,3,False,True,1,5,2700,False
20261009,202610090703,蒲郡,3,False,0,,0.69,5.87,3.23,True,True,3,18.02,1,False,True,4,2,4130,False
20261009,202610090704,蒲郡,4,False,0,,10.62,6.18,13.44,True,True,3,13.08,3,False,True,4,2,12190,True
20261009,202610090705,蒲郡,5,False,0,,-3.89,9.19,10.33,True,True,3,13.26,4,False,True,3,4,6510,False
20261009,202610090706,蒲郡,6,False,0,,4.66,-8.5,10.64,True,True,2,11.7,5,False,False,3,4,24380,True
20261009,202610090707,蒲郡,7,False,0,,3.5,0.44,16.72,True,True,3,10.51,1,True,True,1,1,940,False
20261009,202610090708,蒲郡,8,False,0,,3.28,13.75,10.11,False,True,1,8.44,1,True,True,1,1,670,False
20261009,202610090709,蒲郡,9,False,0,,10.32,-0.88,2.32,True,True,3,17.56,4,False,False,1,3,800,False
20261009,202610090710,蒲郡,10,True,1,rank1_drop_5,-9.57,-4.25,6.95,True,True,2,11.08,1,True,True,1,1,4190,False
20261009,202610090711,蒲郡,11,True,1,rank1_drop_5,-5.56,12.72,13.52,True,True,2,14.56,1,True,True,1,1,840,False
20261009,202610090712,蒲郡,12,False,0,,6.44,-0.86,17.68,False,True,1,9.34,1,True,True,1,1,1030,False
20261009,202610090801,常滑,1,False,0,,1.64,18.24,14.08,True,True,2,10.72,1,True,True,1,1,8840,False
20261009,202610090802,常滑,2,True,2,top3_total_drop_10|rank1_drop_close_gap,-4.68,-12.0,1.04,True,True,2,13.2,1,False,False,5,2,6480,False
20261009,202610090803,常滑,3,True,2,rank1_drop_5|rank1_drop_close_gap,-11.22,-8.2,4.77,True,True,2,18.34,5,False,False,3,2,6150,False
20261009,202610090804,常滑,4,False,0,,-4.72,11.48,18.0,False,True,1,9.98,2,False,False,5,4,17730,True
20261009,202610090805,常滑,5,False,0,,-0.95,0.23,6.09,True,True,2,14.7,6,False,True,1,2,2860,False
20261009,202610090806,常滑,6,False,0,,1.58,25.34,17.3,False,False,0,,1,True,True,1,1,460,False
20261009,202610090807,常滑,7,True,2,rank1_drop_5|rank1_drop_close_gap,-8.42,-3.73,1.69,False,False,0,,2,True,True,2,1,2740,False
20261009,202610090808,常滑,8,False,0,,5.0,-8.58,4.18,True,True,2,14.8,1,True,True,1,1,1450,False
20261009,202610090809,常滑,9,True,2,rank1_drop_5|rank1_drop_close_gap,-6.32,12.38,4.96,False,False,0,,2,True,True,2,1,5710,False
20261009,202610090810,常滑,10,False,0,,-0.64,-4.4,1.84,True,True,2,12.7,1,True,True,1,1,2440,False
20261009,202610090811,常滑,11,True,2,rank1_drop_5|top3_total_drop_10,-11.42,-16.41,20.85,False,True,1,9.16,1,False,False,5,3,48570,True
20261009,202610090812,常滑,12,False,0,,2.66,12.6,8.84,True,True,2,10.21,1,True,True,1,1,6930,False
20261009,202610091001,三国,1,False,0,,1.94,-5.78,26.4,False,False,0,,1,True,True,1,1,1150,False
20261009,202610091002,三国,2,True,1,rank1_drop_close_gap,-4.2,-8.76,3.04,False,False,0,,1,False,True,2,4,5350,False
20261009,202610091003,三国,3,True,1,rank1_drop_5,-9.02,0.53,15.21,False,True,1,8.92,1,True,True,1,1,1420,False
20261009,202610091004,三国,4,False,0,,5.06,0.67,1.91,True,True,3,13.53,2,False,False,3,2,4010,False
20261009,202610091005,三国,5,False,0,,3.32,13.32,9.2,True,True,2,10.98,1,True,True,1,1,650,False
20261009,202610091006,三国,6,True,1,rank1_drop_5,-8.96,-1.86,12.48,True,True,2,18.42,1,False,True,3,2,2630,False
20261009,202610091007,三国,7,False,0,,5.1,-6.72,15.62,True,True,2,14.42,1,False,True,3,2,6070,False
20261009,202610091008,三国,8,False,0,,-0.14,-5.2,13.76,False,False,0,,1,True,True,1,1,5000,False
20261009,202610091009,三国,9,False,0,,0.42,4.75,12.16,True,True,2,13.8,1,False,True,3,4,3800,False
20261009,202610091010,三国,10,False,0,,3.44,-0.34,18.08,True,True,3,14.04,1,True,True,1,1,3880,False
20261009,202610091011,三国,11,False,0,,-3.2,-5.4,6.54,True,True,3,12.77,1,False,True,2,2,2170,False
20261009,202610091012,三国,12,True,2,rank1_drop_5|rank1_drop_close_gap,-8.28,1.95,4.05,False,False,0,,1,True,True,1,1,3400,False
20261009,202610091401,鳴門,1,True,2,rank1_drop_5|top3_total_drop_10,-12.32,-22.64,16.64,True,True,2,10.4,1,True,True,1,1,3270,False
20261009,202610091402,鳴門,2,False,0,,4.7,19.68,17.92,False,True,1,9.2,1,True,True,1,1,1130,False
20261009,202610091403,鳴門,3,False,0,,2.38,12.12,6.64,True,True,2,11.44,1,True,True,1,1,480,False
20261009,202610091404,鳴門,4,False,0,,4.42,-4.3,4.96,True,True,2,14.56,2,True,True,2,1,2150,False
20261009,202610091405,鳴門,5,False,0,,-2.54,-0.97,10.02,False,False,0,,1,True,True,1,1,1010,False
20261009,202610091406,鳴門,6,False,0,,5.66,-8.52,6.32,True,True,2,12.36,4,False,False,1,3,6070,False
20261009,202610091407,鳴門,7,False,0,,1.43,-5.35,22.25,False,True,1,8.76,1,True,True,1,1,930,False
20261009,202610091408,鳴門,8,False,0,,-1.36,21.36,13.36,False,True,1,8.56,4,False,True,1,2,2870,False
20261009,202610091409,鳴門,9,True,1,rank1_drop_5,-12.67,1.17,7.77,True,True,2,13.22,2,False,True,4,3,5920,False
20261009,202610091410,鳴門,10,False,0,,-0.58,1.11,0.02,False,True,3,7.79,1,False,True,2,2,2710,False
20261009,202610091411,鳴門,11,True,2,rank1_drop_5|top3_total_drop_10,-12.52,-11.22,13.28,True,True,2,14.83,1,False,False,3,3,12630,True
20261009,202610091412,鳴門,12,False,0,,2.24,9.34,25.76,True,True,2,12.44,1,True,True,1,1,1520,False
20261009,202610091601,児島,1,False,0,,1.7,-0.94,39.2,False,False,0,,1,True,True,1,1,1460,False
20261009,202610091602,児島,2,True,1,rank1_drop_close_gap,-4.62,4.05,2.05,True,True,3,10.3,5,False,True,2,5,28310,True
20261009,202610091603,児島,3,False,0,,5.7,12.9,17.14,False,False,0,,2,False,True,3,3,13560,True
20261009,202610091604,児島,4,False,0,,0.78,6.48,0.8,True,True,3,11.84,2,False,True,4,3,15990,True
20261009,202610091605,児島,5,True,1,top3_total_drop_10,4.24,-14.78,2.48,False,True,1,9.2,4,False,True,3,5,12660,True
20261009,202610091606,児島,6,False,0,,1.8,-2.84,29.02,False,False,0,,4,False,True,1,3,2570,False
20261009,202610091607,児島,7,True,2,rank1_drop_5|top3_total_drop_10,-8.25,-21.08,31.13,True,True,2,12.07,5,False,False,4,4,21760,True
20261009,202610091608,児島,8,False,0,,3.34,-1.08,7.43,True,True,2,11.15,1,True,True,1,1,24450,True
20261009,202610091609,児島,9,False,0,,-4.33,1.11,22.01,True,True,2,14.32,1,True,True,1,1,4190,False
20261009,202610091610,児島,10,False,0,,-2.84,-9.57,0.46,True,True,2,13.97,6,False,True,2,5,44520,True
20261009,202610091611,児島,11,False,0,,4.2,-0.66,25.12,False,True,1,9.58,2,False,False,6,6,22080,True
20261009,202610091612,児島,12,True,2,rank1_drop_5|top3_total_drop_10,-13.6,-15.45,6.23,True,True,2,13.5,1,False,False,3,5,6970,False
20261009,202610092001,若松,1,True,2,rank1_drop_5|top3_total_drop_10,-10.06,-19.24,19.04,True,True,2,24.46,2,True,True,2,1,1820,False
20261009,202610092002,若松,2,False,0,,7.26,9.52,0.96,False,True,1,7.54,1,False,True,5,6,28990,True
20261009,202610092003,若松,3,False,0,,7.5,9.52,5.68,False,True,1,9.28,1,True,True,1,1,2360,False
20261009,202610092004,若松,4,False,0,,4.43,-4.3,12.98,False,False,0,,1,True,True,1,1,890,False
20261009,202610092005,若松,5,False,0,,2.52,-4.54,20.64,False,True,3,9.72,1,True,True,1,1,580,False
20261009,202610092006,若松,6,False,0,,2.32,6.93,23.38,False,False,0,,1,True,True,1,1,1460,False
20261009,202610092007,若松,7,True,2,rank1_drop_5|rank1_drop_close_gap,-6.02,-0.7,1.52,True,True,2,14.66,1,True,True,1,1,550,False
20261009,202610092008,若松,8,False,0,,3.08,4.49,16.95,False,False,0,,1,False,True,2,2,1630,False
20261009,202610092009,若松,9,True,2,rank1_drop_5|top3_total_drop_10,-6.88,-16.2,15.68,False,False,0,,1,False,True,2,3,2060,False
20261009,202610092010,若松,10,False,0,,0.72,8.36,26.56,False,False,0,,1,True,True,1,1,1460,False
20261009,202610092011,若松,11,True,2,rank1_drop_5|rank1_drop_close_gap,-13.7,-7.81,4.79,True,True,2,18.08,1,True,True,1,1,390,False
20261009,202610092012,若松,12,True,1,rank1_drop_5,-11.88,7.38,9.52,False,True,1,8.84,1,False,True,2,3,6860,False
20261009,202610092301,唐津,1,True,2,rank1_drop_5|rank1_drop_close_gap,-12.85,0.04,4.97,True,True,2,10.9,1,True,True,1,1,1970,False
20261009,202610092302,唐津,2,False,0,,-2.03,7.73,13.65,True,True,2,11.98,1,True,True,1,1,13710,True
20261009,202610092303,唐津,3,False,0,,-3.5,22.22,36.68,False,False,0,,1,True,True,1,1,850,False
20261009,202610092304,唐津,4,True,2,rank1_drop_5|rank1_drop_close_gap,-5.92,-1.48,2.1,True,True,2,13.88,2,False,True,1,3,1140,False
20261009,202610092305,唐津,5,True,1,top3_total_drop_10,2.78,-21.26,17.6,True,True,2,14.49,1,True,True,1,1,840,False
20261009,202610092306,唐津,6,True,1,top3_total_drop_10,3.96,-13.84,0.14,True,True,2,13.05,4,True,True,4,1,2130,False
20261009,202610092307,唐津,7,False,0,,3.98,1.14,17.28,False,False,0,,1,True,True,1,1,620,False
20261009,202610092308,唐津,8,False,0,,5.12,0.9,2.9,True,True,3,16.0,3,False,False,2,4,4850,False
20261009,202610092309,唐津,9,False,0,,-2.44,-5.08,2.08,True,True,2,10.28,1,True,True,1,1,690,False
20261009,202610092310,唐津,10,False,0,,1.94,10.62,18.0,False,True,1,9.98,2,True,True,2,1,15730,True
20261009,202610092311,唐津,11,True,1,rank1_drop_5,-12.27,-9.8,7.76,True,True,2,15.4,1,True,True,1,1,770,False
20261009,202610092312,唐津,12,False,0,,2.79,-3.19,10.67,True,True,2,12.2,3,False,True,1,2,900,False
20261009,202610092401,大村,1,True,1,rank1_drop_5,-8.1,-4.72,9.72,True,True,2,16.34,4,False,True,1,2,2530,False
20261009,202610092402,大村,2,True,2,rank1_drop_5|top3_total_drop_10,-10.19,-10.79,12.75,True,True,2,12.05,1,True,True,1,1,840,False
20261009,202610092403,大村,3,False,0,,4.48,2.64,6.44,True,True,2,13.98,1,False,False,4,3,4140,False
20261009,202610092404,大村,4,False,0,,-1.6,5.0,6.56,True,True,2,14.2,1,True,True,1,1,1680,False
20261009,202610092405,大村,5,False,0,,-1.72,7.0,10.82,True,True,2,15.9,1,True,True,1,1,1810,False
20261009,202610092406,大村,6,False,0,,0.88,12.32,14.48,False,False,0,,1,True,True,1,1,940,False
20261009,202610092407,大村,7,False,0,,-2.52,7.72,12.0,True,True,2,14.97,1,False,True,2,3,49920,True
20261009,202610092408,大村,8,False,0,,4.32,11.02,4.32,True,True,3,14.72,5,False,True,1,2,540,False
20261009,202610092409,大村,9,True,1,rank1_drop_5,-6.29,0.15,8.21,True,True,2,12.6,1,True,True,1,1,1920,False
20261009,202610092410,大村,10,False,0,,-0.88,-0.74,8.16,True,True,3,12.85,1,True,True,1,1,1680,False
20261009,202610092411,大村,11,True,2,rank1_drop_5|rank1_drop_close_gap,-5.95,0.01,0.95,False,True,1,8.1,2,True,True,2,1,15740,True
20261009,202610092412,大村,12,True,1,rank1_drop_close_gap,-3.0,7.64,0.56,True,True,3,10.68,1,True,True,1,1,1680,False
