rank1_drop_at_least,gap_1_2_max,races,share_pct,pred1_win_rate_pct,pred1_top3_rate_pct,winner_pred_rank4plus_pct,payout_5000plus_rate_pct,manshu_rate_pct,payout_30000plus_rate_pct,payout_50000plus_rate_pct,avg_payout,median_payout
2,2,10,6.94,60.0,90.0,20.0,40.0,20.0,10.0,0.0,8681,2970
2,3,13,9.03,53.85,92.31,23.08,38.46,23.08,7.69,0.0,8996,2740
2,4,15,10.42,53.33,93.33,26.67,40.0,20.0,6.67,0.0,8202,2740
2,5,21,14.58,61.9,90.48,19.05,38.1,14.29,4.76,0.0,6840,2990
2,6,22,15.28,59.09,90.91,18.18,40.91,13.64,4.55,0.0,6814,3095
3,2,9,6.25,66.67,88.89,11.11,33.33,11.11,0.0,0.0,4699,2740
3,3,11,7.64,54.55,90.91,18.18,36.36,18.18,0.0,0.0,6522,2740
3,4,13,9.03,53.85,92.31,23.08,38.46,15.38,0.0,0.0,5986,2740
3,5,18,12.5,61.11,88.89,16.67,38.89,11.11,0.0,0.0,5302,2970
3,6,19,13.19,57.89,89.47,15.79,42.11,10.53,0.0,0.0,5353,3200
4,2,6,4.17,50.0,83.33,16.67,50.0,16.67,0.0,0.0,6335,4840
4,3,8,5.56,37.5,87.5,25.0,50.0,25.0,0.0,0.0,8432,4840
4,4,10,6.94,40.0,90.0,30.0,50.0,20.0,0.0,0.0,7354,4275
4,5,15,10.42,53.33,86.67,20.0,46.67,13.33,0.0,0.0,6077,3400
4,6,16,11.11,50.0,87.5,18.75,50.0,12.5,0.0,0.0,6089,4375
5,2,5,3.47,60.0,100.0,20.0,40.0,20.0,0.0,0.0,6306,3200
5,3,6,4.17,50.0,100.0,16.67,33.33,16.67,0.0,0.0,5445,2970
5,4,7,4.86,57.14,100.0,14.29,28.57,14.29,0.0,0.0,4771,2740
5,5,12,8.33,66.67,91.67,8.33,33.33,8.33,0.0,0.0,4252,2970
5,6,13,9.03,61.54,92.31,7.69,38.46,7.69,0.0,0.0,4407,3200
6,2,4,2.78,50.0,100.0,25.0,25.0,0.0,0.0,0.0,3948,2970
6,3,4,2.78,50.0,100.0,25.0,25.0,0.0,0.0,0.0,3948,2970
6,4,5,3.47,60.0,100.0,20.0,20.0,0.0,0.0,0.0,3304,2740
6,5,10,6.94,70.0,90.0,10.0,30.0,0.0,0.0,0.0,3414,2970
6,6,11,7.64,63.64,90.91,9.09,36.36,0.0,0.0,0.0,3674,3200
7,2,3,2.08,33.33,100.0,33.33,33.33,0.0,0.0,0.0,5080,3200
7,3,3,2.08,33.33,100.0,33.33,33.33,0.0,0.0,0.0,5080,3200
7,4,4,2.78,50.0,100.0,25.0,25.0,0.0,0.0,0.0,3992,2970
7,5,8,5.56,62.5,87.5,12.5,25.0,0.0,0.0,0.0,3485,2970
7,6,9,6.25,55.56,88.89,11.11,33.33,0.0,0.0,0.0,3794,3200
