date,venue_code,race,boat,finish_num,total_score,stage
20261004,02,1,1,1,85.2,morning
20261004,02,1,2,3,41.4,morning
20261004,02,1,3,4,70.6,morning
20261004,02,1,4,5,29.8,morning
20261004,02,1,5,2,37.2,morning
20261004,02,1,6,6,35.8,morning
20261004,02,2,1,2,67.7,morning
20261004,02,2,2,4,66.1,morning
20261004,02,2,3,3,61.5,morning
20261004,02,2,4,5,34.3,morning
20261004,02,2,5,1,64.3,morning
20261004,02,2,6,6,6.1,morning
20261004,02,3,1,5,52.1,morning
20261004,02,3,2,6,85.5,morning
20261004,02,3,3,4,57.8,morning
20261004,02,3,4,1,26.7,morning
20261004,02,3,5,2,48.0,morning
20261004,02,3,6,3,29.9,morning
20261004,02,4,1,6,40.9,morning
20261004,02,4,2,1,71.1,morning
20261004,02,4,3,5,44.1,morning
20261004,02,4,4,3,90.3,morning
20261004,02,4,5,4,16.7,morning
20261004,02,4,6,2,36.9,morning
20261004,02,5,1,2,94.2,morning
20261004,02,5,2,5,36.1,morning
20261004,02,5,3,4,40.8,morning
20261004,02,5,4,1,70.8,morning
20261004,02,5,5,3,43.2,morning
20261004,02,5,6,6,14.9,morning
20261004,02,6,1,2,70.3,morning
20261004,02,6,2,1,66.2,morning
20261004,02,6,3,5,8.8,morning
20261004,02,6,4,4,65.4,morning
20261004,02,6,5,3,66.0,morning
20261004,02,6,6,6,23.3,morning
20261004,02,7,1,2,81.5,morning
20261004,02,7,2,6,50.1,morning
20261004,02,7,3,5,67.3,morning
20261004,02,7,4,3,24.5,morning
20261004,02,7,5,4,58.9,morning
20261004,02,7,6,1,17.7,morning
20261004,02,8,1,1,81.5,morning
20261004,02,8,2,4,71.5,morning
20261004,02,8,3,2,31.8,morning
20261004,02,8,4,5,50.6,morning
20261004,02,8,5,3,43.0,morning
20261004,02,8,6,6,21.6,morning
20261004,02,9,1,4,78.6,morning
20261004,02,9,2,1,49.9,morning
20261004,02,9,3,3,59.2,morning
20261004,02,9,4,5,69.6,morning
20261004,02,9,5,6,21.2,morning
20261004,02,9,6,2,21.5,morning
20261004,02,10,1,1,65.1,morning
20261004,02,10,2,2,70.5,morning
20261004,02,10,3,6,64.5,morning
20261004,02,10,4,5,19.0,morning
20261004,02,10,5,3,65.5,morning
20261004,02,10,6,4,15.4,morning
20261004,02,11,1,2,88.1,morning
20261004,02,11,2,5,48.9,morning
20261004,02,11,3,1,49.0,morning
20261004,02,11,4,3,53.7,morning
20261004,02,11,5,4,39.9,morning
20261004,02,11,6,6,20.4,morning
20261004,02,12,1,1,78.7,morning
20261004,02,12,2,2,69.4,morning
20261004,02,12,3,5,34.7,morning
20261004,02,12,4,4,53.0,morning
20261004,02,12,5,3,41.2,morning
20261004,02,12,6,6,23.0,morning
20261004,05,1,1,1,71.5,morning
20261004,05,1,2,4,42.4,morning
20261004,05,1,3,5,37.1,morning
20261004,05,1,4,3,84.2,morning
20261004,05,1,5,2,60.8,morning
20261004,05,1,6,6,4.0,morning
20261004,05,2,1,3,61.4,morning
20261004,05,2,2,4,82.6,morning
20261004,05,2,3,6,51.0,morning
20261004,05,2,4,1,62.4,morning
20261004,05,2,5,2,38.7,morning
20261004,05,2,6,5,3.9,morning
20261004,05,3,1,2,62.4,morning
20261004,05,3,2,5,78.4,morning
20261004,05,3,3,4,45.8,morning
20261004,05,3,4,1,39.4,morning
20261004,05,3,5,3,42.4,morning
20261004,05,3,6,6,31.6,morning
20261004,05,4,1,1,61.0,morning
20261004,05,4,2,6,47.4,morning
20261004,05,4,3,2,43.9,morning
20261004,05,4,4,3,50.0,morning
20261004,05,4,5,5,70.2,morning
20261004,05,4,6,4,27.5,morning
20261004,05,5,1,1,84.4,morning
20261004,05,5,2,5,64.9,morning
20261004,05,5,3,3,43.5,morning
20261004,05,5,4,2,39.4,morning
20261004,05,5,5,6,38.9,morning
20261004,05,5,6,4,28.9,morning
20261004,05,6,1,3,51.4,morning
20261004,05,6,2,2,33.0,morning
20261004,05,6,3,1,88.1,morning
20261004,05,6,4,5,25.6,morning
20261004,05,6,5,6,41.0,morning
20261004,05,6,6,4,60.9,morning
20261004,05,7,1,1,59.1,morning
20261004,05,7,2,3,76.2,morning
20261004,05,7,3,5,46.7,morning
20261004,05,7,4,4,14.4,morning
20261004,05,7,5,2,71.2,morning
20261004,05,7,6,6,32.4,morning
20261004,05,8,1,2,74.4,morning
20261004,05,8,2,4,60.3,morning
20261004,05,8,3,1,62.4,morning
20261004,05,8,4,6,19.3,morning
20261004,05,8,5,3,46.5,morning
20261004,05,8,6,5,37.1,morning
20261004,05,9,1,3,80.65,morning
20261004,05,9,2,6,34.95,morning
20261004,05,9,3,2,51.0,morning
20261004,05,9,4,4,25.2,morning
20261004,05,9,5,1,81.7,morning
20261004,05,9,6,5,26.5,morning
20261004,05,10,1,1,96.5,morning
20261004,05,10,2,4,73.0,morning
20261004,05,10,3,5,48.8,morning
20261004,05,10,4,6,36.1,morning
20261004,05,10,5,3,12.2,morning
20261004,05,10,6,2,33.4,morning
20261004,05,11,1,1,72.5,morning
20261004,05,11,2,2,66.8,morning
20261004,05,11,3,3,75.4,morning
20261004,05,11,4,6,40.1,morning
20261004,05,11,5,5,20.5,morning
20261004,05,11,6,4,24.7,morning
20261004,05,12,1,1,88.5,morning
20261004,05,12,2,4,61.3,morning
20261004,05,12,3,3,56.3,morning
20261004,05,12,4,2,59.4,morning
20261004,05,12,5,5,13.8,morning
20261004,05,12,6,6,20.7,morning
20261004,06,1,1,4,38.7,morning
20261004,06,1,2,1,57.0,morning
20261004,06,1,3,3,78.4,morning
20261004,06,1,4,6,50.3,morning
20261004,06,1,5,2,51.6,morning
20261004,06,1,6,5,24.0,morning
20261004,06,2,1,2,51.6,morning
20261004,06,2,2,1,58.9,morning
20261004,06,2,3,3,46.3,morning
20261004,06,2,4,5,80.0,morning
20261004,06,2,5,4,38.4,morning
20261004,06,2,6,6,24.8,morning
20261004,06,3,1,4,45.0,morning
20261004,06,3,2,2,61.2,morning
20261004,06,3,3,6,61.9,morning
20261004,06,3,4,1,67.1,morning
20261004,06,3,5,5,29.8,morning
20261004,06,3,6,3,35.0,morning
20261004,06,4,1,1,93.1,morning
20261004,06,4,2,6,42.7,morning
20261004,06,4,3,4,56.8,morning
20261004,06,4,4,3,48.8,morning
20261004,06,4,5,2,39.9,morning
20261004,06,4,6,5,18.7,morning
20261004,06,5,1,1,66.2,morning
20261004,06,5,2,5,64.0,morning
20261004,06,5,3,2,71.0,morning
20261004,06,5,4,3,39.9,morning
20261004,06,5,5,6,13.6,morning
20261004,06,5,6,4,45.3,morning
20261004,06,6,1,3,61.8,morning
20261004,06,6,2,1,76.8,morning
20261004,06,6,3,2,70.2,morning
20261004,06,6,4,6,33.4,morning
20261004,06,6,5,5,31.8,morning
20261004,06,6,6,4,26.0,morning
20261004,06,7,1,1,87.2,morning
20261004,06,7,2,5,44.9,morning
20261004,06,7,3,4,38.9,morning
20261004,06,7,4,2,29.6,morning
20261004,06,7,5,3,75.8,morning
20261004,06,7,6,6,23.6,morning
20261004,06,8,1,1,94.6,morning
20261004,06,8,2,5,47.4,morning
20261004,06,8,3,3,25.0,morning
20261004,06,8,4,2,64.5,morning
20261004,06,8,5,6,43.7,morning
20261004,06,8,6,4,24.8,morning
20261004,06,9,1,6,81.6,morning
20261004,06,9,2,3,27.5,morning
20261004,06,9,3,5,59.7,morning
20261004,06,9,4,1,66.6,morning
20261004,06,9,5,4,45.1,morning
20261004,06,9,6,2,19.5,morning
20261004,06,10,1,6,55.9,morning
20261004,06,10,2,1,65.2,morning
20261004,06,10,3,2,28.6,morning
20261004,06,10,4,3,86.4,morning
20261004,06,10,5,4,27.2,morning
20261004,06,10,6,5,36.7,morning
20261004,06,11,1,1,72.1,morning
20261004,06,11,2,3,42.0,morning
20261004,06,11,3,5,47.3,morning
20261004,06,11,4,2,64.2,morning
20261004,06,11,5,4,52.5,morning
20261004,06,11,6,6,21.9,morning
20261004,06,12,1,3,79.7,morning
20261004,06,12,2,1,57.5,morning
20261004,06,12,3,5,45.5,morning
20261004,06,12,4,2,66.3,morning
20261004,06,12,5,4,33.0,morning
20261004,06,12,6,6,18.0,morning
20261004,07,1,1,1,84.2,morning
20261004,07,1,2,2,57.9,morning
20261004,07,1,3,3,29.1,morning
20261004,07,1,4,6,26.0,morning
20261004,07,1,5,4,63.9,morning
20261004,07,1,6,5,38.9,morning
20261004,07,2,1,6,87.7,morning
20261004,07,2,2,5,37.5,morning
20261004,07,2,3,4,67.4,morning
20261004,07,2,4,1,24.1,morning
20261004,07,2,5,2,29.2,morning
20261004,07,2,6,3,54.1,morning
20261004,07,3,1,2,74.1,morning
20261004,07,3,2,6,30.1,morning
20261004,07,3,3,3,65.6,morning
20261004,07,3,4,4,46.4,morning
20261004,07,3,5,5,19.0,morning
20261004,07,3,6,1,64.8,morning
20261004,07,4,1,3,63.8,morning
20261004,07,4,2,4,74.0,morning
20261004,07,4,3,2,43.6,morning
20261004,07,4,4,6,35.1,morning
20261004,07,4,5,5,61.6,morning
20261004,07,4,6,1,21.9,morning
20261004,07,5,1,1,74.1,morning
20261004,07,5,2,3,55.6,morning
20261004,07,5,3,2,88.2,morning
20261004,07,5,4,6,29.9,morning
20261004,07,5,5,4,29.1,morning
20261004,07,5,6,5,23.1,morning
20261004,07,6,1,1,84.8,morning
20261004,07,6,2,3,44.4,morning
20261004,07,6,3,5,45.1,morning
20261004,07,6,4,4,30.2,morning
20261004,07,6,5,6,18.1,morning
20261004,07,6,6,2,77.4,morning
20261004,07,7,1,1,85.4,morning
20261004,07,7,2,3,45.1,morning
20261004,07,7,3,2,78.6,morning
20261004,07,7,4,4,33.9,morning
20261004,07,7,5,6,31.3,morning
20261004,07,7,6,5,25.7,morning
20261004,07,8,1,1,83.7,morning
20261004,07,8,2,4,35.1,morning
20261004,07,8,3,2,59.1,morning
20261004,07,8,4,5,23.6,morning
20261004,07,8,5,3,76.1,morning
20261004,07,8,6,6,22.4,morning
20261004,07,9,1,1,77.4,morning
20261004,07,9,2,2,50.1,morning
20261004,07,9,3,3,49.0,morning
20261004,07,9,4,4,54.6,morning
20261004,07,9,5,5,51.4,morning
20261004,07,9,6,6,17.5,morning
20261004,07,10,1,1,74.4,morning
20261004,07,10,2,3,57.2,morning
20261004,07,10,3,5,40.6,morning
20261004,07,10,4,2,55.3,morning
20261004,07,10,5,4,47.3,morning
20261004,07,10,6,6,25.2,morning
20261004,07,11,1,1,83.9,morning
20261004,07,11,2,5,44.1,morning
20261004,07,11,3,4,71.0,morning
20261004,07,11,4,3,45.7,morning
20261004,07,11,5,2,32.8,morning
20261004,07,11,6,6,22.5,morning
20261004,07,12,1,1,87.6,morning
20261004,07,12,2,2,57.8,morning
20261004,07,12,3,3,67.2,morning
20261004,07,12,4,5,55.0,morning
20261004,07,12,5,4,27.0,morning
20261004,07,12,6,6,5.4,morning
20261004,09,1,1,1,83.8,morning
20261004,09,1,2,2,75.6,morning
20261004,09,1,3,3,59.8,morning
20261004,09,1,4,4,41.7,morning
20261004,09,1,5,5,27.2,morning
20261004,09,1,6,6,11.9,morning
20261004,09,2,1,1,62.6,morning
20261004,09,2,2,2,62.4,morning
20261004,09,2,3,5,59.9,morning
20261004,09,2,4,3,57.7,morning
20261004,09,2,5,4,39.0,morning
20261004,09,2,6,6,18.4,morning
20261004,09,3,1,3,54.7,morning
20261004,09,3,2,2,56.4,morning
20261004,09,3,3,5,58.2,morning
20261004,09,3,4,1,71.4,morning
20261004,09,3,5,6,23.7,morning
20261004,09,3,6,4,35.6,morning
20261004,09,4,1,3,66.3,morning
20261004,09,4,2,4,29.9,morning
20261004,09,4,3,5,56.0,morning
20261004,09,4,4,1,54.1,morning
20261004,09,4,5,2,72.4,morning
20261004,09,4,6,6,21.3,morning
20261004,09,5,1,1,90.2,morning
20261004,09,5,2,2,70.0,morning
20261004,09,5,3,4,54.5,morning
20261004,09,5,4,3,37.7,morning
20261004,09,5,5,5,16.8,morning
20261004,09,5,6,6,30.8,morning
20261004,09,6,1,6,74.4,morning
20261004,09,6,2,1,52.4,morning
20261004,09,6,3,5,33.0,morning
20261004,09,6,4,2,57.2,morning
20261004,09,6,5,3,71.6,morning
20261004,09,6,6,4,11.4,morning
20261004,09,7,1,6,53.7,morning
20261004,09,7,2,1,62.2,morning
20261004,09,7,3,5,24.5,morning
20261004,09,7,4,4,14.9,morning
20261004,09,7,5,2,82.6,morning
20261004,09,7,6,3,62.1,morning
20261004,09,8,1,1,86.0,morning
20261004,09,8,2,4,32.0,morning
20261004,09,8,3,5,66.8,morning
20261004,09,8,4,3,68.1,morning
20261004,09,8,5,2,36.7,morning
20261004,09,8,6,6,10.4,morning
20261004,09,9,1,1,83.6,morning
20261004,09,9,2,2,37.0,morning
20261004,09,9,3,3,58.2,morning
20261004,09,9,4,4,56.1,morning
20261004,09,9,5,6,35.7,morning
20261004,09,9,6,5,29.4,morning
20261004,09,10,1,6,89.0,morning
20261004,09,10,2,1,58.1,morning
20261004,09,10,3,2,64.1,morning
20261004,09,10,4,5,35.7,morning
20261004,09,10,5,3,32.9,morning
20261004,09,10,6,4,20.2,morning
20261004,09,11,1,1,94.4,morning
20261004,09,11,2,4,67.2,morning
20261004,09,11,3,6,46.1,morning
20261004,09,11,4,2,33.3,morning
20261004,09,11,5,3,38.6,morning
20261004,09,11,6,5,20.4,morning
20261004,09,12,1,1,93.6,morning
20261004,09,12,2,6,59.7,morning
20261004,09,12,3,5,59.1,morning
20261004,09,12,4,2,31.8,morning
20261004,09,12,5,4,27.2,morning
20261004,09,12,6,3,28.6,morning
20261004,10,1,1,1,84.6,morning
20261004,10,1,2,2,59.3,morning
20261004,10,1,3,4,57.8,morning
20261004,10,1,4,3,66.6,morning
20261004,10,1,5,6,22.0,morning
20261004,10,1,6,5,9.7,morning
20261004,10,2,1,1,64.5,morning
20261004,10,2,2,2,59.3,morning
20261004,10,2,3,4,57.1,morning
20261004,10,2,4,3,56.4,morning
20261004,10,2,5,5,28.1,morning
20261004,10,2,6,6,34.6,morning
20261004,10,3,1,1,84.3,morning
20261004,10,3,2,4,65.5,morning
20261004,10,3,3,2,55.7,morning
20261004,10,3,4,5,57.6,morning
20261004,10,3,5,6,34.5,morning
20261004,10,3,6,3,2.4,morning
20261004,10,4,1,3,94.4,morning
20261004,10,4,2,2,30.0,morning
20261004,10,4,3,6,53.7,morning
20261004,10,4,4,1,61.8,morning
20261004,10,4,5,5,42.8,morning
20261004,10,4,6,4,17.3,morning
20261004,10,5,1,1,73.0,morning
20261004,10,5,2,2,68.3,morning
20261004,10,5,3,3,41.8,morning
20261004,10,5,4,4,58.6,morning
20261004,10,5,5,5,41.8,morning
20261004,10,5,6,6,16.5,morning
20261004,10,6,1,2,80.8,morning
20261004,10,6,2,6,42.8,morning
20261004,10,6,3,5,60.0,morning
20261004,10,6,4,1,56.0,morning
20261004,10,6,5,3,34.6,morning
20261004,10,6,6,4,25.8,morning
20261004,10,7,1,1,76.1,morning
20261004,10,7,2,5,76.6,morning
20261004,10,7,3,4,37.3,morning
20261004,10,7,4,2,54.8,morning
20261004,10,7,5,3,21.2,morning
20261004,10,7,6,6,34.0,morning
20261004,10,8,1,1,61.9,morning
20261004,10,8,2,3,75.5,morning
20261004,10,8,3,6,57.1,morning
20261004,10,8,4,2,51.2,morning
20261004,10,8,5,4,24.7,morning
20261004,10,8,6,5,29.6,morning
20261004,10,9,1,1,86.4,morning
20261004,10,9,2,6,73.6,morning
20261004,10,9,3,4,51.8,morning
20261004,10,9,4,5,41.3,morning
20261004,10,9,5,2,23.4,morning
20261004,10,9,6,3,23.5,morning
20261004,10,10,1,1,88.3,morning
20261004,10,10,2,3,45.1,morning
20261004,10,10,3,5,53.2,morning
20261004,10,10,4,6,44.6,morning
20261004,10,10,5,2,53.4,morning
20261004,10,10,6,4,15.4,morning
20261004,10,11,1,1,75.0,morning
20261004,10,11,2,3,61.8,morning
20261004,10,11,3,2,57.0,morning
20261004,10,11,4,6,28.3,morning
20261004,10,11,5,4,60.3,morning
20261004,10,11,6,5,17.6,morning
20261004,10,12,1,1,67.3,morning
20261004,10,12,2,3,65.3,morning
20261004,10,12,3,2,70.6,morning
20261004,10,12,4,5,33.6,morning
20261004,10,12,5,6,37.4,morning
20261004,10,12,6,4,25.8,morning
20261004,11,1,1,1,79.0,morning
20261004,11,1,2,2,66.2,morning
20261004,11,1,3,3,57.4,morning
20261004,11,1,4,6,53.6,morning
20261004,11,1,5,4,18.8,morning
20261004,11,1,6,5,25.0,morning
20261004,11,2,1,1,56.1,morning
20261004,11,2,2,2,74.4,morning
20261004,11,2,3,3,34.1,morning
20261004,11,2,4,4,50.0,morning
20261004,11,2,5,6,54.6,morning
20261004,11,2,6,5,30.8,morning
20261004,11,3,1,5,56.1,morning
20261004,11,3,2,1,83.2,morning
20261004,11,3,3,2,58.0,morning
20261004,11,3,4,4,48.3,morning
20261004,11,3,5,3,47.5,morning
20261004,11,3,6,6,6.9,morning
20261004,11,4,1,2,78.5,morning
20261004,11,4,2,4,34.7,morning
20261004,11,4,3,5,28.7,morning
20261004,11,4,4,1,63.2,morning
20261004,11,4,5,3,75.8,morning
20261004,11,4,6,6,19.1,morning
20261004,11,5,1,1,84.0,morning
20261004,11,5,2,2,73.6,morning
20261004,11,5,3,5,34.5,morning
20261004,11,5,4,3,51.8,morning
20261004,11,5,5,4,50.1,morning
20261004,11,5,6,6,6.0,morning
20261004,11,6,1,1,47.3,morning
20261004,11,6,2,2,68.0,morning
20261004,11,6,3,3,82.9,morning
20261004,11,6,4,4,42.4,morning
20261004,11,6,5,5,40.9,morning
20261004,11,6,6,6,18.5,morning
20261004,11,7,1,1,67.2,morning
20261004,11,7,2,4,30.0,morning
20261004,11,7,3,2,44.3,morning
20261004,11,7,4,3,58.0,morning
20261004,11,7,5,5,18.6,morning
20261004,11,7,6,6,81.9,morning
20261004,11,8,1,2,73.1,morning
20261004,11,8,2,1,70.0,morning
20261004,11,8,3,3,43.6,morning
20261004,11,8,4,4,31.5,morning
20261004,11,8,5,5,28.7,morning
20261004,11,8,6,6,53.1,morning
20261004,11,9,1,2,71.5,morning
20261004,11,9,2,3,53.1,morning
20261004,11,9,3,6,50.4,morning
20261004,11,9,4,5,55.4,morning
20261004,11,9,5,4,20.8,morning
20261004,11,9,6,1,48.8,morning
20261004,11,10,1,1,93.6,morning
20261004,11,10,2,6,24.3,morning
20261004,11,10,3,2,41.5,morning
20261004,11,10,4,3,74.7,morning
20261004,11,10,5,5,41.0,morning
20261004,11,10,6,4,24.9,morning
20261004,11,11,1,1,88.1,morning
20261004,11,11,2,5,50.9,morning
20261004,11,11,3,2,78.6,morning
20261004,11,11,4,3,32.2,morning
20261004,11,11,5,4,5.6,morning
20261004,11,11,6,6,44.6,morning
20261004,11,12,1,2,70.3,morning
20261004,11,12,2,1,77.4,morning
20261004,11,12,3,4,47.0,morning
20261004,11,12,4,5,26.6,morning
20261004,11,12,5,3,38.1,morning
20261004,11,12,6,6,40.6,morning
20261004,12,1,1,2,51.0,morning
20261004,12,1,2,1,78.4,morning
20261004,12,1,3,6,45.6,morning
20261004,12,1,4,4,74.4,morning
20261004,12,1,5,5,33.6,morning
20261004,12,1,6,3,17.0,morning
20261004,12,2,1,4,47.3,morning
20261004,12,2,2,6,74.8,morning
20261004,12,2,3,1,46.3,morning
20261004,12,2,4,2,68.9,morning
20261004,12,2,5,3,49.1,morning
20261004,12,2,6,5,13.6,morning
20261004,12,3,1,1,84.9,morning
20261004,12,3,2,4,41.6,morning
20261004,12,3,3,5,37.1,morning
20261004,12,3,4,2,70.3,morning
20261004,12,3,5,3,50.6,morning
20261004,12,3,6,6,15.5,morning
20261004,12,4,1,1,51.0,morning
20261004,12,4,2,5,77.2,morning
20261004,12,4,3,2,48.6,morning
20261004,12,4,4,3,36.6,morning
20261004,12,4,5,4,65.8,morning
20261004,12,4,6,6,20.8,morning
20261004,12,5,1,3,82.0,morning
20261004,12,5,2,2,81.2,morning
20261004,12,5,3,5,24.1,morning
20261004,12,5,4,1,61.2,morning
20261004,12,5,5,6,46.7,morning
20261004,12,5,6,4,4.8,morning
20261004,12,6,1,1,86.6,morning
20261004,12,6,2,4,41.4,morning
20261004,12,6,3,3,37.4,morning
20261004,12,6,4,6,54.0,morning
20261004,12,6,5,2,66.0,morning
20261004,12,6,6,5,14.6,morning
20261004,12,7,1,1,72.6,morning
20261004,12,7,2,3,55.2,morning
20261004,12,7,3,5,77.0,morning
20261004,12,7,4,6,28.4,morning
20261004,12,7,5,2,52.0,morning
20261004,12,7,6,4,14.8,morning
20261004,12,8,1,1,95.5,morning
20261004,12,8,2,2,67.7,morning
20261004,12,8,3,4,38.6,morning
20261004,12,8,4,3,56.3,morning
20261004,12,8,5,6,31.4,morning
20261004,12,8,6,5,10.5,morning
20261004,12,9,1,1,91.0,morning
20261004,12,9,2,3,50.4,morning
20261004,12,9,3,2,51.6,morning
20261004,12,9,4,5,66.2,morning
20261004,12,9,5,4,7.2,morning
20261004,12,9,6,6,33.6,morning
20261004,12,10,1,4,78.3,morning
20261004,12,10,2,2,42.1,morning
20261004,12,10,3,6,65.5,morning
20261004,12,10,4,5,56.5,morning
20261004,12,10,5,1,26.7,morning
20261004,12,10,6,3,30.9,morning
20261004,12,11,1,1,84.9,morning
20261004,12,11,2,2,54.8,morning
20261004,12,11,3,3,74.6,morning
20261004,12,11,4,5,43.5,morning
20261004,12,11,5,4,37.4,morning
20261004,12,11,6,6,4.8,morning
20261004,12,12,1,1,79.6,morning
20261004,12,12,2,3,70.6,morning
20261004,12,12,3,4,65.0,morning
20261004,12,12,4,6,23.7,morning
20261004,12,12,5,2,31.8,morning
20261004,12,12,6,5,29.3,morning
20261004,13,1,1,5,62.8,morning
20261004,13,1,2,3,37.8,morning
20261004,13,1,3,1,76.8,morning
20261004,13,1,4,2,59.8,morning
20261004,13,1,5,4,36.8,morning
20261004,13,1,6,6,26.0,morning
20261004,13,2,1,4,52.2,morning
20261004,13,2,2,5,67.2,morning
20261004,13,2,3,1,68.2,morning
20261004,13,2,4,6,16.8,morning
20261004,13,2,5,2,51.2,morning
20261004,13,2,6,3,44.4,morning
20261004,13,3,1,3,45.4,morning
20261004,13,3,2,4,73.9,morning
20261004,13,3,3,6,35.0,morning
20261004,13,3,4,1,70.3,morning
20261004,13,3,5,2,40.1,morning
20261004,13,3,6,5,35.3,morning
20261004,13,4,1,1,57.8,morning
20261004,13,4,2,5,52.5,morning
20261004,13,4,3,3,64.8,morning
20261004,13,4,4,6,35.9,morning
20261004,13,4,5,2,60.8,morning
20261004,13,4,6,4,28.2,morning
20261004,13,5,1,4,40.0,morning
20261004,13,5,2,6,55.8,morning
20261004,13,5,3,5,58.6,morning
20261004,13,5,4,1,62.5,morning
20261004,13,5,5,3,58.3,morning
20261004,13,5,6,2,24.8,morning
20261004,13,6,1,1,76.5,morning
20261004,13,6,2,4,55.8,morning
20261004,13,6,3,6,48.7,morning
20261004,13,6,4,2,77.1,morning
20261004,13,6,5,3,25.6,morning
20261004,13,6,6,5,16.3,morning
20261004,13,7,1,2,68.0,morning
20261004,13,7,2,1,94.4,morning
20261004,13,7,3,3,41.7,morning
20261004,13,7,4,4,37.6,morning
20261004,13,7,5,6,29.5,morning
20261004,13,7,6,5,28.8,morning
20261004,13,8,1,1,93.6,morning
20261004,13,8,2,2,52.6,morning
20261004,13,8,3,6,28.0,morning
20261004,13,8,4,3,31.2,morning
20261004,13,8,5,5,17.5,morning
20261004,13,8,6,4,77.1,morning
20261004,13,9,1,5,50.6,morning
20261004,13,9,2,3,77.6,morning
20261004,13,9,3,1,71.0,morning
20261004,13,9,4,2,54.5,morning
20261004,13,9,5,6,17.9,morning
20261004,13,9,6,4,28.4,morning
20261004,13,10,1,3,47.7,morning
20261004,13,10,2,4,69.1,morning
20261004,13,10,3,5,23.1,morning
20261004,13,10,4,6,36.9,morning
20261004,13,10,5,1,69.4,morning
20261004,13,10,6,2,53.8,morning
20261004,13,11,1,1,77.6,morning
20261004,13,11,2,4,65.4,morning
20261004,13,11,3,5,48.6,morning
20261004,13,11,4,3,24.7,morning
20261004,13,11,5,2,61.4,morning
20261004,13,11,6,6,22.3,morning
20261004,13,12,1,1,83.0,morning
20261004,13,12,2,2,73.6,morning
20261004,13,12,3,3,40.6,morning
20261004,13,12,4,4,37.4,morning
20261004,13,12,5,6,55.4,morning
20261004,13,12,6,5,10.0,morning
20261004,18,1,1,1,87.2,morning
20261004,18,1,2,4,58.4,morning
20261004,18,1,3,2,39.5,morning
20261004,18,1,4,5,36.1,morning
20261004,18,1,5,6,38.8,morning
20261004,18,1,6,3,40.0,morning
20261004,18,2,1,1,80.3,morning
20261004,18,2,2,5,37.5,morning
20261004,18,2,3,4,40.2,morning
20261004,18,2,4,2,66.9,morning
20261004,18,2,5,6,28.0,morning
20261004,18,2,6,3,47.1,morning
20261004,18,3,1,3,71.0,morning
20261004,18,3,2,4,52.0,morning
20261004,18,3,3,5,46.4,morning
20261004,18,3,4,1,64.6,morning
20261004,18,3,5,6,25.0,morning
20261004,18,3,6,2,41.0,morning
20261004,18,4,1,4,72.4,morning
20261004,18,4,2,1,83.1,morning
20261004,18,4,3,5,29.6,morning
20261004,18,4,4,2,42.4,morning
20261004,18,4,5,3,58.6,morning
20261004,18,4,6,6,13.9,morning
20261004,18,5,1,1,86.4,morning
20261004,18,5,2,6,34.7,morning
20261004,18,5,3,2,76.3,morning
20261004,18,5,4,3,35.4,morning
20261004,18,5,5,5,34.4,morning
20261004,18,5,6,4,32.8,morning
20261004,18,6,1,2,63.6,morning
20261004,18,6,2,5,46.2,morning
20261004,18,6,3,1,86.2,morning
20261004,18,6,4,6,44.6,morning
20261004,18,6,5,3,45.6,morning
20261004,18,6,6,4,13.8,morning
20261004,18,7,1,1,44.6,morning
20261004,18,7,2,3,83.2,morning
20261004,18,7,3,2,55.5,morning
20261004,18,7,4,5,44.1,morning
20261004,18,7,5,6,19.5,morning
20261004,18,7,6,4,53.1,morning
20261004,18,8,1,3,54.8,morning
20261004,18,8,2,5,71.0,morning
20261004,18,8,3,6,49.4,morning
20261004,18,8,4,1,30.9,morning
20261004,18,8,5,2,72.3,morning
20261004,18,8,6,4,21.6,morning
20261004,18,9,1,1,80.8,morning
20261004,18,9,2,2,54.8,morning
20261004,18,9,3,4,58.6,morning
20261004,18,9,4,3,66.4,morning
20261004,18,9,5,5,28.8,morning
20261004,18,9,6,6,10.6,morning
20261004,18,10,1,1,71.4,morning
20261004,18,10,2,3,49.7,morning
20261004,18,10,3,2,69.7,morning
20261004,18,10,4,6,28.5,morning
20261004,18,10,5,5,19.5,morning
20261004,18,10,6,4,61.2,morning
20261004,18,11,1,1,72.6,morning
20261004,18,11,2,3,71.2,morning
20261004,18,11,3,2,56.0,morning
20261004,18,11,4,5,27.0,morning
20261004,18,11,5,6,19.3,morning
20261004,18,11,6,4,53.9,morning
20261004,18,12,1,6,92.6,morning
20261004,18,12,2,1,61.0,morning
20261004,18,12,3,2,36.0,morning
20261004,18,12,4,3,48.4,morning
20261004,18,12,5,4,50.0,morning
20261004,18,12,6,5,12.0,morning
20261004,19,1,1,2,38.9,morning
20261004,19,1,2,4,56.5,morning
20261004,19,1,3,5,52.2,morning
20261004,19,1,4,1,77.6,morning
20261004,19,1,5,6,28.0,morning
20261004,19,1,6,3,46.8,morning
20261004,19,2,1,1,80.0,morning
20261004,19,2,2,3,42.8,morning
20261004,19,2,3,4,33.7,morning
20261004,19,2,4,2,86.3,morning
20261004,19,2,5,5,27.1,morning
20261004,19,2,6,6,30.1,morning
20261004,19,3,1,2,43.2,morning
20261004,19,3,2,1,63.1,morning
20261004,19,3,3,4,41.5,morning
20261004,19,3,4,3,88.3,morning
20261004,19,3,5,5,50.3,morning
20261004,19,3,6,6,13.6,morning
20261004,19,4,1,2,61.2,morning
20261004,19,4,2,4,33.3,morning
20261004,19,4,3,1,60.9,morning
20261004,19,4,4,3,85.6,morning
20261004,19,4,5,5,42.8,morning
20261004,19,4,6,6,16.2,morning
20261004,19,5,1,1,79.6,morning
20261004,19,5,2,6,55.8,morning
20261004,19,5,3,4,18.6,morning
20261004,19,5,4,3,74.0,morning
20261004,19,5,5,5,34.8,morning
20261004,19,5,6,2,37.2,morning
20261004,19,6,1,2,81.5,morning
20261004,19,6,2,3,86.6,morning
20261004,19,6,3,5,30.3,morning
20261004,19,6,4,1,64.0,morning
20261004,19,6,5,4,24.1,morning
20261004,19,6,6,6,13.5,morning
20261004,19,7,1,1,82.5,morning
20261004,19,7,2,2,61.5,morning
20261004,19,7,3,5,37.5,morning
20261004,19,7,4,3,72.4,morning
20261004,19,7,5,4,22.9,morning
20261004,19,7,6,6,23.2,morning
20261004,19,8,1,1,84.0,morning
20261004,19,8,2,5,50.2,morning
20261004,19,8,3,2,67.8,morning
20261004,19,8,4,4,53.6,morning
20261004,19,8,5,6,27.7,morning
20261004,19,8,6,3,16.7,morning
20261004,19,9,1,1,72.0,morning
20261004,19,9,2,3,44.0,morning
20261004,19,9,3,2,66.0,morning
20261004,19,9,4,6,26.6,morning
20261004,19,9,5,4,39.4,morning
20261004,19,9,6,5,52.0,morning
20261004,19,10,1,1,74.4,morning
20261004,19,10,2,3,58.6,morning
20261004,19,10,3,2,48.6,morning
20261004,19,10,4,5,28.0,morning
20261004,19,10,5,6,38.2,morning
20261004,19,10,6,4,52.2,morning
20261004,19,11,1,1,69.6,morning
20261004,19,11,2,2,45.0,morning
20261004,19,11,3,4,67.2,morning
20261004,19,11,4,3,42.0,morning
20261004,19,11,5,6,23.8,morning
20261004,19,11,6,5,52.4,morning
20261004,19,12,1,1,89.4,morning
20261004,19,12,2,5,53.6,morning
20261004,19,12,3,6,49.3,morning
20261004,19,12,4,4,54.5,morning
20261004,19,12,5,2,25.0,morning
20261004,19,12,6,3,28.2,morning
20261004,22,1,1,1,83.8,morning
20261004,22,1,2,2,38.8,morning
20261004,22,1,3,4,54.2,morning
20261004,22,1,4,3,47.4,morning
20261004,22,1,5,5,51.8,morning
20261004,22,1,6,6,24.0,morning
20261004,22,2,1,4,63.5,morning
20261004,22,2,2,1,86.2,morning
20261004,22,2,3,2,74.2,morning
20261004,22,2,4,5,32.1,morning
20261004,22,2,5,3,40.0,morning
20261004,22,2,6,6,4.0,morning
20261004,22,3,1,4,29.5,morning
20261004,22,3,2,6,56.9,morning
20261004,22,3,3,1,85.0,morning
20261004,22,3,4,2,61.6,morning
20261004,22,3,5,5,44.8,morning
20261004,22,3,6,3,22.2,morning
20261004,22,4,1,2,56.7,morning
20261004,22,4,2,1,66.4,morning
20261004,22,4,3,5,64.7,morning
20261004,22,4,4,4,43.7,morning
20261004,22,4,5,3,51.2,morning
20261004,22,4,6,6,17.3,morning
20261004,22,5,1,1,51.8,morning
20261004,22,5,2,3,61.0,morning
20261004,22,5,3,6,30.2,morning
20261004,22,5,4,2,68.3,morning
20261004,22,5,5,4,60.1,morning
20261004,22,5,6,5,28.6,morning
20261004,22,6,1,6,39.6,morning
20261004,22,6,2,3,16.8,morning
20261004,22,6,3,4,64.3,morning
20261004,22,6,4,5,55.5,morning
20261004,22,6,5,1,79.5,morning
20261004,22,6,6,2,44.3,morning
20261004,22,7,1,1,76.4,morning
20261004,22,7,2,2,73.1,morning
20261004,22,7,3,6,35.9,morning
20261004,22,7,4,5,23.0,morning
20261004,22,7,5,3,39.0,morning
20261004,22,7,6,4,52.6,morning
20261004,22,8,1,1,99.0,morning
20261004,22,8,2,3,52.8,morning
20261004,22,8,3,2,42.0,morning
20261004,22,8,4,6,27.8,morning
20261004,22,8,5,5,27.0,morning
20261004,22,8,6,4,51.4,morning
20261004,22,9,1,2,70.6,morning
20261004,22,9,2,3,52.4,morning
20261004,22,9,3,5,43.2,morning
20261004,22,9,4,1,79.8,morning
20261004,22,9,5,4,19.0,morning
20261004,22,9,6,6,35.0,morning
20261004,22,10,1,1,71.1,morning
20261004,22,10,2,3,52.4,morning
20261004,22,10,3,2,42.4,morning
20261004,22,10,4,4,76.1,morning
20261004,22,10,5,6,13.1,morning
20261004,22,10,6,5,44.9,morning
20261004,22,11,1,1,80.7,morning
20261004,22,11,2,3,59.8,morning
20261004,22,11,3,6,35.5,morning
20261004,22,11,4,5,18.5,morning
20261004,22,11,5,2,67.2,morning
20261004,22,11,6,4,38.3,morning
20261004,22,12,1,1,90.8,morning
20261004,22,12,2,4,77.2,morning
20261004,22,12,3,5,39.6,morning
20261004,22,12,4,2,41.4,morning
20261004,22,12,5,6,7.5,morning
20261004,22,12,6,3,43.5,morning
20261004,23,1,1,1,76.1,morning
20261004,23,1,2,2,42.3,morning
20261004,23,1,3,4,63.9,morning
20261004,23,1,4,6,33.6,morning
20261004,23,1,5,5,51.8,morning
20261004,23,1,6,3,32.3,morning
20261004,23,2,1,2,95.0,morning
20261004,23,2,2,1,58.4,morning
20261004,23,2,3,5,57.2,morning
20261004,23,2,4,6,50.3,morning
20261004,23,2,5,4,18.6,morning
20261004,23,2,6,3,20.5,morning
20261004,23,3,1,1,68.2,morning
20261004,23,3,2,3,62.5,morning
20261004,23,3,3,4,34.3,morning
20261004,23,3,4,2,84.3,morning
20261004,23,3,5,6,23.7,morning
20261004,23,3,6,5,27.0,morning
20261004,23,4,1,1,77.6,morning
20261004,23,4,2,5,19.8,morning
20261004,23,4,3,2,66.2,morning
20261004,23,4,4,6,35.3,morning
20261004,23,4,5,4,21.8,morning
20261004,23,4,6,3,79.3,morning
20261004,23,5,1,1,64.6,morning
20261004,23,5,2,2,53.6,morning
20261004,23,5,3,5,49.7,morning
20261004,23,5,4,3,77.2,morning
20261004,23,5,5,6,13.3,morning
20261004,23,5,6,4,41.6,morning
20261004,23,6,1,5,33.0,morning
20261004,23,6,2,3,69.2,morning
20261004,23,6,3,1,43.2,morning
20261004,23,6,4,6,9.0,morning
20261004,23,6,5,2,63.5,morning
20261004,23,6,6,4,82.1,morning
20261004,23,7,1,1,68.8,morning
20261004,23,7,2,2,48.6,morning
20261004,23,7,3,5,46.8,morning
20261004,23,7,4,4,77.8,morning
20261004,23,7,5,3,58.0,morning
20261004,23,7,6,6,0.0,morning
20261004,23,8,1,4,62.9,morning
20261004,23,8,2,6,60.5,morning
20261004,23,8,3,2,92.3,morning
20261004,23,8,4,1,46.6,morning
20261004,23,8,5,3,25.2,morning
20261004,23,8,6,5,12.5,morning
20261004,23,9,1,1,80.7,morning
20261004,23,9,2,2,70.7,morning
20261004,23,9,3,4,37.6,morning
20261004,23,9,4,6,36.0,morning
20261004,23,9,5,3,50.4,morning
20261004,23,9,6,5,24.6,morning
20261004,23,10,1,1,83.4,morning
20261004,23,10,2,4,71.8,morning
20261004,23,10,3,2,22.1,morning
20261004,23,10,4,3,66.8,morning
20261004,23,10,5,6,28.5,morning
20261004,23,10,6,5,27.4,morning
20261004,23,11,1,1,81.4,morning
20261004,23,11,2,6,71.8,morning
20261004,23,11,3,3,57.7,morning
20261004,23,11,4,4,35.0,morning
20261004,23,11,5,2,9.5,morning
20261004,23,11,6,5,44.6,morning
20261004,23,12,1,1,75.2,morning
20261004,23,12,2,2,80.6,morning
20261004,23,12,3,3,59.5,morning
20261004,23,12,4,4,40.2,morning
20261004,23,12,5,5,31.8,morning
20261004,23,12,6,6,12.7,morning
20261004,02,1,1,1,85.2,live
20261004,02,1,2,3,41.4,live
20261004,02,1,3,4,70.6,live
20261004,02,1,4,5,29.8,live
20261004,02,1,5,2,37.2,live
20261004,02,1,6,6,35.8,live
20261004,02,2,1,2,67.7,live
20261004,02,2,2,4,66.1,live
20261004,02,2,3,3,61.5,live
20261004,02,2,4,5,34.3,live
20261004,02,2,5,1,64.3,live
20261004,02,2,6,6,6.1,live
20261004,02,3,1,5,45.28,live
20261004,02,3,2,6,80.2,live
20261004,02,3,3,4,54.44,live
20261004,02,3,4,1,37.76,live
20261004,02,3,5,2,47.73,live
20261004,02,3,6,3,34.59,live
20261004,02,4,1,6,39.72,live
20261004,02,4,2,1,73.28,live
20261004,02,4,3,5,43.48,live
20261004,02,4,4,3,84.04,live
20261004,02,4,5,4,23.96,live
20261004,02,4,6,2,35.52,live
20261004,02,5,1,2,81.36,live
20261004,02,5,2,5,39.41,live
20261004,02,5,3,4,51.44,live
20261004,02,5,4,1,67.24,live
20261004,02,5,5,3,43.96,live
20261004,02,5,6,6,16.59,live
20261004,02,6,1,2,70.64,live
20261004,02,6,2,1,70.56,live
20261004,02,6,3,5,19.44,live
20261004,02,6,4,4,59.92,live
20261004,02,6,5,3,58.4,live
20261004,02,6,6,6,21.04,live
20261004,02,7,1,2,81.5,live
20261004,02,7,2,6,50.1,live
20261004,02,7,3,5,67.3,live
20261004,02,7,4,3,24.5,live
20261004,02,7,5,4,58.9,live
20261004,02,7,6,1,17.7,live
20261004,02,8,1,1,81.5,live
20261004,02,8,2,4,71.5,live
20261004,02,8,3,2,31.8,live
20261004,02,8,4,5,50.6,live
20261004,02,8,5,3,43.0,live
20261004,02,8,6,6,21.6,live
20261004,02,9,1,4,78.6,live
20261004,02,9,2,1,49.9,live
20261004,02,9,3,3,59.2,live
20261004,02,9,4,5,69.6,live
20261004,02,9,5,6,21.2,live
20261004,02,9,6,2,21.5,live
20261004,02,10,1,1,65.08,live
20261004,02,10,2,2,64.6,live
20261004,02,10,3,6,58.6,live
20261004,02,10,4,5,18.8,live
20261004,02,10,5,3,71.2,live
20261004,02,10,6,4,21.72,live
20261004,02,11,1,2,88.1,live
20261004,02,11,2,5,48.9,live
20261004,02,11,3,1,49.0,live
20261004,02,11,4,3,53.7,live
20261004,02,11,5,4,39.9,live
20261004,02,11,6,6,20.4,live
20261004,02,12,1,1,82.96,live
20261004,02,12,2,2,62.32,live
20261004,02,12,3,5,30.16,live
20261004,02,12,4,4,48.8,live
20261004,02,12,5,3,46.16,live
20261004,02,12,6,6,29.6,live
20261004,05,1,1,1,71.5,live
20261004,05,1,2,4,42.4,live
20261004,05,1,3,5,37.1,live
20261004,05,1,4,3,84.2,live
20261004,05,1,5,2,60.8,live
20261004,05,1,6,6,4.0,live
20261004,05,2,1,3,61.4,live
20261004,05,2,2,4,82.6,live
20261004,05,2,3,6,51.0,live
20261004,05,2,4,1,62.4,live
20261004,05,2,5,2,38.7,live
20261004,05,2,6,5,3.9,live
20261004,05,3,1,2,58.12,live
20261004,05,3,2,5,72.22,live
20261004,05,3,3,4,55.44,live
20261004,05,3,4,1,35.12,live
20261004,05,3,5,3,40.92,live
20261004,05,3,6,6,38.18,live
20261004,05,4,1,1,60.53,live
20261004,05,4,2,6,43.92,live
20261004,05,4,3,2,39.79,live
20261004,05,4,4,3,51.8,live
20261004,05,4,5,5,66.76,live
20261004,05,4,6,4,37.2,live
20261004,05,5,1,1,78.2,live
20261004,05,5,2,5,59.26,live
20261004,05,5,3,3,37.52,live
20261004,05,5,4,2,55.84,live
20261004,05,5,5,6,33.4,live
20261004,05,5,6,4,35.78,live
20261004,05,6,1,3,51.4,live
20261004,05,6,2,2,33.0,live
20261004,05,6,3,1,88.1,live
20261004,05,6,4,5,25.6,live
20261004,05,6,5,6,41.0,live
20261004,05,6,6,4,60.9,live
20261004,05,7,1,1,59.1,live
20261004,05,7,2,3,76.2,live
20261004,05,7,3,5,46.7,live
20261004,05,7,4,4,14.4,live
20261004,05,7,5,2,71.2,live
20261004,05,7,6,6,32.4,live
20261004,05,8,1,2,74.4,live
20261004,05,8,2,4,60.3,live
20261004,05,8,3,1,62.4,live
20261004,05,8,4,6,19.3,live
20261004,05,8,5,3,46.5,live
20261004,05,8,6,5,37.1,live
20261004,05,9,1,3,80.65,live
20261004,05,9,2,6,34.95,live
20261004,05,9,3,2,51.0,live
20261004,05,9,4,4,25.2,live
20261004,05,9,5,1,81.7,live
20261004,05,9,6,5,26.5,live
20261004,05,10,1,1,96.5,live
20261004,05,10,2,4,73.0,live
20261004,05,10,3,5,48.8,live
20261004,05,10,4,6,36.1,live
20261004,05,10,5,3,12.2,live
20261004,05,10,6,2,33.4,live
20261004,05,11,1,1,72.5,live
20261004,05,11,2,2,66.8,live
20261004,05,11,3,3,75.4,live
20261004,05,11,4,6,40.1,live
20261004,05,11,5,5,20.5,live
20261004,05,11,6,4,24.7,live
20261004,05,12,1,1,83.73,live
20261004,05,12,2,4,55.04,live
20261004,05,12,3,3,61.44,live
20261004,05,12,4,2,59.32,live
20261004,05,12,5,5,19.24,live
20261004,05,12,6,6,21.23,live
20261004,06,1,1,4,38.7,live
20261004,06,1,2,1,57.0,live
20261004,06,1,3,3,78.4,live
20261004,06,1,4,6,50.3,live
20261004,06,1,5,2,51.6,live
20261004,06,1,6,5,24.0,live
20261004,06,2,1,2,49.48,live
20261004,06,2,2,1,58.92,live
20261004,06,2,3,3,44.04,live
20261004,06,2,4,5,70.0,live
20261004,06,2,5,4,48.32,live
20261004,06,2,6,6,29.24,live
20261004,06,3,1,4,43.0,live
20261004,06,3,2,2,58.36,live
20261004,06,3,3,6,60.12,live
20261004,06,3,4,1,65.48,live
20261004,06,3,5,5,36.84,live
20261004,06,3,6,3,36.2,live
20261004,06,4,1,1,94.48,live
20261004,06,4,2,6,44.66,live
20261004,06,4,3,4,56.04,live
20261004,06,4,4,3,41.44,live
20261004,06,4,5,2,40.12,live
20261004,06,4,6,5,23.26,live
20261004,06,5,1,1,66.2,live
20261004,06,5,2,5,64.0,live
20261004,06,5,3,2,71.0,live
20261004,06,5,4,3,39.9,live
20261004,06,5,5,6,13.6,live
20261004,06,5,6,4,45.3,live
20261004,06,6,1,3,61.8,live
20261004,06,6,2,1,76.8,live
20261004,06,6,3,2,70.2,live
20261004,06,6,4,6,33.4,live
20261004,06,6,5,5,31.8,live
20261004,06,6,6,4,26.0,live
20261004,06,7,1,1,87.2,live
20261004,06,7,2,5,44.9,live
20261004,06,7,3,4,38.9,live
20261004,06,7,4,2,29.6,live
20261004,06,7,5,3,75.8,live
20261004,06,7,6,6,23.6,live
20261004,06,8,1,1,94.6,live
20261004,06,8,2,5,47.4,live
20261004,06,8,3,3,25.0,live
20261004,06,8,4,2,64.5,live
20261004,06,8,5,6,43.7,live
20261004,06,8,6,4,24.8,live
20261004,06,9,1,6,84.08,live
20261004,06,9,2,3,34.0,live
20261004,06,9,3,5,61.36,live
20261004,06,9,4,1,54.48,live
20261004,06,9,5,4,41.68,live
20261004,06,9,6,2,24.4,live
20261004,06,10,1,6,55.9,live
20261004,06,10,2,1,65.2,live
20261004,06,10,3,2,28.6,live
20261004,06,10,4,3,86.4,live
20261004,06,10,5,4,27.2,live
20261004,06,10,6,5,36.7,live
20261004,06,11,1,1,72.1,live
20261004,06,11,2,3,42.0,live
20261004,06,11,3,5,47.3,live
20261004,06,11,4,2,64.2,live
20261004,06,11,5,4,52.5,live
20261004,06,11,6,6,21.9,live
20261004,06,12,1,3,79.7,live
20261004,06,12,2,1,57.5,live
20261004,06,12,3,5,45.5,live
20261004,06,12,4,2,66.3,live
20261004,06,12,5,4,33.0,live
20261004,06,12,6,6,18.0,live
20261004,07,1,1,1,84.2,live
20261004,07,1,2,2,57.9,live
20261004,07,1,3,3,29.1,live
20261004,07,1,4,6,26.0,live
20261004,07,1,5,4,63.9,live
20261004,07,1,6,5,38.9,live
20261004,07,2,1,6,87.7,live
20261004,07,2,2,5,37.5,live
20261004,07,2,3,4,67.4,live
20261004,07,2,4,1,24.1,live
20261004,07,2,5,2,29.2,live
20261004,07,2,6,3,54.1,live
20261004,07,3,1,2,74.1,live
20261004,07,3,2,6,30.1,live
20261004,07,3,3,3,65.6,live
20261004,07,3,4,4,46.4,live
20261004,07,3,5,5,19.0,live
20261004,07,3,6,1,64.8,live
20261004,07,4,1,3,63.8,live
20261004,07,4,2,4,74.0,live
20261004,07,4,3,2,43.6,live
20261004,07,4,4,6,35.1,live
20261004,07,4,5,5,61.6,live
20261004,07,4,6,1,21.9,live
20261004,07,5,1,1,74.1,live
20261004,07,5,2,3,55.6,live
20261004,07,5,3,2,88.2,live
20261004,07,5,4,6,29.9,live
20261004,07,5,5,4,29.1,live
20261004,07,5,6,5,23.1,live
20261004,07,6,1,1,84.8,live
20261004,07,6,2,3,44.4,live
20261004,07,6,3,5,45.1,live
20261004,07,6,4,4,30.2,live
20261004,07,6,5,6,18.1,live
20261004,07,6,6,2,77.4,live
20261004,07,7,1,1,78.92,live
20261004,07,7,2,3,45.48,live
20261004,07,7,3,2,74.68,live
20261004,07,7,4,4,40.12,live
20261004,07,7,5,6,33.24,live
20261004,07,7,6,5,27.56,live
20261004,07,8,1,1,83.7,live
20261004,07,8,2,4,35.1,live
20261004,07,8,3,2,59.1,live
20261004,07,8,4,5,23.6,live
20261004,07,8,5,3,76.1,live
20261004,07,8,6,6,22.4,live
20261004,07,9,1,1,77.4,live
20261004,07,9,2,2,50.1,live
20261004,07,9,3,3,49.0,live
20261004,07,9,4,4,54.6,live
20261004,07,9,5,5,51.4,live
20261004,07,9,6,6,17.5,live
20261004,07,10,1,1,71.32,live
20261004,07,10,2,3,59.76,live
20261004,07,10,3,5,39.58,live
20261004,07,10,4,2,60.74,live
20261004,07,10,5,4,47.24,live
20261004,07,10,6,6,21.36,live
20261004,07,11,1,1,83.9,live
20261004,07,11,2,5,44.1,live
20261004,07,11,3,4,71.0,live
20261004,07,11,4,3,45.7,live
20261004,07,11,5,2,32.8,live
20261004,07,11,6,6,22.5,live
20261004,07,12,1,1,87.6,live
20261004,07,12,2,2,57.8,live
20261004,07,12,3,3,67.2,live
20261004,07,12,4,5,55.0,live
20261004,07,12,5,4,27.0,live
20261004,07,12,6,6,5.4,live
20261004,09,1,1,1,73.04,live
20261004,09,1,2,2,73.41,live
20261004,09,1,3,3,59.64,live
20261004,09,1,4,4,49.76,live
20261004,09,1,5,5,26.43,live
20261004,09,1,6,6,17.72,live
20261004,09,2,1,1,62.6,live
20261004,09,2,2,2,62.4,live
20261004,09,2,3,5,59.9,live
20261004,09,2,4,3,57.7,live
20261004,09,2,5,4,39.0,live
20261004,09,2,6,6,18.4,live
20261004,09,3,1,3,54.7,live
20261004,09,3,2,2,56.4,live
20261004,09,3,3,5,58.2,live
20261004,09,3,4,1,71.4,live
20261004,09,3,5,6,23.7,live
20261004,09,3,6,4,35.6,live
20261004,09,4,1,3,69.44,live
20261004,09,4,2,4,27.52,live
20261004,09,4,3,5,53.6,live
20261004,09,4,4,1,55.68,live
20261004,09,4,5,2,71.12,live
20261004,09,4,6,6,22.64,live
20261004,09,5,1,1,83.96,live
20261004,09,5,2,2,60.7,live
20261004,09,5,3,4,46.0,live
20261004,09,5,4,3,47.76,live
20261004,09,5,5,5,20.44,live
20261004,09,5,6,6,41.14,live
20261004,09,6,1,6,60.72,live
20261004,09,6,2,1,51.42,live
20261004,09,6,3,5,33.4,live
20261004,09,6,4,2,55.16,live
20261004,09,6,5,3,74.88,live
20261004,09,6,6,4,24.42,live
20261004,09,7,1,6,50.96,live
20261004,09,7,2,1,57.36,live
20261004,09,7,3,5,39.6,live
20261004,09,7,4,4,26.72,live
20261004,09,7,5,2,67.28,live
20261004,09,7,6,3,58.08,live
20261004,09,8,1,1,86.0,live
20261004,09,8,2,4,32.0,live
20261004,09,8,3,5,66.8,live
20261004,09,8,4,3,68.1,live
20261004,09,8,5,2,36.7,live
20261004,09,8,6,6,10.4,live
20261004,09,9,1,1,83.6,live
20261004,09,9,2,2,37.0,live
20261004,09,9,3,3,58.2,live
20261004,09,9,4,4,56.1,live
20261004,09,9,5,6,35.7,live
20261004,09,9,6,5,29.4,live
20261004,09,10,1,6,84.2,live
20261004,09,10,2,1,51.28,live
20261004,09,10,3,2,68.88,live
20261004,09,10,4,5,37.96,live
20261004,09,10,5,3,34.52,live
20261004,09,10,6,4,23.16,live
20261004,09,11,1,1,88.52,live
20261004,09,11,2,4,70.16,live
20261004,09,11,3,6,48.68,live
20261004,09,11,4,2,46.5,live
20261004,09,11,5,3,23.84,live
20261004,09,11,6,5,22.3,live
20261004,09,12,1,1,93.6,live
20261004,09,12,2,6,59.7,live
20261004,09,12,3,5,59.1,live
20261004,09,12,4,2,31.8,live
20261004,09,12,5,4,27.2,live
20261004,09,12,6,3,28.6,live
20261004,10,1,1,1,74.75,live
20261004,10,1,2,2,52.24,live
20261004,10,1,3,4,63.84,live
20261004,10,1,4,3,66.28,live
20261004,10,1,5,6,26.93,live
20261004,10,1,6,5,15.96,live
20261004,10,2,1,1,64.5,live
20261004,10,2,2,2,59.3,live
20261004,10,2,3,4,57.1,live
20261004,10,2,4,3,56.4,live
20261004,10,2,5,5,28.1,live
20261004,10,2,6,6,34.6,live
20261004,10,3,1,1,69.84,live
20261004,10,3,2,4,66.4,live
20261004,10,3,3,2,57.76,live
20261004,10,3,4,5,63.28,live
20261004,10,3,5,6,31.6,live
20261004,10,3,6,3,11.12,live
20261004,10,4,1,3,81.52,live
20261004,10,4,2,2,40.4,live
20261004,10,4,3,6,55.36,live
20261004,10,4,4,1,57.04,live
20261004,10,4,5,5,46.24,live
20261004,10,4,6,4,19.44,live
20261004,10,5,1,1,67.8,live
20261004,10,5,2,2,69.84,live
20261004,10,5,3,3,37.52,live
20261004,10,5,4,4,55.48,live
20261004,10,5,5,5,44.92,live
20261004,10,5,6,6,24.44,live
20261004,10,6,1,2,80.8,live
20261004,10,6,2,6,42.8,live
20261004,10,6,3,5,60.0,live
20261004,10,6,4,1,56.0,live
20261004,10,6,5,3,34.6,live
20261004,10,6,6,4,25.8,live
20261004,10,7,1,1,73.88,live
20261004,10,7,2,5,62.48,live
20261004,10,7,3,4,36.84,live
20261004,10,7,4,2,55.64,live
20261004,10,7,5,3,34.56,live
20261004,10,7,6,6,36.6,live
20261004,10,8,1,1,61.9,live
20261004,10,8,2,3,75.5,live
20261004,10,8,3,6,57.1,live
20261004,10,8,4,2,51.2,live
20261004,10,8,5,4,24.7,live
20261004,10,8,6,5,29.6,live
20261004,10,9,1,1,86.4,live
20261004,10,9,2,6,73.6,live
20261004,10,9,3,4,51.8,live
20261004,10,9,4,5,41.3,live
20261004,10,9,5,2,23.4,live
20261004,10,9,6,3,23.5,live
20261004,10,10,1,1,82.44,live
20261004,10,10,2,3,44.28,live
20261004,10,10,3,5,55.56,live
20261004,10,10,4,6,35.68,live
20261004,10,10,5,2,60.32,live
20261004,10,10,6,4,21.72,live
20261004,10,11,1,1,65.2,live
20261004,10,11,2,3,56.24,live
20261004,10,11,3,2,50.4,live
20261004,10,11,4,6,34.64,live
20261004,10,11,5,4,68.24,live
20261004,10,11,6,5,25.28,live
20261004,10,12,1,1,60.84,live
20261004,10,12,2,3,66.34,live
20261004,10,12,3,2,72.88,live
20261004,10,12,4,5,32.88,live
20261004,10,12,5,6,38.12,live
20261004,10,12,6,4,28.94,live
20261004,11,1,1,1,83.2,live
20261004,11,1,2,2,55.76,live
20261004,11,1,3,3,56.72,live
20261004,11,1,4,6,49.68,live
20261004,11,1,5,4,19.84,live
20261004,11,1,6,5,34.8,live
20261004,11,2,1,1,56.1,live
20261004,11,2,2,2,74.4,live
20261004,11,2,3,3,34.1,live
20261004,11,2,4,4,50.0,live
20261004,11,2,5,6,54.6,live
20261004,11,2,6,5,30.8,live
20261004,11,3,1,5,56.1,live
20261004,11,3,2,1,83.2,live
20261004,11,3,3,2,58.0,live
20261004,11,3,4,4,48.3,live
20261004,11,3,5,3,47.5,live
20261004,11,3,6,6,6.9,live
20261004,11,4,1,2,78.0,live
20261004,11,4,2,4,38.16,live
20261004,11,4,3,5,28.16,live
20261004,11,4,4,1,61.76,live
20261004,11,4,5,3,64.24,live
20261004,11,4,6,6,29.68,live
20261004,11,5,1,1,87.2,live
20261004,11,5,2,2,74.88,live
20261004,11,5,3,5,34.0,live
20261004,11,5,4,3,49.84,live
20261004,11,5,5,4,42.48,live
20261004,11,5,6,6,11.6,live
20261004,11,6,1,1,50.84,live
20261004,11,6,2,2,63.8,live
20261004,11,6,3,3,73.42,live
20261004,11,6,4,4,45.62,live
20261004,11,6,5,5,51.52,live
20261004,11,6,6,6,14.8,live
20261004,11,7,1,1,67.2,live
20261004,11,7,2,4,30.0,live
20261004,11,7,3,2,44.3,live
20261004,11,7,4,3,58.0,live
20261004,11,7,5,5,18.6,live
20261004,11,7,6,6,81.9,live
20261004,11,8,1,2,73.1,live
20261004,11,8,2,1,70.0,live
20261004,11,8,3,3,43.6,live
20261004,11,8,4,4,31.5,live
20261004,11,8,5,5,28.7,live
20261004,11,8,6,6,53.1,live
20261004,11,9,1,2,71.5,live
20261004,11,9,2,3,53.1,live
20261004,11,9,3,6,50.4,live
20261004,11,9,4,5,55.4,live
20261004,11,9,5,4,20.8,live
20261004,11,9,6,1,48.8,live
20261004,11,10,1,1,93.6,live
20261004,11,10,2,6,24.3,live
20261004,11,10,3,2,41.5,live
20261004,11,10,4,3,74.7,live
20261004,11,10,5,5,41.0,live
20261004,11,10,6,4,24.9,live
20261004,11,11,1,1,85.28,live
20261004,11,11,2,5,59.52,live
20261004,11,11,3,2,68.88,live
20261004,11,11,4,3,36.56,live
20261004,11,11,5,4,8.48,live
20261004,11,11,6,6,41.28,live
20261004,11,12,1,2,70.3,live
20261004,11,12,2,1,77.4,live
20261004,11,12,3,4,47.0,live
20261004,11,12,4,5,26.6,live
20261004,11,12,5,3,38.1,live
20261004,11,12,6,6,40.6,live
20261004,12,1,1,2,51.0,live
20261004,12,1,2,1,78.4,live
20261004,12,1,3,6,45.6,live
20261004,12,1,4,4,74.4,live
20261004,12,1,5,5,33.6,live
20261004,12,1,6,3,17.0,live
20261004,12,2,1,4,47.3,live
20261004,12,2,2,6,74.8,live
20261004,12,2,3,1,46.3,live
20261004,12,2,4,2,68.9,live
20261004,12,2,5,3,49.1,live
20261004,12,2,6,5,13.6,live
20261004,12,3,1,1,84.9,live
20261004,12,3,2,4,41.6,live
20261004,12,3,3,5,37.1,live
20261004,12,3,4,2,70.3,live
20261004,12,3,5,3,50.6,live
20261004,12,3,6,6,15.5,live
20261004,12,4,1,1,51.0,live
20261004,12,4,2,5,77.2,live
20261004,12,4,3,2,48.6,live
20261004,12,4,4,3,36.6,live
20261004,12,4,5,4,65.8,live
20261004,12,4,6,6,20.8,live
20261004,12,5,1,3,82.0,live
20261004,12,5,2,2,81.2,live
20261004,12,5,3,5,24.1,live
20261004,12,5,4,1,61.2,live
20261004,12,5,5,6,46.7,live
20261004,12,5,6,4,4.8,live
20261004,12,6,1,1,76.28,live
20261004,12,6,2,4,36.72,live
20261004,12,6,3,3,38.22,live
20261004,12,6,4,6,52.6,live
20261004,12,6,5,2,72.8,live
20261004,12,6,6,5,23.38,live
20261004,12,7,1,1,74.48,live
20261004,12,7,2,3,54.76,live
20261004,12,7,3,5,73.4,live
20261004,12,7,4,6,34.42,live
20261004,12,7,5,2,47.6,live
20261004,12,7,6,4,15.34,live
20261004,12,8,1,1,96.4,live
20261004,12,8,2,2,57.76,live
20261004,12,8,3,4,40.28,live
20261004,12,8,4,3,52.04,live
20261004,12,8,5,6,36.92,live
20261004,12,8,6,5,16.6,live
20261004,12,9,1,1,90.0,live
20261004,12,9,2,3,44.32,live
20261004,12,9,3,2,55.28,live
20261004,12,9,4,5,56.56,live
20261004,12,9,5,4,16.56,live
20261004,12,9,6,6,37.28,live
20261004,12,10,1,4,71.44,live
20261004,12,10,2,2,44.08,live
20261004,12,10,3,6,67.2,live
20261004,12,10,4,5,60.4,live
20261004,12,10,5,1,23.76,live
20261004,12,10,6,3,33.12,live
20261004,12,11,1,1,84.9,live
20261004,12,11,2,2,54.8,live
20261004,12,11,3,3,74.6,live
20261004,12,11,4,5,43.5,live
20261004,12,11,5,4,37.4,live
20261004,12,11,6,6,4.8,live
20261004,12,12,1,1,81.28,live
20261004,12,12,2,3,62.38,live
20261004,12,12,3,4,63.7,live
20261004,12,12,4,6,25.96,live
20261004,12,12,5,2,38.44,live
20261004,12,12,6,5,28.24,live
20261004,13,1,1,5,59.84,live
20261004,13,1,2,3,36.64,live
20261004,13,1,3,1,71.84,live
20261004,13,1,4,2,65.04,live
20261004,13,1,5,4,29.44,live
20261004,13,1,6,6,37.2,live
20261004,13,2,1,4,52.2,live
20261004,13,2,2,5,67.2,live
20261004,13,2,3,1,68.2,live
20261004,13,2,4,6,16.8,live
20261004,13,2,5,2,51.2,live
20261004,13,2,6,3,44.4,live
20261004,13,3,1,3,56.32,live
20261004,13,3,2,4,70.92,live
20261004,13,3,3,6,35.0,live
20261004,13,3,4,1,66.84,live
20261004,13,3,5,2,40.28,live
20261004,13,3,6,5,30.64,live
20261004,13,4,1,1,55.57,live
20261004,13,4,2,5,44.4,live
20261004,13,4,3,3,61.31,live
20261004,13,4,4,6,39.32,live
20261004,13,4,5,2,63.84,live
20261004,13,4,6,4,35.56,live
20261004,13,5,1,4,32.0,live
20261004,13,5,2,6,56.24,live
20261004,13,5,3,5,62.08,live
20261004,13,5,4,1,62.0,live
20261004,13,5,5,3,62.64,live
20261004,13,5,6,2,25.04,live
20261004,13,6,1,1,76.5,live
20261004,13,6,2,4,55.8,live
20261004,13,6,3,6,48.7,live
20261004,13,6,4,2,77.1,live
20261004,13,6,5,3,25.6,live
20261004,13,6,6,5,16.3,live
20261004,13,7,1,2,74.4,live
20261004,13,7,2,1,83.12,live
20261004,13,7,3,3,41.36,live
20261004,13,7,4,4,30.08,live
20261004,13,7,5,6,33.2,live
20261004,13,7,6,5,37.84,live
20261004,13,8,1,1,93.6,live
20261004,13,8,2,2,52.6,live
20261004,13,8,3,6,28.0,live
20261004,13,8,4,3,31.2,live
20261004,13,8,5,5,17.5,live
20261004,13,8,6,4,77.1,live
20261004,13,9,1,5,50.6,live
20261004,13,9,2,3,77.6,live
20261004,13,9,3,1,71.0,live
20261004,13,9,4,2,54.5,live
20261004,13,9,5,6,17.9,live
20261004,13,9,6,4,28.4,live
20261004,13,10,1,3,47.7,live
20261004,13,10,2,4,69.1,live
20261004,13,10,3,5,23.1,live
20261004,13,10,4,6,36.9,live
20261004,13,10,5,1,69.4,live
20261004,13,10,6,2,53.8,live
20261004,13,11,1,1,77.6,live
20261004,13,11,2,4,65.4,live
20261004,13,11,3,5,48.6,live
20261004,13,11,4,3,24.7,live
20261004,13,11,5,2,61.4,live
20261004,13,11,6,6,22.3,live
20261004,13,12,1,1,79.4,live
20261004,13,12,2,2,77.68,live
20261004,13,12,3,3,45.38,live
20261004,13,12,4,4,33.42,live
20261004,13,12,5,6,52.52,live
20261004,13,12,6,5,11.6,live
20261004,18,1,1,1,87.2,live
20261004,18,1,2,4,58.4,live
20261004,18,1,3,2,39.5,live
20261004,18,1,4,5,36.1,live
20261004,18,1,5,6,38.8,live
20261004,18,1,6,3,40.0,live
20261004,18,2,1,1,80.3,live
20261004,18,2,2,5,37.5,live
20261004,18,2,3,4,40.2,live
20261004,18,2,4,2,66.9,live
20261004,18,2,5,6,28.0,live
20261004,18,2,6,3,47.1,live
20261004,18,3,1,3,71.0,live
20261004,18,3,2,4,52.0,live
20261004,18,3,3,5,46.4,live
20261004,18,3,4,1,64.6,live
20261004,18,3,5,6,25.0,live
20261004,18,3,6,2,41.0,live
20261004,18,4,1,4,72.4,live
20261004,18,4,2,1,83.1,live
20261004,18,4,3,5,29.6,live
20261004,18,4,4,2,42.4,live
20261004,18,4,5,3,58.6,live
20261004,18,4,6,6,13.9,live
20261004,18,5,1,1,85.62,live
20261004,18,5,2,6,30.16,live
20261004,18,5,3,2,64.54,live
20261004,18,5,4,3,36.52,live
20261004,18,5,5,5,45.12,live
20261004,18,5,6,4,38.04,live
20261004,18,6,1,2,63.6,live
20261004,18,6,2,5,46.2,live
20261004,18,6,3,1,86.2,live
20261004,18,6,4,6,44.6,live
20261004,18,6,5,3,45.6,live
20261004,18,6,6,4,13.8,live
20261004,18,7,1,1,45.08,live
20261004,18,7,2,3,74.76,live
20261004,18,7,3,2,55.0,live
20261004,18,7,4,5,42.28,live
20261004,18,7,5,6,28.6,live
20261004,18,7,6,4,54.28,live
20261004,18,8,1,3,56.74,live
20261004,18,8,2,5,62.8,live
20261004,18,8,3,6,43.02,live
20261004,18,8,4,1,39.92,live
20261004,18,8,5,2,69.64,live
20261004,18,8,6,4,27.88,live
20261004,18,9,1,1,70.64,live
20261004,18,9,2,2,61.44,live
20261004,18,9,3,4,56.28,live
20261004,18,9,4,3,64.92,live
20261004,18,9,5,5,31.24,live
20261004,18,9,6,6,15.48,live
20261004,18,10,1,1,71.4,live
20261004,18,10,2,3,49.7,live
20261004,18,10,3,2,69.7,live
20261004,18,10,4,6,28.5,live
20261004,18,10,5,5,19.5,live
20261004,18,10,6,4,61.2,live
20261004,18,11,1,1,72.6,live
20261004,18,11,2,3,71.2,live
20261004,18,11,3,2,56.0,live
20261004,18,11,4,5,27.0,live
20261004,18,11,5,6,19.3,live
20261004,18,11,6,4,53.9,live
20261004,18,12,1,6,92.6,live
20261004,18,12,2,1,61.0,live
20261004,18,12,3,2,36.0,live
20261004,18,12,4,3,48.4,live
20261004,18,12,5,4,50.0,live
20261004,18,12,6,5,12.0,live
20261004,19,1,1,2,33.92,live
20261004,19,1,2,4,47.6,live
20261004,19,1,3,5,56.56,live
20261004,19,1,4,1,82.08,live
20261004,19,1,5,6,35.6,live
20261004,19,1,6,3,44.24,live
20261004,19,2,1,1,80.0,live
20261004,19,2,2,3,42.8,live
20261004,19,2,3,4,33.7,live
20261004,19,2,4,2,86.3,live
20261004,19,2,5,5,27.1,live
20261004,19,2,6,6,30.1,live
20261004,19,3,1,2,54.56,live
20261004,19,3,2,1,57.48,live
20261004,19,3,3,4,41.4,live
20261004,19,3,4,3,84.77,live
20261004,19,3,5,5,42.64,live
20261004,19,3,6,6,19.15,live
20261004,19,4,1,2,61.2,live
20261004,19,4,2,4,33.3,live
20261004,19,4,3,1,60.9,live
20261004,19,4,4,3,85.6,live
20261004,19,4,5,5,42.8,live
20261004,19,4,6,6,16.2,live
20261004,19,5,1,1,83.68,live
20261004,19,5,2,6,44.64,live
20261004,19,5,3,4,28.48,live
20261004,19,5,4,3,65.6,live
20261004,19,5,5,5,38.24,live
20261004,19,5,6,2,39.36,live
20261004,19,6,1,2,82.8,live
20261004,19,6,2,3,74.48,live
20261004,19,6,3,5,29.84,live
20261004,19,6,4,1,52.4,live
20261004,19,6,5,4,35.28,live
20261004,19,6,6,6,25.2,live
20261004,19,7,1,1,82.5,live
20261004,19,7,2,2,61.5,live
20261004,19,7,3,5,37.5,live
20261004,19,7,4,3,72.4,live
20261004,19,7,5,4,22.9,live
20261004,19,7,6,6,23.2,live
20261004,19,8,1,1,81.6,live
20261004,19,8,2,5,40.4,live
20261004,19,8,3,2,66.64,live
20261004,19,8,4,4,44.48,live
20261004,19,8,5,6,28.8,live
20261004,19,8,6,3,38.08,live
20261004,19,9,1,1,57.6,live
20261004,19,9,2,3,55.2,live
20261004,19,9,3,2,65.2,live
20261004,19,9,4,6,33.28,live
20261004,19,9,5,4,36.72,live
20261004,19,9,6,5,52.0,live
20261004,19,10,1,1,71.52,live
20261004,19,10,2,3,65.68,live
20261004,19,10,3,2,51.28,live
20261004,19,10,4,5,22.4,live
20261004,19,10,5,6,35.76,live
20261004,19,10,6,4,53.36,live
20261004,19,11,1,1,68.68,live
20261004,19,11,2,2,45.4,live
20261004,19,11,3,4,61.96,live
20261004,19,11,4,3,45.4,live
20261004,19,11,5,6,33.04,live
20261004,19,11,6,5,45.52,live
20261004,19,12,1,1,80.72,live
20261004,19,12,2,5,45.28,live
20261004,19,12,3,6,49.04,live
20261004,19,12,4,4,63.6,live
20261004,19,12,5,2,31.2,live
20261004,19,12,6,3,30.16,live
20261004,22,1,1,1,83.8,live
20261004,22,1,2,2,38.8,live
20261004,22,1,3,4,54.2,live
20261004,22,1,4,3,47.4,live
20261004,22,1,5,5,51.8,live
20261004,22,1,6,6,24.0,live
20261004,22,2,1,4,63.5,live
20261004,22,2,2,1,86.2,live
20261004,22,2,3,2,74.2,live
20261004,22,2,4,5,32.1,live
20261004,22,2,5,3,40.0,live
20261004,22,2,6,6,4.0,live
20261004,22,3,1,4,30.6,live
20261004,22,3,2,6,63.12,live
20261004,22,3,3,1,81.0,live
20261004,22,3,4,2,51.68,live
20261004,22,3,5,5,51.14,live
20261004,22,3,6,3,22.46,live
20261004,22,4,1,2,65.36,live
20261004,22,4,2,1,65.12,live
20261004,22,4,3,5,56.96,live
20261004,22,4,4,4,45.36,live
20261004,22,4,5,3,53.36,live
20261004,22,4,6,6,13.84,live
20261004,22,5,1,1,49.04,live
20261004,22,5,2,3,62.4,live
20261004,22,5,3,6,27.84,live
20261004,22,5,4,2,69.84,live
20261004,22,5,5,4,51.68,live
20261004,22,5,6,5,39.2,live
20261004,22,6,1,6,49.44,live
20261004,22,6,2,3,29.72,live
20261004,22,6,3,4,67.56,live
20261004,22,6,4,5,27.52,live
20261004,22,6,5,1,82.53,live
20261004,22,6,6,2,43.23,live
20261004,22,7,1,1,76.4,live
20261004,22,7,2,2,73.1,live
20261004,22,7,3,6,35.9,live
20261004,22,7,4,5,23.0,live
20261004,22,7,5,3,39.0,live
20261004,22,7,6,4,52.6,live
20261004,22,8,1,1,99.0,live
20261004,22,8,2,3,52.8,live
20261004,22,8,3,2,42.0,live
20261004,22,8,4,6,27.8,live
20261004,22,8,5,5,27.0,live
20261004,22,8,6,4,51.4,live
20261004,22,9,1,2,65.88,live
20261004,22,9,2,3,50.19,live
20261004,22,9,3,5,49.76,live
20261004,22,9,4,1,76.84,live
20261004,22,9,5,4,20.0,live
20261004,22,9,6,6,37.33,live
20261004,22,10,1,1,72.88,live
20261004,22,10,2,3,59.36,live
20261004,22,10,3,2,30.24,live
20261004,22,10,4,4,76.32,live
20261004,22,10,5,6,19.36,live
20261004,22,10,6,5,41.84,live
20261004,22,11,1,1,80.7,live
20261004,22,11,2,3,59.8,live
20261004,22,11,3,6,35.5,live
20261004,22,11,4,5,18.5,live
20261004,22,11,5,2,67.2,live
20261004,22,11,6,4,38.3,live
20261004,22,12,1,1,79.6,live
20261004,22,12,2,4,74.48,live
20261004,22,12,3,5,39.36,live
20261004,22,12,4,2,48.16,live
20261004,22,12,5,6,13.36,live
20261004,22,12,6,3,45.04,live
20261004,23,1,1,1,76.1,live
20261004,23,1,2,2,42.3,live
20261004,23,1,3,4,63.9,live
20261004,23,1,4,6,33.6,live
20261004,23,1,5,5,51.8,live
20261004,23,1,6,3,32.3,live
20261004,23,2,1,2,95.0,live
20261004,23,2,2,1,58.4,live
20261004,23,2,3,5,57.2,live
20261004,23,2,4,6,50.3,live
20261004,23,2,5,4,18.6,live
20261004,23,2,6,3,20.5,live
20261004,23,3,1,1,68.2,live
20261004,23,3,2,3,62.5,live
20261004,23,3,3,4,34.3,live
20261004,23,3,4,2,84.3,live
20261004,23,3,5,6,23.7,live
20261004,23,3,6,5,27.0,live
20261004,23,4,1,1,77.6,live
20261004,23,4,2,5,19.8,live
20261004,23,4,3,2,66.2,live
20261004,23,4,4,6,35.3,live
20261004,23,4,5,4,21.8,live
20261004,23,4,6,3,79.3,live
20261004,23,5,1,1,64.6,live
20261004,23,5,2,2,53.6,live
20261004,23,5,3,5,49.7,live
20261004,23,5,4,3,77.2,live
20261004,23,5,5,6,13.3,live
20261004,23,5,6,4,41.6,live
20261004,23,6,1,5,33.0,live
20261004,23,6,2,3,69.2,live
20261004,23,6,3,1,43.2,live
20261004,23,6,4,6,9.0,live
20261004,23,6,5,2,63.5,live
20261004,23,6,6,4,82.1,live
20261004,23,7,1,1,68.8,live
20261004,23,7,2,2,48.6,live
20261004,23,7,3,5,46.8,live
20261004,23,7,4,4,77.8,live
20261004,23,7,5,3,58.0,live
20261004,23,7,6,6,0.0,live
20261004,23,8,1,4,59.12,live
20261004,23,8,2,6,49.6,live
20261004,23,8,3,2,87.04,live
20261004,23,8,4,1,51.28,live
20261004,23,8,5,3,34.96,live
20261004,23,8,6,5,18.0,live
20261004,23,9,1,1,69.36,live
20261004,23,9,2,2,63.56,live
20261004,23,9,3,4,43.08,live
20261004,23,9,4,6,39.4,live
20261004,23,9,5,3,48.52,live
20261004,23,9,6,5,36.08,live
20261004,23,10,1,1,78.52,live
20261004,23,10,2,4,66.84,live
20261004,23,10,3,2,31.68,live
20261004,23,10,4,3,68.77,live
20261004,23,10,5,6,28.67,live
20261004,23,10,6,5,25.52,live
20261004,23,11,1,1,75.52,live
20261004,23,11,2,6,71.84,live
20261004,23,11,3,3,62.56,live
20261004,23,11,4,4,32.0,live
20261004,23,11,5,2,7.6,live
20261004,23,11,6,5,50.48,live
20261004,23,12,1,1,75.2,live
20261004,23,12,2,2,80.6,live
20261004,23,12,3,3,59.5,live
20261004,23,12,4,4,40.2,live
20261004,23,12,5,5,31.8,live
20261004,23,12,6,6,12.7,live
