date,venue_code,race,top_boat,top_score,gap,top_finish,top_win,top3
20261004,02,1,1,85.2,14.600000000000009,1.0,1,1
20261004,02,2,1,67.7,1.6000000000000085,2.0,0,1
20261004,02,3,2,85.5,27.700000000000003,6.0,0,0
20261004,02,4,4,90.3,19.200000000000003,3.0,0,1
20261004,02,5,1,94.2,23.400000000000006,2.0,0,1
20261004,02,6,1,70.3,4.099999999999994,2.0,0,1
20261004,02,7,1,81.5,14.200000000000003,2.0,0,1
20261004,02,8,1,81.5,10.0,1.0,1,1
20261004,02,9,1,78.6,9.0,4.0,0,0
20261004,02,10,2,70.5,5.0,2.0,0,1
20261004,02,11,1,88.1,34.39999999999999,2.0,0,1
20261004,02,12,1,78.7,9.299999999999997,1.0,1,1
20261004,05,1,4,84.2,12.700000000000003,3.0,0,1
20261004,05,2,2,82.6,20.199999999999996,4.0,0,0
20261004,05,3,2,78.4,16.000000000000007,5.0,0,0
20261004,05,4,5,70.2,9.200000000000003,5.0,0,0
20261004,05,5,1,84.4,19.5,1.0,1,1
20261004,05,6,3,88.1,27.199999999999996,1.0,1,1
20261004,05,7,2,76.2,5.0,3.0,0,1
20261004,05,8,1,74.4,12.000000000000007,2.0,0,1
20261004,05,9,5,81.7,1.0499999999999972,1.0,1,1
20261004,05,10,1,96.5,23.5,1.0,1,1
20261004,05,11,3,75.4,2.9000000000000057,3.0,0,1
20261004,05,12,1,88.5,27.200000000000003,1.0,1,1
20261004,06,1,3,78.4,21.400000000000006,3.0,0,1
20261004,06,2,4,80.0,21.1,5.0,0,0
20261004,06,3,4,67.1,5.199999999999996,1.0,1,1
20261004,06,4,1,93.1,36.3,1.0,1,1
20261004,06,5,3,71.0,4.799999999999997,2.0,0,1
20261004,06,6,2,76.8,6.599999999999994,1.0,1,1
20261004,06,7,1,87.2,11.400000000000006,1.0,1,1
20261004,06,8,1,94.6,30.099999999999994,1.0,1,1
20261004,06,9,1,81.6,15.0,6.0,0,0
20261004,06,10,4,86.4,21.200000000000003,3.0,0,1
20261004,06,11,1,72.1,7.8999999999999915,1.0,1,1
20261004,06,12,1,79.7,13.400000000000006,3.0,0,1
20261004,07,1,1,84.2,20.300000000000004,1.0,1,1
20261004,07,2,1,87.7,20.299999999999997,6.0,0,0
20261004,07,3,1,74.1,8.5,2.0,0,1
20261004,07,4,2,74.0,10.200000000000003,4.0,0,0
20261004,07,5,3,88.2,14.100000000000009,2.0,0,1
20261004,07,6,1,84.8,7.3999999999999915,1.0,1,1
20261004,07,7,1,85.4,6.800000000000011,1.0,1,1
20261004,07,8,1,83.7,7.6000000000000085,1.0,1,1
20261004,07,9,1,77.4,22.800000000000004,1.0,1,1
20261004,07,10,1,74.4,17.200000000000003,1.0,1,1
20261004,07,11,1,83.9,12.900000000000006,1.0,1,1
20261004,07,12,1,87.6,20.39999999999999,1.0,1,1
20261004,09,1,1,83.8,8.200000000000003,1.0,1,1
20261004,09,2,1,62.6,0.20000000000000284,1.0,1,1
20261004,09,3,4,71.4,13.200000000000003,1.0,1,1
20261004,09,4,5,72.4,6.1000000000000085,2.0,0,1
20261004,09,5,1,90.2,20.200000000000003,1.0,1,1
20261004,09,6,1,74.4,2.8000000000000114,6.0,0,0
20261004,09,7,5,82.6,20.39999999999999,2.0,0,1
20261004,09,8,1,86.0,17.900000000000006,1.0,1,1
20261004,09,9,1,83.6,25.39999999999999,1.0,1,1
20261004,09,10,1,89.0,24.900000000000006,6.0,0,0
20261004,09,11,1,94.4,27.200000000000003,1.0,1,1
20261004,09,12,1,93.6,33.89999999999999,1.0,1,1
20261004,10,1,1,84.6,18.0,1.0,1,1
20261004,10,2,1,64.5,5.200000000000003,1.0,1,1
20261004,10,3,1,84.3,18.799999999999997,1.0,1,1
20261004,10,4,1,94.4,32.60000000000001,3.0,0,1
20261004,10,5,1,73.0,4.700000000000003,1.0,1,1
20261004,10,6,1,80.8,20.799999999999997,2.0,0,1
20261004,10,7,2,76.6,0.5,5.0,0,0
20261004,10,8,2,75.5,13.600000000000001,3.0,0,1
20261004,10,9,1,86.4,12.800000000000011,1.0,1,1
20261004,10,10,1,88.3,34.9,1.0,1,1
20261004,10,11,1,75.0,13.200000000000003,1.0,1,1
20261004,10,12,3,70.6,3.299999999999997,2.0,0,1
20261004,11,1,1,79.0,12.799999999999997,1.0,1,1
20261004,11,2,2,74.4,18.300000000000004,2.0,0,1
20261004,11,3,2,83.2,25.200000000000003,1.0,1,1
20261004,11,4,1,78.5,2.700000000000003,2.0,0,1
20261004,11,5,1,84.0,10.400000000000006,1.0,1,1
20261004,11,6,3,82.9,14.900000000000006,3.0,0,1
20261004,11,7,6,81.9,14.700000000000003,6.0,0,0
20261004,11,8,1,73.1,3.0999999999999943,2.0,0,1
20261004,11,9,1,71.5,16.1,2.0,0,1
20261004,11,10,1,93.6,18.89999999999999,1.0,1,1
20261004,11,11,1,88.1,9.5,1.0,1,1
20261004,11,12,2,77.4,7.1000000000000085,1.0,1,1
20261004,12,1,2,78.4,4.0,1.0,1,1
20261004,12,2,2,74.8,5.8999999999999915,6.0,0,0
20261004,12,3,1,84.9,14.600000000000009,1.0,1,1
20261004,12,4,2,77.2,11.400000000000006,5.0,0,0
20261004,12,5,1,82.0,0.7999999999999972,3.0,0,1
20261004,12,6,1,86.6,20.599999999999994,1.0,1,1
20261004,12,7,3,77.0,4.400000000000006,5.0,0,0
20261004,12,8,1,95.5,27.799999999999997,1.0,1,1
20261004,12,9,1,91.0,24.799999999999997,1.0,1,1
20261004,12,10,1,78.3,12.799999999999997,4.0,0,0
20261004,12,11,1,84.9,10.300000000000011,1.0,1,1
20261004,12,12,1,79.6,9.0,1.0,1,1
20261004,13,1,3,76.8,14.0,1.0,1,1
20261004,13,2,3,68.2,1.0,1.0,1,1
20261004,13,3,2,73.9,3.6000000000000085,4.0,0,0
20261004,13,4,3,64.8,4.0,3.0,0,1
20261004,13,5,4,62.5,3.8999999999999986,1.0,1,1
20261004,13,6,4,77.1,0.5999999999999943,2.0,0,1
20261004,13,7,2,94.4,26.400000000000006,1.0,1,1
20261004,13,8,1,93.6,16.5,1.0,1,1
20261004,13,9,2,77.6,6.599999999999994,3.0,0,1
20261004,13,10,5,69.4,0.30000000000001137,1.0,1,1
20261004,13,11,1,77.6,12.199999999999989,1.0,1,1
20261004,13,12,1,83.0,9.400000000000006,1.0,1,1
20261004,18,1,1,87.2,28.800000000000004,1.0,1,1
20261004,18,2,1,80.3,13.399999999999991,1.0,1,1
20261004,18,3,1,71.0,6.400000000000006,3.0,0,1
20261004,18,4,2,83.1,10.699999999999989,1.0,1,1
20261004,18,5,1,86.4,10.100000000000009,1.0,1,1
20261004,18,6,3,86.2,22.6,1.0,1,1
20261004,18,7,2,83.2,27.700000000000003,3.0,0,1
20261004,18,8,5,72.3,1.2999999999999972,2.0,0,1
20261004,18,9,1,80.8,14.399999999999991,1.0,1,1
20261004,18,10,1,71.4,1.7000000000000028,1.0,1,1
20261004,18,11,1,72.6,1.3999999999999915,1.0,1,1
20261004,18,12,1,92.6,31.599999999999994,6.0,0,0
20261004,19,1,4,77.6,21.099999999999994,1.0,1,1
20261004,19,2,4,86.3,6.299999999999997,2.0,0,1
20261004,19,3,4,88.3,25.199999999999996,3.0,0,1
20261004,19,4,4,85.6,24.39999999999999,3.0,0,1
20261004,19,5,1,79.6,5.599999999999994,1.0,1,1
20261004,19,6,2,86.6,5.099999999999994,3.0,0,1
20261004,19,7,1,82.5,10.099999999999994,1.0,1,1
20261004,19,8,1,84.0,16.200000000000003,1.0,1,1
20261004,19,9,1,72.0,6.0,1.0,1,1
20261004,19,10,1,74.4,15.800000000000004,1.0,1,1
20261004,19,11,1,69.6,2.3999999999999915,1.0,1,1
20261004,19,12,1,89.4,34.900000000000006,1.0,1,1
20261004,22,1,1,83.8,29.599999999999994,1.0,1,1
20261004,22,2,2,86.2,12.0,1.0,1,1
20261004,22,3,3,85.0,23.4,1.0,1,1
20261004,22,4,2,66.4,1.7000000000000028,1.0,1,1
20261004,22,5,4,68.3,7.299999999999997,2.0,0,1
20261004,22,6,5,79.5,15.200000000000003,1.0,1,1
20261004,22,7,1,76.4,3.3000000000000114,1.0,1,1
20261004,22,8,1,99.0,46.2,1.0,1,1
20261004,22,9,4,79.8,9.200000000000003,1.0,1,1
20261004,22,10,4,76.1,5.0,4.0,0,0
20261004,22,11,1,80.7,13.5,1.0,1,1
20261004,22,12,1,90.8,13.599999999999994,1.0,1,1
20261004,23,1,1,76.1,12.199999999999996,1.0,1,1
20261004,23,2,1,95.0,36.6,2.0,0,1
20261004,23,3,4,84.3,16.099999999999994,2.0,0,1
20261004,23,4,6,79.3,1.7000000000000028,3.0,0,1
20261004,23,5,4,77.2,12.600000000000009,3.0,0,1
20261004,23,6,6,82.1,12.899999999999991,4.0,0,0
20261004,23,7,4,77.8,9.0,4.0,0,0
20261004,23,8,3,92.3,29.4,2.0,0,1
20261004,23,9,1,80.7,10.0,1.0,1,1
20261004,23,10,1,83.4,11.600000000000009,1.0,1,1
20261004,23,11,1,81.4,9.600000000000009,1.0,1,1
20261004,23,12,2,80.6,5.3999999999999915,2.0,0,1
