date,race_id,strategy,actual,payout,normal_hit,upset_hit,upset4
20260930,202609300201,pure_evidence,2-4-6,24730.0,0,0,1-2-5 / 1-2-4 / 1-4-2 / 1-5-2
20260930,202609300202,pure_evidence,2-5-3,2390.0,0,1,5-2-1 / 5-1-2 / 2-5-3 / 1-2-3
20260930,202609300203,pure_evidence,3-1-4,1200.0,1,0,3-1-2 / 3-4-2 / 3-2-4 / 3-2-1
20260930,202609300204,pure_evidence,5-2-4,2440.0,0,0,1-5-3 / 1-5-4 / 4-1-2 / 4-5-2
20260930,202609300205,pure_evidence,1-2-3,4250.0,0,0,1-5-2 / 3-5-4 / 3-4-5 / 3-1-4
20260930,202609300206,pure_evidence,1-2-5,810.0,1,0,1-3-2 / 1-2-4 / 2-3-1 / 1-4-3
20260930,202609300207,pure_evidence,1-5-4,4330.0,0,0,1-2-5 / 2-1-3 / 1-5-2 / 1-2-6
20260930,202609300208,pure_evidence,3-1-2,6100.0,0,0,4-1-5 / 1-2-5 / 1-5-2 / 4-5-1
20260930,202609300209,pure_evidence,1-2-4,710.0,1,0,1-4-6 / 1-6-5 / 4-1-2 / 1-5-4
20260930,202609300210,pure_evidence,1-3-5,1010.0,1,0,3-1-5 / 1-3-4 / 5-1-3 / 5-1-2
20260930,202609300211,pure_evidence,1-2-4,1090.0,1,0,3-1-4 / 1-6-4 / 1-4-6 / 3-4-1
20260930,202609300212,pure_evidence,6-5-4,11350.0,0,0,1-4-2 / 1-2-6 / 1-3-2 / 2-1-4
20260930,202609300301,pure_evidence,4-1-5,13800.0,0,0,1-2-4 / 1-5-4 / 1-3-4 / 1-4-5
20260930,202609300302,pure_evidence,1-5-4,12590.0,0,0,2-1-4 / 1-6-2 / 1-4-3 / 2-4-1
20260930,202609300303,pure_evidence,3-2-1,4830.0,1,0,3-1-5 / 1-3-4 / 1-4-2 / 1-4-3
20260930,202609300304,pure_evidence,1-4-2,2340.0,1,0,4-1-3 / 4-3-1 / 4-1-2 / 1-3-2
20260930,202609300305,pure_evidence,3-1-4,4800.0,0,0,5-1-2 / 1-5-4 / 1-4-5 / 5-3-2
20260930,202609300306,pure_evidence,1-2-3,730.0,1,0,1-2-4 / 3-1-5 / 3-5-1 / 1-5-4
20260930,202609300307,pure_evidence,1-5-3,14780.0,0,0,3-1-4 / 3-6-4 / 3-4-6 / 1-6-2
20260930,202609300308,pure_evidence,2-4-1,2390.0,1,0,1-2-4 / 1-4-2 / 2-1-5 / 1-3-4
20260930,202609300309,pure_evidence,1-2-5,3290.0,0,1,3-1-2 / 3-2-1 / 1-2-5 / 1-4-2
20260930,202609300310,pure_evidence,2-6-3,17030.0,0,0,2-1-4 / 2-4-1 / 1-2-3 / 4-2-1
20260930,202609300311,pure_evidence,1-5-4,5970.0,0,1,3-2-1 / 1-4-5 / 1-6-2 / 1-5-4
20260930,202609300312,pure_evidence,1-2-3,1530.0,1,0,1-3-2 / 4-2-1 / 1-4-3 / 1-5-3
20260930,202609300401,pure_evidence,1-4-3,8230.0,0,0,5-2-3 / 5-1-4 / 5-6-1 / 5-4-6
20260930,202609300402,pure_evidence,3-4-5,9930.0,0,0,1-2-3 / 1-3-2 / 5-4-1 / 5-4-2
20260930,202609300403,pure_evidence,5-3-2,8720.0,0,0,3-1-2 / 1-3-5 / 3-2-1 / 4-3-1
20260930,202609300404,pure_evidence,4-6-5,310.0,0,0,2-1-3 / 2-3-1 / 2-6-3 / 2-3-6
20260930,202609300405,pure_evidence,5-2-4,55410.0,0,0,1-2-4 / 2-1-5 / 1-3-4 / 1-2-6
20260930,202609300406,pure_evidence,2-1-3,900.0,1,0,2-1-5 / 2-3-1 / 1-5-2 / 2-4-3
20260930,202609300407,pure_evidence,2-4-1,3960.0,0,0,1-3-2 / 2-3-1 / 2-3-5 / 2-5-3
20260930,202609300408,pure_evidence,1-4-3,870.0,1,0,4-1-5 / 4-1-2 / 1-3-5 / 4-5-1
20260930,202609300409,pure_evidence,2-6-4,6010.0,0,0,4-2-1 / 4-1-2 / 2-4-3 / 2-3-4
20260930,202609300410,pure_evidence,1-3-2,700.0,1,0,2-1-4 / 2-4-1 / 1-3-5 / 1-5-3
20260930,202609300411,pure_evidence,3-2-4,26870.0,0,0,3-5-2 / 3-5-4 / 3-4-5 / 3-1-4
20260930,202609300412,pure_evidence,1-2-6,2730.0,0,0,3-1-2 / 3-2-1 / 1-4-5 / 3-2-4
20260930,202609300501,pure_evidence,3-6-1,4920.0,0,0,1-3-2 / 4-1-3 / 1-6-3 / 4-1-6
20260930,202609300502,pure_evidence,2-3-5,1460.0,1,0,1-2-3 / 2-5-6 / 2-1-6 / 1-3-2
20260930,202609300503,pure_evidence,2-4-1,4410.0,1,0,1-4-6 / 1-5-2 / 1-6-2 / 1-6-4
20260930,202609300504,pure_evidence,4-6-5,3200.0,0,0,3-2-4 / 3-4-2 / 2-3-4 / 2-4-1
20260930,202609300505,pure_evidence,3-4-1,5710.0,0,0,3-6-2 / 3-1-6 / 5-3-2 / 1-3-2
20260930,202609300506,pure_evidence,3-4-6,3600.0,0,0,2-3-5 / 4-3-6 / 2-6-4 / 2-4-5
20260930,202609300507,pure_evidence,1-4-2,880.0,1,0,1-4-5 / 1-3-5 / 3-1-4 / 3-4-1
20260930,202609300508,pure_evidence,3-2-5,8940.0,0,0,2-1-3 / 2-6-1 / 2-3-1 / 1-4-2
20260930,202609300509,pure_evidence,3-1-4,2930.0,0,0,3-2-1 / 1-2-5 / 1-5-2 / 3-5-1
20260930,202609300510,pure_evidence,1-4-2,1410.0,0,0,1-2-3 / 1-3-2 / 1-4-5 / 1-5-4
20260930,202609300511,pure_evidence,2-1-6,4800.0,0,0,1-3-4 / 2-1-3 / 1-5-2 / 2-3-5
20260930,202609300512,pure_evidence,1-3-2,1030.0,1,0,1-4-3 / 2-1-3 / 1-4-2 / 3-4-1
20260930,202609300601,pure_evidence,1-4-3,2850.0,0,0,6-1-2 / 6-3-5 / 6-2-1 / 3-6-1
20260930,202609300602,pure_evidence,3-1-6,8250.0,0,0,2-1-6 / 1-6-2 / 2-6-1 / 2-1-5
20260930,202609300603,pure_evidence,1-2-6,910.0,1,0,2-6-1 / 1-2-4 / 1-6-3 / 2-3-6
20260930,202609300604,pure_evidence,1-4-5,3350.0,0,0,4-1-2 / 4-1-3 / 4-3-1 / 4-2-1
20260930,202609300605,pure_evidence,2-1-6,2960.0,0,0,2-3-5 / 2-5-3 / 2-1-5 / 2-5-1
20260930,202609300606,pure_evidence,6-1-4,2990.0,0,0,3-4-1 / 3-6-4 / 3-4-6 / 3-4-2
20260930,202609300607,pure_evidence,1-2-3,1250.0,0,1,1-2-3 / 1-5-2 / 1-3-2 / 1-5-4
20260930,202609300608,pure_evidence,1-2-3,7070.0,0,0,1-3-5 / 1-3-2 / 2-1-3 / 2-1-5
20260930,202609300609,pure_evidence,1-6-4,1570.0,0,1,1-6-4 / 1-2-5 / 1-3-4 / 1-5-6
20260930,202609300610,pure_evidence,4-6-5,19670.0,0,0,6-2-1 / 2-1-3 / 2-3-1 / 6-1-2
20260930,202609300611,pure_evidence,2-1-4,9740.0,0,0,3-1-2 / 3-2-1 / 1-3-4 / 1-2-4
20260930,202609300612,pure_evidence,1-4-3,2370.0,1,0,1-3-5 / 1-2-5 / 2-1-4 / 1-5-3
20260930,202609300701,pure_evidence,4-5-6,3370.0,0,0,1-5-3 / 1-5-6 / 1-3-4 / 1-3-5
20260930,202609300702,pure_evidence,1-2-3,810.0,1,0,1-2-4 / 1-5-3 / 3-1-5 / 1-4-2
20260930,202609300703,pure_evidence,1-5-6,4460.0,0,0,3-1-4 / 1-3-5 / 1-2-4 / 3-1-2
20260930,202609300704,pure_evidence,1-6-5,8000.0,0,0,1-6-3 / 1-4-3 / 2-3-1 / 2-3-6
20260930,202609300705,pure_evidence,1-5-2,5990.0,0,0,1-4-3 / 3-1-2 / 6-3-2 / 3-2-1
20260930,202609300706,pure_evidence,1-5-4,4120.0,0,0,6-2-1 / 1-2-6 / 6-1-2 / 1-4-5
20260930,202609300707,pure_evidence,1-3-2,760.0,1,0,1-3-6 / 1-2-4 / 1-3-5 / 4-2-1
20260930,202609300708,pure_evidence,3-1-5,1850.0,0,1,3-6-1 / 3-4-6 / 3-6-2 / 3-1-5
20260930,202609300709,pure_evidence,3-6-4,42480.0,0,0,1-6-3 / 1-2-4 / 2-6-1 / 1-4-2
20260930,202609300710,pure_evidence,1-4-6,1210.0,1,0,1-5-6 / 1-5-2 / 4-1-6 / 4-1-2
20260930,202609300711,pure_evidence,2-3-5,20300.0,0,0,1-3-6 / 1-5-6 / 2-1-5 / 1-2-4
20260930,202609300712,pure_evidence,1-5-2,1620.0,0,0,1-2-5 / 1-2-3 / 1-3-5 / 1-5-3
20260930,202609300901,pure_evidence,1-4-5,1090.0,0,1,1-5-2 / 1-3-5 / 1-4-5 / 1-3-6
20260930,202609300902,pure_evidence,1-4-2,1330.0,0,0,1-4-3 / 1-4-5 / 5-1-3 / 1-3-6
20260930,202609300903,pure_evidence,1-6-2,1350.0,1,0,1-2-3 / 1-2-5 / 1-4-2 / 1-5-6
20260930,202609300904,pure_evidence,6-2-3,2340.0,0,0,1-3-4 / 1-6-2 / 3-2-4 / 1-6-3
20260930,202609300905,pure_evidence,2-1-4,16790.0,0,0,1-3-5 / 1-2-5 / 3-1-4 / 1-5-3
20260930,202609300906,pure_evidence,4-5-1,1470.0,0,0,4-1-2 / 2-1-5 / 2-4-3 / 4-2-1
20260930,202609300907,pure_evidence,1-2-5,3740.0,0,0,2-1-4 / 2-4-1 / 3-1-5 / 2-4-5
20260930,202609300908,pure_evidence,3-1-6,1790.0,0,1,3-1-2 / 1-2-3 / 3-1-5 / 3-1-6
20260930,202609300909,pure_evidence,3-1-2,5370.0,0,0,2-1-5 / 3-1-5 / 2-5-1 / 3-5-1
20260930,202609300910,pure_evidence,1-4-2,1390.0,0,1,1-4-2 / 1-2-4 / 4-3-1 / 1-5-3
20260930,202609300911,pure_evidence,1-4-3,1420.0,1,0,3-4-1 / 4-3-1 / 3-1-2 / 4-1-3
20260930,202609300912,pure_evidence,1-2-4,430.0,1,0,1-2-5 / 1-5-2 / 1-6-2 / 1-5-4
20260930,202609301401,pure_evidence,1-3-2,560.0,1,0,2-1-4 / 1-2-6 / 2-4-1 / 1-3-6
20260930,202609301402,pure_evidence,1-2-3,560.0,1,0,1-4-3 / 1-3-4 / 1-2-5 / 2-1-5
20260930,202609301403,pure_evidence,2-4-3,4910.0,0,0,1-5-2 / 1-2-3 / 5-1-4 / 1-2-5
20260930,202609301404,pure_evidence,2-4-6,5970.0,0,0,2-6-1 / 2-4-1 / 1-6-4 / 1-4-2
20260930,202609301405,pure_evidence,2-3-5,1100.0,0,0,3-4-2 / 3-1-5 / 3-5-4 / 5-3-1
20260930,202609301406,pure_evidence,4-5-2,1770.0,0,0,2-4-1 / 1-2-3 / 1-5-4 / 1-3-2
20260930,202609301407,pure_evidence,4-1-3,13290.0,0,0,1-2-6 / 1-3-5 / 2-3-1 / 1-6-3
20260930,202609301408,pure_evidence,3-5-2,14120.0,0,0,4-5-1 / 4-2-1 / 4-1-3 / 1-5-2
20260930,202609301409,pure_evidence,5-2-1,44380.0,0,0,4-3-2 / 4-2-3 / 1-3-2 / 1-2-3
20260930,202609301410,pure_evidence,2-1-3,3940.0,0,1,2-1-4 / 2-4-1 / 2-5-1 / 2-1-3
20260930,202609301411,pure_evidence,1-5-2,4210.0,0,0,4-2-1 / 4-1-3 / 1-3-2 / 1-4-5
20260930,202609301412,pure_evidence,1-2-3,540.0,1,0,1-2-5 / 2-1-4 / 1-3-5 / 1-5-2
20260930,202609301501,pure_evidence,3-2-5,2150.0,0,0,2-1-5 / 2-5-1 / 1-2-4 / 2-1-3
20260930,202609301502,pure_evidence,1-4-5,2360.0,1,0,1-5-2 / 1-4-2 / 1-2-5 / 4-1-3
20260930,202609301503,pure_evidence,1-3-2,2340.0,0,1,1-3-2 / 1-3-5 / 1-2-3 / 3-1-4
20260930,202609301504,pure_evidence,1-4-3,3710.0,0,1,3-2-1 / 3-1-2 / 1-4-3 / 3-6-1
20260930,202609301505,pure_evidence,1-5-2,590.0,1,0,1-6-5 / 5-1-3 / 1-2-6 / 1-5-4
20260930,202609301506,pure_evidence,1-6-4,2910.0,0,0,1-3-4 / 1-5-6 / 1-6-5 / 1-6-2
20260930,202609301507,pure_evidence,1-2-6,1310.0,1,0,1-3-6 / 3-1-4 / 1-6-3 / 1-3-2
20260930,202609301508,pure_evidence,1-2-5,1900.0,0,0,3-1-4 / 1-5-4 / 1-5-3 / 3-4-1
20260930,202609301509,pure_evidence,1-2-3,480.0,1,0,1-5-2 / 1-6-2 / 2-1-5 / 2-1-4
20260930,202609301510,pure_evidence,2-3-4,2150.0,0,0,1-3-5 / 2-1-5 / 1-5-2 / 1-6-2
20260930,202609301511,pure_evidence,1-2-3,590.0,1,0,3-1-2 / 1-3-4 / 3-2-1 / 1-4-3
20260930,202609301512,pure_evidence,1-2-5,710.0,1,0,1-5-4 / 2-1-4 / 1-3-5 / 1-5-3
20260930,202609301601,pure_evidence,1-2-6,1730.0,0,1,1-3-4 / 1-2-6 / 1-5-2 / 1-2-5
20260930,202609301602,pure_evidence,5-1-4,15430.0,0,0,2-3-4 / 1-2-6 / 2-4-1 / 1-4-6
20260930,202609301603,pure_evidence,1-4-3,1440.0,1,0,1-5-6 / 1-5-3 / 1-6-3 / 1-3-6
20260930,202609301604,pure_evidence,1-2-6,1230.0,0,1,1-2-6 / 1-3-5 / 1-3-4 / 1-5-3
20260930,202609301605,pure_evidence,5-6-2,41920.0,0,0,1-3-2 / 1-6-3 / 3-1-6 / 1-5-3
20260930,202609301606,pure_evidence,1-2-3,790.0,1,0,3-4-2 / 1-2-6 / 1-4-3 / 3-1-4
20260930,202609301607,pure_evidence,1-6-5,4020.0,0,0,1-4-2 / 1-2-5 / 1-6-3 / 1-3-4
20260930,202609301608,pure_evidence,1-2-6,1770.0,0,1,1-2-6 / 1-6-2 / 4-1-2 / 1-3-6
20260930,202609301609,pure_evidence,5-4-3,6400.0,0,0,4-3-5 / 1-4-2 / 4-5-3 / 4-1-3
20260930,202609301610,pure_evidence,3-1-4,6250.0,0,0,5-4-1 / 1-5-6 / 2-1-4 / 5-1-2
20260930,202609301611,pure_evidence,1-2-4,1190.0,1,0,1-4-6 / 1-3-4 / 1-6-2 / 2-1-3
20260930,202609301612,pure_evidence,1-2-3,890.0,1,0,3-4-1 / 3-2-4 / 1-4-2 / 3-4-2
20260930,202609302301,pure_evidence,1-6-3,11970.0,0,0,1-4-5 / 1-5-4 / 1-2-6 / 4-1-5
20260930,202609302302,pure_evidence,3-1-4,1360.0,0,0,1-3-2 / 1-6-5 / 3-6-1 / 1-3-4
20260930,202609302303,pure_evidence,1-4-3,950.0,0,1,1-5-2 / 1-4-3 / 1-5-4 / 4-2-5
20260930,202609302304,pure_evidence,1-4-2,7410.0,0,1,1-4-2 / 2-6-1 / 1-3-6 / 2-1-4
20260930,202609302305,pure_evidence,5-2-6,13290.0,0,0,2-3-1 / 2-5-1 / 1-3-4 / 2-3-5
20260930,202609302306,pure_evidence,3-2-4,9070.0,0,0,1-2-6 / 1-4-5 / 2-5-1 / 1-5-4
20260930,202609302307,pure_evidence,3-1-5,560.0,0,1,3-1-5 / 1-3-6 / 3-1-4 / 1-2-5
20260930,202609302308,pure_evidence,4-1-2,1340.0,1,0,4-3-2 / 4-2-5 / 4-5-2 / 4-2-3
20260930,202609302309,pure_evidence,1-4-5,5820.0,0,0,1-3-2 / 1-5-2 / 2-1-4 / 2-4-1
20260930,202609302310,pure_evidence,2-4-5,6090.0,0,0,1-3-5 / 1-2-5 / 5-1-3 / 1-2-3
20260930,202609302311,pure_evidence,1-2-3,650.0,1,0,1-3-5 / 1-4-2 / 1-5-3 / 1-4-3
20260930,202609302312,pure_evidence,3-4-6,37620.0,0,0,1-5-4 / 1-2-6 / 5-2-1 / 1-3-5
20260930,202609302401,pure_evidence,1-2-4,2080.0,1,0,1-6-2 / 1-5-3 / 3-1-2 / 1-3-4
20260930,202609302402,pure_evidence,1-2-6,2980.0,0,0,3-5-2 / 3-5-1 / 3-1-6 / 3-2-6
20260930,202609302403,pure_evidence,1-2-3,380.0,1,0,2-1-3 / 1-6-2 / 2-1-5 / 1-3-5
20260930,202609302404,pure_evidence,1-2-4,1680.0,1,0,2-1-5 / 1-2-5 / 1-4-3 / 2-4-3
20260930,202609302405,pure_evidence,1-3-2,850.0,1,0,1-3-4 / 1-6-2 / 1-2-4 / 1-4-2
20260930,202609302406,pure_evidence,2-1-4,8420.0,0,1,2-3-1 / 2-1-4 / 2-4-1 / 1-4-6
20260930,202609302407,pure_evidence,3-1-5,6900.0,0,0,1-3-5 / 1-4-5 / 5-1-3 / 5-1-4
20260930,202609302408,pure_evidence,1-5-3,4170.0,1,0,3-1-2 / 1-2-6 / 3-5-2 / 1-5-6
20260930,202609302409,pure_evidence,3-4-5,4800.0,0,0,3-1-2 / 4-3-1 / 3-1-4 / 3-4-1
20260930,202609302410,pure_evidence,1-4-5,2430.0,0,0,2-1-6 / 2-5-1 / 1-6-5 / 1-2-4
20260930,202609302411,pure_evidence,2-1-3,1630.0,0,0,1-2-6 / 1-3-5 / 1-6-2 / 1-5-3
20260930,202609302412,pure_evidence,1-2-6,7540.0,0,0,2-3-1 / 2-1-5 / 2-3-4 / 2-4-3
20261001,202610010301,pure_evidence,1-2-3,850.0,0,0,1-2-4 / 1-2-5 / 1-4-3 / 5-1-4
20261001,202610010302,pure_evidence,6-2-3,8140.0,0,0,2-6-1 / 2-4-1 / 2-6-4 / 2-4-6
20261001,202610010303,pure_evidence,1-4-3,1000.0,1,0,1-4-6 / 4-1-3 / 1-5-3 / 4-5-1
20261001,202610010304,pure_evidence,5-1-6,2290.0,0,0,1-3-6 / 1-3-4 / 1-4-3 / 3-5-6
20261001,202610010305,pure_evidence,1-3-5,640.0,1,0,1-2-5 / 5-1-2 / 5-3-2 / 5-2-1
20261001,202610010306,pure_evidence,1-4-3,3980.0,1,0,1-4-5 / 1-5-4 / 1-5-3 / 2-4-1
20261001,202610010307,pure_evidence,3-6-2,2600.0,0,1,3-2-1 / 3-6-1 / 3-2-6 / 3-6-2
20261001,202610010308,pure_evidence,4-6-5,2520.0,0,0,1-3-5 / 3-1-2 / 3-1-4 / 3-2-1
20261001,202610010309,pure_evidence,2-1-6,33120.0,0,0,1-5-2 / 1-4-3 / 1-3-6 / 2-3-5
20261001,202610010310,pure_evidence,1-2-6,1640.0,1,0,4-1-6 / 1-6-2 / 4-2-3 / 4-1-3
20261001,202610010311,pure_evidence,1-2-3,620.0,1,0,1-3-4 / 1-3-6 / 1-2-4 / 1-4-3
20261001,202610010312,pure_evidence,5-2-1,9940.0,0,0,4-1-3 / 1-5-3 / 4-1-2 / 4-3-1
20261001,202610010401,pure_evidence,1-4-3,2080.0,0,1,4-3-2 / 1-4-3 / 4-2-3 / 4-5-3
20261001,202610010402,pure_evidence,2-4-1,6410.0,1,0,2-1-6 / 2-4-3 / 2-3-4 / 1-2-3
20261001,202610010403,pure_evidence,4-3-5,15020.0,0,0,1-2-4 / 1-2-3 / 1-6-5 / 1-3-2
20261001,202610010404,pure_evidence,2-5-6,2500.0,0,0,1-2-3 / 1-6-5 / 1-3-2 / 2-6-1
20261001,202610010405,pure_evidence,1-2-5,660.0,1,0,1-5-3 / 1-4-2 / 3-1-5 / 2-1-5
20261001,202610010406,pure_evidence,1-2-3,3410.0,1,0,1-4-3 / 1-2-5 / 3-1-4 / 5-3-1
20261001,202610010407,pure_evidence,3-1-5,6890.0,0,0,2-4-3 / 2-3-4 / 2-1-5 / 1-2-5
20261001,202610010408,pure_evidence,1-4-2,970.0,1,0,1-3-2 / 1-2-3 / 1-4-6 / 1-4-5
20261001,202610010409,pure_evidence,1-3-5,2820.0,0,1,1-5-4 / 1-2-3 / 1-4-6 / 1-3-5
20261001,202610010410,pure_evidence,1-3-4,4090.0,0,0,3-2-1 / 2-1-4 / 2-3-5 / 3-1-2
20261001,202610010411,pure_evidence,3-4-2,9350.0,0,1,3-1-2 / 3-4-2 / 3-2-4 / 3-2-1
20261001,202610010412,pure_evidence,1-3-5,2850.0,0,0,1-3-4 / 1-6-3 / 1-6-4 / 2-1-6
20261001,202610010601,pure_evidence,1-5-4,8570.0,0,0,4-1-2 / 1-3-6 / 1-2-4 / 4-2-1
20261001,202610010602,pure_evidence,1-3-5,780.0,1,0,3-5-4 / 3-4-5 / 1-5-4 / 1-4-5
20261001,202610010603,pure_evidence,3-1-6,3720.0,0,0,3-4-6 / 4-3-2 / 4-3-5 / 3-1-2
20261001,202610010604,pure_evidence,1-2-6,1470.0,1,0,1-3-4 / 2-4-1 / 1-4-6 / 1-6-2
20261001,202610010605,pure_evidence,2-3-5,7800.0,0,0,3-4-5 / 3-1-4 / 3-5-1 / 3-4-1
20261001,202610010606,pure_evidence,2-4-5,4880.0,0,0,4-2-1 / 4-5-1 / 2-1-5 / 2-5-1
20261001,202610010607,pure_evidence,1-3-5,920.0,1,0,1-5-2 / 1-2-6 / 3-1-5 / 1-3-4
20261001,202610010608,pure_evidence,2-4-1,7650.0,0,1,2-4-1 / 1-5-4 / 4-1-3 / 4-3-1
20261001,202610010609,pure_evidence,5-6-1,8400.0,0,0,2-5-1 / 1-3-2 / 1-6-5 / 2-5-6
20261001,202610010610,pure_evidence,1-3-4,1990.0,0,1,5-3-1 / 1-3-4 / 1-5-6 / 5-1-2
20261001,202610010611,pure_evidence,1-4-3,950.0,1,0,1-2-4 / 1-4-2 / 1-6-4 / 1-5-4
20261001,202610010612,pure_evidence,3-1-5,9670.0,0,1,3-2-1 / 3-1-4 / 1-2-5 / 3-1-5
20261001,202610010701,pure_evidence,6-2-4,10630.0,0,0,3-2-6 / 3-2-1 / 3-1-6 / 3-6-2
20261001,202610010702,pure_evidence,1-2-5,2250.0,0,1,1-2-4 / 1-2-5 / 1-5-2 / 2-5-1
20261001,202610010703,pure_evidence,6-1-2,3320.0,0,0,2-4-6 / 2-6-4 / 1-4-6 / 1-6-4
20261001,202610010704,pure_evidence,4-5-3,5790.0,0,1,4-3-5 / 4-3-2 / 4-5-3 / 4-1-5
20261001,202610010705,pure_evidence,4-6-1,41240.0,0,0,3-4-1 / 1-3-5 / 3-1-2 / 1-5-3
20261001,202610010706,pure_evidence,6-2-3,5310.0,0,1,1-2-6 / 6-2-3 / 1-6-5 / 1-2-3
20261001,202610010707,pure_evidence,1-3-6,1430.0,1,0,3-1-4 / 3-4-1 / 1-6-3 / 1-3-5
20261001,202610010708,pure_evidence,1-2-6,8800.0,0,0,1-2-3 / 2-1-4 / 1-3-2 / 4-1-2
20261001,202610010709,pure_evidence,1-2-4,650.0,1,0,2-6-1 / 2-1-3 / 1-3-2 / 2-3-1
20261001,202610010710,pure_evidence,1-2-5,1080.0,1,0,1-5-4 / 2-5-1 / 1-2-3 / 2-1-4
20261001,202610010711,pure_evidence,3-1-4,3660.0,0,0,1-4-6 / 4-1-3 / 4-2-1 / 1-4-5
20261001,202610010712,pure_evidence,1-3-5,1080.0,1,0,1-5-3 / 1-4-3 / 1-2-5 / 1-2-4
20261001,202610010901,pure_evidence,1-2-5,700.0,0,0,1-3-6 / 1-4-6 / 1-2-4 / 1-2-3
20261001,202610010902,pure_evidence,5-1-6,5470.0,0,0,1-3-6 / 4-1-2 / 4-1-5 / 1-4-2
20261001,202610010903,pure_evidence,6-1-2,28720.0,0,0,1-3-6 / 3-1-4 / 1-4-2 / 2-4-1
20261001,202610010904,pure_evidence,1-2-3,1870.0,1,0,3-1-5 / 1-3-5 / 3-2-6 / 1-6-2
20261001,202610010905,pure_evidence,1-2-5,800.0,1,0,2-1-3 / 1-3-4 / 2-3-1 / 2-1-5
20261001,202610010906,pure_evidence,1-6-2,1200.0,1,0,1-2-4 / 1-2-5 / 2-1-3 / 1-6-3
20261001,202610010907,pure_evidence,2-1-6,25900.0,0,0,5-2-4 / 5-1-3 / 1-2-4 / 5-4-2
20261001,202610010908,pure_evidence,1-4-2,770.0,1,0,4-2-1 / 4-1-2 / 1-3-2 / 1-4-5
20261001,202610010909,pure_evidence,1-2-5,360.0,1,0,2-6-1 / 1-2-3 / 5-1-2 / 5-2-1
20261001,202610010910,pure_evidence,1-6-3,14060.0,0,0,1-3-5 / 1-5-3 / 1-3-4 / 2-1-3
20261001,202610010911,pure_evidence,3-5-1,1540.0,0,0,4-3-1 / 1-4-2 / 1-2-4 / 1-4-5
20261001,202610010912,pure_evidence,2-4-5,27090.0,0,0,1-6-4 / 2-6-1 / 1-2-3 / 1-2-5
20261001,202610011201,pure_evidence,1-3-4,860.0,1,0,2-1-3 / 1-2-6 / 2-3-1 / 3-1-4
20261001,202610011202,pure_evidence,3-2-1,2020.0,0,0,2-3-4 / 2-4-1 / 1-4-2 / 2-4-3
20261001,202610011203,pure_evidence,2-1-3,1200.0,1,0,2-1-5 / 2-3-1 / 1-3-4 / 1-5-2
20261001,202610011204,pure_evidence,1-3-6,1000.0,1,0,1-5-3 / 1-2-5 / 3-1-2 / 1-5-2
20261001,202610011205,pure_evidence,2-1-3,1050.0,1,0,1-3-2 / 1-2-4 / 1-5-3 / 1-3-5
20261001,202610011206,pure_evidence,1-3-4,2930.0,1,0,1-2-3 / 1-4-6 / 4-3-1 / 2-4-1
20261001,202610011207,pure_evidence,1-3-6,2580.0,0,1,2-1-3 / 1-3-6 / 1-5-2 / 1-6-5
20261001,202610011208,pure_evidence,1-3-5,600.0,1,0,1-4-3 / 1-5-4 / 3-1-4 / 1-6-3
20261001,202610011209,pure_evidence,1-4-5,950.0,1,0,1-5-4 / 1-6-5 / 3-1-4 / 1-6-2
20261001,202610011210,pure_evidence,1-2-3,500.0,1,0,2-3-1 / 2-5-1 / 1-2-4 / 2-3-5
20261001,202610011211,pure_evidence,1-4-3,740.0,1,0,6-4-1 / 6-3-4 / 1-6-3 / 6-4-3
20261001,202610011212,pure_evidence,1-3-2,760.0,1,0,1-3-5 / 4-1-3 / 1-5-2 / 1-5-4
20261001,202610011301,pure_evidence,3-2-5,1010.0,0,0,2-5-1 / 2-1-5 / 1-5-2 / 2-1-3
20261001,202610011302,pure_evidence,1-2-3,2070.0,0,0,2-1-6 / 1-4-5 / 2-1-3 / 1-4-2
20261001,202610011303,pure_evidence,3-5-1,6130.0,0,0,2-1-3 / 2-3-1 / 1-2-6 / 2-1-6
20261001,202610011304,pure_evidence,2-4-1,1070.0,1,0,2-3-1 / 1-2-6 / 2-3-4 / 1-3-4
20261001,202610011305,pure_evidence,2-5-1,1830.0,0,0,2-3-1 / 2-1-6 / 1-3-4 / 1-4-3
20261001,202610011306,pure_evidence,1-2-5,790.0,1,0,1-5-2 / 4-5-1 / 4-2-5 / 2-1-4
20261001,202610011307,pure_evidence,2-3-1,2770.0,1,0,4-1-3 / 4-1-2 / 4-3-1 / 2-1-6
20261001,202610011308,pure_evidence,4-2-3,7240.0,0,0,1-5-2 / 1-2-3 / 1-4-6 / 4-1-2
20261001,202610011309,pure_evidence,4-1-5,3310.0,0,0,1-3-5 / 4-3-1 / 4-1-6 / 1-5-4
20261001,202610011310,pure_evidence,1-2-4,1090.0,0,0,2-1-4 / 2-6-1 / 1-2-5 / 2-5-3
20261001,202610011311,pure_evidence,1-4-3,1080.0,1,0,3-1-6 / 3-6-1 / 3-1-4 / 1-2-4
20261001,202610011312,pure_evidence,1-4-5,1590.0,1,0,1-6-3 / 3-5-4 / 3-1-5 / 3-4-1
20261001,202610011401,pure_evidence,1-2-4,970.0,1,0,2-4-1 / 1-4-5 / 2-3-1 / 1-3-5
20261001,202610011402,pure_evidence,3-1-4,4480.0,0,0,3-2-1 / 3-1-5 / 3-5-1 / 1-3-4
20261001,202610011403,pure_evidence,6-4-1,2270.0,0,0,1-4-5 / 1-2-4 / 1-6-5 / 4-1-6
20261001,202610011404,pure_evidence,2-4-6,3520.0,0,0,5-1-4 / 5-1-2 / 1-2-6 / 5-2-1
20261001,202610011405,pure_evidence,2-4-3,22870.0,0,0,1-2-6 / 3-1-4 / 3-4-1 / 3-2-4
20261001,202610011406,pure_evidence,1-3-2,910.0,0,1,1-3-2 / 5-1-4 / 1-2-3 / 5-3-4
20261001,202610011407,pure_evidence,3-4-5,3500.0,0,0,3-2-1 / 3-1-2 / 2-4-1 / 2-3-1
20261001,202610011408,pure_evidence,1-4-2,1780.0,1,0,3-2-1 / 1-4-3 / 3-1-5 / 1-2-5
20261001,202610011409,pure_evidence,2-1-3,4470.0,0,0,1-2-3 / 3-6-1 / 3-1-5 / 3-2-4
20261001,202610011410,pure_evidence,1-2-6,850.0,1,0,1-3-6 / 1-3-4 / 1-6-3 / 1-4-3
20261001,202610011411,pure_evidence,6-1-2,30420.0,0,0,2-3-1 / 1-2-4 / 1-3-5 / 2-1-6
20261001,202610011412,pure_evidence,3-5-2,34370.0,0,0,1-5-4 / 1-5-2 / 1-3-5 / 1-5-3
20261001,202610011501,pure_evidence,1-2-4,560.0,1,0,3-2-1 / 1-5-2 / 3-1-4 / 3-2-4
20261001,202610011502,pure_evidence,2-3-4,10730.0,1,0,1-4-5 / 4-1-3 / 1-3-5 / 2-4-3
20261001,202610011503,pure_evidence,2-1-5,2170.0,1,0,5-2-3 / 3-1-2 / 5-3-2 / 3-5-2
20261001,202610011504,pure_evidence,1-3-6,800.0,1,0,6-3-1 / 1-4-3 / 1-6-5 / 1-4-6
20261001,202610011505,pure_evidence,1-3-6,1160.0,1,0,3-1-2 / 3-1-6 / 3-2-1 / 1-6-5
20261001,202610011506,pure_evidence,1-6-4,2770.0,0,1,1-6-4 / 1-3-4 / 1-2-3 / 1-2-6
20261001,202610011507,pure_evidence,6-4-5,7240.0,0,0,1-2-5 / 1-5-4 / 1-5-6 / 2-1-4
20261001,202610011508,pure_evidence,1-4-3,1130.0,1,0,3-1-4 / 3-4-1 / 1-5-3 / 1-4-2
20261001,202610011509,pure_evidence,1-2-3,390.0,1,0,1-5-3 / 1-2-4 / 1-3-6 / 1-4-2
20261001,202610011510,pure_evidence,1-2-5,860.0,0,1,1-2-5 / 2-3-1 / 2-1-4 / 1-3-6
20261001,202610011511,pure_evidence,1-3-5,930.0,1,0,1-6-5 / 1-4-5 / 1-4-6 / 1-5-6
20261001,202610011512,pure_evidence,5-3-4,71470.0,0,0,1-3-6 / 1-6-5 / 1-4-3 / 1-4-5
20261001,202610011601,pure_evidence,1-3-2,2070.0,1,0,1-5-3 / 2-5-1 / 1-2-4 / 1-4-2
20261001,202610011602,pure_evidence,2-4-6,8740.0,0,0,2-6-1 / 2-1-3 / 1-2-5 / 2-4-1
20261001,202610011603,pure_evidence,1-4-6,3570.0,0,0,1-3-2 / 1-5-4 / 1-6-3 / 1-2-5
20261001,202610011604,pure_evidence,3-1-5,3570.0,0,0,5-1-2 / 5-1-4 / 1-5-4 / 1-4-3
20261001,202610011605,pure_evidence,1-4-6,5580.0,0,0,1-6-3 / 4-1-2 / 1-3-4 / 4-1-3
20261001,202610011606,pure_evidence,4-1-5,1850.0,0,0,2-3-4 / 2-4-3 / 1-3-2 / 1-4-2
20261001,202610011607,pure_evidence,2-3-4,8270.0,0,1,2-3-1 / 2-4-3 / 2-4-1 / 2-3-4
20261001,202610011608,pure_evidence,5-4-2,28560.0,0,0,1-6-4 / 5-1-4 / 1-4-6 / 5-1-6
20261001,202610011609,pure_evidence,1-3-2,1350.0,0,0,1-2-4 / 1-6-5 / 2-6-1 / 2-1-4
20261001,202610011610,pure_evidence,3-2-6,132420.0,0,0,2-3-1 / 1-3-4 / 1-4-3 / 1-4-2
20261001,202610011611,pure_evidence,3-4-2,31850.0,0,0,1-3-4 / 1-2-6 / 1-3-5 / 3-1-4
20261001,202610011612,pure_evidence,3-5-6,5290.0,0,0,4-2-3 / 4-3-2 / 4-2-5 / 4-5-2
20261001,202610011901,pure_evidence,1-3-5,3270.0,0,0,1-5-6 / 1-4-6 / 1-6-5 / 4-1-2
20261001,202610011902,pure_evidence,3-4-5,4500.0,0,0,3-2-5 / 3-5-2 / 4-2-1 / 4-3-1
20261001,202610011903,pure_evidence,2-1-4,2810.0,0,0,4-1-2 / 4-2-1 / 4-1-3 / 4-2-3
20261001,202610011904,pure_evidence,2-3-5,700.0,0,1,2-3-5 / 2-5-1 / 2-5-3 / 2-1-4
20261001,202610011905,pure_evidence,1-2-4,600.0,1,0,1-4-5 / 1-2-3 / 1-3-2 / 1-5-6
20261001,202610011906,pure_evidence,1-2-5,1680.0,1,0,1-4-2 / 1-3-4 / 2-3-1 / 1-4-3
20261001,202610011907,pure_evidence,3-5-1,1490.0,1,0,3-5-2 / 3-2-5 / 3-2-1 / 3-1-2
20261001,202610011908,pure_evidence,1-3-4,810.0,0,0,3-1-5 / 3-5-1 / 1-2-6 / 1-5-4
20261001,202610011909,pure_evidence,1-3-4,870.0,1,0,4-1-3 / 1-2-3 / 2-4-1 / 1-4-5
20261001,202610011910,pure_evidence,1-5-2,1310.0,0,0,1-6-4 / 1-3-4 / 1-2-6 / 1-2-5
20261001,202610011911,pure_evidence,5-1-6,36870.0,0,0,5-2-1 / 1-4-2 / 1-5-4 / 1-3-4
20261001,202610011912,pure_evidence,1-2-4,1180.0,0,1,1-2-4 / 3-1-2 / 3-2-1 / 1-5-3
20261001,202610012201,pure_evidence,1-4-2,2320.0,0,0,1-3-6 / 3-1-2 / 3-1-5 / 1-2-4
20261001,202610012202,pure_evidence,1-2-4,1030.0,0,0,2-1-5 / 2-1-3 / 2-5-1 / 2-3-1
20261001,202610012203,pure_evidence,1-5-3,7210.0,1,0,1-3-4 / 1-5-2 / 1-2-5 / 3-1-4
20261001,202610012204,pure_evidence,1-3-2,1290.0,1,0,4-2-1 / 4-2-3 / 4-1-3 / 1-2-3
20261001,202610012205,pure_evidence,5-4-1,61800.0,0,0,1-5-6 / 1-5-2 / 2-1-6 / 3-1-6
20261001,202610012206,pure_evidence,1-3-2,2120.0,1,0,3-1-5 / 1-2-3 / 3-2-4 / 3-4-2
20261001,202610012207,pure_evidence,1-4-3,3660.0,0,0,1-2-5 / 1-3-4 / 1-5-2 / 3-2-5
20261001,202610012208,pure_evidence,3-4-5,15640.0,0,0,6-1-3 / 6-4-1 / 6-3-1 / 1-2-4
20261001,202610012209,pure_evidence,1-2-3,470.0,0,1,1-2-3 / 1-3-2 / 1-2-5 / 1-2-6
20261001,202610012210,pure_evidence,4-1-2,5050.0,1,0,4-2-1 / 1-4-5 / 5-1-2 / 1-4-6
20261001,202610012211,pure_evidence,2-1-3,3610.0,0,1,2-4-1 / 2-4-3 / 1-5-3 / 2-1-3
20261001,202610012212,pure_evidence,1-3-2,1020.0,1,0,1-5-2 / 1-3-5 / 1-2-6 / 1-4-3
20261001,202610012301,pure_evidence,1-4-3,1140.0,1,0,1-3-5 / 1-2-3 / 1-5-4 / 4-1-2
20261001,202610012302,pure_evidence,3-1-5,2160.0,1,0,1-3-6 / 3-5-1 / 1-4-5 / 1-2-3
20261001,202610012303,pure_evidence,1-3-5,3160.0,1,0,1-4-2 / 1-5-3 / 3-1-5 / 3-1-2
20261001,202610012304,pure_evidence,1-3-2,1180.0,1,0,6-1-2 / 6-2-3 / 1-2-6 / 1-3-4
20261001,202610012305,pure_evidence,1-6-2,780.0,0,1,3-1-6 / 1-2-5 / 1-6-2 / 3-1-5
20261001,202610012306,pure_evidence,5-2-4,5410.0,0,0,5-1-3 / 3-1-2 / 5-3-1 / 1-5-4
20261001,202610012307,pure_evidence,2-3-4,700.0,0,0,4-1-5 / 2-1-5 / 4-5-1 / 4-3-5
20261001,202610012308,pure_evidence,3-4-1,9130.0,0,0,4-3-1 / 1-2-3 / 1-3-2 / 1-5-4
20261001,202610012309,pure_evidence,3-1-6,8450.0,1,0,3-5-1 / 3-1-4 / 3-4-2 / 3-4-1
20261001,202610012310,pure_evidence,5-1-4,41510.0,0,0,6-2-1 / 6-1-2 / 6-1-3 / 6-3-1
20261001,202610012311,pure_evidence,2-1-4,4110.0,0,0,1-3-2 / 1-6-5 / 1-6-3 / 1-4-6
20261001,202610012312,pure_evidence,1-3-4,1190.0,1,0,1-4-2 / 3-1-4 / 1-4-5 / 1-5-2
20261001,202610012401,pure_evidence,6-2-5,205630.0,0,0,1-4-2 / 1-4-6 / 1-4-5 / 1-5-4
20261001,202610012402,pure_evidence,1-3-4,2100.0,1,0,4-1-3 / 4-3-1 / 4-2-1 / 1-3-6
20261001,202610012403,pure_evidence,1-3-2,1150.0,1,0,1-2-4 / 1-4-2 / 2-1-6 / 3-1-2
20261001,202610012404,pure_evidence,2-3-5,1580.0,0,0,3-1-4 / 3-5-2 / 3-4-1 / 3-5-1
20261001,202610012405,pure_evidence,2-3-4,5840.0,0,0,2-1-6 / 2-3-1 / 2-1-5 / 1-3-5
20261001,202610012406,pure_evidence,1-2-3,740.0,1,0,1-2-6 / 2-5-1 / 1-5-3 / 2-1-6
20261001,202610012407,pure_evidence,1-3-2,370.0,1,0,3-1-2 / 1-5-3 / 1-4-3 / 3-2-1
20261001,202610012408,pure_evidence,5-3-4,66070.0,0,0,1-4-5 / 1-4-3 / 1-5-2 / 4-1-5
20261001,202610012409,pure_evidence,1-2-3,580.0,1,0,2-3-1 / 2-1-4 / 2-4-1 / 1-6-2
20261001,202610012410,pure_evidence,6-5-3,76510.0,0,0,4-1-6 / 4-2-1 / 1-3-4 / 4-6-1
20261001,202610012411,pure_evidence,1-2-5,1930.0,1,0,1-4-5 / 1-5-2 / 1-5-3 / 2-1-3
20261001,202610012412,pure_evidence,3-1-4,3940.0,0,1,1-3-5 / 1-2-5 / 3-1-4 / 3-2-4
20261002,202610020401,pure_evidence,4-1-3,19990.0,0,0,1-2-5 / 3-1-6 / 3-6-1 / 1-5-2
20261002,202610020402,pure_evidence,1-3-4,2540.0,0,1,1-2-6 / 4-1-2 / 1-3-4 / 1-6-3
20261002,202610020403,pure_evidence,4-5-2,6970.0,0,0,6-1-3 / 6-1-5 / 3-1-5 / 3-1-6
20261002,202610020404,pure_evidence,1-3-2,2870.0,1,0,1-3-4 / 1-5-4 / 1-4-5 / 1-4-3
20261002,202610020405,pure_evidence,3-2-6,12300.0,0,0,1-2-5 / 1-5-2 / 4-2-5 / 4-1-3
20261002,202610020406,pure_evidence,2-1-6,5700.0,0,0,3-2-4 / 2-1-3 / 1-2-6 / 2-3-1
20261002,202610020407,pure_evidence,1-2-5,12700.0,0,0,3-6-1 / 4-3-1 / 4-1-6 / 4-3-6
20261002,202610020408,pure_evidence,1-4-2,1550.0,1,0,4-1-2 / 4-1-3 / 1-4-6 / 4-2-1
20261002,202610020409,pure_evidence,1-4-2,3780.0,0,0,3-1-4 / 3-4-1 / 3-1-2 / 3-2-1
20261002,202610020410,pure_evidence,4-5-3,13730.0,0,0,2-1-4 / 1-3-5 / 1-2-6 / 1-4-2
20261002,202610020411,pure_evidence,1-3-2,610.0,1,0,1-3-5 / 2-1-5 / 2-5-1 / 2-3-1
20261002,202610020412,pure_evidence,1-5-6,5820.0,0,0,1-2-5 / 3-1-4 / 1-4-5 / 1-2-6
20261002,202610020601,pure_evidence,2-5-6,1290.0,0,0,4-1-5 / 4-5-3 / 4-3-5 / 5-3-2
20261002,202610020602,pure_evidence,1-4-2,7550.0,0,0,3-1-4 / 3-1-6 / 3-4-1 / 3-5-2
20261002,202610020603,pure_evidence,3-4-5,2480.0,0,0,3-4-1 / 1-4-2 / 1-3-5 / 1-5-3
20261002,202610020604,pure_evidence,1-6-3,5030.0,0,0,2-1-3 / 2-1-5 / 1-4-3 / 1-4-5
20261002,202610020605,pure_evidence,1-3-4,3390.0,0,0,2-1-4 / 2-3-4 / 3-2-6 / 2-4-1
20261002,202610020606,pure_evidence,1-3-5,4120.0,0,0,2-4-1 / 1-6-2 / 2-1-6 / 2-5-1
20261002,202610020607,pure_evidence,1-5-6,550.0,1,0,1-4-6 / 5-1-4 / 1-6-4 / 1-2-4
20261002,202610020608,pure_evidence,4-1-5,1500.0,0,0,1-5-2 / 1-5-4 / 1-2-6 / 1-4-6
20261002,202610020609,pure_evidence,1-4-5,1780.0,0,0,3-2-1 / 3-2-4 / 1-2-5 / 3-1-4
20261002,202610020610,pure_evidence,1-2-5,2070.0,0,0,1-4-2 / 2-4-1 / 1-3-6 / 1-2-6
20261002,202610020611,pure_evidence,4-2-5,11680.0,0,0,4-1-5 / 1-4-3 / 1-5-2 / 1-3-2
20261002,202610020612,pure_evidence,1-3-2,880.0,0,1,1-3-2 / 1-4-3 / 2-1-4 / 1-6-2
20261002,202610020701,pure_evidence,1-5-2,3270.0,0,1,4-5-1 / 4-1-3 / 1-2-5 / 1-5-2
20261002,202610020702,pure_evidence,3-1-4,7670.0,0,0,2-3-5 / 1-3-6 / 1-2-4 / 2-3-1
20261002,202610020703,pure_evidence,3-2-5,10450.0,0,0,5-1-2 / 1-5-3 / 1-4-5 / 1-3-5
20261002,202610020704,pure_evidence,1-4-2,2340.0,1,0,1-4-5 / 2-1-5 / 1-4-3 / 2-1-3
20261002,202610020705,pure_evidence,4-1-3,82730.0,0,0,2-3-5 / 1-3-5 / 2-5-3 / 1-5-3
20261002,202610020706,pure_evidence,2-6-5,6300.0,0,0,4-3-1 / 4-6-1 / 4-3-6 / 4-2-1
20261002,202610020707,pure_evidence,4-5-2,57550.0,0,0,1-4-5 / 1-4-6 / 1-5-4 / 1-5-3
20261002,202610020708,pure_evidence,1-5-2,32730.0,0,0,1-5-3 / 3-1-2 / 3-1-6 / 1-2-3
20261002,202610020709,pure_evidence,1-5-3,1820.0,0,0,4-5-1 / 5-1-2 / 4-5-2 / 4-2-1
20261002,202610020710,pure_evidence,1-5-3,3240.0,0,0,1-2-3 / 1-3-4 / 1-5-2 / 1-5-4
20261002,202610020711,pure_evidence,1-5-2,3990.0,0,0,1-3-4 / 1-4-3 / 1-4-2 / 1-2-4
20261002,202610020712,pure_evidence,1-2-3,2360.0,1,0,3-1-5 / 1-5-4 / 1-6-3 / 1-2-5
20261002,202610020901,pure_evidence,1-4-3,1030.0,1,0,3-1-2 / 3-4-1 / 1-4-2 / 1-6-3
20261002,202610020902,pure_evidence,1-2-3,1360.0,1,0,1-4-2 / 2-3-4 / 2-4-1 / 1-3-5
20261002,202610020903,pure_evidence,3-5-2,7200.0,0,0,3-4-1 / 3-1-4 / 3-6-5 / 3-2-5
20261002,202610020904,pure_evidence,3-5-6,2260.0,0,0,1-6-3 / 1-6-2 / 3-1-5 / 1-2-6
20261002,202610020905,pure_evidence,1-3-2,620.0,1,0,1-5-3 / 2-1-5 / 1-2-4 / 2-1-4
20261002,202610020906,pure_evidence,1-2-3,2450.0,1,0,2-1-4 / 2-1-5 / 2-3-4 / 2-3-5
20261002,202610020907,pure_evidence,2-1-3,8420.0,0,0,3-1-5 / 1-4-6 / 3-4-1 / 1-6-4
20261002,202610020908,pure_evidence,5-1-4,2460.0,0,0,1-5-3 / 3-1-5 / 1-4-3 / 2-1-5
20261002,202610020909,pure_evidence,1-4-2,2170.0,0,0,4-1-6 / 4-2-1 / 4-5-1 / 1-3-5
20261002,202610020910,pure_evidence,5-2-1,2630.0,0,0,2-1-6 / 2-5-4 / 2-4-1 / 5-1-2
20261002,202610020911,pure_evidence,1-2-4,900.0,1,0,1-3-5 / 1-3-6 / 3-1-2 / 1-4-5
20261002,202610020912,pure_evidence,1-3-5,3910.0,0,0,1-5-2 / 1-2-5 / 1-4-5 / 4-1-3
20261002,202610021201,pure_evidence,5-4-1,72590.0,0,0,6-4-2 / 6-4-1 / 6-3-4 / 6-4-3
20261002,202610021202,pure_evidence,5-2-3,16570.0,0,0,1-2-6 / 1-2-5 / 1-5-2 / 4-3-1
20261002,202610021203,pure_evidence,4-5-3,10520.0,0,0,4-1-3 / 4-1-2 / 4-3-1 / 4-2-1
20261002,202610021204,pure_evidence,1-2-4,930.0,1,0,2-4-5 / 2-1-3 / 2-4-3 / 4-1-2
20261002,202610021205,pure_evidence,1-4-6,11910.0,0,0,1-6-5 / 1-3-2 / 1-4-5 / 1-5-3
20261002,202610021206,pure_evidence,1-2-4,410.0,1,0,1-2-3 / 5-1-4 / 5-2-4 / 1-4-5
20261002,202610021207,pure_evidence,1-2-5,3260.0,0,0,2-1-4 / 2-4-1 / 1-3-4 / 1-4-3
20261002,202610021208,pure_evidence,1-5-3,2140.0,1,0,3-1-4 / 3-2-5 / 1-2-5 / 1-3-4
20261002,202610021209,pure_evidence,1-3-2,590.0,1,0,2-1-4 / 1-3-6 / 2-4-1 / 1-2-6
20261002,202610021210,pure_evidence,1-3-5,1120.0,1,0,1-5-6 / 5-1-3 / 1-2-6 / 1-5-4
20261002,202610021211,pure_evidence,1-4-5,760.0,1,0,1-3-5 / 3-1-4 / 1-4-6 / 1-3-2
20261002,202610021212,pure_evidence,1-4-2,1420.0,1,0,1-3-2 / 1-2-4 / 1-4-3 / 4-1-5
20261002,202610021301,pure_evidence,3-2-4,2180.0,1,0,1-3-2 / 1-2-3 / 1-3-4 / 3-4-5
20261002,202610021302,pure_evidence,3-1-4,1660.0,0,0,1-4-3 / 1-3-2 / 4-1-2 / 1-3-4
20261002,202610021303,pure_evidence,2-1-6,4020.0,0,0,3-1-2 / 3-2-1 / 1-6-3 / 1-2-6
20261002,202610021304,pure_evidence,5-1-4,13980.0,0,0,1-3-4 / 1-4-5 / 1-3-5 / 4-1-2
20261002,202610021305,pure_evidence,4-5-6,15090.0,0,0,4-3-1 / 1-3-4 / 4-2-3 / 4-3-2
20261002,202610021306,pure_evidence,1-4-2,670.0,1,0,1-5-4 / 1-2-3 / 3-1-2 / 1-5-2
20261002,202610021307,pure_evidence,3-2-6,1440.0,0,0,1-2-3 / 4-5-3 / 1-4-3 / 4-5-2
20261002,202610021308,pure_evidence,3-1-6,820.0,1,0,3-4-1 / 3-6-1 / 3-1-2 / 6-1-3
20261002,202610021309,pure_evidence,1-3-6,540.0,1,0,1-3-2 / 1-6-4 / 1-5-4 / 1-4-2
20261002,202610021310,pure_evidence,1-3-6,4750.0,1,0,1-2-6 / 3-1-4 / 1-3-5 / 3-1-2
20261002,202610021311,pure_evidence,1-3-4,340.0,1,0,1-4-5 / 3-4-1 / 1-2-4 / 1-4-2
20261002,202610021312,pure_evidence,2-3-1,17430.0,0,0,1-2-5 / 1-4-6 / 4-2-1 / 1-5-4
20261002,202610021401,pure_evidence,1-3-2,790.0,1,0,1-2-6 / 2-4-1 / 2-3-4 / 1-4-3
20261002,202610021402,pure_evidence,1-5-2,1960.0,1,0,1-2-3 / 5-2-1 / 1-3-4 / 5-1-4
20261002,202610021403,pure_evidence,1-2-3,890.0,1,0,1-3-6 / 2-1-4 / 1-6-3 / 1-4-6
20261002,202610021404,pure_evidence,2-4-3,12780.0,0,0,1-2-5 / 1-4-5 / 1-5-2 / 2-1-4
20261002,202610021405,pure_evidence,4-5-1,26750.0,0,0,3-4-1 / 3-1-2 / 3-2-4 / 3-2-1
20261002,202610021406,pure_evidence,1-2-3,1860.0,1,0,1-3-4 / 1-4-3 / 1-5-4 / 1-4-5
20261002,202610021407,pure_evidence,2-1-5,22100.0,0,0,2-3-1 / 3-1-2 / 3-2-1 / 1-3-4
20261002,202610021408,pure_evidence,2-3-1,5040.0,1,0,2-3-5 / 2-3-6 / 2-1-5 / 1-3-2
20261002,202610021409,pure_evidence,3-1-5,15850.0,0,0,1-4-2 / 4-1-5 / 4-1-6 / 1-3-5
20261002,202610021410,pure_evidence,4-3-1,8160.0,0,0,2-1-3 / 1-4-5 / 1-2-5 / 2-3-1
20261002,202610021411,pure_evidence,1-4-5,3770.0,0,1,1-4-5 / 1-3-2 / 4-1-5 / 1-4-6
20261002,202610021412,pure_evidence,2-3-1,4340.0,0,0,1-4-5 / 1-5-6 / 1-5-3 / 1-5-4
20261002,202610021501,pure_evidence,6-1-3,11800.0,0,0,2-1-4 / 2-6-1 / 3-4-1 / 2-4-1
20261002,202610021502,pure_evidence,2-1-3,7320.0,1,0,1-3-2 / 1-3-5 / 2-4-1 / 2-1-5
20261002,202610021503,pure_evidence,1-4-3,2360.0,1,0,4-2-1 / 4-3-1 / 4-2-3 / 4-3-2
20261002,202610021504,pure_evidence,5-3-1,4480.0,0,0,3-1-5 / 1-3-4 / 1-4-3 / 1-2-4
20261002,202610021505,pure_evidence,2-4-3,6130.0,0,0,4-1-2 / 4-2-1 / 4-1-3 / 1-3-5
20261002,202610021506,pure_evidence,1-2-5,640.0,1,0,1-3-4 / 1-5-4 / 1-4-3 / 1-5-6
20261002,202610021507,pure_evidence,5-2-6,90700.0,0,0,1-3-4 / 1-5-3 / 4-1-2 / 4-2-1
20261002,202610021508,pure_evidence,6-1-3,2510.0,0,0,4-1-2 / 4-1-3 / 3-1-4 / 1-6-2
20261002,202610021509,pure_evidence,1-3-6,2090.0,1,0,1-5-4 / 1-4-5 / 5-1-6 / 5-6-1
20261002,202610021510,pure_evidence,1-4-2,1760.0,0,1,1-4-2 / 1-2-6 / 1-6-3 / 2-1-4
20261002,202610021511,pure_evidence,1-6-5,6530.0,0,0,1-4-2 / 2-3-1 / 1-3-5 / 1-6-3
20261002,202610021512,pure_evidence,1-5-2,1570.0,1,0,1-4-2 / 1-3-5 / 2-1-4 / 1-2-3
20261002,202610021601,pure_evidence,4-1-5,6040.0,0,0,1-2-4 / 2-5-1 / 1-2-6 / 2-3-1
20261002,202610021602,pure_evidence,6-1-2,76220.0,0,0,1-5-3 / 4-5-1 / 4-1-2 / 4-2-1
20261002,202610021603,pure_evidence,2-4-5,1870.0,0,0,5-3-1 / 5-1-3 / 5-1-2 / 5-1-4
20261002,202610021604,pure_evidence,1-3-4,1430.0,1,0,1-4-6 / 1-4-5 / 1-3-6 / 1-3-5
20261002,202610021605,pure_evidence,4-1-3,6240.0,0,0,1-4-2 / 1-2-6 / 1-6-3 / 3-1-4
20261002,202610021606,pure_evidence,1-4-6,3720.0,0,0,4-1-2 / 4-2-1 / 1-3-6 / 1-3-5
20261002,202610021607,pure_evidence,1-4-2,2170.0,0,0,3-1-6 / 3-5-1 / 3-2-1 / 1-5-6
20261002,202610021608,pure_evidence,1-2-4,610.0,1,0,4-2-1 / 1-4-3 / 4-1-6 / 1-3-6
20261002,202610021609,pure_evidence,4-5-1,17450.0,0,0,3-1-4 / 1-3-4 / 1-4-2 / 1-4-3
20261002,202610021610,pure_evidence,1-6-4,6560.0,0,0,1-4-5 / 2-4-1 / 2-5-1 / 2-1-3
20261002,202610021611,pure_evidence,1-2-5,1100.0,1,0,1-2-4 / 5-1-2 / 4-2-1 / 5-2-1
20261002,202610021612,pure_evidence,1-4-2,1120.0,0,0,1-2-4 / 5-3-1 / 5-1-3 / 1-3-4
20261002,202610021801,pure_evidence,1-3-5,770.0,1,0,1-4-2 / 1-3-6 / 4-3-1 / 1-3-2
20261002,202610021802,pure_evidence,1-5-2,2580.0,1,0,4-2-1 / 1-4-5 / 1-3-4 / 1-5-4
20261002,202610021803,pure_evidence,1-4-6,720.0,1,0,6-3-1 / 6-3-4 / 1-6-3 / 1-3-6
20261002,202610021804,pure_evidence,4-5-2,13490.0,0,0,1-2-6 / 1-3-5 / 1-5-3 / 1-4-3
20261002,202610021805,pure_evidence,3-4-1,6660.0,0,0,3-1-4 / 3-2-1 / 3-1-5 / 3-5-1
20261002,202610021806,pure_evidence,4-3-5,4270.0,1,0,3-4-1 / 1-4-5 / 3-1-4 / 1-3-5
20261002,202610021807,pure_evidence,2-4-5,16010.0,0,0,1-4-5 / 2-4-1 / 1-2-3 / 5-2-1
20261002,202610021808,pure_evidence,4-6-1,1250.0,1,0,4-6-5 / 4-1-5 / 4-6-2 / 4-1-2
20261002,202610021809,pure_evidence,2-5-4,4560.0,0,0,2-5-1 / 2-1-3 / 1-3-2 / 1-4-5
20261002,202610021810,pure_evidence,3-4-6,3450.0,0,0,3-2-4 / 1-4-2 / 3-6-1 / 3-4-2
20261002,202610021811,pure_evidence,5-1-4,14480.0,0,0,3-5-4 / 3-2-4 / 3-4-2 / 4-1-3
20261002,202610021812,pure_evidence,1-2-5,1450.0,1,0,1-4-3 / 1-3-5 / 1-6-2 / 1-2-6
20261002,202610021901,pure_evidence,1-2-3,530.0,1,0,1-4-2 / 1-5-3 / 1-2-4 / 1-5-2
20261002,202610021902,pure_evidence,1-2-3,980.0,1,0,2-1-5 / 2-1-6 / 2-5-1 / 2-6-1
20261002,202610021903,pure_evidence,1-2-3,570.0,1,0,1-2-4 / 1-4-2 / 2-1-4 / 1-3-5
20261002,202610021904,pure_evidence,1-5-2,2430.0,0,0,1-2-3 / 2-4-1 / 1-3-2 / 1-2-5
20261002,202610021905,pure_evidence,1-3-4,740.0,1,0,1-2-5 / 4-2-1 / 4-1-3 / 1-5-3
20261002,202610021906,pure_evidence,1-4-5,520.0,1,0,1-4-3 / 1-2-3 / 1-5-6 / 4-1-2
20261002,202610021907,pure_evidence,1-5-2,1230.0,1,0,5-1-3 / 1-5-3 / 5-4-2 / 1-3-2
20261002,202610021908,pure_evidence,3-1-4,6790.0,0,0,1-5-3 / 1-3-5 / 1-3-4 / 1-5-4
20261002,202610021909,pure_evidence,2-1-3,1400.0,1,0,2-1-4 / 2-4-5 / 3-2-4 / 2-3-6
20261002,202610021910,pure_evidence,1-2-5,1740.0,1,0,1-4-2 / 2-1-3 / 1-3-5 / 2-1-5
20261002,202610021911,pure_evidence,3-1-5,1990.0,0,0,1-5-4 / 1-4-5 / 1-4-3 / 3-4-1
20261002,202610021912,pure_evidence,1-2-4,1950.0,0,1,3-1-5 / 1-3-5 / 1-4-2 / 1-2-4
20261002,202610022201,pure_evidence,1-2-3,940.0,1,0,3-2-1 / 3-6-1 / 3-1-5 / 1-6-2
20261002,202610022202,pure_evidence,5-2-4,7650.0,0,0,1-4-3 / 1-5-3 / 2-1-4 / 1-3-4
20261002,202610022203,pure_evidence,1-3-4,930.0,1,0,1-4-2 / 1-2-4 / 3-4-2 / 1-3-5
20261002,202610022204,pure_evidence,2-1-5,24970.0,0,0,1-2-3 / 2-1-4 / 1-3-2 / 1-5-4
20261002,202610022205,pure_evidence,5-1-3,9860.0,0,0,4-1-5 / 4-2-3 / 4-3-2 / 4-5-1
20261002,202610022206,pure_evidence,6-1-2,1520.0,0,0,1-6-2 / 1-5-2 / 1-2-5 / 1-2-6
20261002,202610022207,pure_evidence,5-4-1,1640.0,0,0,4-1-2 / 1-4-5 / 4-2-5 / 4-5-2
20261002,202610022208,pure_evidence,1-2-6,580.0,1,0,1-4-5 / 1-5-6 / 1-5-4 / 1-3-2
20261002,202610022209,pure_evidence,1-4-2,930.0,1,0,1-4-3 / 1-4-5 / 2-4-1 / 6-1-4
20261002,202610022210,pure_evidence,1-6-3,3840.0,1,0,2-3-6 / 2-6-1 / 2-3-1 / 2-6-3
20261002,202610022211,pure_evidence,1-3-5,1280.0,1,0,1-4-2 / 3-2-1 / 1-3-4 / 1-2-4
20261002,202610022212,pure_evidence,1-4-2,800.0,1,0,1-3-5 / 1-4-5 / 4-1-2 / 1-5-3
20261002,202610022301,pure_evidence,1-3-4,490.0,0,1,1-4-5 / 1-5-6 / 1-3-4 / 1-4-2
20261002,202610022302,pure_evidence,2-1-4,1270.0,0,1,2-1-3 / 2-1-4 / 1-2-4 / 2-6-1
20261002,202610022303,pure_evidence,1-2-6,6170.0,0,0,5-1-6 / 1-6-5 / 5-4-1 / 1-3-4
20261002,202610022304,pure_evidence,4-3-1,13540.0,0,0,1-3-4 / 3-1-4 / 1-4-3 / 1-2-6
20261002,202610022305,pure_evidence,1-3-2,1630.0,1,0,1-2-6 / 1-2-3 / 1-5-4 / 1-4-2
20261002,202610022306,pure_evidence,2-4-5,2100.0,0,0,4-5-2 / 3-4-2 / 3-2-4 / 4-3-2
20261002,202610022307,pure_evidence,4-2-1,4730.0,0,0,4-6-2 / 4-5-6 / 4-6-3 / 4-6-5
20261002,202610022308,pure_evidence,4-3-2,2430.0,0,0,4-1-3 / 4-3-1 / 2-3-1 / 1-4-2
20261002,202610022309,pure_evidence,5-2-4,8770.0,0,0,4-3-5 / 4-5-3 / 4-3-1 / 1-4-2
20261002,202610022310,pure_evidence,4-6-1,27180.0,0,0,4-2-3 / 4-5-1 / 4-5-6 / 2-5-3
20261002,202610022311,pure_evidence,2-1-5,5120.0,1,0,2-3-1 / 2-3-4 / 2-1-6 / 4-2-1
20261002,202610022312,pure_evidence,3-1-4,2570.0,0,0,1-4-2 / 1-3-5 / 2-3-1 / 1-4-6
20261002,202610022401,pure_evidence,2-4-6,7910.0,0,0,2-3-6 / 3-6-2 / 3-4-1 / 3-1-4
20261002,202610022402,pure_evidence,4-2-5,4150.0,0,0,4-3-1 / 1-3-4 / 4-3-2 / 4-2-3
20261002,202610022403,pure_evidence,1-4-3,1080.0,1,0,1-3-5 / 4-3-1 / 1-3-2 / 1-5-3
20261002,202610022404,pure_evidence,1-4-2,1990.0,1,0,3-1-2 / 3-1-4 / 1-3-6 / 1-2-5
20261002,202610022405,pure_evidence,1-4-6,910.0,1,0,6-4-2 / 6-1-2 / 6-2-4 / 1-6-2
20261002,202610022406,pure_evidence,1-3-2,710.0,1,0,1-2-6 / 2-3-1 / 1-5-2 / 1-5-6
20261002,202610022407,pure_evidence,1-4-2,1370.0,0,1,1-6-2 / 1-4-2 / 2-1-5 / 1-3-5
20261002,202610022408,pure_evidence,1-3-4,800.0,0,1,1-3-2 / 1-3-4 / 1-4-3 / 5-1-4
20261002,202610022409,pure_evidence,1-2-6,1730.0,0,0,2-4-1 / 2-3-1 / 2-3-4 / 2-4-3
20261002,202610022410,pure_evidence,3-1-6,5690.0,0,0,3-1-4 / 3-4-1 / 3-1-2 / 1-5-3
20261002,202610022411,pure_evidence,2-1-3,3600.0,1,0,2-4-5 / 2-3-1 / 2-5-4 / 1-5-2
20261002,202610022412,pure_evidence,2-1-4,9160.0,0,0,6-1-4 / 6-2-1 / 6-4-1 / 1-4-2
20261003,202610030201,rank_then_value,2-1-5,4160.0,0,0,3-5-1 / 3-2-1 / 1-3-4 / 1-4-3
20261003,202610030202,rank_then_value,1-6-5,12670.0,0,0,1-2-3 / 2-1-4 / 2-4-1 / 1-6-4
20261003,202610030203,rank_then_value,2-5-1,13100.0,0,0,2-6-3 / 3-2-6 / 2-1-3 / 3-6-2
20261003,202610030204,rank_then_value,2-4-6,3140.0,0,0,1-2-6 / 2-5-3 / 1-3-2 / 1-5-4
20261003,202610030205,rank_then_value,4-3-1,3160.0,0,0,1-5-4 / 1-3-5 / 1-2-5 / 1-5-2
20261003,202610030206,rank_then_value,4-3-1,6630.0,0,0,1-6-3 / 1-6-2 / 3-1-2 / 1-6-4
20261003,202610030207,rank_then_value,1-2-4,770.0,1,0,2-4-1 / 1-3-2 / 1-4-3 / 1-3-4
20261003,202610030208,rank_then_value,2-1-3,1590.0,0,0,4-1-3 / 4-2-3 / 4-3-2 / 4-3-1
20261003,202610030209,rank_then_value,1-5-2,7940.0,0,0,2-1-3 / 2-3-1 / 2-1-6 / 1-3-5
20261003,202610030210,rank_then_value,1-2-3,2610.0,1,0,5-1-2 / 5-2-1 / 5-1-6 / 5-3-2
20261003,202610030211,rank_then_value,1-5-3,2750.0,0,0,1-5-4 / 1-2-6 / 1-2-5 / 1-3-2
20261003,202610030212,rank_then_value,1-6-2,6120.0,0,1,3-2-4 / 1-2-6 / 1-3-6 / 1-6-2
20261003,202610030401,rank_then_value,4-6-1,8600.0,0,0,6-3-1 / 6-2-4 / 6-3-2 / 1-2-6
20261003,202610030402,rank_then_value,2-5-4,5770.0,0,0,1-2-4 / 3-1-5 / 1-2-6 / 2-1-3
20261003,202610030403,rank_then_value,3-1-4,5260.0,0,0,1-2-6 / 2-4-1 / 1-4-3 / 3-2-1
20261003,202610030404,rank_then_value,5-3-6,25500.0,0,0,3-2-1 / 3-1-2 / 1-3-6 / 3-4-1
20261003,202610030405,rank_then_value,2-1-3,1540.0,0,1,2-3-1 / 2-1-3 / 1-2-4 / 3-1-2
20261003,202610030406,rank_then_value,4-6-5,5060.0,0,0,4-2-1 / 3-1-2 / 4-1-3 / 4-1-2
20261003,202610030407,rank_then_value,5-1-4,3330.0,0,0,1-6-3 / 2-5-1 / 2-1-6 / 1-2-6
20261003,202610030408,rank_then_value,2-1-4,6520.0,0,0,3-1-2 / 3-2-1 / 1-6-5 / 1-5-2
20261003,202610030409,rank_then_value,2-3-4,5790.0,0,0,1-4-3 / 1-4-5 / 1-5-4 / 1-5-2
20261003,202610030410,rank_then_value,1-6-5,31950.0,0,0,1-4-2 / 4-1-2 / 4-2-1 / 2-1-5
20261003,202610030411,rank_then_value,5-1-4,7030.0,0,0,1-6-4 / 1-4-3 / 1-3-4 / 1-2-6
20261003,202610030412,rank_then_value,3-6-1,8440.0,0,0,2-1-5 / 1-3-5 / 2-1-4 / 3-2-1
20261003,202610030601,rank_then_value,1-2-4,2490.0,0,0,2-4-1 / 5-2-1 / 5-1-2 / 2-4-3
20261003,202610030602,rank_then_value,3-5-6,700.0,0,0,1-2-6 / 1-6-3 / 3-2-6 / 1-2-5
20261003,202610030603,rank_then_value,6-5-4,6820.0,0,0,4-5-2 / 1-5-4 / 4-6-5 / 1-2-6
20261003,202610030604,rank_then_value,1-2-3,430.0,1,0,1-5-4 / 3-1-5 / 3-5-1 / 1-4-3
20261003,202610030605,rank_then_value,1-3-6,2410.0,0,0,1-6-4 / 1-6-5 / 1-2-6 / 1-4-3
20261003,202610030606,rank_then_value,5-2-4,7250.0,0,0,2-4-1 / 1-2-6 / 2-5-1 / 1-4-6
20261003,202610030607,rank_then_value,6-4-1,29060.0,0,0,1-3-4 / 2-1-4 / 2-4-1 / 1-6-2
20261003,202610030608,rank_then_value,1-3-4,1210.0,1,0,4-2-3 / 4-3-1 / 4-3-2 / 4-1-3
20261003,202610030609,rank_then_value,1-2-6,1180.0,1,0,1-2-4 / 2-1-6 / 1-6-3 / 2-5-1
20261003,202610030610,rank_then_value,5-4-1,30410.0,0,0,3-2-1 / 1-2-5 / 1-5-2 / 1-5-3
20261003,202610030611,rank_then_value,1-2-4,1450.0,0,0,4-1-3 / 1-4-5 / 1-4-2 / 4-3-1
20261003,202610030612,rank_then_value,3-1-5,4860.0,0,0,4-1-2 / 4-2-1 / 4-5-1 / 1-6-4
20261003,202610030701,rank_then_value,1-5-2,14970.0,0,0,2-1-3 / 2-3-4 / 1-3-2 / 2-4-3
20261003,202610030702,rank_then_value,1-4-6,3720.0,1,0,2-1-3 / 2-3-1 / 1-6-4 / 1-2-4
20261003,202610030703,rank_then_value,1-4-6,9370.0,0,0,4-2-6 / 4-3-5 / 4-6-3 / 4-1-2
20261003,202610030704,rank_then_value,1-4-3,3320.0,1,0,3-4-1 / 3-6-1 / 3-6-4 / 3-4-6
20261003,202610030705,rank_then_value,1-2-5,820.0,1,0,6-5-1 / 6-1-2 / 1-6-2 / 1-3-2
20261003,202610030706,rank_then_value,1-6-5,2400.0,0,0,1-2-4 / 1-6-2 / 1-4-5 / 1-3-2
20261003,202610030707,rank_then_value,1-3-4,440.0,1,0,1-5-2 / 1-5-4 / 1-3-5 / 5-1-2
20261003,202610030708,rank_then_value,1-2-3,1550.0,0,1,1-2-3 / 4-1-3 / 1-2-5 / 4-1-5
20261003,202610030709,rank_then_value,1-2-4,710.0,0,0,3-4-5 / 3-5-4 / 1-4-3 / 3-5-1
20261003,202610030710,rank_then_value,1-4-2,4420.0,0,1,1-3-6 / 1-6-2 / 1-4-2 / 1-5-3
20261003,202610030711,rank_then_value,1-3-5,1210.0,1,0,1-2-6 / 2-3-1 / 2-1-3 / 3-1-5
20261003,202610030712,rank_then_value,1-4-3,2890.0,0,0,1-6-2 / 1-4-2 / 1-2-4 / 1-2-6
20261003,202610030901,rank_then_value,1-2-5,8120.0,0,0,6-1-4 / 1-4-5 / 1-5-4 / 1-6-3
20261003,202610030902,rank_then_value,4-5-3,8610.0,0,0,1-3-2 / 1-5-6 / 1-6-3 / 1-5-2
20261003,202610030903,rank_then_value,1-3-2,7000.0,0,1,1-5-3 / 1-3-2 / 2-1-5 / 2-5-1
20261003,202610030904,rank_then_value,3-5-2,5060.0,0,0,4-1-2 / 4-2-1 / 1-5-4 / 1-2-3
20261003,202610030905,rank_then_value,1-2-4,1070.0,0,0,1-2-5 / 3-2-1 / 1-2-6 / 3-1-6
20261003,202610030906,rank_then_value,3-2-6,2700.0,0,0,1-3-4 / 1-2-4 / 1-6-2 / 1-4-3
20261003,202610030907,rank_then_value,2-4-5,4210.0,0,0,4-1-5 / 4-5-1 / 1-4-5 / 1-5-4
20261003,202610030908,rank_then_value,5-1-2,970.0,1,0,1-5-3 / 2-1-3 / 1-3-5 / 1-6-2
20261003,202610030909,rank_then_value,1-5-2,4420.0,0,0,3-1-4 / 3-4-1 / 1-4-5 / 1-3-5
20261003,202610030910,rank_then_value,2-5-4,32970.0,0,0,3-2-1 / 1-2-6 / 1-3-5 / 1-5-3
20261003,202610030911,rank_then_value,1-3-4,650.0,1,0,2-3-1 / 1-4-6 / 1-6-3 / 2-1-4
20261003,202610030912,rank_then_value,1-3-2,430.0,1,0,3-2-1 / 1-2-6 / 1-6-3 / 3-1-5
20261003,202610031101,rank_then_value,1-4-3,1900.0,1,0,1-4-6 / 1-3-6 / 1-6-2 / 1-2-6
20261003,202610031102,rank_then_value,2-4-3,2930.0,1,0,2-4-1 / 2-3-6 / 1-3-2 / 3-2-4
20261003,202610031103,rank_then_value,1-3-5,1010.0,0,0,1-3-2 / 5-1-2 / 1-2-3 / 1-2-5
20261003,202610031104,rank_then_value,3-1-5,3150.0,0,0,4-1-5 / 4-3-6 / 4-3-5 / 1-4-3
20261003,202610031105,rank_then_value,1-2-3,520.0,0,0,4-1-2 / 4-3-5 / 4-1-3 / 1-4-5
20261003,202610031106,rank_then_value,1-6-2,1960.0,1,0,1-3-4 / 1-2-5 / 1-3-5 / 1-6-3
20261003,202610031107,rank_then_value,3-4-5,5390.0,0,0,1-4-2 / 1-2-5 / 1-5-3 / 1-5-2
20261003,202610031108,rank_then_value,2-1-3,1630.0,1,0,1-2-3 / 1-3-2 / 2-4-1 / 2-3-6
20261003,202610031109,rank_then_value,2-1-6,4950.0,1,0,2-3-1 / 1-6-3 / 1-5-2 / 1-3-5
20261003,202610031110,rank_then_value,4-2-5,15640.0,0,0,1-5-4 / 3-1-4 / 1-3-5 / 1-5-2
20261003,202610031111,rank_then_value,2-4-5,7310.0,0,0,4-1-2 / 1-5-6 / 1-6-5 / 4-2-1
20261003,202610031112,rank_then_value,1-2-5,1180.0,0,0,4-1-3 / 1-3-4 / 4-3-1 / 4-5-3
20261003,202610031201,rank_then_value,1-3-2,960.0,1,0,1-3-5 / 1-5-3 / 3-4-1 / 3-1-4
20261003,202610031202,rank_then_value,1-2-4,2110.0,0,1,3-2-5 / 1-2-4 / 3-5-2 / 1-4-2
20261003,202610031203,rank_then_value,1-3-4,1630.0,1,0,1-2-6 / 1-4-3 / 1-5-2 / 1-3-5
20261003,202610031204,rank_then_value,1-2-5,870.0,1,0,2-1-5 / 1-4-2 / 1-3-4 / 1-2-6
20261003,202610031205,rank_then_value,4-2-3,3590.0,0,0,1-3-2 / 2-5-3 / 2-5-4 / 1-4-3
20261003,202610031206,rank_then_value,3-6-5,13320.0,0,0,1-4-3 / 1-3-4 / 2-4-1 / 1-6-2
20261003,202610031207,rank_then_value,2-1-6,1120.0,1,0,2-1-4 / 1-6-4 / 1-4-2 / 1-6-3
20261003,202610031208,rank_then_value,3-2-5,22330.0,0,0,3-2-1 / 3-2-4 / 3-4-1 / 1-4-2
20261003,202610031209,rank_then_value,1-4-5,1690.0,1,0,4-6-1 / 4-6-5 / 1-6-5 / 1-6-4
20261003,202610031210,rank_then_value,1-3-4,510.0,1,0,1-4-2 / 3-2-4 / 3-4-1 / 1-5-3
20261003,202610031211,rank_then_value,1-3-6,850.0,0,0,1-4-2 / 1-2-4 / 3-4-1 / 3-1-5
20261003,202610031212,rank_then_value,1-2-3,830.0,0,0,6-1-4 / 6-4-1 / 1-6-3 / 6-2-4
20261003,202610031301,rank_then_value,1-2-4,17410.0,0,0,1-3-5 / 1-5-3 / 2-1-5 / 1-3-4
20261003,202610031302,rank_then_value,1-2-6,7250.0,0,0,5-1-2 / 5-1-4 / 5-2-1 / 5-4-1
20261003,202610031303,rank_then_value,1-5-4,2690.0,1,0,5-4-1 / 1-5-3 / 5-2-1 / 5-1-3
20261003,202610031304,rank_then_value,1-2-3,190.0,0,0,2-4-3 / 2-3-1 / 2-1-6 / 2-4-6
20261003,202610031305,rank_then_value,3-4-6,47900.0,0,0,2-4-3 / 2-5-4 / 2-4-5 / 1-2-3
20261003,202610031306,rank_then_value,1-5-4,3020.0,1,0,1-6-4 / 4-5-1 / 1-5-2 / 1-4-6
20261003,202610031307,rank_then_value,1-5-3,900.0,1,0,1-3-6 / 1-4-3 / 1-5-4 / 1-4-2
20261003,202610031308,rank_then_value,2-1-6,2530.0,0,0,5-3-1 / 5-2-3 / 6-5-1 / 6-1-3
20261003,202610031309,rank_then_value,4-6-2,5960.0,0,0,1-6-5 / 1-4-5 / 1-3-5 / 1-5-3
20261003,202610031310,rank_then_value,1-3-5,1870.0,1,0,1-5-2 / 1-4-2 / 1-3-4 / 4-1-3
20261003,202610031311,rank_then_value,1-4-6,6290.0,0,0,2-1-3 / 2-3-1 / 1-4-3 / 1-2-6
20261003,202610031312,rank_then_value,1-4-2,1210.0,1,0,3-1-4 / 3-4-1 / 3-1-2 / 3-2-1
20261003,202610031601,rank_then_value,1-4-3,1470.0,0,0,1-6-3 / 1-5-6 / 1-5-3 / 1-6-5
20261003,202610031602,rank_then_value,3-2-4,27850.0,0,0,3-1-2 / 3-2-1 / 3-1-4 / 1-5-2
20261003,202610031603,rank_then_value,1-3-4,970.0,1,0,3-4-1 / 3-2-1 / 1-2-5 / 1-4-5
20261003,202610031604,rank_then_value,4-6-1,16530.0,0,0,1-6-4 / 4-1-5 / 4-5-1 / 1-5-2
20261003,202610031605,rank_then_value,6-1-3,48640.0,0,0,1-5-4 / 4-2-1 / 2-1-4 / 2-4-1
20261003,202610031606,rank_then_value,5-4-6,4650.0,0,0,1-3-6 / 1-5-4 / 1-6-3 / 1-2-3
20261003,202610031607,rank_then_value,1-5-2,2090.0,0,0,2-1-4 / 2-1-3 / 2-4-1 / 5-1-4
20261003,202610031608,rank_then_value,3-5-6,14300.0,0,0,1-2-6 / 4-1-3 / 4-1-2 / 3-1-2
20261003,202610031609,rank_then_value,4-1-5,5140.0,0,0,5-2-4 / 5-4-2 / 5-1-4 / 4-1-2
20261003,202610031610,rank_then_value,3-1-4,2430.0,0,0,1-3-6 / 1-2-6 / 2-1-5 / 2-3-5
20261003,202610031611,rank_then_value,1-2-4,730.0,1,0,4-2-1 / 1-2-6 / 1-3-2 / 2-1-5
20261003,202610031612,rank_then_value,1-3-2,940.0,1,0,2-1-3 / 2-3-1 / 1-5-3 / 1-5-2
20261003,202610031801,rank_then_value,1-2-5,1880.0,1,0,1-5-2 / 2-3-1 / 2-1-5 / 1-3-6
20261003,202610031802,rank_then_value,4-6-5,3740.0,0,0,1-5-3 / 1-3-2 / 1-5-2 / 1-4-2
20261003,202610031803,rank_then_value,4-6-3,8730.0,0,0,2-1-3 / 2-1-6 / 2-1-4 / 1-6-3
20261003,202610031804,rank_then_value,1-5-6,20450.0,0,0,3-2-1 / 1-5-3 / 3-1-4 / 1-5-2
20261003,202610031805,rank_then_value,1-5-3,1330.0,0,1,2-1-5 / 2-5-1 / 1-5-3 / 1-2-6
20261003,202610031806,rank_then_value,1-3-6,1080.0,1,0,1-2-5 / 1-2-4 / 1-5-2 / 1-3-5
20261003,202610031807,rank_then_value,1-3-2,1520.0,1,0,2-5-3 / 2-5-1 / 1-5-2 / 2-4-3
20261003,202610031808,rank_then_value,3-2-5,1390.0,0,1,3-1-2 / 3-2-1 / 3-2-5 / 3-5-2
20261003,202610031809,rank_then_value,5-1-2,3360.0,0,0,4-1-5 / 4-5-1 / 4-1-2 / 1-4-3
20261003,202610031810,rank_then_value,1-6-2,1270.0,1,0,1-2-5 / 1-4-2 / 1-6-3 / 1-6-4
20261003,202610031811,rank_then_value,4-6-3,2130.0,0,0,3-5-1 / 1-3-4 / 1-4-3 / 1-4-5
20261003,202610031812,rank_then_value,3-6-4,24890.0,0,0,4-3-1 / 4-1-2 / 4-5-1 / 4-2-1
20261003,202610031901,rank_then_value,1-2-5,1050.0,1,0,1-4-5 / 1-5-4 / 2-4-5 / 2-5-4
20261003,202610031902,rank_then_value,1-4-6,10330.0,0,0,3-1-6 / 3-4-6 / 3-2-5 / 3-5-4
20261003,202610031903,rank_then_value,4-5-6,2650.0,0,0,4-1-3 / 3-5-4 / 4-1-2 / 3-1-5
20261003,202610031904,rank_then_value,1-5-2,3970.0,0,0,1-5-3 / 3-2-1 / 1-2-3 / 1-4-2
20261003,202610031905,rank_then_value,1-5-4,1430.0,0,1,1-3-6 / 1-5-4 / 1-3-2 / 1-2-4
20261003,202610031906,rank_then_value,1-5-2,980.0,1,0,4-1-2 / 1-3-4 / 4-2-1 / 4-1-3
20261003,202610031907,rank_then_value,1-5-6,4640.0,0,0,1-3-6 / 1-4-2 / 2-6-1 / 1-6-3
20261003,202610031908,rank_then_value,1-2-4,1450.0,1,0,2-3-1 / 1-2-5 / 2-1-6 / 1-6-3
20261003,202610031909,rank_then_value,1-3-6,1050.0,1,0,1-6-5 / 1-2-5 / 5-1-3 / 5-3-1
20261003,202610031910,rank_then_value,1-4-2,3420.0,1,0,1-3-6 / 1-5-4 / 1-2-3 / 1-5-3
20261003,202610031911,rank_then_value,2-1-3,3530.0,0,0,5-3-1 / 1-4-5 / 5-2-1 / 1-2-3
20261003,202610031912,rank_then_value,1-2-3,720.0,1,0,3-2-1 / 1-2-5 / 1-5-3 / 1-4-2
20261003,202610032201,rank_then_value,1-2-3,370.0,1,0,1-5-4 / 1-4-5 / 2-1-5 / 1-3-4
20261003,202610032202,rank_then_value,1-4-5,1390.0,0,0,1-4-3 / 1-5-3 / 1-5-4 / 3-1-2
20261003,202610032203,rank_then_value,3-1-2,780.0,1,0,3-2-5 / 3-5-2 / 3-2-4 / 1-2-3
20261003,202610032204,rank_then_value,5-6-1,6510.0,0,0,1-4-3 / 1-3-4 / 4-3-2 / 4-2-3
20261003,202610032205,rank_then_value,2-3-4,3050.0,0,0,2-3-1 / 5-2-1 / 1-2-5 / 2-5-3
20261003,202610032206,rank_then_value,1-6-4,9130.0,1,0,1-4-6 / 1-4-5 / 1-5-3 / 1-5-4
20261003,202610032207,rank_then_value,6-1-2,2240.0,0,0,1-4-3 / 2-1-4 / 1-3-4 / 1-6-3
20261003,202610032208,rank_then_value,1-5-3,19170.0,0,0,2-5-1 / 2-5-4 / 2-3-1 / 2-1-3
20261003,202610032209,rank_then_value,1-5-3,1800.0,0,0,2-1-6 / 1-5-4 / 2-6-1 / 2-5-6
20261003,202610032210,rank_then_value,3-2-4,10360.0,0,0,5-1-3 / 1-5-3 / 5-2-4 / 1-3-5
20261003,202610032211,rank_then_value,1-2-3,570.0,1,0,1-2-6 / 1-3-6 / 1-6-2 / 1-5-2
20261003,202610032212,rank_then_value,1-2-3,220.0,1,0,1-4-3 / 3-2-1 / 1-3-5 / 1-4-2
20261003,202610032301,rank_then_value,2-1-4,3480.0,1,0,1-5-3 / 2-4-1 / 1-3-5 / 2-1-3
20261003,202610032302,rank_then_value,1-3-2,560.0,1,0,5-1-2 / 5-2-1 / 5-1-3 / 1-4-3
20261003,202610032303,rank_then_value,4-3-1,5270.0,1,0,1-5-3 / 4-5-1 / 4-3-5 / 4-5-3
20261003,202610032304,rank_then_value,3-4-2,7010.0,0,0,1-2-3 / 4-3-2 / 1-3-4 / 1-3-2
20261003,202610032305,rank_then_value,5-3-1,3280.0,0,0,4-5-1 / 4-1-3 / 1-4-2 / 1-5-6
20261003,202610032306,rank_then_value,1-2-6,6080.0,0,0,3-4-5 / 2-3-4 / 3-6-5 / 3-2-5
20261003,202610032307,rank_then_value,2-4-3,1000.0,1,0,2-1-5 / 2-5-3 / 2-4-1 / 2-5-1
20261003,202610032308,rank_then_value,3-1-4,4120.0,0,0,1-5-4 / 1-4-6 / 1-5-2 / 1-3-4
20261003,202610032309,rank_then_value,1-4-2,2060.0,1,0,1-4-3 / 3-4-1 / 3-2-4 / 3-4-2
20261003,202610032310,rank_then_value,1-3-4,1500.0,0,1,1-4-3 / 1-3-4 / 1-4-2 / 2-1-5
20261003,202610032311,rank_then_value,1-2-6,1520.0,0,1,1-3-5 / 1-5-2 / 1-2-6 / 3-2-1
20261003,202610032312,rank_then_value,1-2-3,770.0,1,0,1-4-6 / 1-6-3 / 2-1-3 / 2-1-6
20261004,202610040201,rank_then_value,1-5-2,4060.0,0,1,3-1-2 / 1-3-6 / 1-5-2 / 3-1-4
20261004,202610040202,rank_then_value,5-1-3,1700.0,0,0,3-2-5 / 3-1-2 / 3-5-2 / 3-2-1
20261004,202610040203,rank_then_value,4-5-6,56510.0,0,0,2-3-4 / 2-5-4 / 2-1-4 / 3-5-2
20261004,202610040204,rank_then_value,2-6-4,5340.0,0,0,4-5-2 / 4-1-3 / 4-1-5 / 1-2-4
20261004,202610040205,rank_then_value,4-1-5,1020.0,1,0,4-3-1 / 1-3-5 / 1-5-3 / 4-5-1
20261004,202610040206,rank_then_value,2-1-5,2660.0,0,0,4-1-5 / 1-2-6 / 2-1-4 / 1-6-2
20261004,202610040207,rank_then_value,6-1-4,46970.0,0,0,5-1-2 / 5-3-2 / 3-1-2 / 3-5-1
20261004,202610040208,rank_then_value,1-3-5,9130.0,0,0,1-5-4 / 1-4-5 / 1-3-2 / 2-5-1
20261004,202610040209,rank_then_value,2-6-3,36440.0,0,0,3-4-1 / 3-2-1 / 3-4-2 / 4-1-3
20261004,202610040210,rank_then_value,1-2-5,990.0,1,0,5-3-1 / 5-1-3 / 5-3-2 / 5-2-3
20261004,202610040211,rank_then_value,3-1-4,5060.0,0,1,3-1-2 / 3-2-1 / 3-1-4 / 1-2-6
20261004,202610040212,rank_then_value,1-2-5,2780.0,1,0,2-4-1 / 1-2-3 / 1-3-2 / 2-5-1
20261004,202610040501,rank_then_value,1-5-4,2730.0,1,0,4-1-3 / 4-3-1 / 4-2-1 / 1-2-4
20261004,202610040502,rank_then_value,4-5-1,4580.0,0,0,2-3-1 / 2-3-4 / 1-3-2 / 4-2-1
20261004,202610040503,rank_then_value,4-1-5,21270.0,0,0,1-2-6 / 2-4-1 / 1-5-2 / 2-1-5
20261004,202610040504,rank_then_value,1-3-4,3840.0,0,0,5-3-1 / 5-2-4 / 5-1-6 / 5-2-3
20261004,202610040505,rank_then_value,1-4-3,2190.0,0,0,1-5-3 / 1-3-5 / 1-4-5 / 2-1-5
20261004,202610040506,rank_then_value,3-2-1,18890.0,0,0,6-3-2 / 1-3-2 / 6-2-3 / 6-1-5
20261004,202610040507,rank_then_value,1-5-2,680.0,1,0,2-1-3 / 2-5-1 / 5-2-1 / 2-3-1
20261004,202610040508,rank_then_value,3-1-5,2950.0,0,0,2-1-5 / 2-3-1 / 2-5-1 / 2-5-3
20261004,202610040509,rank_then_value,5-3-1,12790.0,1,0,5-2-1 / 5-1-2 / 1-2-3 / 1-3-2
20261004,202610040510,rank_then_value,1-6-5,4300.0,0,0,1-4-2 / 1-4-3 / 1-6-3 / 1-3-4
20261004,202610040511,rank_then_value,1-2-3,610.0,1,0,2-3-1 / 2-1-3 / 3-1-4 / 3-2-4
20261004,202610040512,rank_then_value,1-4-3,1460.0,1,0,2-1-3 / 2-3-1 / 3-1-2 / 2-1-4
20261004,202610040601,rank_then_value,2-5-3,5230.0,0,0,3-4-1 / 3-5-1 / 3-5-4 / 3-4-5
20261004,202610040602,rank_then_value,2-1-3,4360.0,0,0,1-5-4 / 2-4-1 / 2-4-5 / 2-5-4
20261004,202610040603,rank_then_value,4-2-6,4090.0,0,0,3-2-1 / 3-4-1 / 3-2-5 / 1-2-4
20261004,202610040604,rank_then_value,1-5-4,11740.0,0,1,1-5-2 / 2-1-3 / 1-2-4 / 1-5-4
20261004,202610040605,rank_then_value,1-3-4,1230.0,1,0,1-4-3 / 1-4-2 / 1-4-6 / 2-1-4
20261004,202610040606,rank_then_value,2-3-1,2270.0,1,0,2-1-4 / 3-1-2 / 2-5-1 / 2-5-3
20261004,202610040607,rank_then_value,1-4-5,1220.0,1,0,3-1-5 / 1-3-2 / 5-1-3 / 1-2-3
20261004,202610040608,rank_then_value,1-4-3,1520.0,0,0,1-6-4 / 1-5-6 / 1-6-5 / 1-5-2
20261004,202610040609,rank_then_value,4-6-2,216620.0,0,0,1-4-6 / 4-3-1 / 1-4-5 / 1-3-6
20261004,202610040610,rank_then_value,2-3-4,1580.0,0,0,4-1-3 / 2-4-1 / 2-1-4 / 1-4-6
20261004,202610040611,rank_then_value,1-4-2,1530.0,0,0,1-5-4 / 1-4-5 / 4-1-5 / 1-5-2
20261004,202610040612,rank_then_value,2-4-1,3840.0,0,0,1-3-5 / 1-4-5 / 1-5-4 / 1-2-6
20261004,202610040701,rank_then_value,1-2-3,850.0,0,0,5-1-2 / 5-2-1 / 5-6-1 / 1-3-5
20261004,202610040702,rank_then_value,4-5-6,49750.0,0,0,1-4-6 / 3-6-1 / 1-6-2 / 1-6-4
20261004,202610040703,rank_then_value,6-1-3,8020.0,0,1,6-1-3 / 6-3-1 / 6-3-4 / 6-4-3
20261004,202610040704,rank_then_value,6-3-1,65240.0,0,0,1-2-4 / 1-6-2 / 1-3-6 / 3-2-1
20261004,202610040705,rank_then_value,1-3-2,720.0,1,0,3-1-5 / 3-5-1 / 3-2-5 / 1-4-3
20261004,202610040706,rank_then_value,1-6-2,930.0,1,0,6-1-2 / 2-6-1 / 6-2-1 / 6-3-1
20261004,202610040707,rank_then_value,1-3-2,530.0,1,0,1-5-3 / 3-2-1 / 1-6-3 / 1-2-5
20261004,202610040708,rank_then_value,1-3-5,600.0,1,0,5-3-2 / 5-2-1 / 5-2-3 / 5-1-6
20261004,202610040709,rank_then_value,1-2-3,1970.0,1,0,4-1-3 / 4-3-1 / 1-2-4 / 4-1-2
20261004,202610040710,rank_then_value,1-4-2,1130.0,1,0,4-2-1 / 4-1-3 / 4-3-1 / 1-5-4
20261004,202610040711,rank_then_value,1-5-4,3210.0,0,0,3-1-4 / 3-1-2 / 3-1-5 / 3-2-1
20261004,202610040712,rank_then_value,1-2-3,550.0,1,0,2-1-4 / 1-3-5 / 2-4-1 / 1-5-3
20261004,202610040901,rank_then_value,1-2-3,460.0,1,0,1-3-6 / 1-2-6 / 2-1-4 / 2-4-1
20261004,202610040902,rank_then_value,1-2-4,1630.0,1,0,2-1-5 / 2-1-6 / 1-2-3 / 4-2-1
20261004,202610040903,rank_then_value,4-2-1,19570.0,0,0,4-1-3 / 2-4-1 / 2-1-4 / 2-3-4
20261004,202610040904,rank_then_value,4-5-1,4050.0,0,0,1-2-5 / 5-1-2 / 1-5-2 / 5-2-1
20261004,202610040905,rank_then_value,1-2-4,470.0,1,0,1-3-6 / 2-1-4 / 1-2-6 / 1-4-6
20261004,202610040906,rank_then_value,2-4-5,6390.0,0,0,2-5-1 / 2-4-1 / 2-5-4 / 5-1-2
20261004,202610040907,rank_then_value,2-5-6,6870.0,0,1,5-6-2 / 5-6-1 / 2-5-6 / 1-3-6
20261004,202610040908,rank_then_value,1-5-4,3200.0,1,0,1-2-4 / 1-3-5 / 1-5-3 / 3-1-2
20261004,202610040909,rank_then_value,1-2-3,680.0,1,0,1-5-2 / 1-5-3 / 3-1-2 / 3-2-1
20261004,202610040910,rank_then_value,2-3-5,1450.0,0,0,1-4-3 / 3-4-1 / 1-5-2 / 1-5-4
20261004,202610040911,rank_then_value,1-4-5,3450.0,0,0,1-5-3 / 1-2-6 / 1-3-6 / 2-1-5
20261004,202610040912,rank_then_value,1-4-6,6580.0,0,0,3-2-1 / 3-1-6 / 1-6-5 / 1-3-5
20261004,202610041001,rank_then_value,1-2-4,710.0,1,0,3-1-2 / 1-4-6 / 3-4-2 / 4-1-3
20261004,202610041002,rank_then_value,1-2-4,890.0,1,0,4-3-2 / 4-3-1 / 4-1-2 / 4-2-1
20261004,202610041003,rank_then_value,1-3-6,4430.0,0,0,2-1-3 / 2-3-4 / 2-3-1 / 2-4-3
20261004,202610041004,rank_then_value,4-2-1,16200.0,0,0,4-3-1 / 4-1-5 / 1-3-2 / 1-4-6
20261004,202610041005,rank_then_value,1-2-3,1160.0,1,0,2-4-1 / 2-1-5 / 1-5-2 / 1-5-4
20261004,202610041006,rank_then_value,4-1-5,4010.0,0,0,1-5-3 / 1-4-2 / 4-1-2 / 4-2-1
20261004,202610041007,rank_then_value,1-4-5,1490.0,0,0,1-2-5 / 1-6-4 / 1-4-6 / 4-2-1
20261004,202610041008,rank_then_value,1-4-2,2780.0,1,0,3-4-2 / 3-4-1 / 1-4-3 / 1-3-4
20261004,202610041009,rank_then_value,1-5-6,5170.0,0,0,2-3-1 / 1-6-2 / 2-1-4 / 1-3-4
20261004,202610041010,rank_then_value,1-5-2,2750.0,1,0,1-4-2 / 1-4-5 / 1-4-3 / 5-1-2
20261004,202610041011,rank_then_value,1-3-2,1650.0,1,0,3-5-1 / 3-2-5 / 3-5-2 / 1-5-3
20261004,202610041012,rank_then_value,1-3-2,1190.0,1,0,3-1-5 / 2-1-3 / 3-2-5 / 2-3-1
20261004,202610041101,rank_then_value,1-2-3,510.0,1,0,1-3-6 / 3-1-2 / 1-6-2 / 1-6-3
20261004,202610041102,rank_then_value,1-2-3,2600.0,0,0,1-4-2 / 4-2-6 / 2-1-5 / 1-2-4
20261004,202610041103,rank_then_value,2-3-5,10540.0,0,0,3-2-5 / 3-1-5 / 3-4-2 / 3-4-1
20261004,202610041104,rank_then_value,4-1-5,1740.0,1,0,1-5-3 / 4-1-2 / 1-3-5 / 1-4-3
20261004,202610041105,rank_then_value,1-2-4,450.0,1,0,1-3-2 / 1-4-5 / 2-5-1 / 2-1-5
20261004,202610041106,rank_then_value,1-2-3,1120.0,0,0,2-5-1 / 2-4-1 / 3-2-1 / 3-1-2
20261004,202610041107,rank_then_value,1-3-4,1100.0,0,0,6-4-3 / 6-3-4 / 6-1-2 / 1-3-6
20261004,202610041108,rank_then_value,2-1-3,1890.0,1,0,1-3-6 / 2-1-5 / 2-6-1 / 1-6-3
20261004,202610041109,rank_then_value,6-1-2,8010.0,0,0,1-6-4 / 4-1-2 / 1-3-4 / 4-2-1
20261004,202610041110,rank_then_value,1-3-4,1020.0,1,0,4-3-1 / 1-2-3 / 1-5-3 / 1-3-2
20261004,202610041111,rank_then_value,1-3-4,740.0,1,0,1-4-2 / 1-4-3 / 3-4-1 / 1-6-2
20261004,202610041112,rank_then_value,2-1-5,6270.0,0,0,2-1-4 / 1-3-6 / 1-6-2 / 2-4-1
20261004,202610041201,rank_then_value,2-1-6,9130.0,0,0,2-3-4 / 2-4-1 / 1-2-5 / 2-4-5
20261004,202610041202,rank_then_value,3-4-5,2330.0,0,0,2-4-5 / 1-2-3 / 2-5-4 / 2-1-5
20261004,202610041203,rank_then_value,1-4-5,600.0,1,0,1-5-3 / 1-3-5 / 4-3-1 / 4-5-1
20261004,202610041204,rank_then_value,1-3-4,12820.0,0,0,2-4-3 / 1-2-4 / 1-5-2 / 2-3-1
20261004,202610041205,rank_then_value,4-2-1,2430.0,0,0,1-5-4 / 1-4-5 / 2-5-4 / 2-1-3
20261004,202610041206,rank_then_value,1-5-3,950.0,0,0,5-4-2 / 1-4-5 / 1-2-5 / 5-2-4
20261004,202610041207,rank_then_value,1-5-2,1720.0,0,1,3-1-4 / 3-2-5 / 1-5-3 / 1-5-2
20261004,202610041208,rank_then_value,1-2-4,550.0,1,0,2-1-4 / 1-3-2 / 1-3-5 / 2-1-5
20261004,202610041209,rank_then_value,1-3-2,660.0,1,0,1-6-3 / 1-2-6 / 1-6-4 / 1-6-2
20261004,202610041210,rank_then_value,5-2-6,249300.0,0,0,3-1-2 / 1-4-6 / 3-2-1 / 1-5-4
20261004,202610041211,rank_then_value,1-2-3,310.0,1,0,2-1-4 / 2-3-4 / 1-5-3 / 1-3-5
20261004,202610041212,rank_then_value,1-5-2,1440.0,1,0,2-3-5 / 2-1-5 / 1-3-4 / 1-3-6
20261004,202610041301,rank_then_value,3-4-2,1870.0,0,0,1-4-6 / 1-3-6 / 1-4-5 / 4-3-2
20261004,202610041302,rank_then_value,3-5-6,1780.0,0,0,3-1-6 / 2-1-6 / 3-6-1 / 2-6-1
20261004,202610041303,rank_then_value,4-5-1,7380.0,0,0,4-1-5 / 4-3-2 / 4-1-3 / 4-3-1
20261004,202610041304,rank_then_value,1-5-3,3680.0,1,0,3-1-2 / 3-4-1 / 1-4-3 / 1-5-4
20261004,202610041305,rank_then_value,4-6-5,7340.0,0,0,4-3-2 / 2-3-5 / 5-4-2 / 4-5-3
20261004,202610041306,rank_then_value,1-4-5,1100.0,0,1,4-2-1 / 4-1-2 / 1-2-5 / 1-4-5
20261004,202610041307,rank_then_value,2-1-3,670.0,1,0,2-5-1 / 2-4-3 / 1-4-2 / 1-2-4
20261004,202610041308,rank_then_value,1-2-4,1180.0,1,0,6-4-1 / 1-4-2 / 1-6-3 / 1-3-6
20261004,202610041309,rank_then_value,3-4-2,6410.0,0,0,2-4-1 / 1-4-3 / 1-3-2 / 1-4-2
20261004,202610041310,rank_then_value,5-6-1,7410.0,0,1,5-6-1 / 5-2-4 / 5-6-2 / 5-4-1
20261004,202610041311,rank_then_value,1-5-4,3570.0,0,1,2-1-3 / 2-5-3 / 2-3-5 / 1-5-4
20261004,202610041312,rank_then_value,1-2-3,410.0,1,0,1-5-4 / 1-4-5 / 1-4-3 / 1-3-4
20261004,202610041801,rank_then_value,1-3-6,2410.0,0,0,1-3-5 / 1-4-5 / 1-5-4 / 2-1-5
20261004,202610041802,rank_then_value,1-4-6,740.0,1,0,4-1-2 / 4-2-1 / 1-3-2 / 1-5-4
20261004,202610041803,rank_then_value,4-6-1,1740.0,0,0,6-4-1 / 6-1-2 / 6-2-4 / 6-4-2
20261004,202610041804,rank_then_value,2-4-5,4710.0,0,0,1-3-2 / 2-5-1 / 2-4-1 / 1-3-5
20261004,202610041805,rank_then_value,1-3-4,860.0,1,0,1-5-4 / 1-4-2 / 1-2-4 / 1-5-2
20261004,202610041806,rank_then_value,3-1-5,890.0,1,0,3-4-1 / 3-1-4 / 3-2-5 / 1-4-3
20261004,202610041807,rank_then_value,1-3-2,2690.0,1,0,3-1-2 / 3-2-1 / 3-6-2 / 1-4-2
20261004,202610041808,rank_then_value,4-5-1,7570.0,0,0,5-1-2 / 5-2-1 / 3-5-6 / 1-3-2
20261004,202610041809,rank_then_value,1-2-4,590.0,1,0,1-3-5 / 2-1-4 / 2-4-1 / 1-5-3
20261004,202610041810,rank_then_value,1-3-2,730.0,1,0,1-6-2 / 1-2-4 / 1-4-3 / 3-1-6
20261004,202610041811,rank_then_value,1-3-2,1580.0,1,0,1-6-3 / 2-6-1 / 1-2-4 / 2-1-4
20261004,202610041812,rank_then_value,2-3-4,2100.0,0,0,1-2-6 / 2-1-4 / 2-1-5 / 1-5-3
20261004,202610041901,rank_then_value,4-1-6,3980.0,0,0,2-6-4 / 1-6-4 / 1-2-3 / 1-3-2
20261004,202610041902,rank_then_value,1-4-2,810.0,1,0,4-5-1 / 4-1-3 / 4-3-1 / 4-2-1
20261004,202610041903,rank_then_value,2-1-4,2500.0,0,0,4-1-3 / 4-5-3 / 4-1-5 / 4-3-5
20261004,202610041904,rank_then_value,3-1-4,1000.0,0,0,4-1-2 / 4-2-1 / 1-5-4 / 1-3-4
20261004,202610041905,rank_then_value,1-6-4,2360.0,1,0,1-2-6 / 1-6-2 / 1-5-6 / 1-6-5
20261004,202610041906,rank_then_value,4-1-2,1970.0,0,0,1-2-3 / 1-3-2 / 2-4-3 / 1-2-6
20261004,202610041907,rank_then_value,1-2-4,480.0,1,0,1-2-5 / 1-4-5 / 2-1-3 / 1-5-4
20261004,202610041908,rank_then_value,1-3-6,670.0,1,0,4-1-3 / 4-3-1 / 1-5-3 / 1-4-5
20261004,202610041909,rank_then_value,1-3-2,370.0,1,0,3-1-5 / 1-5-6 / 3-1-2 / 1-6-5
20261004,202610041910,rank_then_value,1-3-2,870.0,1,0,2-1-3 / 2-3-1 / 2-1-6 / 1-5-3
20261004,202610041911,rank_then_value,1-2-4,1340.0,1,0,1-6-2 / 1-6-4 / 1-4-6 / 1-6-3
20261004,202610041912,rank_then_value,1-5-6,16610.0,0,0,3-2-1 / 3-4-1 / 1-2-5 / 1-2-6
20261004,202610042201,rank_then_value,1-2-4,2300.0,0,1,1-4-2 / 5-1-3 / 1-3-6 / 1-2-4
20261004,202610042202,rank_then_value,2-3-5,770.0,0,0,3-4-2 / 1-2-3 / 1-2-5 / 3-1-4
20261004,202610042203,rank_then_value,3-4-6,7820.0,0,0,2-3-4 / 2-4-3 / 3-5-4 / 3-2-6
20261004,202610042204,rank_then_value,2-1-5,2800.0,0,0,1-4-5 / 1-2-4 / 1-5-4 / 1-3-4
20261004,202610042205,rank_then_value,1-4-2,2440.0,1,0,5-4-1 / 5-1-4 / 1-4-6 / 1-4-3
20261004,202610042206,rank_then_value,5-6-2,9680.0,0,0,1-5-6 / 1-4-6 / 1-3-6 / 4-5-1
20261004,202610042207,rank_then_value,1-2-5,590.0,1,0,1-3-6 / 3-1-2 / 3-2-1 / 1-4-2
20261004,202610042208,rank_then_value,1-3-2,420.0,1,0,1-5-3 / 2-1-3 / 1-6-5 / 1-5-6
20261004,202610042209,rank_then_value,4-1-2,1270.0,1,0,4-3-1 / 4-1-3 / 1-5-4 / 4-1-5
20261004,202610042210,rank_then_value,1-3-2,5400.0,1,0,1-2-3 / 1-3-6 / 1-4-3 / 1-6-3
20261004,202610042211,rank_then_value,1-5-2,960.0,1,0,1-5-4 / 1-2-4 / 1-4-5 / 1-4-2
20261004,202610042212,rank_then_value,1-4-6,2760.0,0,1,1-6-4 / 2-4-1 / 1-4-6 / 2-1-6
20261004,202610042301,rank_then_value,1-2-6,3820.0,0,0,1-4-5 / 3-5-1 / 3-1-5 / 1-5-2
20261004,202610042302,rank_then_value,2-1-6,1790.0,0,0,1-3-5 / 1-3-6 / 1-5-2 / 1-4-5
20261004,202610042303,rank_then_value,1-4-2,710.0,1,0,4-3-1 / 4-6-1 / 4-1-5 / 1-6-4
20261004,202610042304,rank_then_value,1-3-6,810.0,1,0,6-3-1 / 6-1-3 / 6-1-4 / 3-1-2
20261004,202610042305,rank_then_value,1-2-4,1370.0,0,1,1-2-3 / 4-3-2 / 4-1-5 / 1-2-4
20261004,202610042306,rank_then_value,3-5-2,10940.0,0,0,6-2-3 / 6-3-2 / 6-3-5 / 2-6-1
20261004,202610042307,rank_then_value,1-2-5,2550.0,1,0,1-5-2 / 4-2-5 / 1-5-4 / 4-5-2
20261004,202610042308,rank_then_value,4-3-5,10550.0,0,0,1-2-3 / 1-3-2 / 1-4-3 / 1-3-4
20261004,202610042309,rank_then_value,1-2-5,790.0,1,0,1-3-5 / 1-2-6 / 2-1-3 / 2-5-1
20261004,202610042310,rank_then_value,1-3-4,1520.0,0,0,1-4-6 / 1-2-6 / 1-6-2 / 2-1-5
20261004,202610042311,rank_then_value,1-5-3,10480.0,0,0,3-2-1 / 3-6-1 / 3-2-6 / 3-6-2
20261004,202610042312,rank_then_value,1-2-3,380.0,1,0,1-4-3 / 1-5-2 / 3-1-4 / 3-2-4
20261005,202610050201,rank_then_value,2-1-3,2950.0,1,0,2-3-1 / 1-3-6 / 2-6-1 / 2-1-4
20261005,202610050202,rank_then_value,1-5-4,2780.0,1,0,1-4-3 / 1-3-4 / 2-1-4 / 2-4-1
20261005,202610050203,rank_then_value,1-5-4,6630.0,0,0,3-4-1 / 1-4-2 / 3-2-4 / 3-4-2
20261005,202610050204,rank_then_value,1-2-5,3550.0,0,0,2-1-5 / 2-5-1 / 1-2-3 / 2-5-4
20261005,202610050205,rank_then_value,4-1-2,3000.0,1,0,4-3-1 / 1-3-2 / 4-2-3 / 4-3-2
20261005,202610050206,rank_then_value,2-5-6,6470.0,0,0,2-5-1 / 1-5-3 / 2-1-3 / 2-5-3
20261005,202610050207,rank_then_value,4-1-6,1640.0,0,0,3-1-2 / 1-5-2 / 1-2-5 / 3-2-1
20261005,202610050209,rank_then_value,3-1-2,2750.0,0,0,2-1-4 / 1-4-3 / 1-3-5 / 1-4-2
20261005,202610050210,rank_then_value,1-3-4,1860.0,1,0,2-1-4 / 2-1-3 / 2-4-1 / 1-2-6
20261005,202610050211,rank_then_value,1-6-3,5750.0,0,0,1-5-2 / 1-2-5 / 1-5-6 / 1-6-5
20261005,202610050212,rank_then_value,1-3-4,450.0,1,0,1-5-4 / 1-6-5 / 1-4-5 / 1-2-3
20261005,202610050503,rank_then_value,1-6-3,4860.0,0,0,4-2-6 / 4-6-2 / 4-1-2 / 2-4-6
20261005,202610050504,rank_then_value,2-5-3,2120.0,0,0,4-2-6 / 4-6-2 / 2-4-1 / 2-6-3
20261005,202610050505,rank_then_value,1-3-4,990.0,1,0,3-1-5 / 1-3-5 / 3-4-2 / 1-3-6
20261005,202610050506,rank_then_value,3-4-2,660.0,1,0,3-1-6 / 3-1-5 / 1-3-2 / 1-2-3
20261005,202610050507,rank_then_value,1-2-3,500.0,1,0,1-5-3 / 1-6-2 / 1-2-6 / 1-4-2
20261005,202610050508,rank_then_value,4-6-1,2890.0,0,0,4-2-1 / 4-3-1 / 4-2-3 / 1-4-5
20261005,202610050510,rank_then_value,1-5-2,620.0,1,0,2-1-3 / 1-4-5 / 2-3-1 / 1-4-2
20261005,202610050511,rank_then_value,1-5-2,1830.0,1,0,2-1-3 / 1-4-5 / 1-5-4 / 2-3-1
20261005,202610050512,rank_then_value,3-1-4,6730.0,0,0,3-1-2 / 3-2-1 / 1-5-3 / 1-4-3
20261005,202610050901,rank_then_value,1-2-5,570.0,1,0,1-6-5 / 1-2-3 / 1-3-5 / 1-2-6
20261005,202610050902,rank_then_value,1-2-3,940.0,1,0,2-4-1 / 1-4-5 / 1-5-4 / 1-4-6
20261005,202610050903,rank_then_value,1-3-5,990.0,0,0,3-6-4 / 3-4-6 / 3-4-1 / 3-1-2
20261005,202610050904,rank_then_value,4-1-3,2790.0,0,0,1-3-2 / 1-4-5 / 1-5-4 / 3-4-5
20261005,202610050905,rank_then_value,1-2-3,880.0,1,0,2-3-1 / 2-1-4 / 1-3-5 / 2-4-1
20261005,202610050906,rank_then_value,1-4-2,930.0,0,0,4-3-1 / 4-5-1 / 4-6-1 / 1-6-4
20261005,202610050907,rank_then_value,2-1-3,1500.0,1,0,2-3-6 / 2-6-1 / 2-3-1 / 1-3-2
20261005,202610050908,rank_then_value,1-4-3,6000.0,0,1,1-6-5 / 1-5-6 / 1-4-3 / 4-1-6
20261005,202610050909,rank_then_value,1-4-2,1340.0,1,0,2-4-1 / 1-2-6 / 1-4-3 / 2-1-6
20261005,202610050910,rank_then_value,1-4-6,1090.0,0,1,1-3-6 / 1-4-6 / 6-3-1 / 1-2-6
20261005,202610050911,rank_then_value,1-2-6,3800.0,0,1,1-3-6 / 1-2-6 / 2-3-1 / 3-1-5
20261005,202610050912,rank_then_value,1-3-4,1010.0,0,0,1-3-5 / 1-5-3 / 2-1-5 / 1-4-3
20261005,202610051001,rank_then_value,1-3-5,1880.0,0,0,2-1-6 / 2-1-5 / 1-6-2 / 2-1-4
20261005,202610051002,rank_then_value,5-3-1,24160.0,0,0,1-5-3 / 4-2-1 / 4-1-2 / 4-2-3
20261005,202610051003,rank_then_value,4-2-1,16290.0,0,1,4-2-1 / 4-1-5 / 1-3-2 / 4-5-1
20261005,202610051004,rank_then_value,1-2-4,1230.0,0,1,1-2-4 / 1-4-2 / 1-2-6 / 1-3-4
20261005,202610051005,rank_then_value,4-2-5,20690.0,0,0,1-5-4 / 1-5-2 / 1-2-5 / 1-4-5
20261005,202610051006,rank_then_value,1-3-5,1770.0,0,0,4-2-1 / 1-4-5 / 1-2-5 / 1-5-2
20261005,202610051007,rank_then_value,5-4-2,9060.0,0,0,1-4-6 / 1-4-3 / 3-1-2 / 3-4-1
20261005,202610051008,rank_then_value,1-3-5,1730.0,0,0,2-3-1 / 1-5-2 / 1-5-3 / 2-1-4
20261005,202610051009,rank_then_value,1-6-4,8550.0,0,0,2-5-1 / 2-5-4 / 2-5-3 / 2-4-5
20261005,202610051010,rank_then_value,2-3-5,6310.0,0,0,1-4-2 / 4-2-3 / 5-1-2 / 4-1-3
20261005,202610051012,rank_then_value,1-3-6,1830.0,0,0,1-6-2 / 2-1-4 / 2-1-3 / 2-4-1
20261005,202610051101,rank_then_value,3-1-5,8170.0,0,0,4-3-1 / 4-1-2 / 4-1-5 / 4-2-1
20261005,202610051102,rank_then_value,1-3-5,2180.0,0,1,2-3-1 / 1-4-2 / 1-3-4 / 1-3-5
20261005,202610051103,rank_then_value,4-6-1,10040.0,0,0,2-3-4 / 1-3-4 / 2-1-6 / 1-4-3
20261005,202610051104,rank_then_value,1-2-4,2320.0,0,1,1-2-4 / 3-2-4 / 3-5-1 / 2-5-1
20261005,202610051105,rank_then_value,1-3-5,430.0,1,0,1-4-3 / 1-2-4 / 1-4-2 / 1-4-5
20261005,202610051106,rank_then_value,4-5-3,3450.0,0,0,2-1-3 / 2-3-4 / 2-1-4 / 3-5-1
20261005,202610051107,rank_then_value,1-4-5,4660.0,1,0,5-1-4 / 5-1-3 / 2-1-5 / 5-4-1
20261005,202610051108,rank_then_value,3-5-4,4900.0,0,0,4-1-3 / 4-3-1 / 1-4-5 / 1-5-2
20261005,202610051109,rank_then_value,3-1-4,3610.0,1,0,3-4-1 / 1-3-2 / 1-2-4 / 1-4-5
20261005,202610051110,rank_then_value,1-4-2,510.0,1,0,4-6-1 / 1-6-4 / 1-6-2 / 4-6-2
20261005,202610051111,rank_then_value,1-2-4,1370.0,1,0,4-2-3 / 1-2-5 / 1-2-6 / 4-1-3
20261005,202610051112,rank_then_value,1-5-3,2950.0,0,1,1-5-3 / 1-4-2 / 2-1-4 / 1-2-5
20261005,202610051201,rank_then_value,1-2-3,890.0,1,0,1-5-4 / 1-4-5 / 1-4-3 / 1-3-5
20261005,202610051202,rank_then_value,1-2-4,410.0,1,0,3-2-1 / 1-4-3 / 3-2-4 / 1-6-2
20261005,202610051203,rank_then_value,3-4-5,65540.0,0,0,4-2-1 / 1-2-5 / 4-1-2 / 2-4-3
20261005,202610051204,rank_then_value,4-1-6,20530.0,0,0,1-4-3 / 1-4-6 / 2-3-1 / 1-6-2
20261005,202610051205,rank_then_value,1-4-2,640.0,1,0,6-1-2 / 1-2-3 / 6-2-1 / 6-2-4
20261005,202610051206,rank_then_value,1-2-4,1650.0,1,0,1-2-5 / 1-5-2 / 1-3-6 / 2-1-4
20261005,202610051207,rank_then_value,1-3-2,2310.0,1,0,1-2-5 / 1-2-3 / 4-2-1 / 1-3-5
20261005,202610051208,rank_then_value,1-3-6,2750.0,0,0,2-6-1 / 2-4-6 / 1-6-4 / 1-2-3
20261005,202610051210,rank_then_value,1-2-3,870.0,1,0,2-5-1 / 2-1-5 / 1-3-2 / 1-3-5
20261005,202610051211,rank_then_value,1-5-3,2540.0,1,0,1-2-6 / 3-1-5 / 1-3-6 / 1-2-4
20261005,202610051212,rank_then_value,1-3-2,820.0,1,0,3-1-2 / 3-1-4 / 3-4-1 / 3-2-1
20261005,202610051301,rank_then_value,1-2-5,1790.0,0,1,2-1-4 / 2-4-1 / 1-5-2 / 1-2-5
20261005,202610051302,rank_then_value,1-3-4,3730.0,0,0,2-1-6 / 2-4-5 / 2-3-1 / 2-6-4
20261005,202610051303,rank_then_value,1-2-4,700.0,0,1,2-6-1 / 2-4-6 / 1-2-4 / 2-5-1
20261005,202610051304,rank_then_value,1-4-2,510.0,1,0,1-4-5 / 1-2-5 / 1-5-4 / 2-4-1
20261005,202610051305,rank_then_value,1-4-3,860.0,1,0,3-4-1 / 4-3-1 / 1-6-3 / 1-3-2
20261005,202610051306,rank_then_value,1-4-2,500.0,1,0,4-1-5 / 1-5-4 / 4-5-1 / 4-2-1
20261005,202610051307,rank_then_value,3-1-2,5430.0,0,1,3-1-2 / 3-5-1 / 1-6-3 / 3-6-5
20261005,202610051308,rank_then_value,1-6-2,1200.0,0,0,1-6-5 / 2-1-3 / 1-5-6 / 2-3-1
20261005,202610051309,rank_then_value,1-2-6,680.0,1,0,1-5-4 / 4-1-5 / 1-3-2 / 1-4-6
20261005,202610051310,rank_then_value,1-4-3,2810.0,1,0,4-1-3 / 4-3-1 / 1-5-4 / 5-1-3
20261005,202610051311,rank_then_value,1-2-6,930.0,0,0,2-4-1 / 1-3-5 / 1-5-3 / 2-3-1
20261005,202610051312,rank_then_value,3-1-2,2420.0,0,0,1-5-3 / 2-3-1 / 4-3-2 / 2-1-3
20261005,202610051801,rank_then_value,1-2-4,990.0,1,0,3-1-2 / 1-5-3 / 3-2-1 / 1-4-3
20261005,202610051802,rank_then_value,2-1-6,6570.0,0,0,5-3-1 / 5-3-2 / 1-2-6 / 1-4-2
20261005,202610051804,rank_then_value,4-1-2,11530.0,0,0,2-5-1 / 2-1-4 / 2-3-1 / 2-1-3
20261005,202610051805,rank_then_value,1-2-5,1460.0,1,0,2-1-3 / 1-4-2 / 1-4-5 / 1-5-4
20261005,202610051806,rank_then_value,1-3-4,7420.0,0,0,3-1-6 / 3-4-2 / 2-4-3 / 3-6-1
20261005,202610051807,rank_then_value,1-4-3,910.0,1,0,1-5-3 / 2-1-3 / 1-5-2 / 2-3-1
20261005,202610051808,rank_then_value,2-3-4,10400.0,0,0,3-4-1 / 3-5-1 / 3-1-5 / 1-3-2
20261005,202610051810,rank_then_value,3-4-2,7140.0,0,0,4-1-3 / 4-2-3 / 1-5-3 / 2-1-3
20261005,202610051811,rank_then_value,2-5-3,3060.0,0,0,4-2-5 / 2-1-3 / 4-1-5 / 4-5-2
20261005,202610051812,rank_then_value,2-1-3,3770.0,0,0,4-1-3 / 4-1-2 / 4-3-1 / 4-2-1
20261005,202610051901,rank_then_value,3-1-5,3920.0,0,0,2-3-1 / 1-4-2 / 1-4-3 / 2-1-5
20261005,202610051902,rank_then_value,2-3-1,4780.0,0,1,2-1-3 / 2-3-1 / 1-4-2 / 2-3-5
20261005,202610051903,rank_then_value,3-2-6,9330.0,0,0,3-1-4 / 1-6-3 / 3-2-1 / 3-1-6
20261005,202610051904,rank_then_value,4-5-6,10550.0,0,0,5-4-1 / 5-4-3 / 5-1-4 / 4-1-3
20261005,202610051905,rank_then_value,4-2-1,4000.0,0,1,1-3-2 / 1-3-4 / 1-2-3 / 4-2-1
20261005,202610051906,rank_then_value,2-1-4,2550.0,0,0,4-2-1 / 1-5-2 / 1-6-2 / 1-3-4
20261005,202610051908,rank_then_value,2-1-3,2440.0,0,0,3-4-1 / 3-2-4 / 3-4-2 / 1-4-2
20261005,202610051910,rank_then_value,1-5-3,5150.0,0,0,2-3-1 / 2-1-4 / 2-4-1 / 1-5-2
20261005,202610051911,rank_then_value,1-2-5,2000.0,1,0,2-1-5 / 2-1-4 / 2-4-1 / 2-5-1
20261005,202610051912,rank_then_value,1-3-2,870.0,1,0,2-1-5 / 2-1-3 / 2-3-1 / 2-5-1
20261005,202610052001,rank_then_value,2-4-3,3840.0,0,0,1-4-3 / 4-2-3 / 1-2-6 / 1-5-4
20261005,202610052002,rank_then_value,6-1-5,29340.0,0,0,3-1-4 / 3-2-4 / 3-4-2 / 1-2-6
20261005,202610052003,rank_then_value,4-5-3,9980.0,0,0,2-1-3 / 2-3-1 / 1-2-3 / 1-4-3
20261005,202610052004,rank_then_value,4-2-6,9460.0,0,0,2-1-6 / 2-5-1 / 2-4-5 / 2-5-4
20261005,202610052005,rank_then_value,1-3-2,3790.0,0,1,1-3-5 / 1-3-2 / 1-2-3 / 5-1-4
20261005,202610052006,rank_then_value,1-5-4,8650.0,0,0,2-1-5 / 2-5-1 / 1-3-6 / 2-3-5
20261005,202610052007,rank_then_value,1-3-6,690.0,1,0,3-1-6 / 3-1-2 / 3-1-4 / 1-4-3
20261005,202610052008,rank_then_value,2-3-4,5150.0,0,0,2-1-4 / 2-4-1 / 1-5-2 / 2-5-1
20261005,202610052009,rank_then_value,3-2-5,4500.0,0,0,3-1-2 / 3-6-1 / 1-6-5 / 1-5-2
20261005,202610052010,rank_then_value,1-2-4,1470.0,1,0,3-1-4 / 3-1-2 / 3-2-1 / 1-4-5
20261005,202610052201,rank_then_value,1-2-3,450.0,1,0,3-2-1 / 1-3-6 / 1-2-6 / 1-2-5
20261005,202610052202,rank_then_value,1-2-4,1080.0,0,1,1-5-3 / 3-1-2 / 1-2-4 / 1-5-4
20261005,202610052203,rank_then_value,3-2-4,1390.0,0,0,3-1-5 / 3-6-5 / 3-6-2 / 4-3-1
20261005,202610052204,rank_then_value,4-2-1,2460.0,1,0,4-6-1 / 4-2-6 / 4-6-2 / 4-2-3
20261005,202610052205,rank_then_value,1-4-3,1560.0,0,0,4-2-3 / 3-2-1 / 4-3-5 / 4-1-3
20261005,202610052206,rank_then_value,1-4-5,520.0,1,0,5-3-1 / 1-3-4 / 1-5-6 / 5-4-3
20261005,202610052207,rank_then_value,1-4-3,860.0,0,0,4-1-6 / 1-4-2 / 1-5-2 / 4-6-1
20261005,202610052209,rank_then_value,4-1-3,9340.0,0,0,1-2-3 / 4-1-2 / 1-3-5 / 1-3-2
20261005,202610052210,rank_then_value,1-3-5,6060.0,0,1,2-1-5 / 1-5-2 / 2-5-1 / 1-3-5
20261005,202610052211,rank_then_value,1-2-3,320.0,1,0,2-3-1 / 1-3-5 / 2-1-6 / 1-5-3
20261005,202610052301,rank_then_value,1-3-4,1610.0,1,0,2-1-4 / 2-3-4 / 1-5-3 / 1-3-6
20261005,202610052302,rank_then_value,1-4-2,1060.0,1,0,1-5-3 / 4-5-1 / 1-6-5 / 1-2-6
20261005,202610052303,rank_then_value,3-1-6,76960.0,0,0,1-3-6 / 3-1-5 / 3-1-2 / 1-5-4
20261005,202610052304,rank_then_value,1-2-4,1140.0,1,0,1-5-3 / 1-3-4 / 1-3-5 / 1-5-2
20261005,202610052305,rank_then_value,1-3-4,1580.0,1,0,3-1-2 / 1-4-3 / 1-4-2 / 3-2-1
20261005,202610052306,rank_then_value,5-1-2,28560.0,0,0,3-2-1 / 3-1-2 / 1-3-5 / 1-5-3
20261005,202610052307,rank_then_value,1-3-2,1130.0,1,0,1-4-5 / 5-1-2 / 5-2-1 / 5-1-3
20261005,202610052308,rank_then_value,1-3-4,930.0,0,0,1-6-2 / 3-6-1 / 3-2-6 / 3-6-2
20261005,202610052309,rank_then_value,2-5-1,10670.0,0,0,2-1-4 / 2-1-6 / 2-6-1 / 1-6-2
20261005,202610052310,rank_then_value,4-5-1,27870.0,0,0,2-1-3 / 2-3-1 / 2-5-3 / 2-3-5
20261005,202610052311,rank_then_value,1-2-5,1450.0,0,1,2-3-1 / 2-1-3 / 1-2-5 / 1-2-6
20261005,202610052312,rank_then_value,1-3-2,720.0,1,0,1-5-3 / 1-2-4 / 4-1-2 / 4-2-1
