date,venue_code,venue_name,race,race_id,boat,registration_no,racer_name,weight_kg,exhibition_time,tilt,exhibition_course,exhibition_st_raw,exhibition_st_seconds,exhibition_st_flag,change_parts,is_miss,source_url,collected_at
20261002,04,平和島,5,20261002-04-05,1,3868,尾形栄治,53.6,6.65,0.0,1,.02,0.02,,,False,https://www.boatrace.jp/owpc/pc/race/beforeinfo?hd=20261002&jcd=04&rno=5,2026-10-02T12:39:47.450374+09:00
20261002,04,平和島,5,20261002-04-05,2,3297,藤丸光一,49.5,6.66,-0.5,2,.09,0.09,,,False,https://www.boatrace.jp/owpc/pc/race/beforeinfo?hd=20261002&jcd=04&rno=5,2026-10-02T12:39:47.450374+09:00
20261002,04,平和島,5,20261002-04-05,3,3505,山田竜一,52.0,6.64,-0.5,3,.07,0.07,,,False,https://www.boatrace.jp/owpc/pc/race/beforeinfo?hd=20261002&jcd=04&rno=5,2026-10-02T12:39:47.450374+09:00
20261002,04,平和島,5,20261002-04-05,4,3554,仲口博崇,52.0,6.7,-0.5,4,.05,0.05,,,False,https://www.boatrace.jp/owpc/pc/race/beforeinfo?hd=20261002&jcd=04&rno=5,2026-10-02T12:39:47.450374+09:00
20261002,04,平和島,5,20261002-04-05,5,3973,崎利仁,54.3,6.64,0.0,5,F.11,-0.11,F,,False,https://www.boatrace.jp/owpc/pc/race/beforeinfo?hd=20261002&jcd=04&rno=5,2026-10-02T12:39:47.450374+09:00
20261002,04,平和島,5,20261002-04-05,6,3988,古川誠之,55.2,6.67,0.0,6,.05,0.05,,,False,https://www.boatrace.jp/owpc/pc/race/beforeinfo?hd=20261002&jcd=04&rno=5,2026-10-02T12:39:47.450374+09:00
20261002,06,浜名湖,4,20261002-06-04,1,3813,佐藤大介,52.1,6.83,-0.5,1,F.01,-0.01,F,,False,https://www.boatrace.jp/owpc/pc/race/beforeinfo?hd=20261002&jcd=06&rno=4,2026-10-02T12:39:37.176297+09:00
20261002,06,浜名湖,4,20261002-06-04,2,4458,抹香雄三,52.5,6.81,0.0,2,F.04,-0.04,F,,False,https://www.boatrace.jp/owpc/pc/race/beforeinfo?hd=20261002&jcd=06&rno=4,2026-10-02T12:39:37.176297+09:00
20261002,06,浜名湖,4,20261002-06-04,3,3471,赤峰和也,52.3,6.86,-0.5,3,F.01,-0.01,F,,False,https://www.boatrace.jp/owpc/pc/race/beforeinfo?hd=20261002&jcd=06&rno=4,2026-10-02T12:39:37.176297+09:00
20261002,06,浜名湖,4,20261002-06-04,4,4951,新田洋一,53.7,6.83,0.0,4,F.04,-0.04,F,,False,https://www.boatrace.jp/owpc/pc/race/beforeinfo?hd=20261002&jcd=06&rno=4,2026-10-02T12:39:37.176297+09:00
20261002,06,浜名湖,4,20261002-06-04,5,4940,白石有美,51.6,6.8,0.0,5,.07,0.07,,,False,https://www.boatrace.jp/owpc/pc/race/beforeinfo?hd=20261002&jcd=06&rno=4,2026-10-02T12:39:37.176297+09:00
20261002,06,浜名湖,4,20261002-06-04,6,5316,村松将平,52.0,6.79,-0.5,6,.08,0.08,,,False,https://www.boatrace.jp/owpc/pc/race/beforeinfo?hd=20261002&jcd=06&rno=4,2026-10-02T12:39:37.176297+09:00
20261002,09,津,6,20261002-09-06,1,4094,中島真二,52.0,6.7,0.0,1,.19,0.19,,,False,https://www.boatrace.jp/owpc/pc/race/beforeinfo?hd=20261002&jcd=09&rno=6,2026-10-02T12:39:39.131114+09:00
20261002,09,津,6,20261002-09-06,2,4578,藤山雅弘,52.1,6.76,0.0,2,.12,0.12,,,False,https://www.boatrace.jp/owpc/pc/race/beforeinfo?hd=20261002&jcd=09&rno=6,2026-10-02T12:39:39.131114+09:00
20261002,09,津,6,20261002-09-06,3,4808,松尾拓,51.0,6.75,0.0,3,.03,0.03,,,False,https://www.boatrace.jp/owpc/pc/race/beforeinfo?hd=20261002&jcd=09&rno=6,2026-10-02T12:39:39.131114+09:00
20261002,09,津,6,20261002-09-06,4,3304,烏野賢太,52.0,6.77,0.0,4,.21,0.21,,,False,https://www.boatrace.jp/owpc/pc/race/beforeinfo?hd=20261002&jcd=09&rno=6,2026-10-02T12:39:39.131114+09:00
20261002,09,津,6,20261002-09-06,5,4402,乙藤智史,53.9,6.79,0.0,5,.09,0.09,,,False,https://www.boatrace.jp/owpc/pc/race/beforeinfo?hd=20261002&jcd=09&rno=6,2026-10-02T12:39:39.131114+09:00
20261002,09,津,6,20261002-09-06,6,5456,今村天次朗,51.5,6.67,0.0,6,.14,0.14,,,False,https://www.boatrace.jp/owpc/pc/race/beforeinfo?hd=20261002&jcd=09&rno=6,2026-10-02T12:39:39.131114+09:00
20261002,16,児島,5,20261002-16-05,1,4361,柳生泰二,52.0,6.53,0.0,1,F.04,-0.04,F,,False,https://www.boatrace.jp/owpc/pc/race/beforeinfo?hd=20261002&jcd=16&rno=5,2026-10-02T12:39:39.170403+09:00
20261002,16,児島,5,20261002-16-05,2,4482,守屋美穂,46.0,6.63,0.0,2,.27,0.27,,,False,https://www.boatrace.jp/owpc/pc/race/beforeinfo?hd=20261002&jcd=16&rno=5,2026-10-02T12:39:39.170403+09:00
20261002,16,児島,5,20261002-16-05,3,3822,平尾崇典,49.5,6.61,0.0,3,F.12,-0.12,F,,False,https://www.boatrace.jp/owpc/pc/race/beforeinfo?hd=20261002&jcd=16&rno=5,2026-10-02T12:39:39.170403+09:00
20261002,16,児島,5,20261002-16-05,4,4907,小池修平,52.0,6.52,0.0,4,.01,0.01,,,False,https://www.boatrace.jp/owpc/pc/race/beforeinfo?hd=20261002&jcd=16&rno=5,2026-10-02T12:39:39.170403+09:00
20261002,16,児島,5,20261002-16-05,5,3984,坂口周,52.8,6.63,-0.5,5,F.02,-0.02,F,,False,https://www.boatrace.jp/owpc/pc/race/beforeinfo?hd=20261002&jcd=16&rno=5,2026-10-02T12:39:39.170403+09:00
20261002,16,児島,5,20261002-16-05,6,3941,池田浩二,52.1,6.62,-0.5,6,.00,0.0,,,False,https://www.boatrace.jp/owpc/pc/race/beforeinfo?hd=20261002&jcd=16&rno=5,2026-10-02T12:39:39.170403+09:00
20261002,18,徳山,9,20261002-18-09,1,5232,樅山拓馬,52.5,6.92,0.0,1,.04,0.04,,,False,https://www.boatrace.jp/owpc/pc/race/beforeinfo?hd=20261002&jcd=18&rno=9,2026-10-02T12:39:38.122055+09:00
20261002,18,徳山,9,20261002-18-09,2,5224,西岡顕心,52.2,6.96,0.0,2,.01,0.01,,,False,https://www.boatrace.jp/owpc/pc/race/beforeinfo?hd=20261002&jcd=18&rno=9,2026-10-02T12:39:38.122055+09:00
20261002,18,徳山,9,20261002-18-09,3,5154,村松栄太,52.8,6.94,0.0,3,F.01,-0.01,F,,False,https://www.boatrace.jp/owpc/pc/race/beforeinfo?hd=20261002&jcd=18&rno=9,2026-10-02T12:39:38.122055+09:00
20261002,18,徳山,9,20261002-18-09,4,5368,宮崎心之介,52.0,6.89,0.0,4,.16,0.16,,,False,https://www.boatrace.jp/owpc/pc/race/beforeinfo?hd=20261002&jcd=18&rno=9,2026-10-02T12:39:38.122055+09:00
20261002,18,徳山,9,20261002-18-09,5,5085,中村栄治,52.0,6.88,0.0,5,F.01,-0.01,F,,False,https://www.boatrace.jp/owpc/pc/race/beforeinfo?hd=20261002&jcd=18&rno=9,2026-10-02T12:39:38.122055+09:00
20261002,18,徳山,9,20261002-18-09,6,5405,竹内来,52.4,6.9,0.0,6,F.04,-0.04,F,,False,https://www.boatrace.jp/owpc/pc/race/beforeinfo?hd=20261002&jcd=18&rno=9,2026-10-02T12:39:38.122055+09:00
